dataset,image_path,mask_path,group_id,grouping_level,split
Kvasir-SEG,C:\VISKOM\kvasir-seg\images\cju0qkwl35piu0993l0dewei2.jpg,C:\VISKOM\kvasir-seg\masks\cju0qkwl35piu0993l0dewei2.jpg,KvasirSEG_cju0qkwl35piu0993l0dewei2,image,train
Kvasir-SEG,C:\VISKOM\kvasir-seg\images\cju0qoxqj9q6s0835b43399p4.jpg,C:\VISKOM\kvasir-seg\masks\cju0qoxqj9q6s0835b43399p4.jpg,KvasirSEG_cju0qoxqj9q6s0835b43399p4,image,train
Kvasir-SEG,C:\VISKOM\kvasir-seg\images\cju0qx73cjw570799j4n5cjze.jpg,C:\VISKOM\kvasir-seg\masks\cju0qx73cjw570799j4n5cjze.jpg,KvasirSEG_cju0qx73cjw570799j4n5cjze,image,val
Kvasir-SEG,C:\VISKOM\kvasir-seg\images\cju0roawvklrq0799vmjorwfv.jpg,C:\VISKOM\kvasir-seg\masks\cju0roawvklrq0799vmjorwfv.jpg,KvasirSEG_cju0roawvklrq0799vmjorwfv,image,val
Kvasir-SEG,C:\VISKOM\kvasir-seg\images\cju0rx1idathl0835detmsp84.jpg,C:\VISKOM\kvasir-seg\masks\cju0rx1idathl0835detmsp84.jpg,KvasirSEG_cju0rx1idathl0835detmsp84,image,train
Kvasir-SEG,C:\VISKOM\kvasir-seg\images\cju0s2a9ekvms080138tjjpxr.jpg,C:\VISKOM\kvasir-seg\masks\cju0s2a9ekvms080138tjjpxr.jpg,KvasirSEG_cju0s2a9ekvms080138tjjpxr,image,val
Kvasir-SEG,C:\VISKOM\kvasir-seg\images\cju0s690hkp960855tjuaqvv0.jpg,C:\VISKOM\kvasir-seg\masks\cju0s690hkp960855tjuaqvv0.jpg,KvasirSEG_cju0s690hkp960855tjuaqvv0,image,train
Kvasir-SEG,C:\VISKOM\kvasir-seg\images\cju0sr5ghl0nd08789uzf1raf.jpg,C:\VISKOM\kvasir-seg\masks\cju0sr5ghl0nd08789uzf1raf.jpg,KvasirSEG_cju0sr5ghl0nd08789uzf1raf,image,val
Kvasir-SEG,C:\VISKOM\kvasir-seg\images\cju0sxqiclckk08551ycbwhno.jpg,C:\VISKOM\kvasir-seg\masks\cju0sxqiclckk08551ycbwhno.jpg,KvasirSEG_cju0sxqiclckk08551ycbwhno,image,train
Kvasir-SEG,C:\VISKOM\kvasir-seg\images\cju0t4oil7vzk099370nun5h9.jpg,C:\VISKOM\kvasir-seg\masks\cju0t4oil7vzk099370nun5h9.jpg,KvasirSEG_cju0t4oil7vzk099370nun5h9,image,val
Kvasir-SEG,C:\VISKOM\kvasir-seg\images\cju0tl3uz8blh0993wxvn7ly3.jpg,C:\VISKOM\kvasir-seg\masks\cju0tl3uz8blh0993wxvn7ly3.jpg,KvasirSEG_cju0tl3uz8blh0993wxvn7ly3,image,test
Kvasir-SEG,C:\VISKOM\kvasir-seg\images\cju0u2g7pmnux0801vkk47ivj.jpg,C:\VISKOM\kvasir-seg\masks\cju0u2g7pmnux0801vkk47ivj.jpg,KvasirSEG_cju0u2g7pmnux0801vkk47ivj,image,train
Kvasir-SEG,C:\VISKOM\kvasir-seg\images\cju0u82z3cuma0835wlxrnrjv.jpg,C:\VISKOM\kvasir-seg\masks\cju0u82z3cuma0835wlxrnrjv.jpg,KvasirSEG_cju0u82z3cuma0835wlxrnrjv,image,train
Kvasir-SEG,C:\VISKOM\kvasir-seg\images\cju0ue769mxii08019zqgdbxn.jpg,C:\VISKOM\kvasir-seg\masks\cju0ue769mxii08019zqgdbxn.jpg,KvasirSEG_cju0ue769mxii08019zqgdbxn,image,train
Kvasir-SEG,C:\VISKOM\kvasir-seg\images\cju0vtox5ain6099360pu62rp.jpg,C:\VISKOM\kvasir-seg\masks\cju0vtox5ain6099360pu62rp.jpg,KvasirSEG_cju0vtox5ain6099360pu62rp,image,train
Kvasir-SEG,C:\VISKOM\kvasir-seg\images\cju13cgqmnhwn0988yrainhcp.jpg,C:\VISKOM\kvasir-seg\masks\cju13cgqmnhwn0988yrainhcp.jpg,KvasirSEG_cju13cgqmnhwn0988yrainhcp,image,train
Kvasir-SEG,C:\VISKOM\kvasir-seg\images\cju13fwthn9mq0835gacxgy01.jpg,C:\VISKOM\kvasir-seg\masks\cju13fwthn9mq0835gacxgy01.jpg,KvasirSEG_cju13fwthn9mq0835gacxgy01,image,train
Kvasir-SEG,C:\VISKOM\kvasir-seg\images\cju13hp5rnbjx0835bf0jowgx.jpg,C:\VISKOM\kvasir-seg\masks\cju13hp5rnbjx0835bf0jowgx.jpg,KvasirSEG_cju13hp5rnbjx0835bf0jowgx,image,train
Kvasir-SEG,C:\VISKOM\kvasir-seg\images\cju14g8o4xui30878gkgbrvqj.jpg,C:\VISKOM\kvasir-seg\masks\cju14g8o4xui30878gkgbrvqj.jpg,KvasirSEG_cju14g8o4xui30878gkgbrvqj,image,train
Kvasir-SEG,C:\VISKOM\kvasir-seg\images\cju14hjh2ob2o0835ouz3r5aa.jpg,C:\VISKOM\kvasir-seg\masks\cju14hjh2ob2o0835ouz3r5aa.jpg,KvasirSEG_cju14hjh2ob2o0835ouz3r5aa,image,train
Kvasir-SEG,C:\VISKOM\kvasir-seg\images\cju14pxbaoksp0835qzorx6g6.jpg,C:\VISKOM\kvasir-seg\masks\cju14pxbaoksp0835qzorx6g6.jpg,KvasirSEG_cju14pxbaoksp0835qzorx6g6,image,train
Kvasir-SEG,C:\VISKOM\kvasir-seg\images\cju15czxqp3lv0835jvhgzurz.jpg,C:\VISKOM\kvasir-seg\masks\cju15czxqp3lv0835jvhgzurz.jpg,KvasirSEG_cju15czxqp3lv0835jvhgzurz,image,train
Kvasir-SEG,C:\VISKOM\kvasir-seg\images\cju15jr8jz8sb0855ukmkswkz.jpg,C:\VISKOM\kvasir-seg\masks\cju15jr8jz8sb0855ukmkswkz.jpg,KvasirSEG_cju15jr8jz8sb0855ukmkswkz,image,train
Kvasir-SEG,C:\VISKOM\kvasir-seg\images\cju15l5ubz9yh0855b3ivdpse.jpg,C:\VISKOM\kvasir-seg\masks\cju15l5ubz9yh0855b3ivdpse.jpg,KvasirSEG_cju15l5ubz9yh0855b3ivdpse,image,test
Kvasir-SEG,C:\VISKOM\kvasir-seg\images\cju15mhjczc8z0801kit5c6di.jpg,C:\VISKOM\kvasir-seg\masks\cju15mhjczc8z0801kit5c6di.jpg,KvasirSEG_cju15mhjczc8z0801kit5c6di,image,train
Kvasir-SEG,C:\VISKOM\kvasir-seg\images\cju15ptjtppz40988odsm9azx.jpg,C:\VISKOM\kvasir-seg\masks\cju15ptjtppz40988odsm9azx.jpg,KvasirSEG_cju15ptjtppz40988odsm9azx,image,test
Kvasir-SEG,C:\VISKOM\kvasir-seg\images\cju15wdt3zla10801odjiw7sy.jpg,C:\VISKOM\kvasir-seg\masks\cju15wdt3zla10801odjiw7sy.jpg,KvasirSEG_cju15wdt3zla10801odjiw7sy,image,train
Kvasir-SEG,C:\VISKOM\kvasir-seg\images\cju160wshltz10993i1gmqxbe.jpg,C:\VISKOM\kvasir-seg\masks\cju160wshltz10993i1gmqxbe.jpg,KvasirSEG_cju160wshltz10993i1gmqxbe,image,train
Kvasir-SEG,C:\VISKOM\kvasir-seg\images\cju16ach3m1da0993r1dq3sn2.jpg,C:\VISKOM\kvasir-seg\masks\cju16ach3m1da0993r1dq3sn2.jpg,KvasirSEG_cju16ach3m1da0993r1dq3sn2,image,train
Kvasir-SEG,C:\VISKOM\kvasir-seg\images\cju16b6ynq8e40988m8vx0xnj.jpg,C:\VISKOM\kvasir-seg\masks\cju16b6ynq8e40988m8vx0xnj.jpg,KvasirSEG_cju16b6ynq8e40988m8vx0xnj,image,val
Kvasir-SEG,C:\VISKOM\kvasir-seg\images\cju16d65tzw9d0799ouslsw25.jpg,C:\VISKOM\kvasir-seg\masks\cju16d65tzw9d0799ouslsw25.jpg,KvasirSEG_cju16d65tzw9d0799ouslsw25,image,test
Kvasir-SEG,C:\VISKOM\kvasir-seg\images\cju16fpvhzypl0799p9phnlx6.jpg,C:\VISKOM\kvasir-seg\masks\cju16fpvhzypl0799p9phnlx6.jpg,KvasirSEG_cju16fpvhzypl0799p9phnlx6,image,val
Kvasir-SEG,C:\VISKOM\kvasir-seg\images\cju16jgnyzp970878melv7r25.jpg,C:\VISKOM\kvasir-seg\masks\cju16jgnyzp970878melv7r25.jpg,KvasirSEG_cju16jgnyzp970878melv7r25,image,train
Kvasir-SEG,C:\VISKOM\kvasir-seg\images\cju16whaj0e7n0855q7b6cjkm.jpg,C:\VISKOM\kvasir-seg\masks\cju16whaj0e7n0855q7b6cjkm.jpg,KvasirSEG_cju16whaj0e7n0855q7b6cjkm,image,val
Kvasir-SEG,C:\VISKOM\kvasir-seg\images\cju171py4qiha0835u8sl59ds.jpg,C:\VISKOM\kvasir-seg\masks\cju171py4qiha0835u8sl59ds.jpg,KvasirSEG_cju171py4qiha0835u8sl59ds,image,train
Kvasir-SEG,C:\VISKOM\kvasir-seg\images\cju175facms5f0993a5tjikvt.jpg,C:\VISKOM\kvasir-seg\masks\cju175facms5f0993a5tjikvt.jpg,KvasirSEG_cju175facms5f0993a5tjikvt,image,train
Kvasir-SEG,C:\VISKOM\kvasir-seg\images\cju17bz250pgd0799u1hqkj5u.jpg,C:\VISKOM\kvasir-seg\masks\cju17bz250pgd0799u1hqkj5u.jpg,KvasirSEG_cju17bz250pgd0799u1hqkj5u,image,train
Kvasir-SEG,C:\VISKOM\kvasir-seg\images\cju17g6ykn1cs0993dww6qdi8.jpg,C:\VISKOM\kvasir-seg\masks\cju17g6ykn1cs0993dww6qdi8.jpg,KvasirSEG_cju17g6ykn1cs0993dww6qdi8,image,train
Kvasir-SEG,C:\VISKOM\kvasir-seg\images\cju17hw9hr9c5098800fu4u8e.jpg,C:\VISKOM\kvasir-seg\masks\cju17hw9hr9c5098800fu4u8e.jpg,KvasirSEG_cju17hw9hr9c5098800fu4u8e,image,train
Kvasir-SEG,C:\VISKOM\kvasir-seg\images\cju17otoe119u0799nqcbl8n1.jpg,C:\VISKOM\kvasir-seg\masks\cju17otoe119u0799nqcbl8n1.jpg,KvasirSEG_cju17otoe119u0799nqcbl8n1,image,test
Kvasir-SEG,C:\VISKOM\kvasir-seg\images\cju17r8il13910799dr2wme2e.jpg,C:\VISKOM\kvasir-seg\masks\cju17r8il13910799dr2wme2e.jpg,KvasirSEG_cju17r8il13910799dr2wme2e,image,train
Kvasir-SEG,C:\VISKOM\kvasir-seg\images\cju17v6ih0u7808783zcbg1jy.jpg,C:\VISKOM\kvasir-seg\masks\cju17v6ih0u7808783zcbg1jy.jpg,KvasirSEG_cju17v6ih0u7808783zcbg1jy,image,train
Kvasir-SEG,C:\VISKOM\kvasir-seg\images\cju17x0j4nfc10993y31pvlgs.jpg,C:\VISKOM\kvasir-seg\masks\cju17x0j4nfc10993y31pvlgs.jpg,KvasirSEG_cju17x0j4nfc10993y31pvlgs,image,train
Kvasir-SEG,C:\VISKOM\kvasir-seg\images\cju17z0qongpa0993de4boim4.jpg,C:\VISKOM\kvasir-seg\masks\cju17z0qongpa0993de4boim4.jpg,KvasirSEG_cju17z0qongpa0993de4boim4,image,train
Kvasir-SEG,C:\VISKOM\kvasir-seg\images\cju1819curo000988pd5xcqme.jpg,C:\VISKOM\kvasir-seg\masks\cju1819curo000988pd5xcqme.jpg,KvasirSEG_cju1819curo000988pd5xcqme,image,test
Kvasir-SEG,C:\VISKOM\kvasir-seg\images\cju183od81ff608017ekzif89.jpg,C:\VISKOM\kvasir-seg\masks\cju183od81ff608017ekzif89.jpg,KvasirSEG_cju183od81ff608017ekzif89,image,train
Kvasir-SEG,C:\VISKOM\kvasir-seg\images\cju1871y11d6r0799k6cw4yze.jpg,C:\VISKOM\kvasir-seg\masks\cju1871y11d6r0799k6cw4yze.jpg,KvasirSEG_cju1871y11d6r0799k6cw4yze,image,train
Kvasir-SEG,C:\VISKOM\kvasir-seg\images\cju18849rrsgr0988p90hkygb.jpg,C:\VISKOM\kvasir-seg\masks\cju18849rrsgr0988p90hkygb.jpg,KvasirSEG_cju18849rrsgr0988p90hkygb,image,train
Kvasir-SEG,C:\VISKOM\kvasir-seg\images\cju18gzrq18zw0878wbf4ftw6.jpg,C:\VISKOM\kvasir-seg\masks\cju18gzrq18zw0878wbf4ftw6.jpg,KvasirSEG_cju18gzrq18zw0878wbf4ftw6,image,train
Kvasir-SEG,C:\VISKOM\kvasir-seg\images\cju18ibp219ub08783i6o98g7.jpg,C:\VISKOM\kvasir-seg\masks\cju18ibp219ub08783i6o98g7.jpg,KvasirSEG_cju18ibp219ub08783i6o98g7,image,val
Kvasir-SEG,C:\VISKOM\kvasir-seg\images\cju18kevfrojc0835bn90f1in.jpg,C:\VISKOM\kvasir-seg\masks\cju18kevfrojc0835bn90f1in.jpg,KvasirSEG_cju18kevfrojc0835bn90f1in,image,train
Kvasir-SEG,C:\VISKOM\kvasir-seg\images\cju1alwgo30z60855fm3y23sm.jpg,C:\VISKOM\kvasir-seg\masks\cju1alwgo30z60855fm3y23sm.jpg,KvasirSEG_cju1alwgo30z60855fm3y23sm,image,train
Kvasir-SEG,C:\VISKOM\kvasir-seg\images\cju1amqw6p8pw0993d9gc5crl.jpg,C:\VISKOM\kvasir-seg\masks\cju1amqw6p8pw0993d9gc5crl.jpg,KvasirSEG_cju1amqw6p8pw0993d9gc5crl,image,train
Kvasir-SEG,C:\VISKOM\kvasir-seg\images\cju1aqqv02qwz0878a5cyhr67.jpg,C:\VISKOM\kvasir-seg\masks\cju1aqqv02qwz0878a5cyhr67.jpg,KvasirSEG_cju1aqqv02qwz0878a5cyhr67,image,train
Kvasir-SEG,C:\VISKOM\kvasir-seg\images\cju1ats0y372e08011yazcsxm.jpg,C:\VISKOM\kvasir-seg\masks\cju1ats0y372e08011yazcsxm.jpg,KvasirSEG_cju1ats0y372e08011yazcsxm,image,test
Kvasir-SEG,C:\VISKOM\kvasir-seg\images\cju1b0y2e396p08558ois175d.jpg,C:\VISKOM\kvasir-seg\masks\cju1b0y2e396p08558ois175d.jpg,KvasirSEG_cju1b0y2e396p08558ois175d,image,test
Kvasir-SEG,C:\VISKOM\kvasir-seg\images\cju1b3zgj3d8e0801kpolea6c.jpg,C:\VISKOM\kvasir-seg\masks\cju1b3zgj3d8e0801kpolea6c.jpg,KvasirSEG_cju1b3zgj3d8e0801kpolea6c,image,train
Kvasir-SEG,C:\VISKOM\kvasir-seg\images\cju1b75x63ddl0799sdp0i2j3.jpg,C:\VISKOM\kvasir-seg\masks\cju1b75x63ddl0799sdp0i2j3.jpg,KvasirSEG_cju1b75x63ddl0799sdp0i2j3,image,train
Kvasir-SEG,C:\VISKOM\kvasir-seg\images\cju1bhnfitmge0835ynls0l6b.jpg,C:\VISKOM\kvasir-seg\masks\cju1bhnfitmge0835ynls0l6b.jpg,KvasirSEG_cju1bhnfitmge0835ynls0l6b,image,train
Kvasir-SEG,C:\VISKOM\kvasir-seg\images\cju1bm8063nmh07996rsjjemq.jpg,C:\VISKOM\kvasir-seg\masks\cju1bm8063nmh07996rsjjemq.jpg,KvasirSEG_cju1bm8063nmh07996rsjjemq,image,test
Kvasir-SEG,C:\VISKOM\kvasir-seg\images\cju1brhsj3rls0855a1vgdlen.jpg,C:\VISKOM\kvasir-seg\masks\cju1brhsj3rls0855a1vgdlen.jpg,KvasirSEG_cju1brhsj3rls0855a1vgdlen,image,test
Kvasir-SEG,C:\VISKOM\kvasir-seg\images\cju1c0qb4tzi308355wtsnp0y.jpg,C:\VISKOM\kvasir-seg\masks\cju1c0qb4tzi308355wtsnp0y.jpg,KvasirSEG_cju1c0qb4tzi308355wtsnp0y,image,train
Kvasir-SEG,C:\VISKOM\kvasir-seg\images\cju1c3218411b08014g9f6gig.jpg,C:\VISKOM\kvasir-seg\masks\cju1c3218411b08014g9f6gig.jpg,KvasirSEG_cju1c3218411b08014g9f6gig,image,train
Kvasir-SEG,C:\VISKOM\kvasir-seg\images\cju1c4fcu40hl07992b8gj0c8.jpg,C:\VISKOM\kvasir-seg\masks\cju1c4fcu40hl07992b8gj0c8.jpg,KvasirSEG_cju1c4fcu40hl07992b8gj0c8,image,test
Kvasir-SEG,C:\VISKOM\kvasir-seg\images\cju1c6yfz42md08550zgoz3pw.jpg,C:\VISKOM\kvasir-seg\masks\cju1c6yfz42md08550zgoz3pw.jpg,KvasirSEG_cju1c6yfz42md08550zgoz3pw,image,train
Kvasir-SEG,C:\VISKOM\kvasir-seg\images\cju1c8ffau5770835g0g343o8.jpg,C:\VISKOM\kvasir-seg\masks\cju1c8ffau5770835g0g343o8.jpg,KvasirSEG_cju1c8ffau5770835g0g343o8,image,val
Kvasir-SEG,C:\VISKOM\kvasir-seg\images\cju1cbokpuiw70988j4lq1fpi.jpg,C:\VISKOM\kvasir-seg\masks\cju1cbokpuiw70988j4lq1fpi.jpg,KvasirSEG_cju1cbokpuiw70988j4lq1fpi,image,test
Kvasir-SEG,C:\VISKOM\kvasir-seg\images\cju1cdxvz48hw0801i0fjwcnk.jpg,C:\VISKOM\kvasir-seg\masks\cju1cdxvz48hw0801i0fjwcnk.jpg,KvasirSEG_cju1cdxvz48hw0801i0fjwcnk,image,test
Kvasir-SEG,C:\VISKOM\kvasir-seg\images\cju1cfhyg48bb0799cl5pr2jh.jpg,C:\VISKOM\kvasir-seg\masks\cju1cfhyg48bb0799cl5pr2jh.jpg,KvasirSEG_cju1cfhyg48bb0799cl5pr2jh,image,train
Kvasir-SEG,C:\VISKOM\kvasir-seg\images\cju1cj3f0qi5n0993ut8f49rj.jpg,C:\VISKOM\kvasir-seg\masks\cju1cj3f0qi5n0993ut8f49rj.jpg,KvasirSEG_cju1cj3f0qi5n0993ut8f49rj,image,train
Kvasir-SEG,C:\VISKOM\kvasir-seg\images\cju1cnnziug1l0835yh4ropyg.jpg,C:\VISKOM\kvasir-seg\masks\cju1cnnziug1l0835yh4ropyg.jpg,KvasirSEG_cju1cnnziug1l0835yh4ropyg,image,test
Kvasir-SEG,C:\VISKOM\kvasir-seg\images\cju1cqc7n4gpy0855jt246k68.jpg,C:\VISKOM\kvasir-seg\masks\cju1cqc7n4gpy0855jt246k68.jpg,KvasirSEG_cju1cqc7n4gpy0855jt246k68,image,train
Kvasir-SEG,C:\VISKOM\kvasir-seg\images\cju1csmlc4ht10799b8ymmghg.jpg,C:\VISKOM\kvasir-seg\masks\cju1csmlc4ht10799b8ymmghg.jpg,KvasirSEG_cju1csmlc4ht10799b8ymmghg,image,test
Kvasir-SEG,C:\VISKOM\kvasir-seg\images\cju1cu1u2474n0878tt7v4tdr.jpg,C:\VISKOM\kvasir-seg\masks\cju1cu1u2474n0878tt7v4tdr.jpg,KvasirSEG_cju1cu1u2474n0878tt7v4tdr,image,train
Kvasir-SEG,C:\VISKOM\kvasir-seg\images\cju1cvkfwqrec0993wbp1jlzm.jpg,C:\VISKOM\kvasir-seg\masks\cju1cvkfwqrec0993wbp1jlzm.jpg,KvasirSEG_cju1cvkfwqrec0993wbp1jlzm,image,train
Kvasir-SEG,C:\VISKOM\kvasir-seg\images\cju1cyjb5qtie0993njqne9m3.jpg,C:\VISKOM\kvasir-seg\masks\cju1cyjb5qtie0993njqne9m3.jpg,KvasirSEG_cju1cyjb5qtie0993njqne9m3,image,train
Kvasir-SEG,C:\VISKOM\kvasir-seg\images\cju1d31sp4d4k0878r3fr02ul.jpg,C:\VISKOM\kvasir-seg\masks\cju1d31sp4d4k0878r3fr02ul.jpg,KvasirSEG_cju1d31sp4d4k0878r3fr02ul,image,test
Kvasir-SEG,C:\VISKOM\kvasir-seg\images\cju1d50a94qf50855wsowacrc.jpg,C:\VISKOM\kvasir-seg\masks\cju1d50a94qf50855wsowacrc.jpg,KvasirSEG_cju1d50a94qf50855wsowacrc,image,val
Kvasir-SEG,C:\VISKOM\kvasir-seg\images\cju1d96gsv62d09881b3wecw2.jpg,C:\VISKOM\kvasir-seg\masks\cju1d96gsv62d09881b3wecw2.jpg,KvasirSEG_cju1d96gsv62d09881b3wecw2,image,test
Kvasir-SEG,C:\VISKOM\kvasir-seg\images\cju1ddr6p4k5z08780uuuzit2.jpg,C:\VISKOM\kvasir-seg\masks\cju1ddr6p4k5z08780uuuzit2.jpg,KvasirSEG_cju1ddr6p4k5z08780uuuzit2,image,train
Kvasir-SEG,C:\VISKOM\kvasir-seg\images\cju1dfeupuzlw0835gnxip369.jpg,C:\VISKOM\kvasir-seg\masks\cju1dfeupuzlw0835gnxip369.jpg,KvasirSEG_cju1dfeupuzlw0835gnxip369,image,train
Kvasir-SEG,C:\VISKOM\kvasir-seg\images\cju1dg44i4z3w0801nyz4p6zf.jpg,C:\VISKOM\kvasir-seg\masks\cju1dg44i4z3w0801nyz4p6zf.jpg,KvasirSEG_cju1dg44i4z3w0801nyz4p6zf,image,val
Kvasir-SEG,C:\VISKOM\kvasir-seg\images\cju1dhfok4mhe0878jlgrag0h.jpg,C:\VISKOM\kvasir-seg\masks\cju1dhfok4mhe0878jlgrag0h.jpg,KvasirSEG_cju1dhfok4mhe0878jlgrag0h,image,val
Kvasir-SEG,C:\VISKOM\kvasir-seg\images\cju1dia8hvc6v098827mgffnm.jpg,C:\VISKOM\kvasir-seg\masks\cju1dia8hvc6v098827mgffnm.jpg,KvasirSEG_cju1dia8hvc6v098827mgffnm,image,train
Kvasir-SEG,C:\VISKOM\kvasir-seg\images\cju1djtprvd7b0988thwwrg09.jpg,C:\VISKOM\kvasir-seg\masks\cju1djtprvd7b0988thwwrg09.jpg,KvasirSEG_cju1djtprvd7b0988thwwrg09,image,val
Kvasir-SEG,C:\VISKOM\kvasir-seg\images\cju1dnz61vfp40988e78bkjga.jpg,C:\VISKOM\kvasir-seg\masks\cju1dnz61vfp40988e78bkjga.jpg,KvasirSEG_cju1dnz61vfp40988e78bkjga,image,train
Kvasir-SEG,C:\VISKOM\kvasir-seg\images\cju1dq3x1vgx109889c7wyirg.jpg,C:\VISKOM\kvasir-seg\masks\cju1dq3x1vgx109889c7wyirg.jpg,KvasirSEG_cju1dq3x1vgx109889c7wyirg,image,test
Kvasir-SEG,C:\VISKOM\kvasir-seg\images\cju1drnhbrb9409935wi7vkhg.jpg,C:\VISKOM\kvasir-seg\masks\cju1drnhbrb9409935wi7vkhg.jpg,KvasirSEG_cju1drnhbrb9409935wi7vkhg,image,train
Kvasir-SEG,C:\VISKOM\kvasir-seg\images\cju1efbr0rqxz09931z0lf4vf.jpg,C:\VISKOM\kvasir-seg\masks\cju1efbr0rqxz09931z0lf4vf.jpg,KvasirSEG_cju1efbr0rqxz09931z0lf4vf,image,test
Kvasir-SEG,C:\VISKOM\kvasir-seg\images\cju1egh885m1l0855ci1lt37c.jpg,C:\VISKOM\kvasir-seg\masks\cju1egh885m1l0855ci1lt37c.jpg,KvasirSEG_cju1egh885m1l0855ci1lt37c,image,train
Kvasir-SEG,C:\VISKOM\kvasir-seg\images\cju1egx9pvz2n0988eoy8jp23.jpg,C:\VISKOM\kvasir-seg\masks\cju1egx9pvz2n0988eoy8jp23.jpg,KvasirSEG_cju1egx9pvz2n0988eoy8jp23,image,train
Kvasir-SEG,C:\VISKOM\kvasir-seg\images\cju1ejj7dvqfa0835ra184v5m.jpg,C:\VISKOM\kvasir-seg\masks\cju1ejj7dvqfa0835ra184v5m.jpg,KvasirSEG_cju1ejj7dvqfa0835ra184v5m,image,train
Kvasir-SEG,C:\VISKOM\kvasir-seg\images\cju1erep75us208553i4ofwwe.jpg,C:\VISKOM\kvasir-seg\masks\cju1erep75us208553i4ofwwe.jpg,KvasirSEG_cju1erep75us208553i4ofwwe,image,train
Kvasir-SEG,C:\VISKOM\kvasir-seg\images\cju1euant5l960878iqj5vvto.jpg,C:\VISKOM\kvasir-seg\masks\cju1euant5l960878iqj5vvto.jpg,KvasirSEG_cju1euant5l960878iqj5vvto,image,train
Kvasir-SEG,C:\VISKOM\kvasir-seg\images\cju1euuc65wm00799m4sjdnnn.jpg,C:\VISKOM\kvasir-seg\masks\cju1euuc65wm00799m4sjdnnn.jpg,KvasirSEG_cju1euuc65wm00799m4sjdnnn,image,train
Kvasir-SEG,C:\VISKOM\kvasir-seg\images\cju1ewnoh5z030855vpex9uzt.jpg,C:\VISKOM\kvasir-seg\masks\cju1ewnoh5z030855vpex9uzt.jpg,KvasirSEG_cju1ewnoh5z030855vpex9uzt,image,train
Kvasir-SEG,C:\VISKOM\kvasir-seg\images\cju1expq45zst0855rjqwwj4m.jpg,C:\VISKOM\kvasir-seg\masks\cju1expq45zst0855rjqwwj4m.jpg,KvasirSEG_cju1expq45zst0855rjqwwj4m,image,test
Kvasir-SEG,C:\VISKOM\kvasir-seg\images\cju1f15k3w4ct0835cmde6ypo.jpg,C:\VISKOM\kvasir-seg\masks\cju1f15k3w4ct0835cmde6ypo.jpg,KvasirSEG_cju1f15k3w4ct0835cmde6ypo,image,val
Kvasir-SEG,C:\VISKOM\kvasir-seg\images\cju1f320ewfyu0988ndz6blh5.jpg,C:\VISKOM\kvasir-seg\masks\cju1f320ewfyu0988ndz6blh5.jpg,KvasirSEG_cju1f320ewfyu0988ndz6blh5,image,train
Kvasir-SEG,C:\VISKOM\kvasir-seg\images\cju1f5x1164xv08555654c24r.jpg,C:\VISKOM\kvasir-seg\masks\cju1f5x1164xv08555654c24r.jpg,KvasirSEG_cju1f5x1164xv08555654c24r,image,train
Kvasir-SEG,C:\VISKOM\kvasir-seg\images\cju1f79yhsb5w0993txub59ol.jpg,C:\VISKOM\kvasir-seg\masks\cju1f79yhsb5w0993txub59ol.jpg,KvasirSEG_cju1f79yhsb5w0993txub59ol,image,train
Kvasir-SEG,C:\VISKOM\kvasir-seg\images\cju1f8w0t65en0799m9oacq0q.jpg,C:\VISKOM\kvasir-seg\masks\cju1f8w0t65en0799m9oacq0q.jpg,KvasirSEG_cju1f8w0t65en0799m9oacq0q,image,test
Kvasir-SEG,C:\VISKOM\kvasir-seg\images\cju1fb9236a110801yvg0fwju.jpg,C:\VISKOM\kvasir-seg\masks\cju1fb9236a110801yvg0fwju.jpg,KvasirSEG_cju1fb9236a110801yvg0fwju,image,train
Kvasir-SEG,C:\VISKOM\kvasir-seg\images\cju1ffnjn6ctm08015perkg37.jpg,C:\VISKOM\kvasir-seg\masks\cju1ffnjn6ctm08015perkg37.jpg,KvasirSEG_cju1ffnjn6ctm08015perkg37,image,train
Kvasir-SEG,C:\VISKOM\kvasir-seg\images\cju1fj6axwfp30835ukhuzhw9.jpg,C:\VISKOM\kvasir-seg\masks\cju1fj6axwfp30835ukhuzhw9.jpg,KvasirSEG_cju1fj6axwfp30835ukhuzhw9,image,train
Kvasir-SEG,C:\VISKOM\kvasir-seg\images\cju1fjsb4sipq09931lvd8e41.jpg,C:\VISKOM\kvasir-seg\masks\cju1fjsb4sipq09931lvd8e41.jpg,KvasirSEG_cju1fjsb4sipq09931lvd8e41,image,train
Kvasir-SEG,C:\VISKOM\kvasir-seg\images\cju1fm3id6gl50801r3fok20c.jpg,C:\VISKOM\kvasir-seg\masks\cju1fm3id6gl50801r3fok20c.jpg,KvasirSEG_cju1fm3id6gl50801r3fok20c,image,train
Kvasir-SEG,C:\VISKOM\kvasir-seg\images\cju1fmsyf6gxb0801cimx2gle.jpg,C:\VISKOM\kvasir-seg\masks\cju1fmsyf6gxb0801cimx2gle.jpg,KvasirSEG_cju1fmsyf6gxb0801cimx2gle,image,test
Kvasir-SEG,C:\VISKOM\kvasir-seg\images\cju1fr4etsmrr09933u4t4aql.jpg,C:\VISKOM\kvasir-seg\masks\cju1fr4etsmrr09933u4t4aql.jpg,KvasirSEG_cju1fr4etsmrr09933u4t4aql,image,train
Kvasir-SEG,C:\VISKOM\kvasir-seg\images\cju1ftaji6isw0855108yqcse.jpg,C:\VISKOM\kvasir-seg\masks\cju1ftaji6isw0855108yqcse.jpg,KvasirSEG_cju1ftaji6isw0855108yqcse,image,val
Kvasir-SEG,C:\VISKOM\kvasir-seg\images\cju1fuoa4wmc50835qfd11sp9.jpg,C:\VISKOM\kvasir-seg\masks\cju1fuoa4wmc50835qfd11sp9.jpg,KvasirSEG_cju1fuoa4wmc50835qfd11sp9,image,test
Kvasir-SEG,C:\VISKOM\kvasir-seg\images\cju1fyb1d69et0878muzdak9u.jpg,C:\VISKOM\kvasir-seg\masks\cju1fyb1d69et0878muzdak9u.jpg,KvasirSEG_cju1fyb1d69et0878muzdak9u,image,train
Kvasir-SEG,C:\VISKOM\kvasir-seg\images\cju1g20bdwq6u0835e16xugcd.jpg,C:\VISKOM\kvasir-seg\masks\cju1g20bdwq6u0835e16xugcd.jpg,KvasirSEG_cju1g20bdwq6u0835e16xugcd,image,train
Kvasir-SEG,C:\VISKOM\kvasir-seg\images\cju1g4nsb6ngy0799l4ezm8ab.jpg,C:\VISKOM\kvasir-seg\masks\cju1g4nsb6ngy0799l4ezm8ab.jpg,KvasirSEG_cju1g4nsb6ngy0799l4ezm8ab,image,train
Kvasir-SEG,C:\VISKOM\kvasir-seg\images\cju1gghyjwxt80835vx0wgxw0.jpg,C:\VISKOM\kvasir-seg\masks\cju1gghyjwxt80835vx0wgxw0.jpg,KvasirSEG_cju1gghyjwxt80835vx0wgxw0,image,train
Kvasir-SEG,C:\VISKOM\kvasir-seg\images\cju1gi7jlwyld0835cdf6g6qz.jpg,C:\VISKOM\kvasir-seg\masks\cju1gi7jlwyld0835cdf6g6qz.jpg,KvasirSEG_cju1gi7jlwyld0835cdf6g6qz,image,train
Kvasir-SEG,C:\VISKOM\kvasir-seg\images\cju1gkndf6yi10801o1qnje19.jpg,C:\VISKOM\kvasir-seg\masks\cju1gkndf6yi10801o1qnje19.jpg,KvasirSEG_cju1gkndf6yi10801o1qnje19,image,train
Kvasir-SEG,C:\VISKOM\kvasir-seg\images\cju1gv7106qd008784gk603mg.jpg,C:\VISKOM\kvasir-seg\masks\cju1gv7106qd008784gk603mg.jpg,KvasirSEG_cju1gv7106qd008784gk603mg,image,train
Kvasir-SEG,C:\VISKOM\kvasir-seg\images\cju1h5w4wxajx0835mc954kxy.jpg,C:\VISKOM\kvasir-seg\masks\cju1h5w4wxajx0835mc954kxy.jpg,KvasirSEG_cju1h5w4wxajx0835mc954kxy,image,val
Kvasir-SEG,C:\VISKOM\kvasir-seg\images\cju1h89h6xbnx08352k2790o9.jpg,C:\VISKOM\kvasir-seg\masks\cju1h89h6xbnx08352k2790o9.jpg,KvasirSEG_cju1h89h6xbnx08352k2790o9,image,train
Kvasir-SEG,C:\VISKOM\kvasir-seg\images\cju1haab178i70799tk9z8y8x.jpg,C:\VISKOM\kvasir-seg\masks\cju1haab178i70799tk9z8y8x.jpg,KvasirSEG_cju1haab178i70799tk9z8y8x,image,test
Kvasir-SEG,C:\VISKOM\kvasir-seg\images\cju1hhj6mxfp90835n3wofrap.jpg,C:\VISKOM\kvasir-seg\masks\cju1hhj6mxfp90835n3wofrap.jpg,KvasirSEG_cju1hhj6mxfp90835n3wofrap,image,train
Kvasir-SEG,C:\VISKOM\kvasir-seg\images\cju1hirfi7ekp0855q0vgm9qq.jpg,C:\VISKOM\kvasir-seg\masks\cju1hirfi7ekp0855q0vgm9qq.jpg,KvasirSEG_cju1hirfi7ekp0855q0vgm9qq,image,train
Kvasir-SEG,C:\VISKOM\kvasir-seg\images\cju1hmff8tkp809931jps6fbr.jpg,C:\VISKOM\kvasir-seg\masks\cju1hmff8tkp809931jps6fbr.jpg,KvasirSEG_cju1hmff8tkp809931jps6fbr,image,train
Kvasir-SEG,C:\VISKOM\kvasir-seg\images\cju1hp9i2xu8e0988u2dazk7m.jpg,C:\VISKOM\kvasir-seg\masks\cju1hp9i2xu8e0988u2dazk7m.jpg,KvasirSEG_cju1hp9i2xu8e0988u2dazk7m,image,train
Kvasir-SEG,C:\VISKOM\kvasir-seg\images\cju1hs0za7jha0855vj0mdrjt.jpg,C:\VISKOM\kvasir-seg\masks\cju1hs0za7jha0855vj0mdrjt.jpg,KvasirSEG_cju1hs0za7jha0855vj0mdrjt,image,train
Kvasir-SEG,C:\VISKOM\kvasir-seg\images\cju1hyolc7aqu0878rrkfn1lr.jpg,C:\VISKOM\kvasir-seg\masks\cju1hyolc7aqu0878rrkfn1lr.jpg,KvasirSEG_cju1hyolc7aqu0878rrkfn1lr,image,train
Kvasir-SEG,C:\VISKOM\kvasir-seg\images\cju2hdr06v2bq0799mbm3bks1.jpg,C:\VISKOM\kvasir-seg\masks\cju2hdr06v2bq0799mbm3bks1.jpg,KvasirSEG_cju2hdr06v2bq0799mbm3bks1,image,train
Kvasir-SEG,C:\VISKOM\kvasir-seg\images\cju2hewssldzx0835ep795xu0.jpg,C:\VISKOM\kvasir-seg\masks\cju2hewssldzx0835ep795xu0.jpg,KvasirSEG_cju2hewssldzx0835ep795xu0,image,train
Kvasir-SEG,C:\VISKOM\kvasir-seg\images\cju2hfqnmhisa0993gpleeldd.jpg,C:\VISKOM\kvasir-seg\masks\cju2hfqnmhisa0993gpleeldd.jpg,KvasirSEG_cju2hfqnmhisa0993gpleeldd,image,train
Kvasir-SEG,C:\VISKOM\kvasir-seg\images\cju2hgsptlfam0835o3b59h1o.jpg,C:\VISKOM\kvasir-seg\masks\cju2hgsptlfam0835o3b59h1o.jpg,KvasirSEG_cju2hgsptlfam0835o3b59h1o,image,train
Kvasir-SEG,C:\VISKOM\kvasir-seg\images\cju2hjrqcvi2j0801bx1i6gxg.jpg,C:\VISKOM\kvasir-seg\masks\cju2hjrqcvi2j0801bx1i6gxg.jpg,KvasirSEG_cju2hjrqcvi2j0801bx1i6gxg,image,train
Kvasir-SEG,C:\VISKOM\kvasir-seg\images\cju2hlm19vjjf0801o69qnber.jpg,C:\VISKOM\kvasir-seg\masks\cju2hlm19vjjf0801o69qnber.jpg,KvasirSEG_cju2hlm19vjjf0801o69qnber,image,train
Kvasir-SEG,C:\VISKOM\kvasir-seg\images\cju2hos57llxm08359g92p6jj.jpg,C:\VISKOM\kvasir-seg\masks\cju2hos57llxm08359g92p6jj.jpg,KvasirSEG_cju2hos57llxm08359g92p6jj,image,train
Kvasir-SEG,C:\VISKOM\kvasir-seg\images\cju2hqt33lmra0988fr5ijv8j.jpg,C:\VISKOM\kvasir-seg\masks\cju2hqt33lmra0988fr5ijv8j.jpg,KvasirSEG_cju2hqt33lmra0988fr5ijv8j,image,train
Kvasir-SEG,C:\VISKOM\kvasir-seg\images\cju2htabevq9108015qjei0x7.jpg,C:\VISKOM\kvasir-seg\masks\cju2htabevq9108015qjei0x7.jpg,KvasirSEG_cju2htabevq9108015qjei0x7,image,train
Kvasir-SEG,C:\VISKOM\kvasir-seg\images\cju2hugv9vget0799hhk7ksvg.jpg,C:\VISKOM\kvasir-seg\masks\cju2hugv9vget0799hhk7ksvg.jpg,KvasirSEG_cju2hugv9vget0799hhk7ksvg,image,test
Kvasir-SEG,C:\VISKOM\kvasir-seg\images\cju2hw5gjlr5h0988so2qqres.jpg,C:\VISKOM\kvasir-seg\masks\cju2hw5gjlr5h0988so2qqres.jpg,KvasirSEG_cju2hw5gjlr5h0988so2qqres,image,test
Kvasir-SEG,C:\VISKOM\kvasir-seg\images\cju2hx006vidl0799igm81vmh.jpg,C:\VISKOM\kvasir-seg\masks\cju2hx006vidl0799igm81vmh.jpg,KvasirSEG_cju2hx006vidl0799igm81vmh,image,train
Kvasir-SEG,C:\VISKOM\kvasir-seg\images\cju2i03ptvkiu0799xbbd4det.jpg,C:\VISKOM\kvasir-seg\masks\cju2i03ptvkiu0799xbbd4det.jpg,KvasirSEG_cju2i03ptvkiu0799xbbd4det,image,test
Kvasir-SEG,C:\VISKOM\kvasir-seg\images\cju2i3hzclw3o0988rrgh911i.jpg,C:\VISKOM\kvasir-seg\masks\cju2i3hzclw3o0988rrgh911i.jpg,KvasirSEG_cju2i3hzclw3o0988rrgh911i,image,train
Kvasir-SEG,C:\VISKOM\kvasir-seg\images\cju2i6acqvo6l0799u20fift8.jpg,C:\VISKOM\kvasir-seg\masks\cju2i6acqvo6l0799u20fift8.jpg,KvasirSEG_cju2i6acqvo6l0799u20fift8,image,val
Kvasir-SEG,C:\VISKOM\kvasir-seg\images\cju2i8br1vqtd08784u6vmcjk.jpg,C:\VISKOM\kvasir-seg\masks\cju2i8br1vqtd08784u6vmcjk.jpg,KvasirSEG_cju2i8br1vqtd08784u6vmcjk,image,train
Kvasir-SEG,C:\VISKOM\kvasir-seg\images\cju2iatlki5u309930zmgkv6h.jpg,C:\VISKOM\kvasir-seg\masks\cju2iatlki5u309930zmgkv6h.jpg,KvasirSEG_cju2iatlki5u309930zmgkv6h,image,train
Kvasir-SEG,C:\VISKOM\kvasir-seg\images\cju2igw4gvxds0878808qj398.jpg,C:\VISKOM\kvasir-seg\masks\cju2igw4gvxds0878808qj398.jpg,KvasirSEG_cju2igw4gvxds0878808qj398,image,train
Kvasir-SEG,C:\VISKOM\kvasir-seg\images\cju2ij9uiic2l09933ljiv6gm.jpg,C:\VISKOM\kvasir-seg\masks\cju2ij9uiic2l09933ljiv6gm.jpg,KvasirSEG_cju2ij9uiic2l09933ljiv6gm,image,train
Kvasir-SEG,C:\VISKOM\kvasir-seg\images\cju2lberzkdzm09938cl40pog.jpg,C:\VISKOM\kvasir-seg\masks\cju2lberzkdzm09938cl40pog.jpg,KvasirSEG_cju2lberzkdzm09938cl40pog,image,train
Kvasir-SEG,C:\VISKOM\kvasir-seg\images\cju2lcyfgkf5809932fn9gucn.jpg,C:\VISKOM\kvasir-seg\masks\cju2lcyfgkf5809932fn9gucn.jpg,KvasirSEG_cju2lcyfgkf5809932fn9gucn,image,train
Kvasir-SEG,C:\VISKOM\kvasir-seg\images\cju2lejzcy4pc0878c9rlonot.jpg,C:\VISKOM\kvasir-seg\masks\cju2lejzcy4pc0878c9rlonot.jpg,KvasirSEG_cju2lejzcy4pc0878c9rlonot,image,train
Kvasir-SEG,C:\VISKOM\kvasir-seg\images\cju2lyynuymli0855g7fxgbhe.jpg,C:\VISKOM\kvasir-seg\masks\cju2lyynuymli0855g7fxgbhe.jpg,KvasirSEG_cju2lyynuymli0855g7fxgbhe,image,train
Kvasir-SEG,C:\VISKOM\kvasir-seg\images\cju2lz8vqktne0993fuym6drw.jpg,C:\VISKOM\kvasir-seg\masks\cju2lz8vqktne0993fuym6drw.jpg,KvasirSEG_cju2lz8vqktne0993fuym6drw,image,train
Kvasir-SEG,C:\VISKOM\kvasir-seg\images\cju2m56cryvqd0801gtn2yp8t.jpg,C:\VISKOM\kvasir-seg\masks\cju2m56cryvqd0801gtn2yp8t.jpg,KvasirSEG_cju2m56cryvqd0801gtn2yp8t,image,train
Kvasir-SEG,C:\VISKOM\kvasir-seg\images\cju2m71z2ywwv080131bcrsd3.jpg,C:\VISKOM\kvasir-seg\masks\cju2m71z2ywwv080131bcrsd3.jpg,KvasirSEG_cju2m71z2ywwv080131bcrsd3,image,train
Kvasir-SEG,C:\VISKOM\kvasir-seg\images\cju2ma647l0nj0993ot4deq2q.jpg,C:\VISKOM\kvasir-seg\masks\cju2ma647l0nj0993ot4deq2q.jpg,KvasirSEG_cju2ma647l0nj0993ot4deq2q,image,train
Kvasir-SEG,C:\VISKOM\kvasir-seg\images\cju2mfjndoz700988b9lc3zeq.jpg,C:\VISKOM\kvasir-seg\masks\cju2mfjndoz700988b9lc3zeq.jpg,KvasirSEG_cju2mfjndoz700988b9lc3zeq,image,train
Kvasir-SEG,C:\VISKOM\kvasir-seg\images\cju2mh8t6p07008350e01tx2a.jpg,C:\VISKOM\kvasir-seg\masks\cju2mh8t6p07008350e01tx2a.jpg,KvasirSEG_cju2mh8t6p07008350e01tx2a,image,val
Kvasir-SEG,C:\VISKOM\kvasir-seg\images\cju2nbdpmlmcj0993s1cht0dz.jpg,C:\VISKOM\kvasir-seg\masks\cju2nbdpmlmcj0993s1cht0dz.jpg,KvasirSEG_cju2nbdpmlmcj0993s1cht0dz,image,train
Kvasir-SEG,C:\VISKOM\kvasir-seg\images\cju2nd7l7z98o0799gfjvyfmw.jpg,C:\VISKOM\kvasir-seg\masks\cju2nd7l7z98o0799gfjvyfmw.jpg,KvasirSEG_cju2nd7l7z98o0799gfjvyfmw,image,train
Kvasir-SEG,C:\VISKOM\kvasir-seg\images\cju2nfnvxzdkd0878399axlco.jpg,C:\VISKOM\kvasir-seg\masks\cju2nfnvxzdkd0878399axlco.jpg,KvasirSEG_cju2nfnvxzdkd0878399axlco,image,test
Kvasir-SEG,C:\VISKOM\kvasir-seg\images\cju2nguelpmlj0835rojdn097.jpg,C:\VISKOM\kvasir-seg\masks\cju2nguelpmlj0835rojdn097.jpg,KvasirSEG_cju2nguelpmlj0835rojdn097,image,train
Kvasir-SEG,C:\VISKOM\kvasir-seg\images\cju2nnqrqzp580855z8mhzgd6.jpg,C:\VISKOM\kvasir-seg\masks\cju2nnqrqzp580855z8mhzgd6.jpg,KvasirSEG_cju2nnqrqzp580855z8mhzgd6,image,train
Kvasir-SEG,C:\VISKOM\kvasir-seg\images\cju2np2k9zi3v079992ypxqkn.jpg,C:\VISKOM\kvasir-seg\masks\cju2np2k9zi3v079992ypxqkn.jpg,KvasirSEG_cju2np2k9zi3v079992ypxqkn,image,train
Kvasir-SEG,C:\VISKOM\kvasir-seg\images\cju2nqapmzvk20801f9us40dx.jpg,C:\VISKOM\kvasir-seg\masks\cju2nqapmzvk20801f9us40dx.jpg,KvasirSEG_cju2nqapmzvk20801f9us40dx,image,train
Kvasir-SEG,C:\VISKOM\kvasir-seg\images\cju2nsmwjlzyl0993jl80chvz.jpg,C:\VISKOM\kvasir-seg\masks\cju2nsmwjlzyl0993jl80chvz.jpg,KvasirSEG_cju2nsmwjlzyl0993jl80chvz,image,train
Kvasir-SEG,C:\VISKOM\kvasir-seg\images\cju2ntxtdzlvu0799xl3j9pan.jpg,C:\VISKOM\kvasir-seg\masks\cju2ntxtdzlvu0799xl3j9pan.jpg,KvasirSEG_cju2ntxtdzlvu0799xl3j9pan,image,train
Kvasir-SEG,C:\VISKOM\kvasir-seg\images\cju2nyc5f02m40801ojqbtiea.jpg,C:\VISKOM\kvasir-seg\masks\cju2nyc5f02m40801ojqbtiea.jpg,KvasirSEG_cju2nyc5f02m40801ojqbtiea,image,val
Kvasir-SEG,C:\VISKOM\kvasir-seg\images\cju2oi8sq0i2y0801mektzvw8.jpg,C:\VISKOM\kvasir-seg\masks\cju2oi8sq0i2y0801mektzvw8.jpg,KvasirSEG_cju2oi8sq0i2y0801mektzvw8,image,train
Kvasir-SEG,C:\VISKOM\kvasir-seg\images\cju2okvco06xc0799kxe5n1qh.jpg,C:\VISKOM\kvasir-seg\masks\cju2okvco06xc0799kxe5n1qh.jpg,KvasirSEG_cju2okvco06xc0799kxe5n1qh,image,train
Kvasir-SEG,C:\VISKOM\kvasir-seg\images\cju2omjpeqj5a0988pjdlb8l1.jpg,C:\VISKOM\kvasir-seg\masks\cju2omjpeqj5a0988pjdlb8l1.jpg,KvasirSEG_cju2omjpeqj5a0988pjdlb8l1,image,test
Kvasir-SEG,C:\VISKOM\kvasir-seg\images\cju2oo0wh0bqy0878biujeyhe.jpg,C:\VISKOM\kvasir-seg\masks\cju2oo0wh0bqy0878biujeyhe.jpg,KvasirSEG_cju2oo0wh0bqy0878biujeyhe,image,train
Kvasir-SEG,C:\VISKOM\kvasir-seg\images\cju2oq5570avm079959o20op1.jpg,C:\VISKOM\kvasir-seg\masks\cju2oq5570avm079959o20op1.jpg,KvasirSEG_cju2oq5570avm079959o20op1,image,train
Kvasir-SEG,C:\VISKOM\kvasir-seg\images\cju2osuru0ki00855txo0n3uu.jpg,C:\VISKOM\kvasir-seg\masks\cju2osuru0ki00855txo0n3uu.jpg,KvasirSEG_cju2osuru0ki00855txo0n3uu,image,train
Kvasir-SEG,C:\VISKOM\kvasir-seg\images\cju2otvvv0l7z0855x7we8cb0.jpg,C:\VISKOM\kvasir-seg\masks\cju2otvvv0l7z0855x7we8cb0.jpg,KvasirSEG_cju2otvvv0l7z0855x7we8cb0,image,train
Kvasir-SEG,C:\VISKOM\kvasir-seg\images\cju2ouil2mssu0993hvxsed6d.jpg,C:\VISKOM\kvasir-seg\masks\cju2ouil2mssu0993hvxsed6d.jpg,KvasirSEG_cju2ouil2mssu0993hvxsed6d,image,train
Kvasir-SEG,C:\VISKOM\kvasir-seg\images\cju2p0eveqtdc0835gpi3p93i.jpg,C:\VISKOM\kvasir-seg\masks\cju2p0eveqtdc0835gpi3p93i.jpg,KvasirSEG_cju2p0eveqtdc0835gpi3p93i,image,test
Kvasir-SEG,C:\VISKOM\kvasir-seg\images\cju2p4ddkmzxj0993p94o62av.jpg,C:\VISKOM\kvasir-seg\masks\cju2p4ddkmzxj0993p94o62av.jpg,KvasirSEG_cju2p4ddkmzxj0993p94o62av,image,train
Kvasir-SEG,C:\VISKOM\kvasir-seg\images\cju2p91qir00k08350ddfif0w.jpg,C:\VISKOM\kvasir-seg\masks\cju2p91qir00k08350ddfif0w.jpg,KvasirSEG_cju2p91qir00k08350ddfif0w,image,train
Kvasir-SEG,C:\VISKOM\kvasir-seg\images\cju2pag1f0s4r0878h52uq83s.jpg,C:\VISKOM\kvasir-seg\masks\cju2pag1f0s4r0878h52uq83s.jpg,KvasirSEG_cju2pag1f0s4r0878h52uq83s,image,train
Kvasir-SEG,C:\VISKOM\kvasir-seg\images\cju2phaksnahz0993yxogjcpv.jpg,C:\VISKOM\kvasir-seg\masks\cju2phaksnahz0993yxogjcpv.jpg,KvasirSEG_cju2phaksnahz0993yxogjcpv,image,train
Kvasir-SEG,C:\VISKOM\kvasir-seg\images\cju2pjb9v0ywn0878j5g5n69j.jpg,C:\VISKOM\kvasir-seg\masks\cju2pjb9v0ywn0878j5g5n69j.jpg,KvasirSEG_cju2pjb9v0ywn0878j5g5n69j,image,train
Kvasir-SEG,C:\VISKOM\kvasir-seg\images\cju2pkwt3r8b90988v2ywq1px.jpg,C:\VISKOM\kvasir-seg\masks\cju2pkwt3r8b90988v2ywq1px.jpg,KvasirSEG_cju2pkwt3r8b90988v2ywq1px,image,train
Kvasir-SEG,C:\VISKOM\kvasir-seg\images\cju2pmhtr17a00855cvpelzb0.jpg,C:\VISKOM\kvasir-seg\masks\cju2pmhtr17a00855cvpelzb0.jpg,KvasirSEG_cju2pmhtr17a00855cvpelzb0,image,train
Kvasir-SEG,C:\VISKOM\kvasir-seg\images\cju2qdj95ru8g09886gfi9rsz.jpg,C:\VISKOM\kvasir-seg\masks\cju2qdj95ru8g09886gfi9rsz.jpg,KvasirSEG_cju2qdj95ru8g09886gfi9rsz,image,train
Kvasir-SEG,C:\VISKOM\kvasir-seg\images\cju2qfie4rvz508357kad9z5o.jpg,C:\VISKOM\kvasir-seg\masks\cju2qfie4rvz508357kad9z5o.jpg,KvasirSEG_cju2qfie4rvz508357kad9z5o,image,train
Kvasir-SEG,C:\VISKOM\kvasir-seg\images\cju2qh5le1ock0878oahaql7d.jpg,C:\VISKOM\kvasir-seg\masks\cju2qh5le1ock0878oahaql7d.jpg,KvasirSEG_cju2qh5le1ock0878oahaql7d,image,test
Kvasir-SEG,C:\VISKOM\kvasir-seg\images\cju2qn2fzs1vy0988l243cvzy.jpg,C:\VISKOM\kvasir-seg\masks\cju2qn2fzs1vy0988l243cvzy.jpg,KvasirSEG_cju2qn2fzs1vy0988l243cvzy,image,train
Kvasir-SEG,C:\VISKOM\kvasir-seg\images\cju2qozsk20cq0855ugrg3cri.jpg,C:\VISKOM\kvasir-seg\masks\cju2qozsk20cq0855ugrg3cri.jpg,KvasirSEG_cju2qozsk20cq0855ugrg3cri,image,train
Kvasir-SEG,C:\VISKOM\kvasir-seg\images\cju2qqn5ys4uo0988ewrt2ip2.jpg,C:\VISKOM\kvasir-seg\masks\cju2qqn5ys4uo0988ewrt2ip2.jpg,KvasirSEG_cju2qqn5ys4uo0988ewrt2ip2,image,train
Kvasir-SEG,C:\VISKOM\kvasir-seg\images\cju2qs32r1vys07999conmbvx.jpg,C:\VISKOM\kvasir-seg\masks\cju2qs32r1vys07999conmbvx.jpg,KvasirSEG_cju2qs32r1vys07999conmbvx,image,train
Kvasir-SEG,C:\VISKOM\kvasir-seg\images\cju2qtee81yd708787bsjr75d.jpg,C:\VISKOM\kvasir-seg\masks\cju2qtee81yd708787bsjr75d.jpg,KvasirSEG_cju2qtee81yd708787bsjr75d,image,train
Kvasir-SEG,C:\VISKOM\kvasir-seg\images\cju2qu37qobl50993aw7ghcfq.jpg,C:\VISKOM\kvasir-seg\masks\cju2qu37qobl50993aw7ghcfq.jpg,KvasirSEG_cju2qu37qobl50993aw7ghcfq,image,train
Kvasir-SEG,C:\VISKOM\kvasir-seg\images\cju2qvuj1s9ok0835tp2k4ozh.jpg,C:\VISKOM\kvasir-seg\masks\cju2qvuj1s9ok0835tp2k4ozh.jpg,KvasirSEG_cju2qvuj1s9ok0835tp2k4ozh,image,train
Kvasir-SEG,C:\VISKOM\kvasir-seg\images\cju2qxxko229x08786gvxxhur.jpg,C:\VISKOM\kvasir-seg\masks\cju2qxxko229x08786gvxxhur.jpg,KvasirSEG_cju2qxxko229x08786gvxxhur,image,val
Kvasir-SEG,C:\VISKOM\kvasir-seg\images\cju2qz06823a40878ojcz9ccx.jpg,C:\VISKOM\kvasir-seg\masks\cju2qz06823a40878ojcz9ccx.jpg,KvasirSEG_cju2qz06823a40878ojcz9ccx,image,train
Kvasir-SEG,C:\VISKOM\kvasir-seg\images\cju2r11x7sdgx0988o8ule0wl.jpg,C:\VISKOM\kvasir-seg\masks\cju2r11x7sdgx0988o8ule0wl.jpg,KvasirSEG_cju2r11x7sdgx0988o8ule0wl,image,train
Kvasir-SEG,C:\VISKOM\kvasir-seg\images\cju2r2obh2bjm08553kng0rh7.jpg,C:\VISKOM\kvasir-seg\masks\cju2r2obh2bjm08553kng0rh7.jpg,KvasirSEG_cju2r2obh2bjm08553kng0rh7,image,train
Kvasir-SEG,C:\VISKOM\kvasir-seg\images\cju2r6mt2om21099352pny5gw.jpg,C:\VISKOM\kvasir-seg\masks\cju2r6mt2om21099352pny5gw.jpg,KvasirSEG_cju2r6mt2om21099352pny5gw,image,val
Kvasir-SEG,C:\VISKOM\kvasir-seg\images\cju2r7h21sj9608354gzks3ae.jpg,C:\VISKOM\kvasir-seg\masks\cju2r7h21sj9608354gzks3ae.jpg,KvasirSEG_cju2r7h21sj9608354gzks3ae,image,train
Kvasir-SEG,C:\VISKOM\kvasir-seg\images\cju2r91dg2k090801bh0xzbxk.jpg,C:\VISKOM\kvasir-seg\masks\cju2r91dg2k090801bh0xzbxk.jpg,KvasirSEG_cju2r91dg2k090801bh0xzbxk,image,test
Kvasir-SEG,C:\VISKOM\kvasir-seg\images\cju2raxlosl630988jdbfy9b0.jpg,C:\VISKOM\kvasir-seg\masks\cju2raxlosl630988jdbfy9b0.jpg,KvasirSEG_cju2raxlosl630988jdbfy9b0,image,test
Kvasir-SEG,C:\VISKOM\kvasir-seg\images\cju2rga4psq9n09881z519xx0.jpg,C:\VISKOM\kvasir-seg\masks\cju2rga4psq9n09881z519xx0.jpg,KvasirSEG_cju2rga4psq9n09881z519xx0,image,train
Kvasir-SEG,C:\VISKOM\kvasir-seg\images\cju2ricdv2iys0878sv1adh0u.jpg,C:\VISKOM\kvasir-seg\masks\cju2ricdv2iys0878sv1adh0u.jpg,KvasirSEG_cju2ricdv2iys0878sv1adh0u,image,train
Kvasir-SEG,C:\VISKOM\kvasir-seg\images\cju2rkjfwoxys0993x768l1j2.jpg,C:\VISKOM\kvasir-seg\masks\cju2rkjfwoxys0993x768l1j2.jpg,KvasirSEG_cju2rkjfwoxys0993x768l1j2,image,train
Kvasir-SEG,C:\VISKOM\kvasir-seg\images\cju2rlqdnoz9k0993cpjae3x0.jpg,C:\VISKOM\kvasir-seg\masks\cju2rlqdnoz9k0993cpjae3x0.jpg,KvasirSEG_cju2rlqdnoz9k0993cpjae3x0,image,train
Kvasir-SEG,C:\VISKOM\kvasir-seg\images\cju2rmd2rsw9g09888hh1efu0.jpg,C:\VISKOM\kvasir-seg\masks\cju2rmd2rsw9g09888hh1efu0.jpg,KvasirSEG_cju2rmd2rsw9g09888hh1efu0,image,val
Kvasir-SEG,C:\VISKOM\kvasir-seg\images\cju2rn0hasxri0835nfy3buay.jpg,C:\VISKOM\kvasir-seg\masks\cju2rn0hasxri0835nfy3buay.jpg,KvasirSEG_cju2rn0hasxri0835nfy3buay,image,train
Kvasir-SEG,C:\VISKOM\kvasir-seg\images\cju2rnkt22xep0801as160g9t.jpg,C:\VISKOM\kvasir-seg\masks\cju2rnkt22xep0801as160g9t.jpg,KvasirSEG_cju2rnkt22xep0801as160g9t,image,train
Kvasir-SEG,C:\VISKOM\kvasir-seg\images\cju2ro5jqsy680988pi6qsujw.jpg,C:\VISKOM\kvasir-seg\masks\cju2ro5jqsy680988pi6qsujw.jpg,KvasirSEG_cju2ro5jqsy680988pi6qsujw,image,train
Kvasir-SEG,C:\VISKOM\kvasir-seg\images\cju2rpa30t07b0835im0erql0.jpg,C:\VISKOM\kvasir-seg\masks\cju2rpa30t07b0835im0erql0.jpg,KvasirSEG_cju2rpa30t07b0835im0erql0,image,test
Kvasir-SEG,C:\VISKOM\kvasir-seg\images\cju2rqo702wpx0855fn7d5cxh.jpg,C:\VISKOM\kvasir-seg\masks\cju2rqo702wpx0855fn7d5cxh.jpg,KvasirSEG_cju2rqo702wpx0855fn7d5cxh,image,test
Kvasir-SEG,C:\VISKOM\kvasir-seg\images\cju2rxm8rpbaf0993o3qr2oph.jpg,C:\VISKOM\kvasir-seg\masks\cju2rxm8rpbaf0993o3qr2oph.jpg,KvasirSEG_cju2rxm8rpbaf0993o3qr2oph,image,test
Kvasir-SEG,C:\VISKOM\kvasir-seg\images\cju2rz4k434s70855wwx3ddtx.jpg,C:\VISKOM\kvasir-seg\masks\cju2rz4k434s70855wwx3ddtx.jpg,KvasirSEG_cju2rz4k434s70855wwx3ddtx,image,val
Kvasir-SEG,C:\VISKOM\kvasir-seg\images\cju2rzpsmtb0f0835jabkbao1.jpg,C:\VISKOM\kvasir-seg\masks\cju2rzpsmtb0f0835jabkbao1.jpg,KvasirSEG_cju2rzpsmtb0f0835jabkbao1,image,train
Kvasir-SEG,C:\VISKOM\kvasir-seg\images\cju2s16zp317h0799gr67jqc2.jpg,C:\VISKOM\kvasir-seg\masks\cju2s16zp317h0799gr67jqc2.jpg,KvasirSEG_cju2s16zp317h0799gr67jqc2,image,test
Kvasir-SEG,C:\VISKOM\kvasir-seg\images\cju2s2527pfyr0993l3h1149a.jpg,C:\VISKOM\kvasir-seg\masks\cju2s2527pfyr0993l3h1149a.jpg,KvasirSEG_cju2s2527pfyr0993l3h1149a,image,train
Kvasir-SEG,C:\VISKOM\kvasir-seg\images\cju2s9g11pnra0993gn4eh793.jpg,C:\VISKOM\kvasir-seg\masks\cju2s9g11pnra0993gn4eh793.jpg,KvasirSEG_cju2s9g11pnra0993gn4eh793,image,test
Kvasir-SEG,C:\VISKOM\kvasir-seg\images\cju2saez63gxl08559ucjq3kt.jpg,C:\VISKOM\kvasir-seg\masks\cju2saez63gxl08559ucjq3kt.jpg,KvasirSEG_cju2saez63gxl08559ucjq3kt,image,train
Kvasir-SEG,C:\VISKOM\kvasir-seg\images\cju2sevf53lkx08558h5bpaig.jpg,C:\VISKOM\kvasir-seg\masks\cju2sevf53lkx08558h5bpaig.jpg,KvasirSEG_cju2sevf53lkx08558h5bpaig,image,train
Kvasir-SEG,C:\VISKOM\kvasir-seg\images\cju2sggy13na70855tbeoqgha.jpg,C:\VISKOM\kvasir-seg\masks\cju2sggy13na70855tbeoqgha.jpg,KvasirSEG_cju2sggy13na70855tbeoqgha,image,test
Kvasir-SEG,C:\VISKOM\kvasir-seg\images\cju2spdagu1l50835da1f46fr.jpg,C:\VISKOM\kvasir-seg\masks\cju2spdagu1l50835da1f46fr.jpg,KvasirSEG_cju2spdagu1l50835da1f46fr,image,train
Kvasir-SEG,C:\VISKOM\kvasir-seg\images\cju2srvy5440s0801y1ba9akr.jpg,C:\VISKOM\kvasir-seg\masks\cju2srvy5440s0801y1ba9akr.jpg,KvasirSEG_cju2srvy5440s0801y1ba9akr,image,train
Kvasir-SEG,C:\VISKOM\kvasir-seg\images\cju2sszfq3uye0878sucelzk2.jpg,C:\VISKOM\kvasir-seg\masks\cju2sszfq3uye0878sucelzk2.jpg,KvasirSEG_cju2sszfq3uye0878sucelzk2,image,test
Kvasir-SEG,C:\VISKOM\kvasir-seg\images\cju2suk42469908015ngmq6f2.jpg,C:\VISKOM\kvasir-seg\masks\cju2suk42469908015ngmq6f2.jpg,KvasirSEG_cju2suk42469908015ngmq6f2,image,train
Kvasir-SEG,C:\VISKOM\kvasir-seg\images\cju2sxf3iqbpv09937iksn8ep.jpg,C:\VISKOM\kvasir-seg\masks\cju2sxf3iqbpv09937iksn8ep.jpg,KvasirSEG_cju2sxf3iqbpv09937iksn8ep,image,train
Kvasir-SEG,C:\VISKOM\kvasir-seg\images\cju2syxa93yw40799x2iuwabz.jpg,C:\VISKOM\kvasir-seg\masks\cju2syxa93yw40799x2iuwabz.jpg,KvasirSEG_cju2syxa93yw40799x2iuwabz,image,train
Kvasir-SEG,C:\VISKOM\kvasir-seg\images\cju2t16vuucaq0835xcpsivn2.jpg,C:\VISKOM\kvasir-seg\masks\cju2t16vuucaq0835xcpsivn2.jpg,KvasirSEG_cju2t16vuucaq0835xcpsivn2,image,train
Kvasir-SEG,C:\VISKOM\kvasir-seg\images\cju2t2ivz43i10878zeg8r1br.jpg,C:\VISKOM\kvasir-seg\masks\cju2t2ivz43i10878zeg8r1br.jpg,KvasirSEG_cju2t2ivz43i10878zeg8r1br,image,train
Kvasir-SEG,C:\VISKOM\kvasir-seg\images\cju2t3ibkuecr0835o7si16zv.jpg,C:\VISKOM\kvasir-seg\masks\cju2t3ibkuecr0835o7si16zv.jpg,KvasirSEG_cju2t3ibkuecr0835o7si16zv,image,val
Kvasir-SEG,C:\VISKOM\kvasir-seg\images\cju2t62nq45jl0799odpufwx6.jpg,C:\VISKOM\kvasir-seg\masks\cju2t62nq45jl0799odpufwx6.jpg,KvasirSEG_cju2t62nq45jl0799odpufwx6,image,train
Kvasir-SEG,C:\VISKOM\kvasir-seg\images\cju2t9tdwuk700835kv0ljmtl.jpg,C:\VISKOM\kvasir-seg\masks\cju2t9tdwuk700835kv0ljmtl.jpg,KvasirSEG_cju2t9tdwuk700835kv0ljmtl,image,train
Kvasir-SEG,C:\VISKOM\kvasir-seg\images\cju2ti1du4idn0878giuozonw.jpg,C:\VISKOM\kvasir-seg\masks\cju2ti1du4idn0878giuozonw.jpg,KvasirSEG_cju2ti1du4idn0878giuozonw,image,train
Kvasir-SEG,C:\VISKOM\kvasir-seg\images\cju2tjrog4jy30878pawyazqc.jpg,C:\VISKOM\kvasir-seg\masks\cju2tjrog4jy30878pawyazqc.jpg,KvasirSEG_cju2tjrog4jy30878pawyazqc,image,val
Kvasir-SEG,C:\VISKOM\kvasir-seg\images\cju2top2ruxxy0988p1svx36g.jpg,C:\VISKOM\kvasir-seg\masks\cju2top2ruxxy0988p1svx36g.jpg,KvasirSEG_cju2top2ruxxy0988p1svx36g,image,train
Kvasir-SEG,C:\VISKOM\kvasir-seg\images\cju2tpfa5uyx408359datxqqj.jpg,C:\VISKOM\kvasir-seg\masks\cju2tpfa5uyx408359datxqqj.jpg,KvasirSEG_cju2tpfa5uyx408359datxqqj,image,train
Kvasir-SEG,C:\VISKOM\kvasir-seg\images\cju2tqfgw4oat0799rn0g5b2z.jpg,C:\VISKOM\kvasir-seg\masks\cju2tqfgw4oat0799rn0g5b2z.jpg,KvasirSEG_cju2tqfgw4oat0799rn0g5b2z,image,train
Kvasir-SEG,C:\VISKOM\kvasir-seg\images\cju2trbpkv0c00988hxla5dzz.jpg,C:\VISKOM\kvasir-seg\masks\cju2trbpkv0c00988hxla5dzz.jpg,KvasirSEG_cju2trbpkv0c00988hxla5dzz,image,test
Kvasir-SEG,C:\VISKOM\kvasir-seg\images\cju2trtjf4qjd0878a2zle9v9.jpg,C:\VISKOM\kvasir-seg\masks\cju2trtjf4qjd0878a2zle9v9.jpg,KvasirSEG_cju2trtjf4qjd0878a2zle9v9,image,train
Kvasir-SEG,C:\VISKOM\kvasir-seg\images\cju2tvrvm53ws0801a0jfjdxg.jpg,C:\VISKOM\kvasir-seg\masks\cju2tvrvm53ws0801a0jfjdxg.jpg,KvasirSEG_cju2tvrvm53ws0801a0jfjdxg,image,test
Kvasir-SEG,C:\VISKOM\kvasir-seg\images\cju2txjfzv60w098839dcimys.jpg,C:\VISKOM\kvasir-seg\masks\cju2txjfzv60w098839dcimys.jpg,KvasirSEG_cju2txjfzv60w098839dcimys,image,train
Kvasir-SEG,C:\VISKOM\kvasir-seg\images\cju2tzypl4wss0799ow05oxb9.jpg,C:\VISKOM\kvasir-seg\masks\cju2tzypl4wss0799ow05oxb9.jpg,KvasirSEG_cju2tzypl4wss0799ow05oxb9,image,val
Kvasir-SEG,C:\VISKOM\kvasir-seg\images\cju2u2b9o4zvp08788qb9nqxj.jpg,C:\VISKOM\kvasir-seg\masks\cju2u2b9o4zvp08788qb9nqxj.jpg,KvasirSEG_cju2u2b9o4zvp08788qb9nqxj,image,train
Kvasir-SEG,C:\VISKOM\kvasir-seg\images\cju2u4pymvc720988wsxrmi84.jpg,C:\VISKOM\kvasir-seg\masks\cju2u4pymvc720988wsxrmi84.jpg,KvasirSEG_cju2u4pymvc720988wsxrmi84,image,train
Kvasir-SEG,C:\VISKOM\kvasir-seg\images\cju2u73dj53oz0878486k8k4b.jpg,C:\VISKOM\kvasir-seg\masks\cju2u73dj53oz0878486k8k4b.jpg,KvasirSEG_cju2u73dj53oz0878486k8k4b,image,train
Kvasir-SEG,C:\VISKOM\kvasir-seg\images\cju2ueb6j5ado0878vf5md13o.jpg,C:\VISKOM\kvasir-seg\masks\cju2ueb6j5ado0878vf5md13o.jpg,KvasirSEG_cju2ueb6j5ado0878vf5md13o,image,train
Kvasir-SEG,C:\VISKOM\kvasir-seg\images\cju2ulk385h170799rlklxob0.jpg,C:\VISKOM\kvasir-seg\masks\cju2ulk385h170799rlklxob0.jpg,KvasirSEG_cju2ulk385h170799rlklxob0,image,test
Kvasir-SEG,C:\VISKOM\kvasir-seg\images\cju2uokeg5jm20799xwgsyz89.jpg,C:\VISKOM\kvasir-seg\masks\cju2uokeg5jm20799xwgsyz89.jpg,KvasirSEG_cju2uokeg5jm20799xwgsyz89,image,train
Kvasir-SEG,C:\VISKOM\kvasir-seg\images\cju2upu4evw7g08358guwozxv.jpg,C:\VISKOM\kvasir-seg\masks\cju2upu4evw7g08358guwozxv.jpg,KvasirSEG_cju2upu4evw7g08358guwozxv,image,train
Kvasir-SEG,C:\VISKOM\kvasir-seg\images\cju2urqpwvxw70835rvndvtsi.jpg,C:\VISKOM\kvasir-seg\masks\cju2urqpwvxw70835rvndvtsi.jpg,KvasirSEG_cju2urqpwvxw70835rvndvtsi,image,test
Kvasir-SEG,C:\VISKOM\kvasir-seg\images\cju2uwz9f5yf1085506cfamfx.jpg,C:\VISKOM\kvasir-seg\masks\cju2uwz9f5yf1085506cfamfx.jpg,KvasirSEG_cju2uwz9f5yf1085506cfamfx,image,train
Kvasir-SEG,C:\VISKOM\kvasir-seg\images\cju2uy8ox62jo0801g88hh42z.jpg,C:\VISKOM\kvasir-seg\masks\cju2uy8ox62jo0801g88hh42z.jpg,KvasirSEG_cju2uy8ox62jo0801g88hh42z,image,val
Kvasir-SEG,C:\VISKOM\kvasir-seg\images\cju2uzabhs6er0993x3aaf87p.jpg,C:\VISKOM\kvasir-seg\masks\cju2uzabhs6er0993x3aaf87p.jpg,KvasirSEG_cju2uzabhs6er0993x3aaf87p,image,val
Kvasir-SEG,C:\VISKOM\kvasir-seg\images\cju2wtwj87kys0855kx6mddzw.jpg,C:\VISKOM\kvasir-seg\masks\cju2wtwj87kys0855kx6mddzw.jpg,KvasirSEG_cju2wtwj87kys0855kx6mddzw,image,train
Kvasir-SEG,C:\VISKOM\kvasir-seg\images\cju2wve9v7esz0878mxsdcy04.jpg,C:\VISKOM\kvasir-seg\masks\cju2wve9v7esz0878mxsdcy04.jpg,KvasirSEG_cju2wve9v7esz0878mxsdcy04,image,train
Kvasir-SEG,C:\VISKOM\kvasir-seg\images\cju2wx0gh7fpz0878wwyd9ep8.jpg,C:\VISKOM\kvasir-seg\masks\cju2wx0gh7fpz0878wwyd9ep8.jpg,KvasirSEG_cju2wx0gh7fpz0878wwyd9ep8,image,train
Kvasir-SEG,C:\VISKOM\kvasir-seg\images\cju2wxv0hxs2f09884w48v8fi.jpg,C:\VISKOM\kvasir-seg\masks\cju2wxv0hxs2f09884w48v8fi.jpg,KvasirSEG_cju2wxv0hxs2f09884w48v8fi,image,test
Kvasir-SEG,C:\VISKOM\kvasir-seg\images\cju2wzu8wxtgu09880ku9x1pg.jpg,C:\VISKOM\kvasir-seg\masks\cju2wzu8wxtgu09880ku9x1pg.jpg,KvasirSEG_cju2wzu8wxtgu09880ku9x1pg,image,train
Kvasir-SEG,C:\VISKOM\kvasir-seg\images\cju2x7vw87mu30878hye2ca0m.jpg,C:\VISKOM\kvasir-seg\masks\cju2x7vw87mu30878hye2ca0m.jpg,KvasirSEG_cju2x7vw87mu30878hye2ca0m,image,test
Kvasir-SEG,C:\VISKOM\kvasir-seg\images\cju2xa3i4y0160988i679zsqd.jpg,C:\VISKOM\kvasir-seg\masks\cju2xa3i4y0160988i679zsqd.jpg,KvasirSEG_cju2xa3i4y0160988i679zsqd,image,train
Kvasir-SEG,C:\VISKOM\kvasir-seg\images\cju2xbk0080y80801eghyddi2.jpg,C:\VISKOM\kvasir-seg\masks\cju2xbk0080y80801eghyddi2.jpg,KvasirSEG_cju2xbk0080y80801eghyddi2,image,train
Kvasir-SEG,C:\VISKOM\kvasir-seg\images\cju2xd75m82720801q4s4ik3n.jpg,C:\VISKOM\kvasir-seg\masks\cju2xd75m82720801q4s4ik3n.jpg,KvasirSEG_cju2xd75m82720801q4s4ik3n,image,test
Kvasir-SEG,C:\VISKOM\kvasir-seg\images\cju2xf8e5y2wm08359vcgk09b.jpg,C:\VISKOM\kvasir-seg\masks\cju2xf8e5y2wm08359vcgk09b.jpg,KvasirSEG_cju2xf8e5y2wm08359vcgk09b,image,test
Kvasir-SEG,C:\VISKOM\kvasir-seg\images\cju2xjz2ju8pe0993ysv9wg17.jpg,C:\VISKOM\kvasir-seg\masks\cju2xjz2ju8pe0993ysv9wg17.jpg,KvasirSEG_cju2xjz2ju8pe0993ysv9wg17,image,test
Kvasir-SEG,C:\VISKOM\kvasir-seg\images\cju2xlcqxy9c60988vjacdznb.jpg,C:\VISKOM\kvasir-seg\masks\cju2xlcqxy9c60988vjacdznb.jpg,KvasirSEG_cju2xlcqxy9c60988vjacdznb,image,train
Kvasir-SEG,C:\VISKOM\kvasir-seg\images\cju2xs6na81t20878pt6nkfip.jpg,C:\VISKOM\kvasir-seg\masks\cju2xs6na81t20878pt6nkfip.jpg,KvasirSEG_cju2xs6na81t20878pt6nkfip,image,train
Kvasir-SEG,C:\VISKOM\kvasir-seg\images\cju2xwm1s84l50799i60mq0pu.jpg,C:\VISKOM\kvasir-seg\masks\cju2xwm1s84l50799i60mq0pu.jpg,KvasirSEG_cju2xwm1s84l50799i60mq0pu,image,train
Kvasir-SEG,C:\VISKOM\kvasir-seg\images\cju2xyd9vyi7m098831qcucse.jpg,C:\VISKOM\kvasir-seg\masks\cju2xyd9vyi7m098831qcucse.jpg,KvasirSEG_cju2xyd9vyi7m098831qcucse,image,test
Kvasir-SEG,C:\VISKOM\kvasir-seg\images\cju2y0z6g87p10878fpk5d3rq.jpg,C:\VISKOM\kvasir-seg\masks\cju2y0z6g87p10878fpk5d3rq.jpg,KvasirSEG_cju2y0z6g87p10878fpk5d3rq,image,val
Kvasir-SEG,C:\VISKOM\kvasir-seg\images\cju2y26c588bo07993ksd8eoz.jpg,C:\VISKOM\kvasir-seg\masks\cju2y26c588bo07993ksd8eoz.jpg,KvasirSEG_cju2y26c588bo07993ksd8eoz,image,train
Kvasir-SEG,C:\VISKOM\kvasir-seg\images\cju2y40d8ulqo0993q0adtgtb.jpg,C:\VISKOM\kvasir-seg\masks\cju2y40d8ulqo0993q0adtgtb.jpg,KvasirSEG_cju2y40d8ulqo0993q0adtgtb,image,train
Kvasir-SEG,C:\VISKOM\kvasir-seg\images\cju2y5zas8m7f0801d34g5owq.jpg,C:\VISKOM\kvasir-seg\masks\cju2y5zas8m7f0801d34g5owq.jpg,KvasirSEG_cju2y5zas8m7f0801d34g5owq,image,train
Kvasir-SEG,C:\VISKOM\kvasir-seg\images\cju2y8s56ymqr083541ggdsml.jpg,C:\VISKOM\kvasir-seg\masks\cju2y8s56ymqr083541ggdsml.jpg,KvasirSEG_cju2y8s56ymqr083541ggdsml,image,train
Kvasir-SEG,C:\VISKOM\kvasir-seg\images\cju2yb31a8e8u0878wdashg7o.jpg,C:\VISKOM\kvasir-seg\masks\cju2yb31a8e8u0878wdashg7o.jpg,KvasirSEG_cju2yb31a8e8u0878wdashg7o,image,train
Kvasir-SEG,C:\VISKOM\kvasir-seg\images\cju2ycp1u8g2r0799jslnp7cz.jpg,C:\VISKOM\kvasir-seg\masks\cju2ycp1u8g2r0799jslnp7cz.jpg,KvasirSEG_cju2ycp1u8g2r0799jslnp7cz,image,train
Kvasir-SEG,C:\VISKOM\kvasir-seg\images\cju2yg5ht8i4p087800js8hp4.jpg,C:\VISKOM\kvasir-seg\masks\cju2yg5ht8i4p087800js8hp4.jpg,KvasirSEG_cju2yg5ht8i4p087800js8hp4,image,train
Kvasir-SEG,C:\VISKOM\kvasir-seg\images\cju2yi9tz8vky0801yqip0xyl.jpg,C:\VISKOM\kvasir-seg\masks\cju2yi9tz8vky0801yqip0xyl.jpg,KvasirSEG_cju2yi9tz8vky0801yqip0xyl,image,train
Kvasir-SEG,C:\VISKOM\kvasir-seg\images\cju2yljr0yzhw0988ecf271ly.jpg,C:\VISKOM\kvasir-seg\masks\cju2yljr0yzhw0988ecf271ly.jpg,KvasirSEG_cju2yljr0yzhw0988ecf271ly,image,test
Kvasir-SEG,C:\VISKOM\kvasir-seg\images\cju2yo1j1v0qz09934o0e683p.jpg,C:\VISKOM\kvasir-seg\masks\cju2yo1j1v0qz09934o0e683p.jpg,KvasirSEG_cju2yo1j1v0qz09934o0e683p,image,train
Kvasir-SEG,C:\VISKOM\kvasir-seg\images\cju2ysg748ru80878sp6j0gm0.jpg,C:\VISKOM\kvasir-seg\masks\cju2ysg748ru80878sp6j0gm0.jpg,KvasirSEG_cju2ysg748ru80878sp6j0gm0,image,test
Kvasir-SEG,C:\VISKOM\kvasir-seg\images\cju2yv4imv6cz099314jveiib.jpg,C:\VISKOM\kvasir-seg\masks\cju2yv4imv6cz099314jveiib.jpg,KvasirSEG_cju2yv4imv6cz099314jveiib,image,train
Kvasir-SEG,C:\VISKOM\kvasir-seg\images\cju2yw4s7z7p20988lmf2gdgd.jpg,C:\VISKOM\kvasir-seg\masks\cju2yw4s7z7p20988lmf2gdgd.jpg,KvasirSEG_cju2yw4s7z7p20988lmf2gdgd,image,train
Kvasir-SEG,C:\VISKOM\kvasir-seg\images\cju2yyhsp933j0855hp32e012.jpg,C:\VISKOM\kvasir-seg\masks\cju2yyhsp933j0855hp32e012.jpg,KvasirSEG_cju2yyhsp933j0855hp32e012,image,test
Kvasir-SEG,C:\VISKOM\kvasir-seg\images\cju2z1nxlzaj40835wj81s1iy.jpg,C:\VISKOM\kvasir-seg\masks\cju2z1nxlzaj40835wj81s1iy.jpg,KvasirSEG_cju2z1nxlzaj40835wj81s1iy,image,test
Kvasir-SEG,C:\VISKOM\kvasir-seg\images\cju2z2x3nvd3c099350zgty7w.jpg,C:\VISKOM\kvasir-seg\masks\cju2z2x3nvd3c099350zgty7w.jpg,KvasirSEG_cju2z2x3nvd3c099350zgty7w,image,train
Kvasir-SEG,C:\VISKOM\kvasir-seg\images\cju2z45kuzf6d0988nz2c819m.jpg,C:\VISKOM\kvasir-seg\masks\cju2z45kuzf6d0988nz2c819m.jpg,KvasirSEG_cju2z45kuzf6d0988nz2c819m,image,train
Kvasir-SEG,C:\VISKOM\kvasir-seg\images\cju2z6ez69g4u0801qwt088lw.jpg,C:\VISKOM\kvasir-seg\masks\cju2z6ez69g4u0801qwt088lw.jpg,KvasirSEG_cju2z6ez69g4u0801qwt088lw,image,train
Kvasir-SEG,C:\VISKOM\kvasir-seg\images\cju2z9vlp9j0w0801oag91sy9.jpg,C:\VISKOM\kvasir-seg\masks\cju2z9vlp9j0w0801oag91sy9.jpg,KvasirSEG_cju2z9vlp9j0w0801oag91sy9,image,train
Kvasir-SEG,C:\VISKOM\kvasir-seg\images\cju2zblxw9848087853csbrx1.jpg,C:\VISKOM\kvasir-seg\masks\cju2zblxw9848087853csbrx1.jpg,KvasirSEG_cju2zblxw9848087853csbrx1,image,val
Kvasir-SEG,C:\VISKOM\kvasir-seg\images\cju2zdhsczmn50988z64qwg2q.jpg,C:\VISKOM\kvasir-seg\masks\cju2zdhsczmn50988z64qwg2q.jpg,KvasirSEG_cju2zdhsczmn50988z64qwg2q,image,train
Kvasir-SEG,C:\VISKOM\kvasir-seg\images\cju2zdvjn9h7r08553cp4eed5.jpg,C:\VISKOM\kvasir-seg\masks\cju2zdvjn9h7r08553cp4eed5.jpg,KvasirSEG_cju2zdvjn9h7r08553cp4eed5,image,train
Kvasir-SEG,C:\VISKOM\kvasir-seg\images\cju2zgbj9zmrw0835nnlzxj4c.jpg,C:\VISKOM\kvasir-seg\masks\cju2zgbj9zmrw0835nnlzxj4c.jpg,KvasirSEG_cju2zgbj9zmrw0835nnlzxj4c,image,test
Kvasir-SEG,C:\VISKOM\kvasir-seg\images\cju2zi4l09f5807991s8do2b2.jpg,C:\VISKOM\kvasir-seg\masks\cju2zi4l09f5807991s8do2b2.jpg,KvasirSEG_cju2zi4l09f5807991s8do2b2,image,val
Kvasir-SEG,C:\VISKOM\kvasir-seg\images\cju2zjcvj9qma0801dk71hhi0.jpg,C:\VISKOM\kvasir-seg\masks\cju2zjcvj9qma0801dk71hhi0.jpg,KvasirSEG_cju2zjcvj9qma0801dk71hhi0,image,train
Kvasir-SEG,C:\VISKOM\kvasir-seg\images\cju2zkpdl9h7t0799ix60teqg.jpg,C:\VISKOM\kvasir-seg\masks\cju2zkpdl9h7t0799ix60teqg.jpg,KvasirSEG_cju2zkpdl9h7t0799ix60teqg,image,test
Kvasir-SEG,C:\VISKOM\kvasir-seg\images\cju2zm0axztpe0988r8s9twjr.jpg,C:\VISKOM\kvasir-seg\masks\cju2zm0axztpe0988r8s9twjr.jpg,KvasirSEG_cju2zm0axztpe0988r8s9twjr,image,train
Kvasir-SEG,C:\VISKOM\kvasir-seg\images\cju2zo0fwzv580988qlijd2xa.jpg,C:\VISKOM\kvasir-seg\masks\cju2zo0fwzv580988qlijd2xa.jpg,KvasirSEG_cju2zo0fwzv580988qlijd2xa,image,test
Kvasir-SEG,C:\VISKOM\kvasir-seg\images\cju2zp89k9q1g0855k1x0f1xa.jpg,C:\VISKOM\kvasir-seg\masks\cju2zp89k9q1g0855k1x0f1xa.jpg,KvasirSEG_cju2zp89k9q1g0855k1x0f1xa,image,train
Kvasir-SEG,C:\VISKOM\kvasir-seg\images\cju2zpw4q9vzr0801p0lysjdl.jpg,C:\VISKOM\kvasir-seg\masks\cju2zpw4q9vzr0801p0lysjdl.jpg,KvasirSEG_cju2zpw4q9vzr0801p0lysjdl,image,test
Kvasir-SEG,C:\VISKOM\kvasir-seg\images\cju2zr3c3vwb00993jn06bbaz.jpg,C:\VISKOM\kvasir-seg\masks\cju2zr3c3vwb00993jn06bbaz.jpg,KvasirSEG_cju2zr3c3vwb00993jn06bbaz,image,train
Kvasir-SEG,C:\VISKOM\kvasir-seg\images\cju2zrojo9kcd0878ld2epejq.jpg,C:\VISKOM\kvasir-seg\masks\cju2zrojo9kcd0878ld2epejq.jpg,KvasirSEG_cju2zrojo9kcd0878ld2epejq,image,test
Kvasir-SEG,C:\VISKOM\kvasir-seg\images\cju2zwg05a0oy0801yr73ig7g.jpg,C:\VISKOM\kvasir-seg\masks\cju2zwg05a0oy0801yr73ig7g.jpg,KvasirSEG_cju2zwg05a0oy0801yr73ig7g,image,test
Kvasir-SEG,C:\VISKOM\kvasir-seg\images\cju2zxja9w1eh09933609ho9z.jpg,C:\VISKOM\kvasir-seg\masks\cju2zxja9w1eh09933609ho9z.jpg,KvasirSEG_cju2zxja9w1eh09933609ho9z,image,train
Kvasir-SEG,C:\VISKOM\kvasir-seg\images\cju2zy1e49pqk0878t6ncqn12.jpg,C:\VISKOM\kvasir-seg\masks\cju2zy1e49pqk0878t6ncqn12.jpg,KvasirSEG_cju2zy1e49pqk0878t6ncqn12,image,train
Kvasir-SEG,C:\VISKOM\kvasir-seg\images\cju300m3s04fg0988uzupuf7z.jpg,C:\VISKOM\kvasir-seg\masks\cju300m3s04fg0988uzupuf7z.jpg,KvasirSEG_cju300m3s04fg0988uzupuf7z,image,train
Kvasir-SEG,C:\VISKOM\kvasir-seg\images\cju302fqq9spc0878rrygyzzz.jpg,C:\VISKOM\kvasir-seg\masks\cju302fqq9spc0878rrygyzzz.jpg,KvasirSEG_cju302fqq9spc0878rrygyzzz,image,train
Kvasir-SEG,C:\VISKOM\kvasir-seg\images\cju303j5r062k098835zxfds5.jpg,C:\VISKOM\kvasir-seg\masks\cju303j5r062k098835zxfds5.jpg,KvasirSEG_cju303j5r062k098835zxfds5,image,train
Kvasir-SEG,C:\VISKOM\kvasir-seg\images\cju30525w04r10835ygp257sb.jpg,C:\VISKOM\kvasir-seg\masks\cju30525w04r10835ygp257sb.jpg,KvasirSEG_cju30525w04r10835ygp257sb,image,val
Kvasir-SEG,C:\VISKOM\kvasir-seg\images\cju306x7w05nb0835cunv799x.jpg,C:\VISKOM\kvasir-seg\masks\cju306x7w05nb0835cunv799x.jpg,KvasirSEG_cju306x7w05nb0835cunv799x,image,val
Kvasir-SEG,C:\VISKOM\kvasir-seg\images\cju30ajhw09sx0988qyahx9s8.jpg,C:\VISKOM\kvasir-seg\masks\cju30ajhw09sx0988qyahx9s8.jpg,KvasirSEG_cju30ajhw09sx0988qyahx9s8,image,test
Kvasir-SEG,C:\VISKOM\kvasir-seg\images\cju30bmab08bi0835mvlr6e0r.jpg,C:\VISKOM\kvasir-seg\masks\cju30bmab08bi0835mvlr6e0r.jpg,KvasirSEG_cju30bmab08bi0835mvlr6e0r,image,train
Kvasir-SEG,C:\VISKOM\kvasir-seg\images\cju30df2j09dd08351ayx2t6w.jpg,C:\VISKOM\kvasir-seg\masks\cju30df2j09dd08351ayx2t6w.jpg,KvasirSEG_cju30df2j09dd08351ayx2t6w,image,test
Kvasir-SEG,C:\VISKOM\kvasir-seg\images\cju30ftgja7170855xl9bkdm0.jpg,C:\VISKOM\kvasir-seg\masks\cju30ftgja7170855xl9bkdm0.jpg,KvasirSEG_cju30ftgja7170855xl9bkdm0,image,test
Kvasir-SEG,C:\VISKOM\kvasir-seg\images\cju30gxjq0djk0988jytm49rs.jpg,C:\VISKOM\kvasir-seg\masks\cju30gxjq0djk0988jytm49rs.jpg,KvasirSEG_cju30gxjq0djk0988jytm49rs,image,train
Kvasir-SEG,C:\VISKOM\kvasir-seg\images\cju30ia8da2bq0799klnehml2.jpg,C:\VISKOM\kvasir-seg\masks\cju30ia8da2bq0799klnehml2.jpg,KvasirSEG_cju30ia8da2bq0799klnehml2,image,test
Kvasir-SEG,C:\VISKOM\kvasir-seg\images\cju30j1rgadut0801vuyrsnt8.jpg,C:\VISKOM\kvasir-seg\masks\cju30j1rgadut0801vuyrsnt8.jpg,KvasirSEG_cju30j1rgadut0801vuyrsnt8,image,train
Kvasir-SEG,C:\VISKOM\kvasir-seg\images\cju30k2z40ds308353kdew70n.jpg,C:\VISKOM\kvasir-seg\masks\cju30k2z40ds308353kdew70n.jpg,KvasirSEG_cju30k2z40ds308353kdew70n,image,test
Kvasir-SEG,C:\VISKOM\kvasir-seg\images\cju30lncba3ny0878jwnous8n.jpg,C:\VISKOM\kvasir-seg\masks\cju30lncba3ny0878jwnous8n.jpg,KvasirSEG_cju30lncba3ny0878jwnous8n,image,train
Kvasir-SEG,C:\VISKOM\kvasir-seg\images\cju30mm25a53s0799qa5wiqe8.jpg,C:\VISKOM\kvasir-seg\masks\cju30mm25a53s0799qa5wiqe8.jpg,KvasirSEG_cju30mm25a53s0799qa5wiqe8,image,train
Kvasir-SEG,C:\VISKOM\kvasir-seg\images\cju30nyxe0gfb0835p256yoju.jpg,C:\VISKOM\kvasir-seg\masks\cju30nyxe0gfb0835p256yoju.jpg,KvasirSEG_cju30nyxe0gfb0835p256yoju,image,train
Kvasir-SEG,C:\VISKOM\kvasir-seg\images\cju30ov1oah920801mi8thuyg.jpg,C:\VISKOM\kvasir-seg\masks\cju30ov1oah920801mi8thuyg.jpg,KvasirSEG_cju30ov1oah920801mi8thuyg,image,test
Kvasir-SEG,C:\VISKOM\kvasir-seg\images\cju30qbm1ad3x0855znuhpz9u.jpg,C:\VISKOM\kvasir-seg\masks\cju30qbm1ad3x0855znuhpz9u.jpg,KvasirSEG_cju30qbm1ad3x0855znuhpz9u,image,test
Kvasir-SEG,C:\VISKOM\kvasir-seg\images\cju30u1hbakn808019g15nb8b.jpg,C:\VISKOM\kvasir-seg\masks\cju30u1hbakn808019g15nb8b.jpg,KvasirSEG_cju30u1hbakn808019g15nb8b,image,train
Kvasir-SEG,C:\VISKOM\kvasir-seg\images\cju30xqmh0ni00835ix3batv1.jpg,C:\VISKOM\kvasir-seg\masks\cju30xqmh0ni00835ix3batv1.jpg,KvasirSEG_cju30xqmh0ni00835ix3batv1,image,test
Kvasir-SEG,C:\VISKOM\kvasir-seg\images\cju30ywtc0oar0835bp2en7ec.jpg,C:\VISKOM\kvasir-seg\masks\cju30ywtc0oar0835bp2en7ec.jpg,KvasirSEG_cju30ywtc0oar0835bp2en7ec,image,train
Kvasir-SEG,C:\VISKOM\kvasir-seg\images\cju310f6val1v0855xo8tc3gu.jpg,C:\VISKOM\kvasir-seg\masks\cju310f6val1v0855xo8tc3gu.jpg,KvasirSEG_cju310f6val1v0855xo8tc3gu,image,val
Kvasir-SEG,C:\VISKOM\kvasir-seg\images\cju3128yi0rpu0988o4oo5n8n.jpg,C:\VISKOM\kvasir-seg\masks\cju3128yi0rpu0988o4oo5n8n.jpg,KvasirSEG_cju3128yi0rpu0988o4oo5n8n,image,train
Kvasir-SEG,C:\VISKOM\kvasir-seg\images\cju31rb7vb6110801p9rhacuw.jpg,C:\VISKOM\kvasir-seg\masks\cju31rb7vb6110801p9rhacuw.jpg,KvasirSEG_cju31rb7vb6110801p9rhacuw,image,train
Kvasir-SEG,C:\VISKOM\kvasir-seg\images\cju31t8xd17bk0835rnb893jk.jpg,C:\VISKOM\kvasir-seg\masks\cju31t8xd17bk0835rnb893jk.jpg,KvasirSEG_cju31t8xd17bk0835rnb893jk,image,train
Kvasir-SEG,C:\VISKOM\kvasir-seg\images\cju31ugmfb3dz0855xtqshki6.jpg,C:\VISKOM\kvasir-seg\masks\cju31ugmfb3dz0855xtqshki6.jpg,KvasirSEG_cju31ugmfb3dz0855xtqshki6,image,test
Kvasir-SEG,C:\VISKOM\kvasir-seg\images\cju31w6goazci0799n014ly1q.jpg,C:\VISKOM\kvasir-seg\masks\cju31w6goazci0799n014ly1q.jpg,KvasirSEG_cju31w6goazci0799n014ly1q,image,test
Kvasir-SEG,C:\VISKOM\kvasir-seg\images\cju31y80qbawn0801twwm2l5s.jpg,C:\VISKOM\kvasir-seg\masks\cju31y80qbawn0801twwm2l5s.jpg,KvasirSEG_cju31y80qbawn0801twwm2l5s,image,train
Kvasir-SEG,C:\VISKOM\kvasir-seg\images\cju320gyvbch60801v2amdi2g.jpg,C:\VISKOM\kvasir-seg\masks\cju320gyvbch60801v2amdi2g.jpg,KvasirSEG_cju320gyvbch60801v2amdi2g,image,train
Kvasir-SEG,C:\VISKOM\kvasir-seg\images\cju323ypb1fbb0988gx5rzudb.jpg,C:\VISKOM\kvasir-seg\masks\cju323ypb1fbb0988gx5rzudb.jpg,KvasirSEG_cju323ypb1fbb0988gx5rzudb,image,val
Kvasir-SEG,C:\VISKOM\kvasir-seg\images\cju324q101fhe08350wae9cif.jpg,C:\VISKOM\kvasir-seg\masks\cju324q101fhe08350wae9cif.jpg,KvasirSEG_cju324q101fhe08350wae9cif,image,test
Kvasir-SEG,C:\VISKOM\kvasir-seg\images\cju326h4v1gxw08352px40p7r.jpg,C:\VISKOM\kvasir-seg\masks\cju326h4v1gxw08352px40p7r.jpg,KvasirSEG_cju326h4v1gxw08352px40p7r,image,val
Kvasir-SEG,C:\VISKOM\kvasir-seg\images\cju3280wv1ir009882jze27tc.jpg,C:\VISKOM\kvasir-seg\masks\cju3280wv1ir009882jze27tc.jpg,KvasirSEG_cju3280wv1ir009882jze27tc,image,train
Kvasir-SEG,C:\VISKOM\kvasir-seg\images\cju32a52lb9rc0799xi40qs00.jpg,C:\VISKOM\kvasir-seg\masks\cju32a52lb9rc0799xi40qs00.jpg,KvasirSEG_cju32a52lb9rc0799xi40qs00,image,train
Kvasir-SEG,C:\VISKOM\kvasir-seg\images\cju32csyfblyh080170aa3x5p.jpg,C:\VISKOM\kvasir-seg\masks\cju32csyfblyh080170aa3x5p.jpg,KvasirSEG_cju32csyfblyh080170aa3x5p,image,train
Kvasir-SEG,C:\VISKOM\kvasir-seg\images\cju32fhnhbds40799broyoptc.jpg,C:\VISKOM\kvasir-seg\masks\cju32fhnhbds40799broyoptc.jpg,KvasirSEG_cju32fhnhbds40799broyoptc,image,train
Kvasir-SEG,C:\VISKOM\kvasir-seg\images\cju32gzs6xo8x0993r8tedbpb.jpg,C:\VISKOM\kvasir-seg\masks\cju32gzs6xo8x0993r8tedbpb.jpg,KvasirSEG_cju32gzs6xo8x0993r8tedbpb,image,train
Kvasir-SEG,C:\VISKOM\kvasir-seg\images\cju32jcdabepz0878d0cznmfe.jpg,C:\VISKOM\kvasir-seg\masks\cju32jcdabepz0878d0cznmfe.jpg,KvasirSEG_cju32jcdabepz0878d0cznmfe,image,train
Kvasir-SEG,C:\VISKOM\kvasir-seg\images\cju32l161bi1v07990vm376in.jpg,C:\VISKOM\kvasir-seg\masks\cju32l161bi1v07990vm376in.jpg,KvasirSEG_cju32l161bi1v07990vm376in,image,train
Kvasir-SEG,C:\VISKOM\kvasir-seg\images\cju32phw2bv130801yj7bkouq.jpg,C:\VISKOM\kvasir-seg\masks\cju32phw2bv130801yj7bkouq.jpg,KvasirSEG_cju32phw2bv130801yj7bkouq,image,train
Kvasir-SEG,C:\VISKOM\kvasir-seg\images\cju32pzh9bpw10855q4vaxfhe.jpg,C:\VISKOM\kvasir-seg\masks\cju32pzh9bpw10855q4vaxfhe.jpg,KvasirSEG_cju32pzh9bpw10855q4vaxfhe,image,train
Kvasir-SEG,C:\VISKOM\kvasir-seg\images\cju32qr9tbvsj08013pkpjenq.jpg,C:\VISKOM\kvasir-seg\masks\cju32qr9tbvsj08013pkpjenq.jpg,KvasirSEG_cju32qr9tbvsj08013pkpjenq,image,train
Kvasir-SEG,C:\VISKOM\kvasir-seg\images\cju32srle1xfq083575i3fl75.jpg,C:\VISKOM\kvasir-seg\masks\cju32srle1xfq083575i3fl75.jpg,KvasirSEG_cju32srle1xfq083575i3fl75,image,val
Kvasir-SEG,C:\VISKOM\kvasir-seg\images\cju32upim1z7u0988l883nqp6.jpg,C:\VISKOM\kvasir-seg\masks\cju32upim1z7u0988l883nqp6.jpg,KvasirSEG_cju32upim1z7u0988l883nqp6,image,train
Kvasir-SEG,C:\VISKOM\kvasir-seg\images\cju32zhbnc1oy0801iyv1ix6p.jpg,C:\VISKOM\kvasir-seg\masks\cju32zhbnc1oy0801iyv1ix6p.jpg,KvasirSEG_cju32zhbnc1oy0801iyv1ix6p,image,test
Kvasir-SEG,C:\VISKOM\kvasir-seg\images\cju330ofbc2l30801th5g3hw6.jpg,C:\VISKOM\kvasir-seg\masks\cju330ofbc2l30801th5g3hw6.jpg,KvasirSEG_cju330ofbc2l30801th5g3hw6,image,train
Kvasir-SEG,C:\VISKOM\kvasir-seg\images\cju33231uy4gi0993qc7b1jch.jpg,C:\VISKOM\kvasir-seg\masks\cju33231uy4gi0993qc7b1jch.jpg,KvasirSEG_cju33231uy4gi0993qc7b1jch,image,train
Kvasir-SEG,C:\VISKOM\kvasir-seg\images\cju334jzo261t0835yqudnfs1.jpg,C:\VISKOM\kvasir-seg\masks\cju334jzo261t0835yqudnfs1.jpg,KvasirSEG_cju334jzo261t0835yqudnfs1,image,train
Kvasir-SEG,C:\VISKOM\kvasir-seg\images\cju336l68y7if0993wf092166.jpg,C:\VISKOM\kvasir-seg\masks\cju336l68y7if0993wf092166.jpg,KvasirSEG_cju336l68y7if0993wf092166,image,val
Kvasir-SEG,C:\VISKOM\kvasir-seg\images\cju3381d8bz3h07991xtl7ra0.jpg,C:\VISKOM\kvasir-seg\masks\cju3381d8bz3h07991xtl7ra0.jpg,KvasirSEG_cju3381d8bz3h07991xtl7ra0,image,test
Kvasir-SEG,C:\VISKOM\kvasir-seg\images\cju33belnbyhm0878yxl42233.jpg,C:\VISKOM\kvasir-seg\masks\cju33belnbyhm0878yxl42233.jpg,KvasirSEG_cju33belnbyhm0878yxl42233,image,train
Kvasir-SEG,C:\VISKOM\kvasir-seg\images\cju33eqwbcch208012jikwdky.jpg,C:\VISKOM\kvasir-seg\masks\cju33eqwbcch208012jikwdky.jpg,KvasirSEG_cju33eqwbcch208012jikwdky,image,train
Kvasir-SEG,C:\VISKOM\kvasir-seg\images\cju33jon3ygbj0993pu22a4k6.jpg,C:\VISKOM\kvasir-seg\masks\cju33jon3ygbj0993pu22a4k6.jpg,KvasirSEG_cju33jon3ygbj0993pu22a4k6,image,train
Kvasir-SEG,C:\VISKOM\kvasir-seg\images\cju33mirdc8mj0799k33wzoes.jpg,C:\VISKOM\kvasir-seg\masks\cju33mirdc8mj0799k33wzoes.jpg,KvasirSEG_cju33mirdc8mj0799k33wzoes,image,test
Kvasir-SEG,C:\VISKOM\kvasir-seg\images\cju33o12x2jm50988944mxq0v.jpg,C:\VISKOM\kvasir-seg\masks\cju33o12x2jm50988944mxq0v.jpg,KvasirSEG_cju33o12x2jm50988944mxq0v,image,train
Kvasir-SEG,C:\VISKOM\kvasir-seg\images\cju33qpdvc9g0087825jhf3s9.jpg,C:\VISKOM\kvasir-seg\masks\cju33qpdvc9g0087825jhf3s9.jpg,KvasirSEG_cju33qpdvc9g0087825jhf3s9,image,val
Kvasir-SEG,C:\VISKOM\kvasir-seg\images\cju33w4sdcivk0855x879zht7.jpg,C:\VISKOM\kvasir-seg\masks\cju33w4sdcivk0855x879zht7.jpg,KvasirSEG_cju33w4sdcivk0855x879zht7,image,train
Kvasir-SEG,C:\VISKOM\kvasir-seg\images\cju33x0f22peh0988g0ln7w5v.jpg,C:\VISKOM\kvasir-seg\masks\cju33x0f22peh0988g0ln7w5v.jpg,KvasirSEG_cju33x0f22peh0988g0ln7w5v,image,val
Kvasir-SEG,C:\VISKOM\kvasir-seg\images\cju33yemn2qb20988wfjxximx.jpg,C:\VISKOM\kvasir-seg\masks\cju33yemn2qb20988wfjxximx.jpg,KvasirSEG_cju33yemn2qb20988wfjxximx,image,train
Kvasir-SEG,C:\VISKOM\kvasir-seg\images\cju33za6l2qy70988jhrlp2ev.jpg,C:\VISKOM\kvasir-seg\masks\cju33za6l2qy70988jhrlp2ev.jpg,KvasirSEG_cju33za6l2qy70988jhrlp2ev,image,test
Kvasir-SEG,C:\VISKOM\kvasir-seg\images\cju34aozyyy830993bn16u32n.jpg,C:\VISKOM\kvasir-seg\masks\cju34aozyyy830993bn16u32n.jpg,KvasirSEG_cju34aozyyy830993bn16u32n,image,val
Kvasir-SEG,C:\VISKOM\kvasir-seg\images\cju34c1xfyz920993itxkkfad.jpg,C:\VISKOM\kvasir-seg\masks\cju34c1xfyz920993itxkkfad.jpg,KvasirSEG_cju34c1xfyz920993itxkkfad,image,test
Kvasir-SEG,C:\VISKOM\kvasir-seg\images\cju34ds2531520988qjpqt6e3.jpg,C:\VISKOM\kvasir-seg\masks\cju34ds2531520988qjpqt6e3.jpg,KvasirSEG_cju34ds2531520988qjpqt6e3,image,train
Kvasir-SEG,C:\VISKOM\kvasir-seg\images\cju34eqjpcpm508788b3lhp97.jpg,C:\VISKOM\kvasir-seg\masks\cju34eqjpcpm508788b3lhp97.jpg,KvasirSEG_cju34eqjpcpm508788b3lhp97,image,test
Kvasir-SEG,C:\VISKOM\kvasir-seg\images\cju34fojcctcf0799ebolbvkn.jpg,C:\VISKOM\kvasir-seg\masks\cju34fojcctcf0799ebolbvkn.jpg,KvasirSEG_cju34fojcctcf0799ebolbvkn,image,train
Kvasir-SEG,C:\VISKOM\kvasir-seg\images\cju34i3qvcyog0855qiejxx5w.jpg,C:\VISKOM\kvasir-seg\masks\cju34i3qvcyog0855qiejxx5w.jpg,KvasirSEG_cju34i3qvcyog0855qiejxx5w,image,train
Kvasir-SEG,C:\VISKOM\kvasir-seg\images\cju34m7h536wq0988xz7gx79v.jpg,C:\VISKOM\kvasir-seg\masks\cju34m7h536wq0988xz7gx79v.jpg,KvasirSEG_cju34m7h536wq0988xz7gx79v,image,train
Kvasir-SEG,C:\VISKOM\kvasir-seg\images\cju34o6dbd2lo0855aqlcy1hs.jpg,C:\VISKOM\kvasir-seg\masks\cju34o6dbd2lo0855aqlcy1hs.jpg,KvasirSEG_cju34o6dbd2lo0855aqlcy1hs,image,train
Kvasir-SEG,C:\VISKOM\kvasir-seg\images\cju34ouumcznz07996gg1xq7v.jpg,C:\VISKOM\kvasir-seg\masks\cju34ouumcznz07996gg1xq7v.jpg,KvasirSEG_cju34ouumcznz07996gg1xq7v,image,test
Kvasir-SEG,C:\VISKOM\kvasir-seg\images\cju34repocy5208780gswillm.jpg,C:\VISKOM\kvasir-seg\masks\cju34repocy5208780gswillm.jpg,KvasirSEG_cju34repocy5208780gswillm,image,test
Kvasir-SEG,C:\VISKOM\kvasir-seg\images\cju34sh43d8zm08019xbwhc0o.jpg,C:\VISKOM\kvasir-seg\masks\cju34sh43d8zm08019xbwhc0o.jpg,KvasirSEG_cju34sh43d8zm08019xbwhc0o,image,train
Kvasir-SEG,C:\VISKOM\kvasir-seg\images\cju34uhepd3dd0799hs8782ad.jpg,C:\VISKOM\kvasir-seg\masks\cju34uhepd3dd0799hs8782ad.jpg,KvasirSEG_cju34uhepd3dd0799hs8782ad,image,train
Kvasir-SEG,C:\VISKOM\kvasir-seg\images\cju34xspwzenf0993cyzajv9n.jpg,C:\VISKOM\kvasir-seg\masks\cju34xspwzenf0993cyzajv9n.jpg,KvasirSEG_cju34xspwzenf0993cyzajv9n,image,train
Kvasir-SEG,C:\VISKOM\kvasir-seg\images\cju34ymm8d6700799uop0cw33.jpg,C:\VISKOM\kvasir-seg\masks\cju34ymm8d6700799uop0cw33.jpg,KvasirSEG_cju34ymm8d6700799uop0cw33,image,train
Kvasir-SEG,C:\VISKOM\kvasir-seg\images\cju34zivp3fq80988opxbaqyn.jpg,C:\VISKOM\kvasir-seg\masks\cju34zivp3fq80988opxbaqyn.jpg,KvasirSEG_cju34zivp3fq80988opxbaqyn,image,train
Kvasir-SEG,C:\VISKOM\kvasir-seg\images\cju3518w2d838079939fqztbc.jpg,C:\VISKOM\kvasir-seg\masks\cju3518w2d838079939fqztbc.jpg,KvasirSEG_cju3518w2d838079939fqztbc,image,test
Kvasir-SEG,C:\VISKOM\kvasir-seg\images\cju3521y5d5mq0878t3ezsu4p.jpg,C:\VISKOM\kvasir-seg\masks\cju3521y5d5mq0878t3ezsu4p.jpg,KvasirSEG_cju3521y5d5mq0878t3ezsu4p,image,train
Kvasir-SEG,C:\VISKOM\kvasir-seg\images\cju353d1eda8c07992afde611.jpg,C:\VISKOM\kvasir-seg\masks\cju353d1eda8c07992afde611.jpg,KvasirSEG_cju353d1eda8c07992afde611,image,train
Kvasir-SEG,C:\VISKOM\kvasir-seg\images\cju35740hzm0g0993zl5ic246.jpg,C:\VISKOM\kvasir-seg\masks\cju35740hzm0g0993zl5ic246.jpg,KvasirSEG_cju35740hzm0g0993zl5ic246,image,val
Kvasir-SEG,C:\VISKOM\kvasir-seg\images\cju357rxxdaz30878y2esjpjt.jpg,C:\VISKOM\kvasir-seg\masks\cju357rxxdaz30878y2esjpjt.jpg,KvasirSEG_cju357rxxdaz30878y2esjpjt,image,val
Kvasir-SEG,C:\VISKOM\kvasir-seg\images\cju358pwtdby20878cg7nm0np.jpg,C:\VISKOM\kvasir-seg\masks\cju358pwtdby20878cg7nm0np.jpg,KvasirSEG_cju358pwtdby20878cg7nm0np,image,test
Kvasir-SEG,C:\VISKOM\kvasir-seg\images\cju35a77vdj4n08556jj2lgmc.jpg,C:\VISKOM\kvasir-seg\masks\cju35a77vdj4n08556jj2lgmc.jpg,KvasirSEG_cju35a77vdj4n08556jj2lgmc,image,train
Kvasir-SEG,C:\VISKOM\kvasir-seg\images\cju35atpxdjot0855q46aqrd0.jpg,C:\VISKOM\kvasir-seg\masks\cju35atpxdjot0855q46aqrd0.jpg,KvasirSEG_cju35atpxdjot0855q46aqrd0,image,train
Kvasir-SEG,C:\VISKOM\kvasir-seg\images\cju35c4wzdhow0799h6eq4sgs.jpg,C:\VISKOM\kvasir-seg\masks\cju35c4wzdhow0799h6eq4sgs.jpg,KvasirSEG_cju35c4wzdhow0799h6eq4sgs,image,train
Kvasir-SEG,C:\VISKOM\kvasir-seg\images\cju35eg0tdmjt085525sb4bua.jpg,C:\VISKOM\kvasir-seg\masks\cju35eg0tdmjt085525sb4bua.jpg,KvasirSEG_cju35eg0tdmjt085525sb4bua,image,train
Kvasir-SEG,C:\VISKOM\kvasir-seg\images\cju35fxqyzt5p0993vusm54qz.jpg,C:\VISKOM\kvasir-seg\masks\cju35fxqyzt5p0993vusm54qz.jpg,KvasirSEG_cju35fxqyzt5p0993vusm54qz,image,train
Kvasir-SEG,C:\VISKOM\kvasir-seg\images\cju35i2e63uxr0835h7zgkg9k.jpg,C:\VISKOM\kvasir-seg\masks\cju35i2e63uxr0835h7zgkg9k.jpg,KvasirSEG_cju35i2e63uxr0835h7zgkg9k,image,train
Kvasir-SEG,C:\VISKOM\kvasir-seg\images\cju35k2fr3vc50988c85qkrwg.jpg,C:\VISKOM\kvasir-seg\masks\cju35k2fr3vc50988c85qkrwg.jpg,KvasirSEG_cju35k2fr3vc50988c85qkrwg,image,train
Kvasir-SEG,C:\VISKOM\kvasir-seg\images\cju35ldepdtlm0801yv79y8vu.jpg,C:\VISKOM\kvasir-seg\masks\cju35ldepdtlm0801yv79y8vu.jpg,KvasirSEG_cju35ldepdtlm0801yv79y8vu,image,train
Kvasir-SEG,C:\VISKOM\kvasir-seg\images\cju35mdz73x890835eynq1h9v.jpg,C:\VISKOM\kvasir-seg\masks\cju35mdz73x890835eynq1h9v.jpg,KvasirSEG_cju35mdz73x890835eynq1h9v,image,train
Kvasir-SEG,C:\VISKOM\kvasir-seg\images\cju35oyvd3y850988km12hdz1.jpg,C:\VISKOM\kvasir-seg\masks\cju35oyvd3y850988km12hdz1.jpg,KvasirSEG_cju35oyvd3y850988km12hdz1,image,train
Kvasir-SEG,C:\VISKOM\kvasir-seg\images\cju3tp94kfstl08181awh6z49.jpg,C:\VISKOM\kvasir-seg\masks\cju3tp94kfstl08181awh6z49.jpg,KvasirSEG_cju3tp94kfstl08181awh6z49,image,train
Kvasir-SEG,C:\VISKOM\kvasir-seg\images\cju3tsh4lfsok0987w6x3a0v1.jpg,C:\VISKOM\kvasir-seg\masks\cju3tsh4lfsok0987w6x3a0v1.jpg,KvasirSEG_cju3tsh4lfsok0987w6x3a0v1,image,train
Kvasir-SEG,C:\VISKOM\kvasir-seg\images\cju3ttznuftyf09875t11850w.jpg,C:\VISKOM\kvasir-seg\masks\cju3ttznuftyf09875t11850w.jpg,KvasirSEG_cju3ttznuftyf09875t11850w,image,train
Kvasir-SEG,C:\VISKOM\kvasir-seg\images\cju3tvffffx5f0818t5ov22al.jpg,C:\VISKOM\kvasir-seg\masks\cju3tvffffx5f0818t5ov22al.jpg,KvasirSEG_cju3tvffffx5f0818t5ov22al,image,train
Kvasir-SEG,C:\VISKOM\kvasir-seg\images\cju3tx1qyg0c907552fglumhc.jpg,C:\VISKOM\kvasir-seg\masks\cju3tx1qyg0c907552fglumhc.jpg,KvasirSEG_cju3tx1qyg0c907552fglumhc,image,train
Kvasir-SEG,C:\VISKOM\kvasir-seg\images\cju3u1c8tfyqx08503iedc3mx.jpg,C:\VISKOM\kvasir-seg\masks\cju3u1c8tfyqx08503iedc3mx.jpg,KvasirSEG_cju3u1c8tfyqx08503iedc3mx,image,val
Kvasir-SEG,C:\VISKOM\kvasir-seg\images\cju3u39fog1bo0871lxjrabks.jpg,C:\VISKOM\kvasir-seg\masks\cju3u39fog1bo0871lxjrabks.jpg,KvasirSEG_cju3u39fog1bo0871lxjrabks,image,train
Kvasir-SEG,C:\VISKOM\kvasir-seg\images\cju3u4lxmg59o0755rz42b9en.jpg,C:\VISKOM\kvasir-seg\masks\cju3u4lxmg59o0755rz42b9en.jpg,KvasirSEG_cju3u4lxmg59o0755rz42b9en,image,train
Kvasir-SEG,C:\VISKOM\kvasir-seg\images\cju3u815rg4ek0850vvhtcvcm.jpg,C:\VISKOM\kvasir-seg\masks\cju3u815rg4ek0850vvhtcvcm.jpg,KvasirSEG_cju3u815rg4ek0850vvhtcvcm,image,train
Kvasir-SEG,C:\VISKOM\kvasir-seg\images\cju3ua8u0g9rg0801uayhdxhu.jpg,C:\VISKOM\kvasir-seg\masks\cju3ua8u0g9rg0801uayhdxhu.jpg,KvasirSEG_cju3ua8u0g9rg0801uayhdxhu,image,train
Kvasir-SEG,C:\VISKOM\kvasir-seg\images\cju3uhb79gcgr0871orbrbi3x.jpg,C:\VISKOM\kvasir-seg\masks\cju3uhb79gcgr0871orbrbi3x.jpg,KvasirSEG_cju3uhb79gcgr0871orbrbi3x,image,train
Kvasir-SEG,C:\VISKOM\kvasir-seg\images\cju3ul8dogf1z09872y2ecowp.jpg,C:\VISKOM\kvasir-seg\masks\cju3ul8dogf1z09872y2ecowp.jpg,KvasirSEG_cju3ul8dogf1z09872y2ecowp,image,train
Kvasir-SEG,C:\VISKOM\kvasir-seg\images\cju3umoh1geet0817cmpef5am.jpg,C:\VISKOM\kvasir-seg\masks\cju3umoh1geet0817cmpef5am.jpg,KvasirSEG_cju3umoh1geet0817cmpef5am,image,train
Kvasir-SEG,C:\VISKOM\kvasir-seg\images\cju3uwz6ogsp10801h2r3bj5l.jpg,C:\VISKOM\kvasir-seg\masks\cju3uwz6ogsp10801h2r3bj5l.jpg,KvasirSEG_cju3uwz6ogsp10801h2r3bj5l,image,train
Kvasir-SEG,C:\VISKOM\kvasir-seg\images\cju3uz4o6gr9z0850lhxyxvsj.jpg,C:\VISKOM\kvasir-seg\masks\cju3uz4o6gr9z0850lhxyxvsj.jpg,KvasirSEG_cju3uz4o6gr9z0850lhxyxvsj,image,train
Kvasir-SEG,C:\VISKOM\kvasir-seg\images\cju3v0fl3gwce0755qkjhzmd4.jpg,C:\VISKOM\kvasir-seg\masks\cju3v0fl3gwce0755qkjhzmd4.jpg,KvasirSEG_cju3v0fl3gwce0755qkjhzmd4,image,test
Kvasir-SEG,C:\VISKOM\kvasir-seg\images\cju3v11mrgwwb0755u242ygye.jpg,C:\VISKOM\kvasir-seg\masks\cju3v11mrgwwb0755u242ygye.jpg,KvasirSEG_cju3v11mrgwwb0755u242ygye,image,train
Kvasir-SEG,C:\VISKOM\kvasir-seg\images\cju3v3ac9gyz30755hfqwyp1i.jpg,C:\VISKOM\kvasir-seg\masks\cju3v3ac9gyz30755hfqwyp1i.jpg,KvasirSEG_cju3v3ac9gyz30755hfqwyp1i,image,train
Kvasir-SEG,C:\VISKOM\kvasir-seg\images\cju3v56bwgy8v0871w14pz8fx.jpg,C:\VISKOM\kvasir-seg\masks\cju3v56bwgy8v0871w14pz8fx.jpg,KvasirSEG_cju3v56bwgy8v0871w14pz8fx,image,test
Kvasir-SEG,C:\VISKOM\kvasir-seg\images\cju3v664kh0px0818y4y7wolf.jpg,C:\VISKOM\kvasir-seg\masks\cju3v664kh0px0818y4y7wolf.jpg,KvasirSEG_cju3v664kh0px0818y4y7wolf,image,train
Kvasir-SEG,C:\VISKOM\kvasir-seg\images\cju3v72v5h1qz0818fggilwtq.jpg,C:\VISKOM\kvasir-seg\masks\cju3v72v5h1qz0818fggilwtq.jpg,KvasirSEG_cju3v72v5h1qz0818fggilwtq,image,train
Kvasir-SEG,C:\VISKOM\kvasir-seg\images\cju3wstckialg0871xs0vevsj.jpg,C:\VISKOM\kvasir-seg\masks\cju3wstckialg0871xs0vevsj.jpg,KvasirSEG_cju3wstckialg0871xs0vevsj,image,train
Kvasir-SEG,C:\VISKOM\kvasir-seg\images\cju3x2s11ibzi0817kk284k0j.jpg,C:\VISKOM\kvasir-seg\masks\cju3x2s11ibzi0817kk284k0j.jpg,KvasirSEG_cju3x2s11ibzi0817kk284k0j,image,train
Kvasir-SEG,C:\VISKOM\kvasir-seg\images\cju3x4blzieu30850x10uuvbm.jpg,C:\VISKOM\kvasir-seg\masks\cju3x4blzieu30850x10uuvbm.jpg,KvasirSEG_cju3x4blzieu30850x10uuvbm,image,train
Kvasir-SEG,C:\VISKOM\kvasir-seg\images\cju3x5u2tiihx0818914gzxy1.jpg,C:\VISKOM\kvasir-seg\masks\cju3x5u2tiihx0818914gzxy1.jpg,KvasirSEG_cju3x5u2tiihx0818914gzxy1,image,train
Kvasir-SEG,C:\VISKOM\kvasir-seg\images\cju3x7xsaijq80818f0psavav.jpg,C:\VISKOM\kvasir-seg\masks\cju3x7xsaijq80818f0psavav.jpg,KvasirSEG_cju3x7xsaijq80818f0psavav,image,train
Kvasir-SEG,C:\VISKOM\kvasir-seg\images\cju3x9lttikfb0818a0g104zn.jpg,C:\VISKOM\kvasir-seg\masks\cju3x9lttikfb0818a0g104zn.jpg,KvasirSEG_cju3x9lttikfb0818a0g104zn,image,train
Kvasir-SEG,C:\VISKOM\kvasir-seg\images\cju3xeexgii1j0817zs68tb4g.jpg,C:\VISKOM\kvasir-seg\masks\cju3xeexgii1j0817zs68tb4g.jpg,KvasirSEG_cju3xeexgii1j0817zs68tb4g,image,train
Kvasir-SEG,C:\VISKOM\kvasir-seg\images\cju3xga12iixg0817dijbvjxw.jpg,C:\VISKOM\kvasir-seg\masks\cju3xga12iixg0817dijbvjxw.jpg,KvasirSEG_cju3xga12iixg0817dijbvjxw,image,train
Kvasir-SEG,C:\VISKOM\kvasir-seg\images\cju3xhpvvimda0987ygrpzni2.jpg,C:\VISKOM\kvasir-seg\masks\cju3xhpvvimda0987ygrpzni2.jpg,KvasirSEG_cju3xhpvvimda0987ygrpzni2,image,train
Kvasir-SEG,C:\VISKOM\kvasir-seg\images\cju3xiic0ilzp0850lusrb42j.jpg,C:\VISKOM\kvasir-seg\masks\cju3xiic0ilzp0850lusrb42j.jpg,KvasirSEG_cju3xiic0ilzp0850lusrb42j,image,train
Kvasir-SEG,C:\VISKOM\kvasir-seg\images\cju3xjqtpikx50817tppy6g84.jpg,C:\VISKOM\kvasir-seg\masks\cju3xjqtpikx50817tppy6g84.jpg,KvasirSEG_cju3xjqtpikx50817tppy6g84,image,train
Kvasir-SEG,C:\VISKOM\kvasir-seg\images\cju3xl264ingx0850rcf0rshj.jpg,C:\VISKOM\kvasir-seg\masks\cju3xl264ingx0850rcf0rshj.jpg,KvasirSEG_cju3xl264ingx0850rcf0rshj,image,test
Kvasir-SEG,C:\VISKOM\kvasir-seg\images\cju3xtufwiv9c0818djsc4cqd.jpg,C:\VISKOM\kvasir-seg\masks\cju3xtufwiv9c0818djsc4cqd.jpg,KvasirSEG_cju3xtufwiv9c0818djsc4cqd,image,train
Kvasir-SEG,C:\VISKOM\kvasir-seg\images\cju3xuj20ivgp0818mij8bjrd.jpg,C:\VISKOM\kvasir-seg\masks\cju3xuj20ivgp0818mij8bjrd.jpg,KvasirSEG_cju3xuj20ivgp0818mij8bjrd,image,train
Kvasir-SEG,C:\VISKOM\kvasir-seg\images\cju3xvoo2iqlc0817eku2r3wl.jpg,C:\VISKOM\kvasir-seg\masks\cju3xvoo2iqlc0817eku2r3wl.jpg,KvasirSEG_cju3xvoo2iqlc0817eku2r3wl,image,val
Kvasir-SEG,C:\VISKOM\kvasir-seg\images\cju3xwpgviwlx0871rwm15q7v.jpg,C:\VISKOM\kvasir-seg\masks\cju3xwpgviwlx0871rwm15q7v.jpg,KvasirSEG_cju3xwpgviwlx0871rwm15q7v,image,test
Kvasir-SEG,C:\VISKOM\kvasir-seg\images\cju3xzvnzj0hd0755xprz39nj.jpg,C:\VISKOM\kvasir-seg\masks\cju3xzvnzj0hd0755xprz39nj.jpg,KvasirSEG_cju3xzvnzj0hd0755xprz39nj,image,val
Kvasir-SEG,C:\VISKOM\kvasir-seg\images\cju3y0pjrj1c30755nxekxccj.jpg,C:\VISKOM\kvasir-seg\masks\cju3y0pjrj1c30755nxekxccj.jpg,KvasirSEG_cju3y0pjrj1c30755nxekxccj,image,train
Kvasir-SEG,C:\VISKOM\kvasir-seg\images\cju3y21quj0ir0818kgjagr15.jpg,C:\VISKOM\kvasir-seg\masks\cju3y21quj0ir0818kgjagr15.jpg,KvasirSEG_cju3y21quj0ir0818kgjagr15,image,test
Kvasir-SEG,C:\VISKOM\kvasir-seg\images\cju3y54kwj3nr0801biidlb4e.jpg,C:\VISKOM\kvasir-seg\masks\cju3y54kwj3nr0801biidlb4e.jpg,KvasirSEG_cju3y54kwj3nr0801biidlb4e,image,train
Kvasir-SEG,C:\VISKOM\kvasir-seg\images\cju3y79ofj3va0871uqfb1mzo.jpg,C:\VISKOM\kvasir-seg\masks\cju3y79ofj3va0871uqfb1mzo.jpg,KvasirSEG_cju3y79ofj3va0871uqfb1mzo,image,train
Kvasir-SEG,C:\VISKOM\kvasir-seg\images\cju3y9difj6th0801kd1rqm3w.jpg,C:\VISKOM\kvasir-seg\masks\cju3y9difj6th0801kd1rqm3w.jpg,KvasirSEG_cju3y9difj6th0801kd1rqm3w,image,train
Kvasir-SEG,C:\VISKOM\kvasir-seg\images\cju3ya7goj6at0818v2l5ay7f.jpg,C:\VISKOM\kvasir-seg\masks\cju3ya7goj6at0818v2l5ay7f.jpg,KvasirSEG_cju3ya7goj6at0818v2l5ay7f,image,test
Kvasir-SEG,C:\VISKOM\kvasir-seg\images\cju3yb47cj1xq0817zfotbni4.jpg,C:\VISKOM\kvasir-seg\masks\cju3yb47cj1xq0817zfotbni4.jpg,KvasirSEG_cju3yb47cj1xq0817zfotbni4,image,train
Kvasir-SEG,C:\VISKOM\kvasir-seg\images\cju3yht87j83m08507yk1u1fg.jpg,C:\VISKOM\kvasir-seg\masks\cju3yht87j83m08507yk1u1fg.jpg,KvasirSEG_cju3yht87j83m08507yk1u1fg,image,train
Kvasir-SEG,C:\VISKOM\kvasir-seg\images\cju3ykamdj9u208503pygyuc8.jpg,C:\VISKOM\kvasir-seg\masks\cju3ykamdj9u208503pygyuc8.jpg,KvasirSEG_cju3ykamdj9u208503pygyuc8,image,test
Kvasir-SEG,C:\VISKOM\kvasir-seg\images\cju40jl7skiuo0817p0smlgg8.jpg,C:\VISKOM\kvasir-seg\masks\cju40jl7skiuo0817p0smlgg8.jpg,KvasirSEG_cju40jl7skiuo0817p0smlgg8,image,train
Kvasir-SEG,C:\VISKOM\kvasir-seg\images\cju40m0rjkpw80871z6n6yg1u.jpg,C:\VISKOM\kvasir-seg\masks\cju40m0rjkpw80871z6n6yg1u.jpg,KvasirSEG_cju40m0rjkpw80871z6n6yg1u,image,train
Kvasir-SEG,C:\VISKOM\kvasir-seg\images\cju40poe4kt9s0755f9cnm3h5.jpg,C:\VISKOM\kvasir-seg\masks\cju40poe4kt9s0755f9cnm3h5.jpg,KvasirSEG_cju40poe4kt9s0755f9cnm3h5,image,train
Kvasir-SEG,C:\VISKOM\kvasir-seg\images\cju40r6jrksyk0871wg98zgho.jpg,C:\VISKOM\kvasir-seg\masks\cju40r6jrksyk0871wg98zgho.jpg,KvasirSEG_cju40r6jrksyk0871wg98zgho,image,train
Kvasir-SEG,C:\VISKOM\kvasir-seg\images\cju40sdwukv3k0755y99ug1k8.jpg,C:\VISKOM\kvasir-seg\masks\cju40sdwukv3k0755y99ug1k8.jpg,KvasirSEG_cju40sdwukv3k0755y99ug1k8,image,train
Kvasir-SEG,C:\VISKOM\kvasir-seg\images\cju40taxlkrho0987smigg0x0.jpg,C:\VISKOM\kvasir-seg\masks\cju40taxlkrho0987smigg0x0.jpg,KvasirSEG_cju40taxlkrho0987smigg0x0,image,test
Kvasir-SEG,C:\VISKOM\kvasir-seg\images\cju40u30gkuzc0871rq7t666d.jpg,C:\VISKOM\kvasir-seg\masks\cju40u30gkuzc0871rq7t666d.jpg,KvasirSEG_cju40u30gkuzc0871rq7t666d,image,train
Kvasir-SEG,C:\VISKOM\kvasir-seg\images\cju40w3hbkwpn08015rbs3wko.jpg,C:\VISKOM\kvasir-seg\masks\cju40w3hbkwpn08015rbs3wko.jpg,KvasirSEG_cju40w3hbkwpn08015rbs3wko,image,train
Kvasir-SEG,C:\VISKOM\kvasir-seg\images\cju40wto5kxwi0755it190f2k.jpg,C:\VISKOM\kvasir-seg\masks\cju40wto5kxwi0755it190f2k.jpg,KvasirSEG_cju40wto5kxwi0755it190f2k,image,train
Kvasir-SEG,C:\VISKOM\kvasir-seg\images\cju410dnfl0960755y8lu8d79.jpg,C:\VISKOM\kvasir-seg\masks\cju410dnfl0960755y8lu8d79.jpg,KvasirSEG_cju410dnfl0960755y8lu8d79,image,val
Kvasir-SEG,C:\VISKOM\kvasir-seg\images\cju412uwlkva50850d1ps1ww7.jpg,C:\VISKOM\kvasir-seg\masks\cju412uwlkva50850d1ps1ww7.jpg,KvasirSEG_cju412uwlkva50850d1ps1ww7,image,train
Kvasir-SEG,C:\VISKOM\kvasir-seg\images\cju414lf2l1lt0801rl3hjllj.jpg,C:\VISKOM\kvasir-seg\masks\cju414lf2l1lt0801rl3hjllj.jpg,KvasirSEG_cju414lf2l1lt0801rl3hjllj,image,test
Kvasir-SEG,C:\VISKOM\kvasir-seg\images\cju418rckl3ur08012psrx1r1.jpg,C:\VISKOM\kvasir-seg\masks\cju418rckl3ur08012psrx1r1.jpg,KvasirSEG_cju418rckl3ur08012psrx1r1,image,train
Kvasir-SEG,C:\VISKOM\kvasir-seg\images\cju41kd7yl4nm0850gil5qqwh.jpg,C:\VISKOM\kvasir-seg\masks\cju41kd7yl4nm0850gil5qqwh.jpg,KvasirSEG_cju41kd7yl4nm0850gil5qqwh,image,train
Kvasir-SEG,C:\VISKOM\kvasir-seg\images\cju41lojblbs307555jdci937.jpg,C:\VISKOM\kvasir-seg\masks\cju41lojblbs307555jdci937.jpg,KvasirSEG_cju41lojblbs307555jdci937,image,train
Kvasir-SEG,C:\VISKOM\kvasir-seg\images\cju41nz76lcxu0755cya2qefx.jpg,C:\VISKOM\kvasir-seg\masks\cju41nz76lcxu0755cya2qefx.jpg,KvasirSEG_cju41nz76lcxu0755cya2qefx,image,train
Kvasir-SEG,C:\VISKOM\kvasir-seg\images\cju41p90plcsx08018cnzpndc.jpg,C:\VISKOM\kvasir-seg\masks\cju41p90plcsx08018cnzpndc.jpg,KvasirSEG_cju41p90plcsx08018cnzpndc,image,train
Kvasir-SEG,C:\VISKOM\kvasir-seg\images\cju41r6v2lcww0871ps8k8pf5.jpg,C:\VISKOM\kvasir-seg\masks\cju41r6v2lcww0871ps8k8pf5.jpg,KvasirSEG_cju41r6v2lcww0871ps8k8pf5,image,train
Kvasir-SEG,C:\VISKOM\kvasir-seg\images\cju41s6nbleqy0755e2mslg0b.jpg,C:\VISKOM\kvasir-seg\masks\cju41s6nbleqy0755e2mslg0b.jpg,KvasirSEG_cju41s6nbleqy0755e2mslg0b,image,train
Kvasir-SEG,C:\VISKOM\kvasir-seg\images\cju41z76wlgbz0801qdetlvby.jpg,C:\VISKOM\kvasir-seg\masks\cju41z76wlgbz0801qdetlvby.jpg,KvasirSEG_cju41z76wlgbz0801qdetlvby,image,train
Kvasir-SEG,C:\VISKOM\kvasir-seg\images\cju422cm8lfxn0818ojicxejb.jpg,C:\VISKOM\kvasir-seg\masks\cju422cm8lfxn0818ojicxejb.jpg,KvasirSEG_cju422cm8lfxn0818ojicxejb,image,train
Kvasir-SEG,C:\VISKOM\kvasir-seg\images\cju424hy5lckr085073fva1ok.jpg,C:\VISKOM\kvasir-seg\masks\cju424hy5lckr085073fva1ok.jpg,KvasirSEG_cju424hy5lckr085073fva1ok,image,train
Kvasir-SEG,C:\VISKOM\kvasir-seg\images\cju426tomlhll0818fc0i7nvh.jpg,C:\VISKOM\kvasir-seg\masks\cju426tomlhll0818fc0i7nvh.jpg,KvasirSEG_cju426tomlhll0818fc0i7nvh,image,test
Kvasir-SEG,C:\VISKOM\kvasir-seg\images\cju428k5fldt108177s6g6f45.jpg,C:\VISKOM\kvasir-seg\masks\cju428k5fldt108177s6g6f45.jpg,KvasirSEG_cju428k5fldt108177s6g6f45,image,train
Kvasir-SEG,C:\VISKOM\kvasir-seg\images\cju42dwedlmk60871jbgu4ehi.jpg,C:\VISKOM\kvasir-seg\masks\cju42dwedlmk60871jbgu4ehi.jpg,KvasirSEG_cju42dwedlmk60871jbgu4ehi,image,val
Kvasir-SEG,C:\VISKOM\kvasir-seg\images\cju42g865lorv07552ytz6xxa.jpg,C:\VISKOM\kvasir-seg\masks\cju42g865lorv07552ytz6xxa.jpg,KvasirSEG_cju42g865lorv07552ytz6xxa,image,val
Kvasir-SEG,C:\VISKOM\kvasir-seg\images\cju42m60jlpcm08186kqppzqv.jpg,C:\VISKOM\kvasir-seg\masks\cju42m60jlpcm08186kqppzqv.jpg,KvasirSEG_cju42m60jlpcm08186kqppzqv,image,train
Kvasir-SEG,C:\VISKOM\kvasir-seg\images\cju42nm68lpyo0818xvvqmupq.jpg,C:\VISKOM\kvasir-seg\masks\cju42nm68lpyo0818xvvqmupq.jpg,KvasirSEG_cju42nm68lpyo0818xvvqmupq,image,train
Kvasir-SEG,C:\VISKOM\kvasir-seg\images\cju42py9mlqyd0818u3d1d7ga.jpg,C:\VISKOM\kvasir-seg\masks\cju42py9mlqyd0818u3d1d7ga.jpg,KvasirSEG_cju42py9mlqyd0818u3d1d7ga,image,val
Kvasir-SEG,C:\VISKOM\kvasir-seg\images\cju42qet0lsq90871e50xbnuv.jpg,C:\VISKOM\kvasir-seg\masks\cju42qet0lsq90871e50xbnuv.jpg,KvasirSEG_cju42qet0lsq90871e50xbnuv,image,train
Kvasir-SEG,C:\VISKOM\kvasir-seg\images\cju42romflni20817etb9a0fl.jpg,C:\VISKOM\kvasir-seg\masks\cju42romflni20817etb9a0fl.jpg,KvasirSEG_cju42romflni20817etb9a0fl,image,train
Kvasir-SEG,C:\VISKOM\kvasir-seg\images\cju42tauqlo5p08171l3cuo4b.jpg,C:\VISKOM\kvasir-seg\masks\cju42tauqlo5p08171l3cuo4b.jpg,KvasirSEG_cju42tauqlo5p08171l3cuo4b,image,train
Kvasir-SEG,C:\VISKOM\kvasir-seg\images\cju42u5bjlvi10801dc13sskp.jpg,C:\VISKOM\kvasir-seg\masks\cju42u5bjlvi10801dc13sskp.jpg,KvasirSEG_cju42u5bjlvi10801dc13sskp,image,train
Kvasir-SEG,C:\VISKOM\kvasir-seg\images\cju42wamblrqn098798r2yyok.jpg,C:\VISKOM\kvasir-seg\masks\cju42wamblrqn098798r2yyok.jpg,KvasirSEG_cju42wamblrqn098798r2yyok,image,train
Kvasir-SEG,C:\VISKOM\kvasir-seg\images\cju42xpi8lw4w0871ve317a1p.jpg,C:\VISKOM\kvasir-seg\masks\cju42xpi8lw4w0871ve317a1p.jpg,KvasirSEG_cju42xpi8lw4w0871ve317a1p,image,train
Kvasir-SEG,C:\VISKOM\kvasir-seg\images\cju430pm2lz0y0755jkhcc3d1.jpg,C:\VISKOM\kvasir-seg\masks\cju430pm2lz0y0755jkhcc3d1.jpg,KvasirSEG_cju430pm2lz0y0755jkhcc3d1,image,train
Kvasir-SEG,C:\VISKOM\kvasir-seg\images\cju439oazm2fu0871ma0vvrft.jpg,C:\VISKOM\kvasir-seg\masks\cju439oazm2fu0871ma0vvrft.jpg,KvasirSEG_cju439oazm2fu0871ma0vvrft,image,train
Kvasir-SEG,C:\VISKOM\kvasir-seg\images\cju43b8daly4408170e5ev06g.jpg,C:\VISKOM\kvasir-seg\masks\cju43b8daly4408170e5ev06g.jpg,KvasirSEG_cju43b8daly4408170e5ev06g,image,train
Kvasir-SEG,C:\VISKOM\kvasir-seg\images\cju43c92lm5cj0755lorsorfg.jpg,C:\VISKOM\kvasir-seg\masks\cju43c92lm5cj0755lorsorfg.jpg,KvasirSEG_cju43c92lm5cj0755lorsorfg,image,train
Kvasir-SEG,C:\VISKOM\kvasir-seg\images\cju43eigtm6ev0801mv0m96t1.jpg,C:\VISKOM\kvasir-seg\masks\cju43eigtm6ev0801mv0m96t1.jpg,KvasirSEG_cju43eigtm6ev0801mv0m96t1,image,test
Kvasir-SEG,C:\VISKOM\kvasir-seg\images\cju43gfosm63n08714rpih8pe.jpg,C:\VISKOM\kvasir-seg\masks\cju43gfosm63n08714rpih8pe.jpg,KvasirSEG_cju43gfosm63n08714rpih8pe,image,train
Kvasir-SEG,C:\VISKOM\kvasir-seg\images\cju43h43am1dy08176gwfhmnt.jpg,C:\VISKOM\kvasir-seg\masks\cju43h43am1dy08176gwfhmnt.jpg,KvasirSEG_cju43h43am1dy08176gwfhmnt,image,val
Kvasir-SEG,C:\VISKOM\kvasir-seg\images\cju43in5fm22c08175rxziqrk.jpg,C:\VISKOM\kvasir-seg\masks\cju43in5fm22c08175rxziqrk.jpg,KvasirSEG_cju43in5fm22c08175rxziqrk,image,train
Kvasir-SEG,C:\VISKOM\kvasir-seg\images\cju43jcqim2cp08172dvjvyui.jpg,C:\VISKOM\kvasir-seg\masks\cju43jcqim2cp08172dvjvyui.jpg,KvasirSEG_cju43jcqim2cp08172dvjvyui,image,train
Kvasir-SEG,C:\VISKOM\kvasir-seg\images\cju43kj2pm34f0850l28ahpni.jpg,C:\VISKOM\kvasir-seg\masks\cju43kj2pm34f0850l28ahpni.jpg,KvasirSEG_cju43kj2pm34f0850l28ahpni,image,train
Kvasir-SEG,C:\VISKOM\kvasir-seg\images\cju43lcnum9y10755bjs7z87f.jpg,C:\VISKOM\kvasir-seg\masks\cju43lcnum9y10755bjs7z87f.jpg,KvasirSEG_cju43lcnum9y10755bjs7z87f,image,train
Kvasir-SEG,C:\VISKOM\kvasir-seg\images\cju43mkj9m8wb0871qiadahub.jpg,C:\VISKOM\kvasir-seg\masks\cju43mkj9m8wb0871qiadahub.jpg,KvasirSEG_cju43mkj9m8wb0871qiadahub,image,test
Kvasir-SEG,C:\VISKOM\kvasir-seg\images\cju43o6n7m9nk087191ijwqq9.jpg,C:\VISKOM\kvasir-seg\masks\cju43o6n7m9nk087191ijwqq9.jpg,KvasirSEG_cju43o6n7m9nk087191ijwqq9,image,train
Kvasir-SEG,C:\VISKOM\kvasir-seg\images\cju45jpvfn6c809873pv1i34s.jpg,C:\VISKOM\kvasir-seg\masks\cju45jpvfn6c809873pv1i34s.jpg,KvasirSEG_cju45jpvfn6c809873pv1i34s,image,train
Kvasir-SEG,C:\VISKOM\kvasir-seg\images\cju45lbgznahl08180xz1h7u6.jpg,C:\VISKOM\kvasir-seg\masks\cju45lbgznahl08180xz1h7u6.jpg,KvasirSEG_cju45lbgznahl08180xz1h7u6,image,train
Kvasir-SEG,C:\VISKOM\kvasir-seg\images\cju45n0oxn5vu08500yfrt9jn.jpg,C:\VISKOM\kvasir-seg\masks\cju45n0oxn5vu08500yfrt9jn.jpg,KvasirSEG_cju45n0oxn5vu08500yfrt9jn,image,val
Kvasir-SEG,C:\VISKOM\kvasir-seg\images\cju45ofd9ne1j0801ri8dup7t.jpg,C:\VISKOM\kvasir-seg\masks\cju45ofd9ne1j0801ri8dup7t.jpg,KvasirSEG_cju45ofd9ne1j0801ri8dup7t,image,train
Kvasir-SEG,C:\VISKOM\kvasir-seg\images\cju45pm27n80u08174kyow1gj.jpg,C:\VISKOM\kvasir-seg\masks\cju45pm27n80u08174kyow1gj.jpg,KvasirSEG_cju45pm27n80u08174kyow1gj,image,train
Kvasir-SEG,C:\VISKOM\kvasir-seg\images\cju45qbf3n9sa0987oonbkly9.jpg,C:\VISKOM\kvasir-seg\masks\cju45qbf3n9sa0987oonbkly9.jpg,KvasirSEG_cju45qbf3n9sa0987oonbkly9,image,test
Kvasir-SEG,C:\VISKOM\kvasir-seg\images\cju45rj7ln8980850a7821fov.jpg,C:\VISKOM\kvasir-seg\masks\cju45rj7ln8980850a7821fov.jpg,KvasirSEG_cju45rj7ln8980850a7821fov,image,test
Kvasir-SEG,C:\VISKOM\kvasir-seg\images\cju45t5ddnbio0987qtqzx762.jpg,C:\VISKOM\kvasir-seg\masks\cju45t5ddnbio0987qtqzx762.jpg,KvasirSEG_cju45t5ddnbio0987qtqzx762,image,val
Kvasir-SEG,C:\VISKOM\kvasir-seg\images\cju45ty6zn9oz0850qy4qnck1.jpg,C:\VISKOM\kvasir-seg\masks\cju45ty6zn9oz0850qy4qnck1.jpg,KvasirSEG_cju45ty6zn9oz0850qy4qnck1,image,train
Kvasir-SEG,C:\VISKOM\kvasir-seg\images\cju45v0pungu40871acnwtmu5.jpg,C:\VISKOM\kvasir-seg\masks\cju45v0pungu40871acnwtmu5.jpg,KvasirSEG_cju45v0pungu40871acnwtmu5,image,train
Kvasir-SEG,C:\VISKOM\kvasir-seg\images\cju5b9oyda4yr0850g9viziyv.jpg,C:\VISKOM\kvasir-seg\masks\cju5b9oyda4yr0850g9viziyv.jpg,KvasirSEG_cju5b9oyda4yr0850g9viziyv,image,train
Kvasir-SEG,C:\VISKOM\kvasir-seg\images\cju5bbtwsa8cl0987wgfsqpao.jpg,C:\VISKOM\kvasir-seg\masks\cju5bbtwsa8cl0987wgfsqpao.jpg,KvasirSEG_cju5bbtwsa8cl0987wgfsqpao,image,test
Kvasir-SEG,C:\VISKOM\kvasir-seg\images\cju5bdwa3aatx0818b79i18zf.jpg,C:\VISKOM\kvasir-seg\masks\cju5bdwa3aatx0818b79i18zf.jpg,KvasirSEG_cju5bdwa3aatx0818b79i18zf,image,train
Kvasir-SEG,C:\VISKOM\kvasir-seg\images\cju5bf6hxa6m50817rbwettgu.jpg,C:\VISKOM\kvasir-seg\masks\cju5bf6hxa6m50817rbwettgu.jpg,KvasirSEG_cju5bf6hxa6m50817rbwettgu,image,val
Kvasir-SEG,C:\VISKOM\kvasir-seg\images\cju5bhv81abur0850ean02atv.jpg,C:\VISKOM\kvasir-seg\masks\cju5bhv81abur0850ean02atv.jpg,KvasirSEG_cju5bhv81abur0850ean02atv,image,train
Kvasir-SEG,C:\VISKOM\kvasir-seg\images\cju5bj926aiec07559rshy4wa.jpg,C:\VISKOM\kvasir-seg\masks\cju5bj926aiec07559rshy4wa.jpg,KvasirSEG_cju5bj926aiec07559rshy4wa,image,train
Kvasir-SEG,C:\VISKOM\kvasir-seg\images\cju5bmhdcafs909878qfzrqzi.jpg,C:\VISKOM\kvasir-seg\masks\cju5bmhdcafs909878qfzrqzi.jpg,KvasirSEG_cju5bmhdcafs909878qfzrqzi,image,train
Kvasir-SEG,C:\VISKOM\kvasir-seg\images\cju5boicjagt20871b1fotkh4.jpg,C:\VISKOM\kvasir-seg\masks\cju5boicjagt20871b1fotkh4.jpg,KvasirSEG_cju5boicjagt20871b1fotkh4,image,train
Kvasir-SEG,C:\VISKOM\kvasir-seg\images\cju5buy2bal250818ipl6fqwv.jpg,C:\VISKOM\kvasir-seg\masks\cju5buy2bal250818ipl6fqwv.jpg,KvasirSEG_cju5buy2bal250818ipl6fqwv,image,train
Kvasir-SEG,C:\VISKOM\kvasir-seg\images\cju5bwhapakm90987c1v4z46a.jpg,C:\VISKOM\kvasir-seg\masks\cju5bwhapakm90987c1v4z46a.jpg,KvasirSEG_cju5bwhapakm90987c1v4z46a,image,train
Kvasir-SEG,C:\VISKOM\kvasir-seg\images\cju5bycdkalkb09875f7bfrvx.jpg,C:\VISKOM\kvasir-seg\masks\cju5bycdkalkb09875f7bfrvx.jpg,KvasirSEG_cju5bycdkalkb09875f7bfrvx,image,train
Kvasir-SEG,C:\VISKOM\kvasir-seg\images\cju5c5xc7algd0817pb1ej5yo.jpg,C:\VISKOM\kvasir-seg\masks\cju5c5xc7algd0817pb1ej5yo.jpg,KvasirSEG_cju5c5xc7algd0817pb1ej5yo,image,train
Kvasir-SEG,C:\VISKOM\kvasir-seg\images\cju5c7oijaqmq09878qwgqv8n.jpg,C:\VISKOM\kvasir-seg\masks\cju5c7oijaqmq09878qwgqv8n.jpg,KvasirSEG_cju5c7oijaqmq09878qwgqv8n,image,train
Kvasir-SEG,C:\VISKOM\kvasir-seg\images\cju5ca9hcatkc0801jzwe7tfx.jpg,C:\VISKOM\kvasir-seg\masks\cju5ca9hcatkc0801jzwe7tfx.jpg,KvasirSEG_cju5ca9hcatkc0801jzwe7tfx,image,train
Kvasir-SEG,C:\VISKOM\kvasir-seg\images\cju5ccpvqash50850kb4bs22k.jpg,C:\VISKOM\kvasir-seg\masks\cju5ccpvqash50850kb4bs22k.jpg,KvasirSEG_cju5ccpvqash50850kb4bs22k,image,train
Kvasir-SEG,C:\VISKOM\kvasir-seg\images\cju5cetivauok0987ok3e5bre.jpg,C:\VISKOM\kvasir-seg\masks\cju5cetivauok0987ok3e5bre.jpg,KvasirSEG_cju5cetivauok0987ok3e5bre,image,test
Kvasir-SEG,C:\VISKOM\kvasir-seg\images\cju5chrxxawka0871qcj171yz.jpg,C:\VISKOM\kvasir-seg\masks\cju5chrxxawka0871qcj171yz.jpg,KvasirSEG_cju5chrxxawka0871qcj171yz,image,val
Kvasir-SEG,C:\VISKOM\kvasir-seg\images\cju5cjh3xattc0817j2vbulzi.jpg,C:\VISKOM\kvasir-seg\masks\cju5cjh3xattc0817j2vbulzi.jpg,KvasirSEG_cju5cjh3xattc0817j2vbulzi,image,train
Kvasir-SEG,C:\VISKOM\kvasir-seg\images\cju5cky5xb0ay0801oxet697t.jpg,C:\VISKOM\kvasir-seg\masks\cju5cky5xb0ay0801oxet697t.jpg,KvasirSEG_cju5cky5xb0ay0801oxet697t,image,train
Kvasir-SEG,C:\VISKOM\kvasir-seg\images\cju5clr68b48r0755cmuvponm.jpg,C:\VISKOM\kvasir-seg\masks\cju5clr68b48r0755cmuvponm.jpg,KvasirSEG_cju5clr68b48r0755cmuvponm,image,train
Kvasir-SEG,C:\VISKOM\kvasir-seg\images\cju5cu8qkb84x08186jwo8yin.jpg,C:\VISKOM\kvasir-seg\masks\cju5cu8qkb84x08186jwo8yin.jpg,KvasirSEG_cju5cu8qkb84x08186jwo8yin,image,train
Kvasir-SEG,C:\VISKOM\kvasir-seg\images\cju5ddda9bkkt0850enzwatb1.jpg,C:\VISKOM\kvasir-seg\masks\cju5ddda9bkkt0850enzwatb1.jpg,KvasirSEG_cju5ddda9bkkt0850enzwatb1,image,val
Kvasir-SEG,C:\VISKOM\kvasir-seg\images\cju5eftctcdbj08712gdp989f.jpg,C:\VISKOM\kvasir-seg\masks\cju5eftctcdbj08712gdp989f.jpg,KvasirSEG_cju5eftctcdbj08712gdp989f,image,train
Kvasir-SEG,C:\VISKOM\kvasir-seg\images\cju5ekty5ckzf07550c9u3ckk.jpg,C:\VISKOM\kvasir-seg\masks\cju5ekty5ckzf07550c9u3ckk.jpg,KvasirSEG_cju5ekty5ckzf07550c9u3ckk,image,test
Kvasir-SEG,C:\VISKOM\kvasir-seg\images\cju5enq1tcn1i0755hnkon787.jpg,C:\VISKOM\kvasir-seg\masks\cju5enq1tcn1i0755hnkon787.jpg,KvasirSEG_cju5enq1tcn1i0755hnkon787,image,test
Kvasir-SEG,C:\VISKOM\kvasir-seg\images\cju5eq8c8ck690850vix98hv3.jpg,C:\VISKOM\kvasir-seg\masks\cju5eq8c8ck690850vix98hv3.jpg,KvasirSEG_cju5eq8c8ck690850vix98hv3,image,val
Kvasir-SEG,C:\VISKOM\kvasir-seg\images\cju5es375cnzy0801nkq35ffs.jpg,C:\VISKOM\kvasir-seg\masks\cju5es375cnzy0801nkq35ffs.jpg,KvasirSEG_cju5es375cnzy0801nkq35ffs,image,train
Kvasir-SEG,C:\VISKOM\kvasir-seg\images\cju5ew4h9cqaf0818rrczkmqh.jpg,C:\VISKOM\kvasir-seg\masks\cju5ew4h9cqaf0818rrczkmqh.jpg,KvasirSEG_cju5ew4h9cqaf0818rrczkmqh,image,train
Kvasir-SEG,C:\VISKOM\kvasir-seg\images\cju5eyfe9cpk90987laa7tsl3.jpg,C:\VISKOM\kvasir-seg\masks\cju5eyfe9cpk90987laa7tsl3.jpg,KvasirSEG_cju5eyfe9cpk90987laa7tsl3,image,test
Kvasir-SEG,C:\VISKOM\kvasir-seg\images\cju5f0dezct4q08183ydw11dx.jpg,C:\VISKOM\kvasir-seg\masks\cju5f0dezct4q08183ydw11dx.jpg,KvasirSEG_cju5f0dezct4q08183ydw11dx,image,test
Kvasir-SEG,C:\VISKOM\kvasir-seg\images\cju5f26ebcuai0818xlwh6116.jpg,C:\VISKOM\kvasir-seg\masks\cju5f26ebcuai0818xlwh6116.jpg,KvasirSEG_cju5f26ebcuai0818xlwh6116,image,test
Kvasir-SEG,C:\VISKOM\kvasir-seg\images\cju5f8hxdcxxn08188obby0ea.jpg,C:\VISKOM\kvasir-seg\masks\cju5f8hxdcxxn08188obby0ea.jpg,KvasirSEG_cju5f8hxdcxxn08188obby0ea,image,test
Kvasir-SEG,C:\VISKOM\kvasir-seg\images\cju5fb86jd1jp0755b1ukbhq5.jpg,C:\VISKOM\kvasir-seg\masks\cju5fb86jd1jp0755b1ukbhq5.jpg,KvasirSEG_cju5fb86jd1jp0755b1ukbhq5,image,train
Kvasir-SEG,C:\VISKOM\kvasir-seg\images\cju5fi0yxd3ei0801v7u0yudn.jpg,C:\VISKOM\kvasir-seg\masks\cju5fi0yxd3ei0801v7u0yudn.jpg,KvasirSEG_cju5fi0yxd3ei0801v7u0yudn,image,train
Kvasir-SEG,C:\VISKOM\kvasir-seg\images\cju5fs6j6d8350801vglraq4u.jpg,C:\VISKOM\kvasir-seg\masks\cju5fs6j6d8350801vglraq4u.jpg,KvasirSEG_cju5fs6j6d8350801vglraq4u,image,train
Kvasir-SEG,C:\VISKOM\kvasir-seg\images\cju5ft6mcd5q40987rhjgbrr6.jpg,C:\VISKOM\kvasir-seg\masks\cju5ft6mcd5q40987rhjgbrr6.jpg,KvasirSEG_cju5ft6mcd5q40987rhjgbrr6,image,train
Kvasir-SEG,C:\VISKOM\kvasir-seg\images\cju5fu081d8gc0818l3yylujk.jpg,C:\VISKOM\kvasir-seg\masks\cju5fu081d8gc0818l3yylujk.jpg,KvasirSEG_cju5fu081d8gc0818l3yylujk,image,test
Kvasir-SEG,C:\VISKOM\kvasir-seg\images\cju5fw37edaae0801vkwvocn7.jpg,C:\VISKOM\kvasir-seg\masks\cju5fw37edaae0801vkwvocn7.jpg,KvasirSEG_cju5fw37edaae0801vkwvocn7,image,val
Kvasir-SEG,C:\VISKOM\kvasir-seg\images\cju5fydrud94708507vo6oy21.jpg,C:\VISKOM\kvasir-seg\masks\cju5fydrud94708507vo6oy21.jpg,KvasirSEG_cju5fydrud94708507vo6oy21,image,val
Kvasir-SEG,C:\VISKOM\kvasir-seg\images\cju5g163vd6mt0817uccuga6u.jpg,C:\VISKOM\kvasir-seg\masks\cju5g163vd6mt0817uccuga6u.jpg,KvasirSEG_cju5g163vd6mt0817uccuga6u,image,train
Kvasir-SEG,C:\VISKOM\kvasir-seg\images\cju5gucasds9d0801019axylx.jpg,C:\VISKOM\kvasir-seg\masks\cju5gucasds9d0801019axylx.jpg,KvasirSEG_cju5gucasds9d0801019axylx,image,train
Kvasir-SEG,C:\VISKOM\kvasir-seg\images\cju5h57xedz5h0755mjpc8694.jpg,C:\VISKOM\kvasir-seg\masks\cju5h57xedz5h0755mjpc8694.jpg,KvasirSEG_cju5h57xedz5h0755mjpc8694,image,train
Kvasir-SEG,C:\VISKOM\kvasir-seg\images\cju5hi52odyf90817prvcwg45.jpg,C:\VISKOM\kvasir-seg\masks\cju5hi52odyf90817prvcwg45.jpg,KvasirSEG_cju5hi52odyf90817prvcwg45,image,train
Kvasir-SEG,C:\VISKOM\kvasir-seg\images\cju5hjxaae3i40850h5z2laf5.jpg,C:\VISKOM\kvasir-seg\masks\cju5hjxaae3i40850h5z2laf5.jpg,KvasirSEG_cju5hjxaae3i40850h5z2laf5,image,train
Kvasir-SEG,C:\VISKOM\kvasir-seg\images\cju5hl8nee8a40755fm8qjj0o.jpg,C:\VISKOM\kvasir-seg\masks\cju5hl8nee8a40755fm8qjj0o.jpg,KvasirSEG_cju5hl8nee8a40755fm8qjj0o,image,test
Kvasir-SEG,C:\VISKOM\kvasir-seg\images\cju5hqz50e7o90850e0prlpa0.jpg,C:\VISKOM\kvasir-seg\masks\cju5hqz50e7o90850e0prlpa0.jpg,KvasirSEG_cju5hqz50e7o90850e0prlpa0,image,test
Kvasir-SEG,C:\VISKOM\kvasir-seg\images\cju5ht88gedbu0755xrcuddcx.jpg,C:\VISKOM\kvasir-seg\masks\cju5ht88gedbu0755xrcuddcx.jpg,KvasirSEG_cju5ht88gedbu0755xrcuddcx,image,val
Kvasir-SEG,C:\VISKOM\kvasir-seg\images\cju5huurrecm70801y680y13m.jpg,C:\VISKOM\kvasir-seg\masks\cju5huurrecm70801y680y13m.jpg,KvasirSEG_cju5huurrecm70801y680y13m,image,train
Kvasir-SEG,C:\VISKOM\kvasir-seg\images\cju5hwonqedw10801vsd3w6kk.jpg,C:\VISKOM\kvasir-seg\masks\cju5hwonqedw10801vsd3w6kk.jpg,KvasirSEG_cju5hwonqedw10801vsd3w6kk,image,train
Kvasir-SEG,C:\VISKOM\kvasir-seg\images\cju5hyi9yegob0755ho3do8en.jpg,C:\VISKOM\kvasir-seg\masks\cju5hyi9yegob0755ho3do8en.jpg,KvasirSEG_cju5hyi9yegob0755ho3do8en,image,train
Kvasir-SEG,C:\VISKOM\kvasir-seg\images\cju5i39mreass0817au8p22zy.jpg,C:\VISKOM\kvasir-seg\masks\cju5i39mreass0817au8p22zy.jpg,KvasirSEG_cju5i39mreass0817au8p22zy,image,test
Kvasir-SEG,C:\VISKOM\kvasir-seg\images\cju5i5oh2efg60987ez6cpf72.jpg,C:\VISKOM\kvasir-seg\masks\cju5i5oh2efg60987ez6cpf72.jpg,KvasirSEG_cju5i5oh2efg60987ez6cpf72,image,test
Kvasir-SEG,C:\VISKOM\kvasir-seg\images\cju5jx7jzf7c90871c2i9aiov.jpg,C:\VISKOM\kvasir-seg\masks\cju5jx7jzf7c90871c2i9aiov.jpg,KvasirSEG_cju5jx7jzf7c90871c2i9aiov,image,train
Kvasir-SEG,C:\VISKOM\kvasir-seg\images\cju5jz5fff8c50871hbe6108f.jpg,C:\VISKOM\kvasir-seg\masks\cju5jz5fff8c50871hbe6108f.jpg,KvasirSEG_cju5jz5fff8c50871hbe6108f,image,train
Kvasir-SEG,C:\VISKOM\kvasir-seg\images\cju5k3j3uf6de0817hszzfr7n.jpg,C:\VISKOM\kvasir-seg\masks\cju5k3j3uf6de0817hszzfr7n.jpg,KvasirSEG_cju5k3j3uf6de0817hszzfr7n,image,train
Kvasir-SEG,C:\VISKOM\kvasir-seg\images\cju5k503sfa5f0871lx0rpu5y.jpg,C:\VISKOM\kvasir-seg\masks\cju5k503sfa5f0871lx0rpu5y.jpg,KvasirSEG_cju5k503sfa5f0871lx0rpu5y,image,train
Kvasir-SEG,C:\VISKOM\kvasir-seg\images\cju5k7r0yf98c09878csbxb4d.jpg,C:\VISKOM\kvasir-seg\masks\cju5k7r0yf98c09878csbxb4d.jpg,KvasirSEG_cju5k7r0yf98c09878csbxb4d,image,test
Kvasir-SEG,C:\VISKOM\kvasir-seg\images\cju5klveuff6w0871wbibgh3m.jpg,C:\VISKOM\kvasir-seg\masks\cju5klveuff6w0871wbibgh3m.jpg,KvasirSEG_cju5klveuff6w0871wbibgh3m,image,train
Kvasir-SEG,C:\VISKOM\kvasir-seg\images\cju5knbbqfipk080128cggukq.jpg,C:\VISKOM\kvasir-seg\masks\cju5knbbqfipk080128cggukq.jpg,KvasirSEG_cju5knbbqfipk080128cggukq,image,train
Kvasir-SEG,C:\VISKOM\kvasir-seg\images\cju5kre09fhka0850h7b1898j.jpg,C:\VISKOM\kvasir-seg\masks\cju5kre09fhka0850h7b1898j.jpg,KvasirSEG_cju5kre09fhka0850h7b1898j,image,val
Kvasir-SEG,C:\VISKOM\kvasir-seg\images\cju5ktjwofed70817eg58ef7u.jpg,C:\VISKOM\kvasir-seg\masks\cju5ktjwofed70817eg58ef7u.jpg,KvasirSEG_cju5ktjwofed70817eg58ef7u,image,train
Kvasir-SEG,C:\VISKOM\kvasir-seg\images\cju5nxkujgscq0817l9gss626.jpg,C:\VISKOM\kvasir-seg\masks\cju5nxkujgscq0817l9gss626.jpg,KvasirSEG_cju5nxkujgscq0817l9gss626,image,test
Kvasir-SEG,C:\VISKOM\kvasir-seg\images\cju5nyu31gv8e0871zpk74a2n.jpg,C:\VISKOM\kvasir-seg\masks\cju5nyu31gv8e0871zpk74a2n.jpg,KvasirSEG_cju5nyu31gv8e0871zpk74a2n,image,train
Kvasir-SEG,C:\VISKOM\kvasir-seg\images\cju5o1vu9gz8a0818eyy92bns.jpg,C:\VISKOM\kvasir-seg\masks\cju5o1vu9gz8a0818eyy92bns.jpg,KvasirSEG_cju5o1vu9gz8a0818eyy92bns,image,train
Kvasir-SEG,C:\VISKOM\kvasir-seg\images\cju5o4pk9h0720755lgp9jq8m.jpg,C:\VISKOM\kvasir-seg\masks\cju5o4pk9h0720755lgp9jq8m.jpg,KvasirSEG_cju5o4pk9h0720755lgp9jq8m,image,train
Kvasir-SEG,C:\VISKOM\kvasir-seg\images\cju5tenjojp1j0755ms4949h2.jpg,C:\VISKOM\kvasir-seg\masks\cju5tenjojp1j0755ms4949h2.jpg,KvasirSEG_cju5tenjojp1j0755ms4949h2,image,train
Kvasir-SEG,C:\VISKOM\kvasir-seg\images\cju5tgbzhjllu08174ca41eus.jpg,C:\VISKOM\kvasir-seg\masks\cju5tgbzhjllu08174ca41eus.jpg,KvasirSEG_cju5tgbzhjllu08174ca41eus,image,train
Kvasir-SEG,C:\VISKOM\kvasir-seg\images\cju5thdbrjp1108715xdfx356.jpg,C:\VISKOM\kvasir-seg\masks\cju5thdbrjp1108715xdfx356.jpg,KvasirSEG_cju5thdbrjp1108715xdfx356,image,train
Kvasir-SEG,C:\VISKOM\kvasir-seg\images\cju5u4pywk81x0817vn9pe14z.jpg,C:\VISKOM\kvasir-seg\masks\cju5u4pywk81x0817vn9pe14z.jpg,KvasirSEG_cju5u4pywk81x0817vn9pe14z,image,train
Kvasir-SEG,C:\VISKOM\kvasir-seg\images\cju5u6wf0kh1t0755bg1ssixv.jpg,C:\VISKOM\kvasir-seg\masks\cju5u6wf0kh1t0755bg1ssixv.jpg,KvasirSEG_cju5u6wf0kh1t0755bg1ssixv,image,train
Kvasir-SEG,C:\VISKOM\kvasir-seg\images\cju5u8gz4kj5b07552e2wpkwp.jpg,C:\VISKOM\kvasir-seg\masks\cju5u8gz4kj5b07552e2wpkwp.jpg,KvasirSEG_cju5u8gz4kj5b07552e2wpkwp,image,train
Kvasir-SEG,C:\VISKOM\kvasir-seg\images\cju5udcufki0s09874ll1dbr5.jpg,C:\VISKOM\kvasir-seg\masks\cju5udcufki0s09874ll1dbr5.jpg,KvasirSEG_cju5udcufki0s09874ll1dbr5,image,train
Kvasir-SEG,C:\VISKOM\kvasir-seg\images\cju5ufn3skquf0818dhapnhba.jpg,C:\VISKOM\kvasir-seg\masks\cju5ufn3skquf0818dhapnhba.jpg,KvasirSEG_cju5ufn3skquf0818dhapnhba,image,test
Kvasir-SEG,C:\VISKOM\kvasir-seg\images\cju5uget8krjy0818kvywd0zu.jpg,C:\VISKOM\kvasir-seg\masks\cju5uget8krjy0818kvywd0zu.jpg,KvasirSEG_cju5uget8krjy0818kvywd0zu,image,train
Kvasir-SEG,C:\VISKOM\kvasir-seg\images\cju5uhrdwkmsu0817ervv91l8.jpg,C:\VISKOM\kvasir-seg\masks\cju5uhrdwkmsu0817ervv91l8.jpg,KvasirSEG_cju5uhrdwkmsu0817ervv91l8,image,train
Kvasir-SEG,C:\VISKOM\kvasir-seg\images\cju5ukkg6kv7u08011x2b6zl5.jpg,C:\VISKOM\kvasir-seg\masks\cju5ukkg6kv7u08011x2b6zl5.jpg,KvasirSEG_cju5ukkg6kv7u08011x2b6zl5,image,train
Kvasir-SEG,C:\VISKOM\kvasir-seg\images\cju5uxjnol2r509871qv2yeia.jpg,C:\VISKOM\kvasir-seg\masks\cju5uxjnol2r509871qv2yeia.jpg,KvasirSEG_cju5uxjnol2r509871qv2yeia,image,train
Kvasir-SEG,C:\VISKOM\kvasir-seg\images\cju5uzmaol56l0817flxh4w9p.jpg,C:\VISKOM\kvasir-seg\masks\cju5uzmaol56l0817flxh4w9p.jpg,KvasirSEG_cju5uzmaol56l0817flxh4w9p,image,val
Kvasir-SEG,C:\VISKOM\kvasir-seg\images\cju5v8pgplg6k0755rvi2t63h.jpg,C:\VISKOM\kvasir-seg\masks\cju5v8pgplg6k0755rvi2t63h.jpg,KvasirSEG_cju5v8pgplg6k0755rvi2t63h,image,train
Kvasir-SEG,C:\VISKOM\kvasir-seg\images\cju5vbo6jldrt0871jf6f1700.jpg,C:\VISKOM\kvasir-seg\masks\cju5vbo6jldrt0871jf6f1700.jpg,KvasirSEG_cju5vbo6jldrt0871jf6f1700,image,train
Kvasir-SEG,C:\VISKOM\kvasir-seg\images\cju5vcmrqla7i0817x4sp4pqw.jpg,C:\VISKOM\kvasir-seg\masks\cju5vcmrqla7i0817x4sp4pqw.jpg,KvasirSEG_cju5vcmrqla7i0817x4sp4pqw,image,test
Kvasir-SEG,C:\VISKOM\kvasir-seg\images\cju5vgawslbe30987ndeepc1b.jpg,C:\VISKOM\kvasir-seg\masks\cju5vgawslbe30987ndeepc1b.jpg,KvasirSEG_cju5vgawslbe30987ndeepc1b,image,train
Kvasir-SEG,C:\VISKOM\kvasir-seg\images\cju5vi4nxlc530817uoqm2m7a.jpg,C:\VISKOM\kvasir-seg\masks\cju5vi4nxlc530817uoqm2m7a.jpg,KvasirSEG_cju5vi4nxlc530817uoqm2m7a,image,train
Kvasir-SEG,C:\VISKOM\kvasir-seg\images\cju5von04litr08718j8po40a.jpg,C:\VISKOM\kvasir-seg\masks\cju5von04litr08718j8po40a.jpg,KvasirSEG_cju5von04litr08718j8po40a,image,train
Kvasir-SEG,C:\VISKOM\kvasir-seg\images\cju5vutu7ll8w0871dfp92n9p.jpg,C:\VISKOM\kvasir-seg\masks\cju5vutu7ll8w0871dfp92n9p.jpg,KvasirSEG_cju5vutu7ll8w0871dfp92n9p,image,train
Kvasir-SEG,C:\VISKOM\kvasir-seg\images\cju5vwbr4lhqn0987a1pji0ux.jpg,C:\VISKOM\kvasir-seg\masks\cju5vwbr4lhqn0987a1pji0ux.jpg,KvasirSEG_cju5vwbr4lhqn0987a1pji0ux,image,test
Kvasir-SEG,C:\VISKOM\kvasir-seg\images\cju5vxuc5loxw0818u8xgf45p.jpg,C:\VISKOM\kvasir-seg\masks\cju5vxuc5loxw0818u8xgf45p.jpg,KvasirSEG_cju5vxuc5loxw0818u8xgf45p,image,test
Kvasir-SEG,C:\VISKOM\kvasir-seg\images\cju5vzjoslpj708186z2fusmz.jpg,C:\VISKOM\kvasir-seg\masks\cju5vzjoslpj708186z2fusmz.jpg,KvasirSEG_cju5vzjoslpj708186z2fusmz,image,train
Kvasir-SEG,C:\VISKOM\kvasir-seg\images\cju5w7xn0lrkq0801f9k0htgx.jpg,C:\VISKOM\kvasir-seg\masks\cju5w7xn0lrkq0801f9k0htgx.jpg,KvasirSEG_cju5w7xn0lrkq0801f9k0htgx,image,train
Kvasir-SEG,C:\VISKOM\kvasir-seg\images\cju5waeduln160817w0agirve.jpg,C:\VISKOM\kvasir-seg\masks\cju5waeduln160817w0agirve.jpg,KvasirSEG_cju5waeduln160817w0agirve,image,val
Kvasir-SEG,C:\VISKOM\kvasir-seg\images\cju5wcc90lu020850mjrxppv6.jpg,C:\VISKOM\kvasir-seg\masks\cju5wcc90lu020850mjrxppv6.jpg,KvasirSEG_cju5wcc90lu020850mjrxppv6,image,train
Kvasir-SEG,C:\VISKOM\kvasir-seg\images\cju5wi6bqlxy90755bu227nvb.jpg,C:\VISKOM\kvasir-seg\masks\cju5wi6bqlxy90755bu227nvb.jpg,KvasirSEG_cju5wi6bqlxy90755bu227nvb,image,test
Kvasir-SEG,C:\VISKOM\kvasir-seg\images\cju5wj0faly5008187n6530af.jpg,C:\VISKOM\kvasir-seg\masks\cju5wj0faly5008187n6530af.jpg,KvasirSEG_cju5wj0faly5008187n6530af,image,test
Kvasir-SEG,C:\VISKOM\kvasir-seg\images\cju5wkonqlrl409877y8zvnub.jpg,C:\VISKOM\kvasir-seg\masks\cju5wkonqlrl409877y8zvnub.jpg,KvasirSEG_cju5wkonqlrl409877y8zvnub,image,train
Kvasir-SEG,C:\VISKOM\kvasir-seg\images\cju5wmvsdlx1j0871npgj8j4b.jpg,C:\VISKOM\kvasir-seg\masks\cju5wmvsdlx1j0871npgj8j4b.jpg,KvasirSEG_cju5wmvsdlx1j0871npgj8j4b,image,train
Kvasir-SEG,C:\VISKOM\kvasir-seg\images\cju5woy82m07m08505dmjg7g1.jpg,C:\VISKOM\kvasir-seg\masks\cju5woy82m07m08505dmjg7g1.jpg,KvasirSEG_cju5woy82m07m08505dmjg7g1,image,train
Kvasir-SEG,C:\VISKOM\kvasir-seg\images\cju5wphwwlu3m0987hh3ltg88.jpg,C:\VISKOM\kvasir-seg\masks\cju5wphwwlu3m0987hh3ltg88.jpg,KvasirSEG_cju5wphwwlu3m0987hh3ltg88,image,train
Kvasir-SEG,C:\VISKOM\kvasir-seg\images\cju5wqonpm0e60801z88ewmy1.jpg,C:\VISKOM\kvasir-seg\masks\cju5wqonpm0e60801z88ewmy1.jpg,KvasirSEG_cju5wqonpm0e60801z88ewmy1,image,test
Kvasir-SEG,C:\VISKOM\kvasir-seg\images\cju5wrapcm2290818jsh26ppb.jpg,C:\VISKOM\kvasir-seg\masks\cju5wrapcm2290818jsh26ppb.jpg,KvasirSEG_cju5wrapcm2290818jsh26ppb,image,val
Kvasir-SEG,C:\VISKOM\kvasir-seg\images\cju5wrrs0m2af0818vmnajbtw.jpg,C:\VISKOM\kvasir-seg\masks\cju5wrrs0m2af0818vmnajbtw.jpg,KvasirSEG_cju5wrrs0m2af0818vmnajbtw,image,train
Kvasir-SEG,C:\VISKOM\kvasir-seg\images\cju5wtdu4m0im0871mix0yvc0.jpg,C:\VISKOM\kvasir-seg\masks\cju5wtdu4m0im0871mix0yvc0.jpg,KvasirSEG_cju5wtdu4m0im0871mix0yvc0,image,train
Kvasir-SEG,C:\VISKOM\kvasir-seg\images\cju5wuhm1lwm40987vugqn3vv.jpg,C:\VISKOM\kvasir-seg\masks\cju5wuhm1lwm40987vugqn3vv.jpg,KvasirSEG_cju5wuhm1lwm40987vugqn3vv,image,test
Kvasir-SEG,C:\VISKOM\kvasir-seg\images\cju5x00l6m5j608503k78ptee.jpg,C:\VISKOM\kvasir-seg\masks\cju5x00l6m5j608503k78ptee.jpg,KvasirSEG_cju5x00l6m5j608503k78ptee,image,train
Kvasir-SEG,C:\VISKOM\kvasir-seg\images\cju5x15djm7ae0755h8czf6nt.jpg,C:\VISKOM\kvasir-seg\masks\cju5x15djm7ae0755h8czf6nt.jpg,KvasirSEG_cju5x15djm7ae0755h8czf6nt,image,test
Kvasir-SEG,C:\VISKOM\kvasir-seg\images\cju5x28nzm7t907558ocq4bt7.jpg,C:\VISKOM\kvasir-seg\masks\cju5x28nzm7t907558ocq4bt7.jpg,KvasirSEG_cju5x28nzm7t907558ocq4bt7,image,train
Kvasir-SEG,C:\VISKOM\kvasir-seg\images\cju5x7iskmad90818frchyfwd.jpg,C:\VISKOM\kvasir-seg\masks\cju5x7iskmad90818frchyfwd.jpg,KvasirSEG_cju5x7iskmad90818frchyfwd,image,val
Kvasir-SEG,C:\VISKOM\kvasir-seg\images\cju5xjn5mm78b09871spyqhhr.jpg,C:\VISKOM\kvasir-seg\masks\cju5xjn5mm78b09871spyqhhr.jpg,KvasirSEG_cju5xjn5mm78b09871spyqhhr,image,test
Kvasir-SEG,C:\VISKOM\kvasir-seg\images\cju5xkwzxmf0z0818gk4xabdm.jpg,C:\VISKOM\kvasir-seg\masks\cju5xkwzxmf0z0818gk4xabdm.jpg,KvasirSEG_cju5xkwzxmf0z0818gk4xabdm,image,train
Kvasir-SEG,C:\VISKOM\kvasir-seg\images\cju5xneamme2p0801qdf7fdwv.jpg,C:\VISKOM\kvasir-seg\masks\cju5xneamme2p0801qdf7fdwv.jpg,KvasirSEG_cju5xneamme2p0801qdf7fdwv,image,train
Kvasir-SEG,C:\VISKOM\kvasir-seg\images\cju5xopi0md7q0871r1sjc1av.jpg,C:\VISKOM\kvasir-seg\masks\cju5xopi0md7q0871r1sjc1av.jpg,KvasirSEG_cju5xopi0md7q0871r1sjc1av,image,train
Kvasir-SEG,C:\VISKOM\kvasir-seg\images\cju5xq3tdm9fn0987pbedxdg5.jpg,C:\VISKOM\kvasir-seg\masks\cju5xq3tdm9fn0987pbedxdg5.jpg,KvasirSEG_cju5xq3tdm9fn0987pbedxdg5,image,train
Kvasir-SEG,C:\VISKOM\kvasir-seg\images\cju5y4hgqmk0i08180rjhbwvp.jpg,C:\VISKOM\kvasir-seg\masks\cju5y4hgqmk0i08180rjhbwvp.jpg,KvasirSEG_cju5y4hgqmk0i08180rjhbwvp,image,train
Kvasir-SEG,C:\VISKOM\kvasir-seg\images\cju5y7buemcw80987p0r30g9f.jpg,C:\VISKOM\kvasir-seg\masks\cju5y7buemcw80987p0r30g9f.jpg,KvasirSEG_cju5y7buemcw80987p0r30g9f,image,train
Kvasir-SEG,C:\VISKOM\kvasir-seg\images\cju5y84q3mdv50817eyp82xf3.jpg,C:\VISKOM\kvasir-seg\masks\cju5y84q3mdv50817eyp82xf3.jpg,KvasirSEG_cju5y84q3mdv50817eyp82xf3,image,train
Kvasir-SEG,C:\VISKOM\kvasir-seg\images\cju5yclrymlgj0818k426ud6z.jpg,C:\VISKOM\kvasir-seg\masks\cju5yclrymlgj0818k426ud6z.jpg,KvasirSEG_cju5yclrymlgj0818k426ud6z,image,train
Kvasir-SEG,C:\VISKOM\kvasir-seg\images\cju5yeqiwmkgl0801fzv2douc.jpg,C:\VISKOM\kvasir-seg\masks\cju5yeqiwmkgl0801fzv2douc.jpg,KvasirSEG_cju5yeqiwmkgl0801fzv2douc,image,test
Kvasir-SEG,C:\VISKOM\kvasir-seg\images\cju5ygh1zmmdi0755uod5e17i.jpg,C:\VISKOM\kvasir-seg\masks\cju5ygh1zmmdi0755uod5e17i.jpg,KvasirSEG_cju5ygh1zmmdi0755uod5e17i,image,train
Kvasir-SEG,C:\VISKOM\kvasir-seg\images\cju5yhgznmkzb0801cji2vi8j.jpg,C:\VISKOM\kvasir-seg\masks\cju5yhgznmkzb0801cji2vi8j.jpg,KvasirSEG_cju5yhgznmkzb0801cji2vi8j,image,train
Kvasir-SEG,C:\VISKOM\kvasir-seg\images\cju5yimthmlv80850zhoc90c2.jpg,C:\VISKOM\kvasir-seg\masks\cju5yimthmlv80850zhoc90c2.jpg,KvasirSEG_cju5yimthmlv80850zhoc90c2,image,train
Kvasir-SEG,C:\VISKOM\kvasir-seg\images\cju5yjq1pmlgc0801z0t24bly.jpg,C:\VISKOM\kvasir-seg\masks\cju5yjq1pmlgc0801z0t24bly.jpg,KvasirSEG_cju5yjq1pmlgc0801z0t24bly,image,test
Kvasir-SEG,C:\VISKOM\kvasir-seg\images\cju5ymyd8mmdc0801ry3by1xr.jpg,C:\VISKOM\kvasir-seg\masks\cju5ymyd8mmdc0801ry3by1xr.jpg,KvasirSEG_cju5ymyd8mmdc0801ry3by1xr,image,train
Kvasir-SEG,C:\VISKOM\kvasir-seg\images\cju6ur9l9v9jq0755paud9uka.jpg,C:\VISKOM\kvasir-seg\masks\cju6ur9l9v9jq0755paud9uka.jpg,KvasirSEG_cju6ur9l9v9jq0755paud9uka,image,train
Kvasir-SEG,C:\VISKOM\kvasir-seg\images\cju6us80mv1b50871ebyq2wxa.jpg,C:\VISKOM\kvasir-seg\masks\cju6us80mv1b50871ebyq2wxa.jpg,KvasirSEG_cju6us80mv1b50871ebyq2wxa,image,train
Kvasir-SEG,C:\VISKOM\kvasir-seg\images\cju6ut4l8va6y0755tyw3vfqq.jpg,C:\VISKOM\kvasir-seg\masks\cju6ut4l8va6y0755tyw3vfqq.jpg,KvasirSEG_cju6ut4l8va6y0755tyw3vfqq,image,test
Kvasir-SEG,C:\VISKOM\kvasir-seg\images\cju6uy20suzbl0987rzuhz7z9.jpg,C:\VISKOM\kvasir-seg\masks\cju6uy20suzbl0987rzuhz7z9.jpg,KvasirSEG_cju6uy20suzbl0987rzuhz7z9,image,train
Kvasir-SEG,C:\VISKOM\kvasir-seg\images\cju6uzxk0v83p0801rcwnexdu.jpg,C:\VISKOM\kvasir-seg\masks\cju6uzxk0v83p0801rcwnexdu.jpg,KvasirSEG_cju6uzxk0v83p0801rcwnexdu,image,train
Kvasir-SEG,C:\VISKOM\kvasir-seg\images\cju6v1m1xv07w09870ah3njy1.jpg,C:\VISKOM\kvasir-seg\masks\cju6v1m1xv07w09870ah3njy1.jpg,KvasirSEG_cju6v1m1xv07w09870ah3njy1,image,train
Kvasir-SEG,C:\VISKOM\kvasir-seg\images\cju6v3bb2v7xo085090blubyw.jpg,C:\VISKOM\kvasir-seg\masks\cju6v3bb2v7xo085090blubyw.jpg,KvasirSEG_cju6v3bb2v7xo085090blubyw,image,train
Kvasir-SEG,C:\VISKOM\kvasir-seg\images\cju6v4szov55u0871qmqz3v8n.jpg,C:\VISKOM\kvasir-seg\masks\cju6v4szov55u0871qmqz3v8n.jpg,KvasirSEG_cju6v4szov55u0871qmqz3v8n,image,test
Kvasir-SEG,C:\VISKOM\kvasir-seg\images\cju6v5ilsv8hk0850rb5sgh6o.jpg,C:\VISKOM\kvasir-seg\masks\cju6v5ilsv8hk0850rb5sgh6o.jpg,KvasirSEG_cju6v5ilsv8hk0850rb5sgh6o,image,train
Kvasir-SEG,C:\VISKOM\kvasir-seg\images\cju6v6g6kvdw007552x6mb0po.jpg,C:\VISKOM\kvasir-seg\masks\cju6v6g6kvdw007552x6mb0po.jpg,KvasirSEG_cju6v6g6kvdw007552x6mb0po,image,train
Kvasir-SEG,C:\VISKOM\kvasir-seg\images\cju6vgdmivcvb08018fra5lnv.jpg,C:\VISKOM\kvasir-seg\masks\cju6vgdmivcvb08018fra5lnv.jpg,KvasirSEG_cju6vgdmivcvb08018fra5lnv,image,train
Kvasir-SEG,C:\VISKOM\kvasir-seg\images\cju6vifjlv55z0987un6y4zdo.jpg,C:\VISKOM\kvasir-seg\masks\cju6vifjlv55z0987un6y4zdo.jpg,KvasirSEG_cju6vifjlv55z0987un6y4zdo,image,train
Kvasir-SEG,C:\VISKOM\kvasir-seg\images\cju6vqarjv7yo0987q4b1btk1.jpg,C:\VISKOM\kvasir-seg\masks\cju6vqarjv7yo0987q4b1btk1.jpg,KvasirSEG_cju6vqarjv7yo0987q4b1btk1,image,val
Kvasir-SEG,C:\VISKOM\kvasir-seg\images\cju6vrs1ov8cr098788h8gs6j.jpg,C:\VISKOM\kvasir-seg\masks\cju6vrs1ov8cr098788h8gs6j.jpg,KvasirSEG_cju6vrs1ov8cr098788h8gs6j,image,train
Kvasir-SEG,C:\VISKOM\kvasir-seg\images\cju6vta3kvazg0817qbeppjtm.jpg,C:\VISKOM\kvasir-seg\masks\cju6vta3kvazg0817qbeppjtm.jpg,KvasirSEG_cju6vta3kvazg0817qbeppjtm,image,train
Kvasir-SEG,C:\VISKOM\kvasir-seg\images\cju6vucxvvlda0755j7msqnya.jpg,C:\VISKOM\kvasir-seg\masks\cju6vucxvvlda0755j7msqnya.jpg,KvasirSEG_cju6vucxvvlda0755j7msqnya,image,train
Kvasir-SEG,C:\VISKOM\kvasir-seg\images\cju6vvb8svhed0801jjcquh5e.jpg,C:\VISKOM\kvasir-seg\masks\cju6vvb8svhed0801jjcquh5e.jpg,KvasirSEG_cju6vvb8svhed0801jjcquh5e,image,test
Kvasir-SEG,C:\VISKOM\kvasir-seg\images\cju6vvxsev9y30987kespucdg.jpg,C:\VISKOM\kvasir-seg\masks\cju6vvxsev9y30987kespucdg.jpg,KvasirSEG_cju6vvxsev9y30987kespucdg,image,test
Kvasir-SEG,C:\VISKOM\kvasir-seg\images\cju6w733bveoz0817e600tw72.jpg,C:\VISKOM\kvasir-seg\masks\cju6w733bveoz0817e600tw72.jpg,KvasirSEG_cju6w733bveoz0817e600tw72,image,train
Kvasir-SEG,C:\VISKOM\kvasir-seg\images\cju6wi3akvn8r0801px8eligc.jpg,C:\VISKOM\kvasir-seg\masks\cju6wi3akvn8r0801px8eligc.jpg,KvasirSEG_cju6wi3akvn8r0801px8eligc,image,train
Kvasir-SEG,C:\VISKOM\kvasir-seg\images\cju6wjm81vgsc0987enk9n3pr.jpg,C:\VISKOM\kvasir-seg\masks\cju6wjm81vgsc0987enk9n3pr.jpg,KvasirSEG_cju6wjm81vgsc0987enk9n3pr,image,train
Kvasir-SEG,C:\VISKOM\kvasir-seg\images\cju6wll7wvo3y08502pagos8m.jpg,C:\VISKOM\kvasir-seg\masks\cju6wll7wvo3y08502pagos8m.jpg,KvasirSEG_cju6wll7wvo3y08502pagos8m,image,train
Kvasir-SEG,C:\VISKOM\kvasir-seg\images\cju6wn57mvooj0850rp78hhy7.jpg,C:\VISKOM\kvasir-seg\masks\cju6wn57mvooj0850rp78hhy7.jpg,KvasirSEG_cju6wn57mvooj0850rp78hhy7,image,train
Kvasir-SEG,C:\VISKOM\kvasir-seg\images\cju6wt9jvvn500871hjn3t3g0.jpg,C:\VISKOM\kvasir-seg\masks\cju6wt9jvvn500871hjn3t3g0.jpg,KvasirSEG_cju6wt9jvvn500871hjn3t3g0,image,train
Kvasir-SEG,C:\VISKOM\kvasir-seg\images\cju6wuojavt740818b5qcv3iw.jpg,C:\VISKOM\kvasir-seg\masks\cju6wuojavt740818b5qcv3iw.jpg,KvasirSEG_cju6wuojavt740818b5qcv3iw,image,test
Kvasir-SEG,C:\VISKOM\kvasir-seg\images\cju6x0yqbvxqt0755dhxislgb.jpg,C:\VISKOM\kvasir-seg\masks\cju6x0yqbvxqt0755dhxislgb.jpg,KvasirSEG_cju6x0yqbvxqt0755dhxislgb,image,test
Kvasir-SEG,C:\VISKOM\kvasir-seg\images\cju6x35ervu2808015c7eoqe4.jpg,C:\VISKOM\kvasir-seg\masks\cju6x35ervu2808015c7eoqe4.jpg,KvasirSEG_cju6x35ervu2808015c7eoqe4,image,train
Kvasir-SEG,C:\VISKOM\kvasir-seg\images\cju6x4t13vyw60755gtcf9ndu.jpg,C:\VISKOM\kvasir-seg\masks\cju6x4t13vyw60755gtcf9ndu.jpg,KvasirSEG_cju6x4t13vyw60755gtcf9ndu,image,train
Kvasir-SEG,C:\VISKOM\kvasir-seg\images\cju6x97w4vwua0850x0997r0a.jpg,C:\VISKOM\kvasir-seg\masks\cju6x97w4vwua0850x0997r0a.jpg,KvasirSEG_cju6x97w4vwua0850x0997r0a,image,train
Kvasir-SEG,C:\VISKOM\kvasir-seg\images\cju6xa0qmvzun0818xjukgncj.jpg,C:\VISKOM\kvasir-seg\masks\cju6xa0qmvzun0818xjukgncj.jpg,KvasirSEG_cju6xa0qmvzun0818xjukgncj,image,train
Kvasir-SEG,C:\VISKOM\kvasir-seg\images\cju6xifswvwbo0987nibtdr50.jpg,C:\VISKOM\kvasir-seg\masks\cju6xifswvwbo0987nibtdr50.jpg,KvasirSEG_cju6xifswvwbo0987nibtdr50,image,test
Kvasir-SEG,C:\VISKOM\kvasir-seg\images\cju6xlygpw7bs0818n691jsq4.jpg,C:\VISKOM\kvasir-seg\masks\cju6xlygpw7bs0818n691jsq4.jpg,KvasirSEG_cju6xlygpw7bs0818n691jsq4,image,test
Kvasir-SEG,C:\VISKOM\kvasir-seg\images\cju6xmqd9w0250817l5kxfnsk.jpg,C:\VISKOM\kvasir-seg\masks\cju6xmqd9w0250817l5kxfnsk.jpg,KvasirSEG_cju6xmqd9w0250817l5kxfnsk,image,train
Kvasir-SEG,C:\VISKOM\kvasir-seg\images\cju6ywm40wdbo0987pbftsvtg.jpg,C:\VISKOM\kvasir-seg\masks\cju6ywm40wdbo0987pbftsvtg.jpg,KvasirSEG_cju6ywm40wdbo0987pbftsvtg,image,test
Kvasir-SEG,C:\VISKOM\kvasir-seg\images\cju6yxyt0wh080871sqpepu47.jpg,C:\VISKOM\kvasir-seg\masks\cju6yxyt0wh080871sqpepu47.jpg,KvasirSEG_cju6yxyt0wh080871sqpepu47,image,train
Kvasir-SEG,C:\VISKOM\kvasir-seg\images\cju6yywx1whbb0871ksgfgf9f.jpg,C:\VISKOM\kvasir-seg\masks\cju6yywx1whbb0871ksgfgf9f.jpg,KvasirSEG_cju6yywx1whbb0871ksgfgf9f,image,train
Kvasir-SEG,C:\VISKOM\kvasir-seg\images\cju6z1bzbwfq50817b2alatvr.jpg,C:\VISKOM\kvasir-seg\masks\cju6z1bzbwfq50817b2alatvr.jpg,KvasirSEG_cju6z1bzbwfq50817b2alatvr,image,val
Kvasir-SEG,C:\VISKOM\kvasir-seg\images\cju6z2616wqbk07555bvnuyr1.jpg,C:\VISKOM\kvasir-seg\masks\cju6z2616wqbk07555bvnuyr1.jpg,KvasirSEG_cju6z2616wqbk07555bvnuyr1,image,test
Kvasir-SEG,C:\VISKOM\kvasir-seg\images\cju6z600qwh4z081700qimgl9.jpg,C:\VISKOM\kvasir-seg\masks\cju6z600qwh4z081700qimgl9.jpg,KvasirSEG_cju6z600qwh4z081700qimgl9,image,train
Kvasir-SEG,C:\VISKOM\kvasir-seg\images\cju6z7e4bwgdd0987ogkzq9kt.jpg,C:\VISKOM\kvasir-seg\masks\cju6z7e4bwgdd0987ogkzq9kt.jpg,KvasirSEG_cju6z7e4bwgdd0987ogkzq9kt,image,train
Kvasir-SEG,C:\VISKOM\kvasir-seg\images\cju6z9a9kwsl007552s49rx6i.jpg,C:\VISKOM\kvasir-seg\masks\cju6z9a9kwsl007552s49rx6i.jpg,KvasirSEG_cju6z9a9kwsl007552s49rx6i,image,train
Kvasir-SEG,C:\VISKOM\kvasir-seg\images\cju76erapykj30871x5eaxh4q.jpg,C:\VISKOM\kvasir-seg\masks\cju76erapykj30871x5eaxh4q.jpg,KvasirSEG_cju76erapykj30871x5eaxh4q,image,test
Kvasir-SEG,C:\VISKOM\kvasir-seg\images\cju76l27oyrw907551ri2a7fl.jpg,C:\VISKOM\kvasir-seg\masks\cju76l27oyrw907551ri2a7fl.jpg,KvasirSEG_cju76l27oyrw907551ri2a7fl,image,train
Kvasir-SEG,C:\VISKOM\kvasir-seg\images\cju76lsehyia10987u54vn8rb.jpg,C:\VISKOM\kvasir-seg\masks\cju76lsehyia10987u54vn8rb.jpg,KvasirSEG_cju76lsehyia10987u54vn8rb,image,test
Kvasir-SEG,C:\VISKOM\kvasir-seg\images\cju76o55nymqd0871h31sph9w.jpg,C:\VISKOM\kvasir-seg\masks\cju76o55nymqd0871h31sph9w.jpg,KvasirSEG_cju76o55nymqd0871h31sph9w,image,train
Kvasir-SEG,C:\VISKOM\kvasir-seg\images\cju77196iyshb0850ycbto50a.jpg,C:\VISKOM\kvasir-seg\masks\cju77196iyshb0850ycbto50a.jpg,KvasirSEG_cju77196iyshb0850ycbto50a,image,val
Kvasir-SEG,C:\VISKOM\kvasir-seg\images\cju772304yw5t0818vbw8kkjf.jpg,C:\VISKOM\kvasir-seg\masks\cju772304yw5t0818vbw8kkjf.jpg,KvasirSEG_cju772304yw5t0818vbw8kkjf,image,train
Kvasir-SEG,C:\VISKOM\kvasir-seg\images\cju773hsyyosz0817pk1e7sjq.jpg,C:\VISKOM\kvasir-seg\masks\cju773hsyyosz0817pk1e7sjq.jpg,KvasirSEG_cju773hsyyosz0817pk1e7sjq,image,train
Kvasir-SEG,C:\VISKOM\kvasir-seg\images\cju774fmayxif0818u2g79usw.jpg,C:\VISKOM\kvasir-seg\masks\cju774fmayxif0818u2g79usw.jpg,KvasirSEG_cju774fmayxif0818u2g79usw,image,train
Kvasir-SEG,C:\VISKOM\kvasir-seg\images\cju7787c5yy3l080159mwqsnj.jpg,C:\VISKOM\kvasir-seg\masks\cju7787c5yy3l080159mwqsnj.jpg,KvasirSEG_cju7787c5yy3l080159mwqsnj,image,test
Kvasir-SEG,C:\VISKOM\kvasir-seg\images\cju77afzlz3kp07550x5nafzs.jpg,C:\VISKOM\kvasir-seg\masks\cju77afzlz3kp07550x5nafzs.jpg,KvasirSEG_cju77afzlz3kp07550x5nafzs,image,train
Kvasir-SEG,C:\VISKOM\kvasir-seg\images\cju77b3wyz4160755qis4ljsb.jpg,C:\VISKOM\kvasir-seg\masks\cju77b3wyz4160755qis4ljsb.jpg,KvasirSEG_cju77b3wyz4160755qis4ljsb,image,test
Kvasir-SEG,C:\VISKOM\kvasir-seg\images\cju77bvg0yv4r0987yh60xmjo.jpg,C:\VISKOM\kvasir-seg\masks\cju77bvg0yv4r0987yh60xmjo.jpg,KvasirSEG_cju77bvg0yv4r0987yh60xmjo,image,train
Kvasir-SEG,C:\VISKOM\kvasir-seg\images\cju77g99iyxc00817zqi2ppor.jpg,C:\VISKOM\kvasir-seg\masks\cju77g99iyxc00817zqi2ppor.jpg,KvasirSEG_cju77g99iyxc00817zqi2ppor,image,train
Kvasir-SEG,C:\VISKOM\kvasir-seg\images\cju77idwfz36d0871tzfzz51i.jpg,C:\VISKOM\kvasir-seg\masks\cju77idwfz36d0871tzfzz51i.jpg,KvasirSEG_cju77idwfz36d0871tzfzz51i,image,train
Kvasir-SEG,C:\VISKOM\kvasir-seg\images\cju77j66ez52p08019xygi0co.jpg,C:\VISKOM\kvasir-seg\masks\cju77j66ez52p08019xygi0co.jpg,KvasirSEG_cju77j66ez52p08019xygi0co,image,train
Kvasir-SEG,C:\VISKOM\kvasir-seg\images\cju77k828z46w0871r0avuoo9.jpg,C:\VISKOM\kvasir-seg\masks\cju77k828z46w0871r0avuoo9.jpg,KvasirSEG_cju77k828z46w0871r0avuoo9,image,train
Kvasir-SEG,C:\VISKOM\kvasir-seg\images\cju77q10sz9ug0801449wu1nu.jpg,C:\VISKOM\kvasir-seg\masks\cju77q10sz9ug0801449wu1nu.jpg,KvasirSEG_cju77q10sz9ug0801449wu1nu,image,train
Kvasir-SEG,C:\VISKOM\kvasir-seg\images\cju77re6fz5bb0817vp9redjg.jpg,C:\VISKOM\kvasir-seg\masks\cju77re6fz5bb0817vp9redjg.jpg,KvasirSEG_cju77re6fz5bb0817vp9redjg,image,test
Kvasir-SEG,C:\VISKOM\kvasir-seg\images\cju77t0razbvm080106o56289.jpg,C:\VISKOM\kvasir-seg\masks\cju77t0razbvm080106o56289.jpg,KvasirSEG_cju77t0razbvm080106o56289,image,test
Kvasir-SEG,C:\VISKOM\kvasir-seg\images\cju77u1sjz77b0817ft44r3fk.jpg,C:\VISKOM\kvasir-seg\masks\cju77u1sjz77b0817ft44r3fk.jpg,KvasirSEG_cju77u1sjz77b0817ft44r3fk,image,test
Kvasir-SEG,C:\VISKOM\kvasir-seg\images\cju77vvcwzcm50850lzoykuva.jpg,C:\VISKOM\kvasir-seg\masks\cju77vvcwzcm50850lzoykuva.jpg,KvasirSEG_cju77vvcwzcm50850lzoykuva,image,train
Kvasir-SEG,C:\VISKOM\kvasir-seg\images\cju783tmkzkqu081803g7q5vk.jpg,C:\VISKOM\kvasir-seg\masks\cju783tmkzkqu081803g7q5vk.jpg,KvasirSEG_cju783tmkzkqu081803g7q5vk,image,train
Kvasir-SEG,C:\VISKOM\kvasir-seg\images\cju784jpdzeae0987q5ypq883.jpg,C:\VISKOM\kvasir-seg\masks\cju784jpdzeae0987q5ypq883.jpg,KvasirSEG_cju784jpdzeae0987q5ypq883,image,train
Kvasir-SEG,C:\VISKOM\kvasir-seg\images\cju785htizjzo08017tvlhtg4.jpg,C:\VISKOM\kvasir-seg\masks\cju785htizjzo08017tvlhtg4.jpg,KvasirSEG_cju785htizjzo08017tvlhtg4,image,train
Kvasir-SEG,C:\VISKOM\kvasir-seg\images\cju787jnjzjuj0871p94nck9g.jpg,C:\VISKOM\kvasir-seg\masks\cju787jnjzjuj0871p94nck9g.jpg,KvasirSEG_cju787jnjzjuj0871p94nck9g,image,train
Kvasir-SEG,C:\VISKOM\kvasir-seg\images\cju7adqyj1jcx08712r1ro5gx.jpg,C:\VISKOM\kvasir-seg\masks\cju7adqyj1jcx08712r1ro5gx.jpg,KvasirSEG_cju7adqyj1jcx08712r1ro5gx,image,train
Kvasir-SEG,C:\VISKOM\kvasir-seg\images\cju7ae7bq1f820987toc8si1d.jpg,C:\VISKOM\kvasir-seg\masks\cju7ae7bq1f820987toc8si1d.jpg,KvasirSEG_cju7ae7bq1f820987toc8si1d,image,train
Kvasir-SEG,C:\VISKOM\kvasir-seg\images\cju7aez2x1jtj0871ztezs3oi.jpg,C:\VISKOM\kvasir-seg\masks\cju7aez2x1jtj0871ztezs3oi.jpg,KvasirSEG_cju7aez2x1jtj0871ztezs3oi,image,test
Kvasir-SEG,C:\VISKOM\kvasir-seg\images\cju7afqon1ip40850ue2308b6.jpg,C:\VISKOM\kvasir-seg\masks\cju7afqon1ip40850ue2308b6.jpg,KvasirSEG_cju7afqon1ip40850ue2308b6,image,train
Kvasir-SEG,C:\VISKOM\kvasir-seg\images\cju7agj961l2r0818z29iq8yn.jpg,C:\VISKOM\kvasir-seg\masks\cju7agj961l2r0818z29iq8yn.jpg,KvasirSEG_cju7agj961l2r0818z29iq8yn,image,test
Kvasir-SEG,C:\VISKOM\kvasir-seg\images\cju7ahtkb1jr90801jck4kbds.jpg,C:\VISKOM\kvasir-seg\masks\cju7ahtkb1jr90801jck4kbds.jpg,KvasirSEG_cju7ahtkb1jr90801jck4kbds,image,train
Kvasir-SEG,C:\VISKOM\kvasir-seg\images\cju7aifyo1p3n07552nxjx51f.jpg,C:\VISKOM\kvasir-seg\masks\cju7aifyo1p3n07552nxjx51f.jpg,KvasirSEG_cju7aifyo1p3n07552nxjx51f,image,train
Kvasir-SEG,C:\VISKOM\kvasir-seg\images\cju7ajnbo1gvm098749rdouk0.jpg,C:\VISKOM\kvasir-seg\masks\cju7ajnbo1gvm098749rdouk0.jpg,KvasirSEG_cju7ajnbo1gvm098749rdouk0,image,test
Kvasir-SEG,C:\VISKOM\kvasir-seg\images\cju7aklv31h4309871m29l4e7.jpg,C:\VISKOM\kvasir-seg\masks\cju7aklv31h4309871m29l4e7.jpg,KvasirSEG_cju7aklv31h4309871m29l4e7,image,train
Kvasir-SEG,C:\VISKOM\kvasir-seg\images\cju7alcgr1lsr0871riqk84z7.jpg,C:\VISKOM\kvasir-seg\masks\cju7alcgr1lsr0871riqk84z7.jpg,KvasirSEG_cju7alcgr1lsr0871riqk84z7,image,train
Kvasir-SEG,C:\VISKOM\kvasir-seg\images\cju7amjna1ly40871ugiokehb.jpg,C:\VISKOM\kvasir-seg\masks\cju7amjna1ly40871ugiokehb.jpg,KvasirSEG_cju7amjna1ly40871ugiokehb,image,val
Kvasir-SEG,C:\VISKOM\kvasir-seg\images\cju7ap09p1kz10850ldccjebj.jpg,C:\VISKOM\kvasir-seg\masks\cju7ap09p1kz10850ldccjebj.jpg,KvasirSEG_cju7ap09p1kz10850ldccjebj,image,train
Kvasir-SEG,C:\VISKOM\kvasir-seg\images\cju7apr0c1qqm0755s7msqot4.jpg,C:\VISKOM\kvasir-seg\masks\cju7apr0c1qqm0755s7msqot4.jpg,KvasirSEG_cju7apr0c1qqm0755s7msqot4,image,test
Kvasir-SEG,C:\VISKOM\kvasir-seg\images\cju7aqkue1i2k09879uzcpt8r.jpg,C:\VISKOM\kvasir-seg\masks\cju7aqkue1i2k09879uzcpt8r.jpg,KvasirSEG_cju7aqkue1i2k09879uzcpt8r,image,train
Kvasir-SEG,C:\VISKOM\kvasir-seg\images\cju7arvfe1ldu0850erdmphgj.jpg,C:\VISKOM\kvasir-seg\masks\cju7arvfe1ldu0850erdmphgj.jpg,KvasirSEG_cju7arvfe1ldu0850erdmphgj,image,train
Kvasir-SEG,C:\VISKOM\kvasir-seg\images\cju7atnm31if40817pqclnjer.jpg,C:\VISKOM\kvasir-seg\masks\cju7atnm31if40817pqclnjer.jpg,KvasirSEG_cju7atnm31if40817pqclnjer,image,train
Kvasir-SEG,C:\VISKOM\kvasir-seg\images\cju7avvi51iox0817ym55y6tt.jpg,C:\VISKOM\kvasir-seg\masks\cju7avvi51iox0817ym55y6tt.jpg,KvasirSEG_cju7avvi51iox0817ym55y6tt,image,train
Kvasir-SEG,C:\VISKOM\kvasir-seg\images\cju7awzmu1ncs0871hziy65zx.jpg,C:\VISKOM\kvasir-seg\masks\cju7awzmu1ncs0871hziy65zx.jpg,KvasirSEG_cju7awzmu1ncs0871hziy65zx,image,train
Kvasir-SEG,C:\VISKOM\kvasir-seg\images\cju7azuu31mia0801pf9ib5ed.jpg,C:\VISKOM\kvasir-seg\masks\cju7azuu31mia0801pf9ib5ed.jpg,KvasirSEG_cju7azuu31mia0801pf9ib5ed,image,train
Kvasir-SEG,C:\VISKOM\kvasir-seg\images\cju7b10ce1mnm08011c5bwyr4.jpg,C:\VISKOM\kvasir-seg\masks\cju7b10ce1mnm08011c5bwyr4.jpg,KvasirSEG_cju7b10ce1mnm08011c5bwyr4,image,train
Kvasir-SEG,C:\VISKOM\kvasir-seg\images\cju7b1ygu1msd0801hywhy0mc.jpg,C:\VISKOM\kvasir-seg\masks\cju7b1ygu1msd0801hywhy0mc.jpg,KvasirSEG_cju7b1ygu1msd0801hywhy0mc,image,train
Kvasir-SEG,C:\VISKOM\kvasir-seg\images\cju7b2l561oas0871decgslaf.jpg,C:\VISKOM\kvasir-seg\masks\cju7b2l561oas0871decgslaf.jpg,KvasirSEG_cju7b2l561oas0871decgslaf,image,train
Kvasir-SEG,C:\VISKOM\kvasir-seg\images\cju7b3f5h1sm40755i572jden.jpg,C:\VISKOM\kvasir-seg\masks\cju7b3f5h1sm40755i572jden.jpg,KvasirSEG_cju7b3f5h1sm40755i572jden,image,train
Kvasir-SEG,C:\VISKOM\kvasir-seg\images\cju7b4mtw1n9n080186209f3d.jpg,C:\VISKOM\kvasir-seg\masks\cju7b4mtw1n9n080186209f3d.jpg,KvasirSEG_cju7b4mtw1n9n080186209f3d,image,val
Kvasir-SEG,C:\VISKOM\kvasir-seg\images\cju7b5afm1nfw0801xqm8bf8q.jpg,C:\VISKOM\kvasir-seg\masks\cju7b5afm1nfw0801xqm8bf8q.jpg,KvasirSEG_cju7b5afm1nfw0801xqm8bf8q,image,train
Kvasir-SEG,C:\VISKOM\kvasir-seg\images\cju7b9vcs1luz0987ta60j1dy.jpg,C:\VISKOM\kvasir-seg\masks\cju7b9vcs1luz0987ta60j1dy.jpg,KvasirSEG_cju7b9vcs1luz0987ta60j1dy,image,train
Kvasir-SEG,C:\VISKOM\kvasir-seg\images\cju7bb3ss1uoo0755pmhyco7t.jpg,C:\VISKOM\kvasir-seg\masks\cju7bb3ss1uoo0755pmhyco7t.jpg,KvasirSEG_cju7bb3ss1uoo0755pmhyco7t,image,train
Kvasir-SEG,C:\VISKOM\kvasir-seg\images\cju7bc95p1mdm0817yqj5jc6j.jpg,C:\VISKOM\kvasir-seg\masks\cju7bc95p1mdm0817yqj5jc6j.jpg,KvasirSEG_cju7bc95p1mdm0817yqj5jc6j,image,train
Kvasir-SEG,C:\VISKOM\kvasir-seg\images\cju7bd1qu1mx409877xjxibox.jpg,C:\VISKOM\kvasir-seg\masks\cju7bd1qu1mx409877xjxibox.jpg,KvasirSEG_cju7bd1qu1mx409877xjxibox,image,test
Kvasir-SEG,C:\VISKOM\kvasir-seg\images\cju7bduyq1rjf08719giru9ho.jpg,C:\VISKOM\kvasir-seg\masks\cju7bduyq1rjf08719giru9ho.jpg,KvasirSEG_cju7bduyq1rjf08719giru9ho,image,test
Kvasir-SEG,C:\VISKOM\kvasir-seg\images\cju7bf1lp1shi081835vs84lc.jpg,C:\VISKOM\kvasir-seg\masks\cju7bf1lp1shi081835vs84lc.jpg,KvasirSEG_cju7bf1lp1shi081835vs84lc,image,train
Kvasir-SEG,C:\VISKOM\kvasir-seg\images\cju7bfx651qr80801cs7epotb.jpg,C:\VISKOM\kvasir-seg\masks\cju7bfx651qr80801cs7epotb.jpg,KvasirSEG_cju7bfx651qr80801cs7epotb,image,test
Kvasir-SEG,C:\VISKOM\kvasir-seg\images\cju7bgnvb1sf808717qa799ir.jpg,C:\VISKOM\kvasir-seg\masks\cju7bgnvb1sf808717qa799ir.jpg,KvasirSEG_cju7bgnvb1sf808717qa799ir,image,val
Kvasir-SEG,C:\VISKOM\kvasir-seg\images\cju7bmi1v1pnj0987pa52jjok.jpg,C:\VISKOM\kvasir-seg\masks\cju7bmi1v1pnj0987pa52jjok.jpg,KvasirSEG_cju7bmi1v1pnj0987pa52jjok,image,train
Kvasir-SEG,C:\VISKOM\kvasir-seg\images\cju7cl8zm1xcu0817ado0jpas.jpg,C:\VISKOM\kvasir-seg\masks\cju7cl8zm1xcu0817ado0jpas.jpg,KvasirSEG_cju7cl8zm1xcu0817ado0jpas,image,train
Kvasir-SEG,C:\VISKOM\kvasir-seg\images\cju7cp6dw244p0818gncdol4m.jpg,C:\VISKOM\kvasir-seg\masks\cju7cp6dw244p0818gncdol4m.jpg,KvasirSEG_cju7cp6dw244p0818gncdol4m,image,train
Kvasir-SEG,C:\VISKOM\kvasir-seg\images\cju7cq6su27qv075574dir0r3.jpg,C:\VISKOM\kvasir-seg\masks\cju7cq6su27qv075574dir0r3.jpg,KvasirSEG_cju7cq6su27qv075574dir0r3,image,test
Kvasir-SEG,C:\VISKOM\kvasir-seg\images\cju7crgxa28550755wbsgqkel.jpg,C:\VISKOM\kvasir-seg\masks\cju7crgxa28550755wbsgqkel.jpg,KvasirSEG_cju7crgxa28550755wbsgqkel,image,train
Kvasir-SEG,C:\VISKOM\kvasir-seg\images\cju7csvlb22fr0850lvm45n3x.jpg,C:\VISKOM\kvasir-seg\masks\cju7csvlb22fr0850lvm45n3x.jpg,KvasirSEG_cju7csvlb22fr0850lvm45n3x,image,train
Kvasir-SEG,C:\VISKOM\kvasir-seg\images\cju7ctvqn25dy08186g442m1r.jpg,C:\VISKOM\kvasir-seg\masks\cju7ctvqn25dy08186g442m1r.jpg,KvasirSEG_cju7ctvqn25dy08186g442m1r,image,train
Kvasir-SEG,C:\VISKOM\kvasir-seg\images\cju7cue9b232j0801qdzk1ykj.jpg,C:\VISKOM\kvasir-seg\masks\cju7cue9b232j0801qdzk1ykj.jpg,KvasirSEG_cju7cue9b232j0801qdzk1ykj,image,train
Kvasir-SEG,C:\VISKOM\kvasir-seg\images\cju7cufm7298k0755j09uf3of.jpg,C:\VISKOM\kvasir-seg\masks\cju7cufm7298k0755j09uf3of.jpg,KvasirSEG_cju7cufm7298k0755j09uf3of,image,train
Kvasir-SEG,C:\VISKOM\kvasir-seg\images\cju7d1tvt25bu08019dvw3uff.jpg,C:\VISKOM\kvasir-seg\masks\cju7d1tvt25bu08019dvw3uff.jpg,KvasirSEG_cju7d1tvt25bu08019dvw3uff,image,train
Kvasir-SEG,C:\VISKOM\kvasir-seg\images\cju7d2q1k27nf08715zshsckt.jpg,C:\VISKOM\kvasir-seg\masks\cju7d2q1k27nf08715zshsckt.jpg,KvasirSEG_cju7d2q1k27nf08715zshsckt,image,train
Kvasir-SEG,C:\VISKOM\kvasir-seg\images\cju7d3oc82cho0755dajlwldz.jpg,C:\VISKOM\kvasir-seg\masks\cju7d3oc82cho0755dajlwldz.jpg,KvasirSEG_cju7d3oc82cho0755dajlwldz,image,train
Kvasir-SEG,C:\VISKOM\kvasir-seg\images\cju7d4jk723eu0817bqz2n39m.jpg,C:\VISKOM\kvasir-seg\masks\cju7d4jk723eu0817bqz2n39m.jpg,KvasirSEG_cju7d4jk723eu0817bqz2n39m,image,train
Kvasir-SEG,C:\VISKOM\kvasir-seg\images\cju7d5m0p23kn09871rk7pu3v.jpg,C:\VISKOM\kvasir-seg\masks\cju7d5m0p23kn09871rk7pu3v.jpg,KvasirSEG_cju7d5m0p23kn09871rk7pu3v,image,val
Kvasir-SEG,C:\VISKOM\kvasir-seg\images\cju7d6ux323ze0987xos3srkx.jpg,C:\VISKOM\kvasir-seg\masks\cju7d6ux323ze0987xos3srkx.jpg,KvasirSEG_cju7d6ux323ze0987xos3srkx,image,train
Kvasir-SEG,C:\VISKOM\kvasir-seg\images\cju7d7aut2a2p0818z4uxc6cd.jpg,C:\VISKOM\kvasir-seg\masks\cju7d7aut2a2p0818z4uxc6cd.jpg,KvasirSEG_cju7d7aut2a2p0818z4uxc6cd,image,train
Kvasir-SEG,C:\VISKOM\kvasir-seg\images\cju7d7tly27h408016fyp5nr7.jpg,C:\VISKOM\kvasir-seg\masks\cju7d7tly27h408016fyp5nr7.jpg,KvasirSEG_cju7d7tly27h408016fyp5nr7,image,val
Kvasir-SEG,C:\VISKOM\kvasir-seg\images\cju7d8m3b2e210755l8fj1yph.jpg,C:\VISKOM\kvasir-seg\masks\cju7d8m3b2e210755l8fj1yph.jpg,KvasirSEG_cju7d8m3b2e210755l8fj1yph,image,train
Kvasir-SEG,C:\VISKOM\kvasir-seg\images\cju7d9seq29zd0871nzl2uu5m.jpg,C:\VISKOM\kvasir-seg\masks\cju7d9seq29zd0871nzl2uu5m.jpg,KvasirSEG_cju7d9seq29zd0871nzl2uu5m,image,train
Kvasir-SEG,C:\VISKOM\kvasir-seg\images\cju7da88w2eod0755wejzynvt.jpg,C:\VISKOM\kvasir-seg\masks\cju7da88w2eod0755wejzynvt.jpg,KvasirSEG_cju7da88w2eod0755wejzynvt,image,test
Kvasir-SEG,C:\VISKOM\kvasir-seg\images\cju7db7lp2f400755tntd1ohf.jpg,C:\VISKOM\kvasir-seg\masks\cju7db7lp2f400755tntd1ohf.jpg,KvasirSEG_cju7db7lp2f400755tntd1ohf,image,train
Kvasir-SEG,C:\VISKOM\kvasir-seg\images\cju7dbppn28nx085097654msi.jpg,C:\VISKOM\kvasir-seg\masks\cju7dbppn28nx085097654msi.jpg,KvasirSEG_cju7dbppn28nx085097654msi,image,train
Kvasir-SEG,C:\VISKOM\kvasir-seg\images\cju7dda8w2br20818zhsuz8s7.jpg,C:\VISKOM\kvasir-seg\masks\cju7dda8w2br20818zhsuz8s7.jpg,KvasirSEG_cju7dda8w2br20818zhsuz8s7,image,test
Kvasir-SEG,C:\VISKOM\kvasir-seg\images\cju7ddtz729960801uazp1knc.jpg,C:\VISKOM\kvasir-seg\masks\cju7ddtz729960801uazp1knc.jpg,KvasirSEG_cju7ddtz729960801uazp1knc,image,test
Kvasir-SEG,C:\VISKOM\kvasir-seg\images\cju7deifq2fzn0755lc8idyh8.jpg,C:\VISKOM\kvasir-seg\masks\cju7deifq2fzn0755lc8idyh8.jpg,KvasirSEG_cju7deifq2fzn0755lc8idyh8,image,train
Kvasir-SEG,C:\VISKOM\kvasir-seg\images\cju7dff9529h208503w60lbil.jpg,C:\VISKOM\kvasir-seg\masks\cju7dff9529h208503w60lbil.jpg,KvasirSEG_cju7dff9529h208503w60lbil,image,train
Kvasir-SEG,C:\VISKOM\kvasir-seg\images\cju7dglf226g50987ohbthl19.jpg,C:\VISKOM\kvasir-seg\masks\cju7dglf226g50987ohbthl19.jpg,KvasirSEG_cju7dglf226g50987ohbthl19,image,train
Kvasir-SEG,C:\VISKOM\kvasir-seg\images\cju7dhpsc2dnn0818025m6857.jpg,C:\VISKOM\kvasir-seg\masks\cju7dhpsc2dnn0818025m6857.jpg,KvasirSEG_cju7dhpsc2dnn0818025m6857,image,train
Kvasir-SEG,C:\VISKOM\kvasir-seg\images\cju7dizi82h2i0755doucgnt3.jpg,C:\VISKOM\kvasir-seg\masks\cju7dizi82h2i0755doucgnt3.jpg,KvasirSEG_cju7dizi82h2i0755doucgnt3,image,train
Kvasir-SEG,C:\VISKOM\kvasir-seg\images\cju7dlk532dsh0871zvr6qz0r.jpg,C:\VISKOM\kvasir-seg\masks\cju7dlk532dsh0871zvr6qz0r.jpg,KvasirSEG_cju7dlk532dsh0871zvr6qz0r,image,train
Kvasir-SEG,C:\VISKOM\kvasir-seg\images\cju7dmlgf2ebw0871ieqas5fh.jpg,C:\VISKOM\kvasir-seg\masks\cju7dmlgf2ebw0871ieqas5fh.jpg,KvasirSEG_cju7dmlgf2ebw0871ieqas5fh,image,train
Kvasir-SEG,C:\VISKOM\kvasir-seg\images\cju7dn24o296i09871qfxb8s2.jpg,C:\VISKOM\kvasir-seg\masks\cju7dn24o296i09871qfxb8s2.jpg,KvasirSEG_cju7dn24o296i09871qfxb8s2,image,test
Kvasir-SEG,C:\VISKOM\kvasir-seg\images\cju7do8c72dbo0801vxfzxdc4.jpg,C:\VISKOM\kvasir-seg\masks\cju7do8c72dbo0801vxfzxdc4.jpg,KvasirSEG_cju7do8c72dbo0801vxfzxdc4,image,train
Kvasir-SEG,C:\VISKOM\kvasir-seg\images\cju7dp3dw2k4n0755zhe003ad.jpg,C:\VISKOM\kvasir-seg\masks\cju7dp3dw2k4n0755zhe003ad.jpg,KvasirSEG_cju7dp3dw2k4n0755zhe003ad,image,train
Kvasir-SEG,C:\VISKOM\kvasir-seg\images\cju7dqcwi2dz00850gcmr2ert.jpg,C:\VISKOM\kvasir-seg\masks\cju7dqcwi2dz00850gcmr2ert.jpg,KvasirSEG_cju7dqcwi2dz00850gcmr2ert,image,train
Kvasir-SEG,C:\VISKOM\kvasir-seg\images\cju7druhp2gp308715i6km7be.jpg,C:\VISKOM\kvasir-seg\masks\cju7druhp2gp308715i6km7be.jpg,KvasirSEG_cju7druhp2gp308715i6km7be,image,test
Kvasir-SEG,C:\VISKOM\kvasir-seg\images\cju7dsrtb2f8i085064kwugfk.jpg,C:\VISKOM\kvasir-seg\masks\cju7dsrtb2f8i085064kwugfk.jpg,KvasirSEG_cju7dsrtb2f8i085064kwugfk,image,train
Kvasir-SEG,C:\VISKOM\kvasir-seg\images\cju7dtb1e2j0t0818deq51ib3.jpg,C:\VISKOM\kvasir-seg\masks\cju7dtb1e2j0t0818deq51ib3.jpg,KvasirSEG_cju7dtb1e2j0t0818deq51ib3,image,train
Kvasir-SEG,C:\VISKOM\kvasir-seg\images\cju7dubap2g0w0801fgl42mg9.jpg,C:\VISKOM\kvasir-seg\masks\cju7dubap2g0w0801fgl42mg9.jpg,KvasirSEG_cju7dubap2g0w0801fgl42mg9,image,train
Kvasir-SEG,C:\VISKOM\kvasir-seg\images\cju7dvl5m2n4t0755hlnnjjet.jpg,C:\VISKOM\kvasir-seg\masks\cju7dvl5m2n4t0755hlnnjjet.jpg,KvasirSEG_cju7dvl5m2n4t0755hlnnjjet,image,train
Kvasir-SEG,C:\VISKOM\kvasir-seg\images\cju7dwe282dc309876rco45ts.jpg,C:\VISKOM\kvasir-seg\masks\cju7dwe282dc309876rco45ts.jpg,KvasirSEG_cju7dwe282dc309876rco45ts,image,train
Kvasir-SEG,C:\VISKOM\kvasir-seg\images\cju7dxffn2eam0817qxosfwch.jpg,C:\VISKOM\kvasir-seg\masks\cju7dxffn2eam0817qxosfwch.jpg,KvasirSEG_cju7dxffn2eam0817qxosfwch,image,train
Kvasir-SEG,C:\VISKOM\kvasir-seg\images\cju7dymur2od30755eg8yv2ht.jpg,C:\VISKOM\kvasir-seg\masks\cju7dymur2od30755eg8yv2ht.jpg,KvasirSEG_cju7dymur2od30755eg8yv2ht,image,train
Kvasir-SEG,C:\VISKOM\kvasir-seg\images\cju7dz5yy2i7z0801ausi7rna.jpg,C:\VISKOM\kvasir-seg\masks\cju7dz5yy2i7z0801ausi7rna.jpg,KvasirSEG_cju7dz5yy2i7z0801ausi7rna,image,test
Kvasir-SEG,C:\VISKOM\kvasir-seg\images\cju7ea4om2l910801bohqjccy.jpg,C:\VISKOM\kvasir-seg\masks\cju7ea4om2l910801bohqjccy.jpg,KvasirSEG_cju7ea4om2l910801bohqjccy,image,train
Kvasir-SEG,C:\VISKOM\kvasir-seg\images\cju7ebe962hr409872ovibahw.jpg,C:\VISKOM\kvasir-seg\masks\cju7ebe962hr409872ovibahw.jpg,KvasirSEG_cju7ebe962hr409872ovibahw,image,train
Kvasir-SEG,C:\VISKOM\kvasir-seg\images\cju7ecl9i2i060987xawjp4l0.jpg,C:\VISKOM\kvasir-seg\masks\cju7ecl9i2i060987xawjp4l0.jpg,KvasirSEG_cju7ecl9i2i060987xawjp4l0,image,test
Kvasir-SEG,C:\VISKOM\kvasir-seg\images\cju7eea9b2m0z0801ynqv1fqu.jpg,C:\VISKOM\kvasir-seg\masks\cju7eea9b2m0z0801ynqv1fqu.jpg,KvasirSEG_cju7eea9b2m0z0801ynqv1fqu,image,train
Kvasir-SEG,C:\VISKOM\kvasir-seg\images\cju7efffp2ivf0817etg3jehl.jpg,C:\VISKOM\kvasir-seg\masks\cju7efffp2ivf0817etg3jehl.jpg,KvasirSEG_cju7efffp2ivf0817etg3jehl,image,train
Kvasir-SEG,C:\VISKOM\kvasir-seg\images\cju7ehljc2or70871261br8ai.jpg,C:\VISKOM\kvasir-seg\masks\cju7ehljc2or70871261br8ai.jpg,KvasirSEG_cju7ehljc2or70871261br8ai,image,test
Kvasir-SEG,C:\VISKOM\kvasir-seg\images\cju7ejm2l2ncl0801wq6y84nw.jpg,C:\VISKOM\kvasir-seg\masks\cju7ejm2l2ncl0801wq6y84nw.jpg,KvasirSEG_cju7ejm2l2ncl0801wq6y84nw,image,train
Kvasir-SEG,C:\VISKOM\kvasir-seg\images\cju7ekbo32pft0871fv7kzwb9.jpg,C:\VISKOM\kvasir-seg\masks\cju7ekbo32pft0871fv7kzwb9.jpg,KvasirSEG_cju7ekbo32pft0871fv7kzwb9,image,train
Kvasir-SEG,C:\VISKOM\kvasir-seg\images\cju7el6xv2k520817qxx9wdr5.jpg,C:\VISKOM\kvasir-seg\masks\cju7el6xv2k520817qxx9wdr5.jpg,KvasirSEG_cju7el6xv2k520817qxx9wdr5,image,train
Kvasir-SEG,C:\VISKOM\kvasir-seg\images\cju7emdni2py40871ivhxjtut.jpg,C:\VISKOM\kvasir-seg\masks\cju7emdni2py40871ivhxjtut.jpg,KvasirSEG_cju7emdni2py40871ivhxjtut,image,train
Kvasir-SEG,C:\VISKOM\kvasir-seg\images\cju7eotqi2qea0871y8yc7tqh.jpg,C:\VISKOM\kvasir-seg\masks\cju7eotqi2qea0871y8yc7tqh.jpg,KvasirSEG_cju7eotqi2qea0871y8yc7tqh,image,train
Kvasir-SEG,C:\VISKOM\kvasir-seg\images\cju7epwj82koz098713apjnzo.jpg,C:\VISKOM\kvasir-seg\masks\cju7epwj82koz098713apjnzo.jpg,KvasirSEG_cju7epwj82koz098713apjnzo,image,train
Kvasir-SEG,C:\VISKOM\kvasir-seg\images\cju7er4kc2opa0801anuxc0eb.jpg,C:\VISKOM\kvasir-seg\masks\cju7er4kc2opa0801anuxc0eb.jpg,KvasirSEG_cju7er4kc2opa0801anuxc0eb,image,train
Kvasir-SEG,C:\VISKOM\kvasir-seg\images\cju7es23b2vcp0755gpbm9s7v.jpg,C:\VISKOM\kvasir-seg\masks\cju7es23b2vcp0755gpbm9s7v.jpg,KvasirSEG_cju7es23b2vcp0755gpbm9s7v,image,train
Kvasir-SEG,C:\VISKOM\kvasir-seg\images\cju7et17a2vjk0755e743npl1.jpg,C:\VISKOM\kvasir-seg\masks\cju7et17a2vjk0755e743npl1.jpg,KvasirSEG_cju7et17a2vjk0755e743npl1,image,train
Kvasir-SEG,C:\VISKOM\kvasir-seg\images\cju7etr3y2p4t0801cdzjj8ab.jpg,C:\VISKOM\kvasir-seg\masks\cju7etr3y2p4t0801cdzjj8ab.jpg,KvasirSEG_cju7etr3y2p4t0801cdzjj8ab,image,train
Kvasir-SEG,C:\VISKOM\kvasir-seg\images\cju7eueum2oqn0850rodmx8zo.jpg,C:\VISKOM\kvasir-seg\masks\cju7eueum2oqn0850rodmx8zo.jpg,KvasirSEG_cju7eueum2oqn0850rodmx8zo,image,train
Kvasir-SEG,C:\VISKOM\kvasir-seg\images\cju7ev2b12owa08500bpfpwyw.jpg,C:\VISKOM\kvasir-seg\masks\cju7ev2b12owa08500bpfpwyw.jpg,KvasirSEG_cju7ev2b12owa08500bpfpwyw,image,train
Kvasir-SEG,C:\VISKOM\kvasir-seg\images\cju7evxt12m730987rxivne3x.jpg,C:\VISKOM\kvasir-seg\masks\cju7evxt12m730987rxivne3x.jpg,KvasirSEG_cju7evxt12m730987rxivne3x,image,train
Kvasir-SEG,C:\VISKOM\kvasir-seg\images\cju7ey10f2rvf0871bwbi9x82.jpg,C:\VISKOM\kvasir-seg\masks\cju7ey10f2rvf0871bwbi9x82.jpg,KvasirSEG_cju7ey10f2rvf0871bwbi9x82,image,train
Kvasir-SEG,C:\VISKOM\kvasir-seg\images\cju7ez7r22qbc08015xfoz2wb.jpg,C:\VISKOM\kvasir-seg\masks\cju7ez7r22qbc08015xfoz2wb.jpg,KvasirSEG_cju7ez7r22qbc08015xfoz2wb,image,train
Kvasir-SEG,C:\VISKOM\kvasir-seg\images\cju7ezs7g2mxm098787atbran.jpg,C:\VISKOM\kvasir-seg\masks\cju7ezs7g2mxm098787atbran.jpg,KvasirSEG_cju7ezs7g2mxm098787atbran,image,val
Kvasir-SEG,C:\VISKOM\kvasir-seg\images\cju7f0ec32txj08184asb8w5f.jpg,C:\VISKOM\kvasir-seg\masks\cju7f0ec32txj08184asb8w5f.jpg,KvasirSEG_cju7f0ec32txj08184asb8w5f,image,train
Kvasir-SEG,C:\VISKOM\kvasir-seg\images\cju7f4sc62xqj075597xpmuoy.jpg,C:\VISKOM\kvasir-seg\masks\cju7f4sc62xqj075597xpmuoy.jpg,KvasirSEG_cju7f4sc62xqj075597xpmuoy,image,train
Kvasir-SEG,C:\VISKOM\kvasir-seg\images\cju7f5ghb2r5s0801chwkxxh9.jpg,C:\VISKOM\kvasir-seg\masks\cju7f5ghb2r5s0801chwkxxh9.jpg,KvasirSEG_cju7f5ghb2r5s0801chwkxxh9,image,train
Kvasir-SEG,C:\VISKOM\kvasir-seg\images\cju7f6cqy2ur20818t1saazbm.jpg,C:\VISKOM\kvasir-seg\masks\cju7f6cqy2ur20818t1saazbm.jpg,KvasirSEG_cju7f6cqy2ur20818t1saazbm,image,test
Kvasir-SEG,C:\VISKOM\kvasir-seg\images\cju7f900s2o0k08175gl1giid.jpg,C:\VISKOM\kvasir-seg\masks\cju7f900s2o0k08175gl1giid.jpg,KvasirSEG_cju7f900s2o0k08175gl1giid,image,train
Kvasir-SEG,C:\VISKOM\kvasir-seg\images\cju7f9umg2olj0987fj5y285w.jpg,C:\VISKOM\kvasir-seg\masks\cju7f9umg2olj0987fj5y285w.jpg,KvasirSEG_cju7f9umg2olj0987fj5y285w,image,val
Kvasir-SEG,C:\VISKOM\kvasir-seg\images\cju7fazv92ywx0755xov2erga.jpg,C:\VISKOM\kvasir-seg\masks\cju7fazv92ywx0755xov2erga.jpg,KvasirSEG_cju7fazv92ywx0755xov2erga,image,train
Kvasir-SEG,C:\VISKOM\kvasir-seg\images\cju7fbndk2sl608015ravktum.jpg,C:\VISKOM\kvasir-seg\masks\cju7fbndk2sl608015ravktum.jpg,KvasirSEG_cju7fbndk2sl608015ravktum,image,train
Kvasir-SEG,C:\VISKOM\kvasir-seg\images\cju7fcgbe2z3p07550vaflqdb.jpg,C:\VISKOM\kvasir-seg\masks\cju7fcgbe2z3p07550vaflqdb.jpg,KvasirSEG_cju7fcgbe2z3p07550vaflqdb,image,train
Kvasir-SEG,C:\VISKOM\kvasir-seg\images\cju7fd6yt2p740987wkr8exo1.jpg,C:\VISKOM\kvasir-seg\masks\cju7fd6yt2p740987wkr8exo1.jpg,KvasirSEG_cju7fd6yt2p740987wkr8exo1,image,train
Kvasir-SEG,C:\VISKOM\kvasir-seg\images\cju7fen322ou10817ziqkob4k.jpg,C:\VISKOM\kvasir-seg\masks\cju7fen322ou10817ziqkob4k.jpg,KvasirSEG_cju7fen322ou10817ziqkob4k,image,train
Kvasir-SEG,C:\VISKOM\kvasir-seg\images\cju7ff97z2ow40817u2r83my5.jpg,C:\VISKOM\kvasir-seg\masks\cju7ff97z2ow40817u2r83my5.jpg,KvasirSEG_cju7ff97z2ow40817u2r83my5,image,train
Kvasir-SEG,C:\VISKOM\kvasir-seg\images\cju7flevb2wii08188otgs9p2.jpg,C:\VISKOM\kvasir-seg\masks\cju7flevb2wii08188otgs9p2.jpg,KvasirSEG_cju7flevb2wii08188otgs9p2,image,val
Kvasir-SEG,C:\VISKOM\kvasir-seg\images\cju7fmvpk2q170987v6i3ola8.jpg,C:\VISKOM\kvasir-seg\masks\cju7fmvpk2q170987v6i3ola8.jpg,KvasirSEG_cju7fmvpk2q170987v6i3ola8,image,val
Kvasir-SEG,C:\VISKOM\kvasir-seg\images\cju7fnfv02tt90801djnix9m8.jpg,C:\VISKOM\kvasir-seg\masks\cju7fnfv02tt90801djnix9m8.jpg,KvasirSEG_cju7fnfv02tt90801djnix9m8,image,val
Kvasir-SEG,C:\VISKOM\kvasir-seg\images\cju7fob3x301u0755x985pmmq.jpg,C:\VISKOM\kvasir-seg\masks\cju7fob3x301u0755x985pmmq.jpg,KvasirSEG_cju7fob3x301u0755x985pmmq,image,val
Kvasir-SEG,C:\VISKOM\kvasir-seg\images\cju7fpfzq2wyf0818xxd1oziv.jpg,C:\VISKOM\kvasir-seg\masks\cju7fpfzq2wyf0818xxd1oziv.jpg,KvasirSEG_cju7fpfzq2wyf0818xxd1oziv,image,test
Kvasir-SEG,C:\VISKOM\kvasir-seg\images\cju7fq7mm2pw508176uk5ugtx.jpg,C:\VISKOM\kvasir-seg\masks\cju7fq7mm2pw508176uk5ugtx.jpg,KvasirSEG_cju7fq7mm2pw508176uk5ugtx,image,train
Kvasir-SEG,C:\VISKOM\kvasir-seg\images\cju7frtqu2xa20818wq8r9fzf.jpg,C:\VISKOM\kvasir-seg\masks\cju7frtqu2xa20818wq8r9fzf.jpg,KvasirSEG_cju7frtqu2xa20818wq8r9fzf,image,test
Kvasir-SEG,C:\VISKOM\kvasir-seg\images\cju7g7ba42z310987bqzbi2bq.jpg,C:\VISKOM\kvasir-seg\masks\cju7g7ba42z310987bqzbi2bq.jpg,KvasirSEG_cju7g7ba42z310987bqzbi2bq,image,train
Kvasir-SEG,C:\VISKOM\kvasir-seg\images\cju83h9ysjwe808716nt35oah.jpg,C:\VISKOM\kvasir-seg\masks\cju83h9ysjwe808716nt35oah.jpg,KvasirSEG_cju83h9ysjwe808716nt35oah,image,train
Kvasir-SEG,C:\VISKOM\kvasir-seg\images\cju83ipu3jwpx0801z5pvguf8.jpg,C:\VISKOM\kvasir-seg\masks\cju83ipu3jwpx0801z5pvguf8.jpg,KvasirSEG_cju83ipu3jwpx0801z5pvguf8,image,train
Kvasir-SEG,C:\VISKOM\kvasir-seg\images\cju83k8fyjsxr0817d6nxs6r4.jpg,C:\VISKOM\kvasir-seg\masks\cju83k8fyjsxr0817d6nxs6r4.jpg,KvasirSEG_cju83k8fyjsxr0817d6nxs6r4,image,train
Kvasir-SEG,C:\VISKOM\kvasir-seg\images\cju83kxitjv340987z09m0ezy.jpg,C:\VISKOM\kvasir-seg\masks\cju83kxitjv340987z09m0ezy.jpg,KvasirSEG_cju83kxitjv340987z09m0ezy,image,train
Kvasir-SEG,C:\VISKOM\kvasir-seg\images\cju83mki1jv5w0817kubxm31r.jpg,C:\VISKOM\kvasir-seg\masks\cju83mki1jv5w0817kubxm31r.jpg,KvasirSEG_cju83mki1jv5w0817kubxm31r,image,train
Kvasir-SEG,C:\VISKOM\kvasir-seg\images\cju83nwu1jxte0987h1krpfmv.jpg,C:\VISKOM\kvasir-seg\masks\cju83nwu1jxte0987h1krpfmv.jpg,KvasirSEG_cju83nwu1jxte0987h1krpfmv,image,train
Kvasir-SEG,C:\VISKOM\kvasir-seg\images\cju83qd0yjyht0817ktkfl268.jpg,C:\VISKOM\kvasir-seg\masks\cju83qd0yjyht0817ktkfl268.jpg,KvasirSEG_cju83qd0yjyht0817ktkfl268,image,test
Kvasir-SEG,C:\VISKOM\kvasir-seg\images\cju83rcnzkbsj0755x5anfrcg.jpg,C:\VISKOM\kvasir-seg\masks\cju83rcnzkbsj0755x5anfrcg.jpg,KvasirSEG_cju83rcnzkbsj0755x5anfrcg,image,test
Kvasir-SEG,C:\VISKOM\kvasir-seg\images\cju83syhdk6gs0801rf1rekdl.jpg,C:\VISKOM\kvasir-seg\masks\cju83syhdk6gs0801rf1rekdl.jpg,KvasirSEG_cju83syhdk6gs0801rf1rekdl,image,train
Kvasir-SEG,C:\VISKOM\kvasir-seg\images\cju83u9ftk3ni0987qnhlcinv.jpg,C:\VISKOM\kvasir-seg\masks\cju83u9ftk3ni0987qnhlcinv.jpg,KvasirSEG_cju83u9ftk3ni0987qnhlcinv,image,train
Kvasir-SEG,C:\VISKOM\kvasir-seg\images\cju83vvmik9wa08710yeh7cuk.jpg,C:\VISKOM\kvasir-seg\masks\cju83vvmik9wa08710yeh7cuk.jpg,KvasirSEG_cju83vvmik9wa08710yeh7cuk,image,train
Kvasir-SEG,C:\VISKOM\kvasir-seg\images\cju83wwn1k55e0850kw6i2d81.jpg,C:\VISKOM\kvasir-seg\masks\cju83wwn1k55e0850kw6i2d81.jpg,KvasirSEG_cju83wwn1k55e0850kw6i2d81,image,train
Kvasir-SEG,C:\VISKOM\kvasir-seg\images\cju83yddek68q0850d2x7zfkm.jpg,C:\VISKOM\kvasir-seg\masks\cju83yddek68q0850d2x7zfkm.jpg,KvasirSEG_cju83yddek68q0850d2x7zfkm,image,test
Kvasir-SEG,C:\VISKOM\kvasir-seg\images\cju8402x1kcy70801t6kz6bdi.jpg,C:\VISKOM\kvasir-seg\masks\cju8402x1kcy70801t6kz6bdi.jpg,KvasirSEG_cju8402x1kcy70801t6kz6bdi,image,train
Kvasir-SEG,C:\VISKOM\kvasir-seg\images\cju8418jhkf7d0818ga2v0xq0.jpg,C:\VISKOM\kvasir-seg\masks\cju8418jhkf7d0818ga2v0xq0.jpg,KvasirSEG_cju8418jhkf7d0818ga2v0xq0,image,train
Kvasir-SEG,C:\VISKOM\kvasir-seg\images\cju8432cmkgq90871cxe4iptl.jpg,C:\VISKOM\kvasir-seg\masks\cju8432cmkgq90871cxe4iptl.jpg,KvasirSEG_cju8432cmkgq90871cxe4iptl,image,train
Kvasir-SEG,C:\VISKOM\kvasir-seg\images\cju843yjskhq30818qre4rwm2.jpg,C:\VISKOM\kvasir-seg\masks\cju843yjskhq30818qre4rwm2.jpg,KvasirSEG_cju843yjskhq30818qre4rwm2,image,test
Kvasir-SEG,C:\VISKOM\kvasir-seg\images\cju846ec0kj7z08012o10klrb.jpg,C:\VISKOM\kvasir-seg\masks\cju846ec0kj7z08012o10klrb.jpg,KvasirSEG_cju846ec0kj7z08012o10klrb,image,train
Kvasir-SEG,C:\VISKOM\kvasir-seg\images\cju847pxykriq0755268ktrk2.jpg,C:\VISKOM\kvasir-seg\masks\cju847pxykriq0755268ktrk2.jpg,KvasirSEG_cju847pxykriq0755268ktrk2,image,test
Kvasir-SEG,C:\VISKOM\kvasir-seg\images\cju849c23kgnk0817cgv2hw1e.jpg,C:\VISKOM\kvasir-seg\masks\cju849c23kgnk0817cgv2hw1e.jpg,KvasirSEG_cju849c23kgnk0817cgv2hw1e,image,test
Kvasir-SEG,C:\VISKOM\kvasir-seg\images\cju84aoa3ktwn0755pfl4gfwd.jpg,C:\VISKOM\kvasir-seg\masks\cju84aoa3ktwn0755pfl4gfwd.jpg,KvasirSEG_cju84aoa3ktwn0755pfl4gfwd,image,val
Kvasir-SEG,C:\VISKOM\kvasir-seg\images\cju84dsvaklpx098750hp83x4.jpg,C:\VISKOM\kvasir-seg\masks\cju84dsvaklpx098750hp83x4.jpg,KvasirSEG_cju84dsvaklpx098750hp83x4,image,train
Kvasir-SEG,C:\VISKOM\kvasir-seg\images\cju84ffdzkrjn08183jh1fxmb.jpg,C:\VISKOM\kvasir-seg\masks\cju84ffdzkrjn08183jh1fxmb.jpg,KvasirSEG_cju84ffdzkrjn08183jh1fxmb,image,test
Kvasir-SEG,C:\VISKOM\kvasir-seg\images\cju84gpefknwm098714oq8q61.jpg,C:\VISKOM\kvasir-seg\masks\cju84gpefknwm098714oq8q61.jpg,KvasirSEG_cju84gpefknwm098714oq8q61,image,val
Kvasir-SEG,C:\VISKOM\kvasir-seg\images\cju84hibuktj80871u519o71q.jpg,C:\VISKOM\kvasir-seg\masks\cju84hibuktj80871u519o71q.jpg,KvasirSEG_cju84hibuktj80871u519o71q,image,train
Kvasir-SEG,C:\VISKOM\kvasir-seg\images\cju84ih17kp5l09876bkooocl.jpg,C:\VISKOM\kvasir-seg\masks\cju84ih17kp5l09876bkooocl.jpg,KvasirSEG_cju84ih17kp5l09876bkooocl,image,test
Kvasir-SEG,C:\VISKOM\kvasir-seg\images\cju84jdl9kv0i0871eog9b3i9.jpg,C:\VISKOM\kvasir-seg\masks\cju84jdl9kv0i0871eog9b3i9.jpg,KvasirSEG_cju84jdl9kv0i0871eog9b3i9,image,train
Kvasir-SEG,C:\VISKOM\kvasir-seg\images\cju84kplnl1y30755ropua1b0.jpg,C:\VISKOM\kvasir-seg\masks\cju84kplnl1y30755ropua1b0.jpg,KvasirSEG_cju84kplnl1y30755ropua1b0,image,train
Kvasir-SEG,C:\VISKOM\kvasir-seg\images\cju8567gdlcbq0801dwwyo2jt.jpg,C:\VISKOM\kvasir-seg\masks\cju8567gdlcbq0801dwwyo2jt.jpg,KvasirSEG_cju8567gdlcbq0801dwwyo2jt,image,train
Kvasir-SEG,C:\VISKOM\kvasir-seg\images\cju857ad0l88m0817qx4cwxnf.jpg,C:\VISKOM\kvasir-seg\masks\cju857ad0l88m0817qx4cwxnf.jpg,KvasirSEG_cju857ad0l88m0817qx4cwxnf,image,train
Kvasir-SEG,C:\VISKOM\kvasir-seg\images\cju858eswlepn0871pzvdrhj1.jpg,C:\VISKOM\kvasir-seg\masks\cju858eswlepn0871pzvdrhj1.jpg,KvasirSEG_cju858eswlepn0871pzvdrhj1,image,train
Kvasir-SEG,C:\VISKOM\kvasir-seg\images\cju85a8h8llwm07559wxg4t5w.jpg,C:\VISKOM\kvasir-seg\masks\cju85a8h8llwm07559wxg4t5w.jpg,KvasirSEG_cju85a8h8llwm07559wxg4t5w,image,train
Kvasir-SEG,C:\VISKOM\kvasir-seg\images\cju85bf1algsq0871y9gtlq97.jpg,C:\VISKOM\kvasir-seg\masks\cju85bf1algsq0871y9gtlq97.jpg,KvasirSEG_cju85bf1algsq0871y9gtlq97,image,val
Kvasir-SEG,C:\VISKOM\kvasir-seg\images\cju85c2d4ln1b0755zz1z3onx.jpg,C:\VISKOM\kvasir-seg\masks\cju85c2d4ln1b0755zz1z3onx.jpg,KvasirSEG_cju85c2d4ln1b0755zz1z3onx,image,test
Kvasir-SEG,C:\VISKOM\kvasir-seg\images\cju85citjlnfm0755i4rk5tqj.jpg,C:\VISKOM\kvasir-seg\masks\cju85citjlnfm0755i4rk5tqj.jpg,KvasirSEG_cju85citjlnfm0755i4rk5tqj,image,train
Kvasir-SEG,C:\VISKOM\kvasir-seg\images\cju85dx63lic408017f0l0400.jpg,C:\VISKOM\kvasir-seg\masks\cju85dx63lic408017f0l0400.jpg,KvasirSEG_cju85dx63lic408017f0l0400,image,train
Kvasir-SEG,C:\VISKOM\kvasir-seg\images\cju85fc11ljr40818edpb0inh.jpg,C:\VISKOM\kvasir-seg\masks\cju85fc11ljr40818edpb0inh.jpg,KvasirSEG_cju85fc11ljr40818edpb0inh,image,train
Kvasir-SEG,C:\VISKOM\kvasir-seg\images\cju85hguellg50818kwu3s8d1.jpg,C:\VISKOM\kvasir-seg\masks\cju85hguellg50818kwu3s8d1.jpg,KvasirSEG_cju85hguellg50818kwu3s8d1,image,train
Kvasir-SEG,C:\VISKOM\kvasir-seg\images\cju85ia1slh220987y7c20sm2.jpg,C:\VISKOM\kvasir-seg\masks\cju85ia1slh220987y7c20sm2.jpg,KvasirSEG_cju85ia1slh220987y7c20sm2,image,train
Kvasir-SEG,C:\VISKOM\kvasir-seg\images\cju85je7vlht70817c9jcjwi4.jpg,C:\VISKOM\kvasir-seg\masks\cju85je7vlht70817c9jcjwi4.jpg,KvasirSEG_cju85je7vlht70817c9jcjwi4,image,train
Kvasir-SEG,C:\VISKOM\kvasir-seg\images\cju85l4yjlops0801fvmnwptf.jpg,C:\VISKOM\kvasir-seg\masks\cju85l4yjlops0801fvmnwptf.jpg,KvasirSEG_cju85l4yjlops0801fvmnwptf,image,train
Kvasir-SEG,C:\VISKOM\kvasir-seg\images\cju85mpuglq8k0818d2it6hzb.jpg,C:\VISKOM\kvasir-seg\masks\cju85mpuglq8k0818d2it6hzb.jpg,KvasirSEG_cju85mpuglq8k0818d2it6hzb,image,test
Kvasir-SEG,C:\VISKOM\kvasir-seg\images\cju85nr8elly209872w9n5m0s.jpg,C:\VISKOM\kvasir-seg\masks\cju85nr8elly209872w9n5m0s.jpg,KvasirSEG_cju85nr8elly209872w9n5m0s,image,train
Kvasir-SEG,C:\VISKOM\kvasir-seg\images\cju85omszllp30850b6rm9mi3.jpg,C:\VISKOM\kvasir-seg\masks\cju85omszllp30850b6rm9mi3.jpg,KvasirSEG_cju85omszllp30850b6rm9mi3,image,train
Kvasir-SEG,C:\VISKOM\kvasir-seg\images\cju85plp7lmkw0850rx42jdpf.jpg,C:\VISKOM\kvasir-seg\masks\cju85plp7lmkw0850rx42jdpf.jpg,KvasirSEG_cju85plp7lmkw0850rx42jdpf,image,train
Kvasir-SEG,C:\VISKOM\kvasir-seg\images\cju85qefyln6v0850szeb9byi.jpg,C:\VISKOM\kvasir-seg\masks\cju85qefyln6v0850szeb9byi.jpg,KvasirSEG_cju85qefyln6v0850szeb9byi,image,test
Kvasir-SEG,C:\VISKOM\kvasir-seg\images\cju85rkbnlo1c08503uxcpax1.jpg,C:\VISKOM\kvasir-seg\masks\cju85rkbnlo1c08503uxcpax1.jpg,KvasirSEG_cju85rkbnlo1c08503uxcpax1,image,train
Kvasir-SEG,C:\VISKOM\kvasir-seg\images\cju87kbcen2av0987usezo8kn.jpg,C:\VISKOM\kvasir-seg\masks\cju87kbcen2av0987usezo8kn.jpg,KvasirSEG_cju87kbcen2av0987usezo8kn,image,train
Kvasir-SEG,C:\VISKOM\kvasir-seg\images\cju87li0zn3yb0817kbwgjiz8.jpg,C:\VISKOM\kvasir-seg\masks\cju87li0zn3yb0817kbwgjiz8.jpg,KvasirSEG_cju87li0zn3yb0817kbwgjiz8,image,train
Kvasir-SEG,C:\VISKOM\kvasir-seg\images\cju87mrypnb1e0818scv1mxxg.jpg,C:\VISKOM\kvasir-seg\masks\cju87mrypnb1e0818scv1mxxg.jpg,KvasirSEG_cju87mrypnb1e0818scv1mxxg,image,train
Kvasir-SEG,C:\VISKOM\kvasir-seg\images\cju87nkyrnb970801q84m47yt.jpg,C:\VISKOM\kvasir-seg\masks\cju87nkyrnb970801q84m47yt.jpg,KvasirSEG_cju87nkyrnb970801q84m47yt,image,train
Kvasir-SEG,C:\VISKOM\kvasir-seg\images\cju87ox0kncom0801b98hqnd2.jpg,C:\VISKOM\kvasir-seg\masks\cju87ox0kncom0801b98hqnd2.jpg,KvasirSEG_cju87ox0kncom0801b98hqnd2,image,train
Kvasir-SEG,C:\VISKOM\kvasir-seg\images\cju87q6yoneim0871dl4phvkd.jpg,C:\VISKOM\kvasir-seg\masks\cju87q6yoneim0871dl4phvkd.jpg,KvasirSEG_cju87q6yoneim0871dl4phvkd,image,train
Kvasir-SEG,C:\VISKOM\kvasir-seg\images\cju87r56lnkyp0755hz30leew.jpg,C:\VISKOM\kvasir-seg\masks\cju87r56lnkyp0755hz30leew.jpg,KvasirSEG_cju87r56lnkyp0755hz30leew,image,train
Kvasir-SEG,C:\VISKOM\kvasir-seg\images\cju87tyddnnad0755bj0wxahe.jpg,C:\VISKOM\kvasir-seg\masks\cju87tyddnnad0755bj0wxahe.jpg,KvasirSEG_cju87tyddnnad0755bj0wxahe,image,train
Kvasir-SEG,C:\VISKOM\kvasir-seg\images\cju87vqa0ndwg0850onjdz7ol.jpg,C:\VISKOM\kvasir-seg\masks\cju87vqa0ndwg0850onjdz7ol.jpg,KvasirSEG_cju87vqa0ndwg0850onjdz7ol,image,test
Kvasir-SEG,C:\VISKOM\kvasir-seg\images\cju87xn2snfmv0987sc3d9xnq.jpg,C:\VISKOM\kvasir-seg\masks\cju87xn2snfmv0987sc3d9xnq.jpg,KvasirSEG_cju87xn2snfmv0987sc3d9xnq,image,train
Kvasir-SEG,C:\VISKOM\kvasir-seg\images\cju87z6o6nh73085045bzsx6o.jpg,C:\VISKOM\kvasir-seg\masks\cju87z6o6nh73085045bzsx6o.jpg,KvasirSEG_cju87z6o6nh73085045bzsx6o,image,train
Kvasir-SEG,C:\VISKOM\kvasir-seg\images\cju87zv8lni0o0850hbbecbq6.jpg,C:\VISKOM\kvasir-seg\masks\cju87zv8lni0o0850hbbecbq6.jpg,KvasirSEG_cju87zv8lni0o0850hbbecbq6,image,train
Kvasir-SEG,C:\VISKOM\kvasir-seg\images\cju8828oxnool0801qno9luhr.jpg,C:\VISKOM\kvasir-seg\masks\cju8828oxnool0801qno9luhr.jpg,KvasirSEG_cju8828oxnool0801qno9luhr,image,train
Kvasir-SEG,C:\VISKOM\kvasir-seg\images\cju884985nlmx0817vzpax3y4.jpg,C:\VISKOM\kvasir-seg\masks\cju884985nlmx0817vzpax3y4.jpg,KvasirSEG_cju884985nlmx0817vzpax3y4,image,train
Kvasir-SEG,C:\VISKOM\kvasir-seg\images\cju885ikhnmkn09878s2lqtuh.jpg,C:\VISKOM\kvasir-seg\masks\cju885ikhnmkn09878s2lqtuh.jpg,KvasirSEG_cju885ikhnmkn09878s2lqtuh,image,test
Kvasir-SEG,C:\VISKOM\kvasir-seg\images\cju886ryxnsl50801r93jai7q.jpg,C:\VISKOM\kvasir-seg\masks\cju886ryxnsl50801r93jai7q.jpg,KvasirSEG_cju886ryxnsl50801r93jai7q,image,test
Kvasir-SEG,C:\VISKOM\kvasir-seg\images\cju887ftknop008177nnjt46y.jpg,C:\VISKOM\kvasir-seg\masks\cju887ftknop008177nnjt46y.jpg,KvasirSEG_cju887ftknop008177nnjt46y,image,test
Kvasir-SEG,C:\VISKOM\kvasir-seg\images\cju888fr7nveu0818r9uwtiit.jpg,C:\VISKOM\kvasir-seg\masks\cju888fr7nveu0818r9uwtiit.jpg,KvasirSEG_cju888fr7nveu0818r9uwtiit,image,val
Kvasir-SEG,C:\VISKOM\kvasir-seg\images\cju88aq6vo1ij0755c2ey7z7n.jpg,C:\VISKOM\kvasir-seg\masks\cju88aq6vo1ij0755c2ey7z7n.jpg,KvasirSEG_cju88aq6vo1ij0755c2ey7z7n,image,train
Kvasir-SEG,C:\VISKOM\kvasir-seg\images\cju88cddensj00987788yotmg.jpg,C:\VISKOM\kvasir-seg\masks\cju88cddensj00987788yotmg.jpg,KvasirSEG_cju88cddensj00987788yotmg,image,train
Kvasir-SEG,C:\VISKOM\kvasir-seg\images\cju88evxanv9r08176zkeovec.jpg,C:\VISKOM\kvasir-seg\masks\cju88evxanv9r08176zkeovec.jpg,KvasirSEG_cju88evxanv9r08176zkeovec,image,train
Kvasir-SEG,C:\VISKOM\kvasir-seg\images\cju88fpm4o0tl0871w1i6a4ds.jpg,C:\VISKOM\kvasir-seg\masks\cju88fpm4o0tl0871w1i6a4ds.jpg,KvasirSEG_cju88fpm4o0tl0871w1i6a4ds,image,train
Kvasir-SEG,C:\VISKOM\kvasir-seg\images\cju88gx09o2vk0818610zody3.jpg,C:\VISKOM\kvasir-seg\masks\cju88gx09o2vk0818610zody3.jpg,KvasirSEG_cju88gx09o2vk0818610zody3,image,train
Kvasir-SEG,C:\VISKOM\kvasir-seg\images\cju88itqbny720987hxizbj5y.jpg,C:\VISKOM\kvasir-seg\masks\cju88itqbny720987hxizbj5y.jpg,KvasirSEG_cju88itqbny720987hxizbj5y,image,train
Kvasir-SEG,C:\VISKOM\kvasir-seg\images\cju88k75inzyb0850ccv5x3vk.jpg,C:\VISKOM\kvasir-seg\masks\cju88k75inzyb0850ccv5x3vk.jpg,KvasirSEG_cju88k75inzyb0850ccv5x3vk,image,train
Kvasir-SEG,C:\VISKOM\kvasir-seg\images\cju88l66no10s0850rsda7ej1.jpg,C:\VISKOM\kvasir-seg\masks\cju88l66no10s0850rsda7ej1.jpg,KvasirSEG_cju88l66no10s0850rsda7ej1,image,train
Kvasir-SEG,C:\VISKOM\kvasir-seg\images\cju88msmoo3470817m441j4sg.jpg,C:\VISKOM\kvasir-seg\masks\cju88msmoo3470817m441j4sg.jpg,KvasirSEG_cju88msmoo3470817m441j4sg,image,train
Kvasir-SEG,C:\VISKOM\kvasir-seg\images\cju88nroho44508500129f1nh.jpg,C:\VISKOM\kvasir-seg\masks\cju88nroho44508500129f1nh.jpg,KvasirSEG_cju88nroho44508500129f1nh,image,train
Kvasir-SEG,C:\VISKOM\kvasir-seg\images\cju88oh0po9gq0801nge4tgr1.jpg,C:\VISKOM\kvasir-seg\masks\cju88oh0po9gq0801nge4tgr1.jpg,KvasirSEG_cju88oh0po9gq0801nge4tgr1,image,test
Kvasir-SEG,C:\VISKOM\kvasir-seg\images\cju88q6h6obpd0871ckmiabbo.jpg,C:\VISKOM\kvasir-seg\masks\cju88q6h6obpd0871ckmiabbo.jpg,KvasirSEG_cju88q6h6obpd0871ckmiabbo,image,train
Kvasir-SEG,C:\VISKOM\kvasir-seg\images\cju88rl5eo94l0850kf5wtrm1.jpg,C:\VISKOM\kvasir-seg\masks\cju88rl5eo94l0850kf5wtrm1.jpg,KvasirSEG_cju88rl5eo94l0850kf5wtrm1,image,train
Kvasir-SEG,C:\VISKOM\kvasir-seg\images\cju88t4fvokxf07558ymyh281.jpg,C:\VISKOM\kvasir-seg\masks\cju88t4fvokxf07558ymyh281.jpg,KvasirSEG_cju88t4fvokxf07558ymyh281,image,train
Kvasir-SEG,C:\VISKOM\kvasir-seg\images\cju88trl3ogi208716qvti51b.jpg,C:\VISKOM\kvasir-seg\masks\cju88trl3ogi208716qvti51b.jpg,KvasirSEG_cju88trl3ogi208716qvti51b,image,test
Kvasir-SEG,C:\VISKOM\kvasir-seg\images\cju88v2f9oi8w0871hx9auh01.jpg,C:\VISKOM\kvasir-seg\masks\cju88v2f9oi8w0871hx9auh01.jpg,KvasirSEG_cju88v2f9oi8w0871hx9auh01,image,test
Kvasir-SEG,C:\VISKOM\kvasir-seg\images\cju88vx2uoocy075531lc63n3.jpg,C:\VISKOM\kvasir-seg\masks\cju88vx2uoocy075531lc63n3.jpg,KvasirSEG_cju88vx2uoocy075531lc63n3,image,train
Kvasir-SEG,C:\VISKOM\kvasir-seg\images\cju88y1mwoln50871emyfny1g.jpg,C:\VISKOM\kvasir-seg\masks\cju88y1mwoln50871emyfny1g.jpg,KvasirSEG_cju88y1mwoln50871emyfny1g,image,train
Kvasir-SEG,C:\VISKOM\kvasir-seg\images\cju88z8bson4h0871nnd7fdxo.jpg,C:\VISKOM\kvasir-seg\masks\cju88z8bson4h0871nnd7fdxo.jpg,KvasirSEG_cju88z8bson4h0871nnd7fdxo,image,train
Kvasir-SEG,C:\VISKOM\kvasir-seg\images\cju890guyoiti098753yg6cdu.jpg,C:\VISKOM\kvasir-seg\masks\cju890guyoiti098753yg6cdu.jpg,KvasirSEG_cju890guyoiti098753yg6cdu,image,train
Kvasir-SEG,C:\VISKOM\kvasir-seg\images\cju8914beokbf0850isxpocrk.jpg,C:\VISKOM\kvasir-seg\masks\cju8914beokbf0850isxpocrk.jpg,KvasirSEG_cju8914beokbf0850isxpocrk,image,train
Kvasir-SEG,C:\VISKOM\kvasir-seg\images\cju892fesoq2g0801n0e0jyia.jpg,C:\VISKOM\kvasir-seg\masks\cju892fesoq2g0801n0e0jyia.jpg,KvasirSEG_cju892fesoq2g0801n0e0jyia,image,train
Kvasir-SEG,C:\VISKOM\kvasir-seg\images\cju893jmdompz0817xn3g1w4h.jpg,C:\VISKOM\kvasir-seg\masks\cju893jmdompz0817xn3g1w4h.jpg,KvasirSEG_cju893jmdompz0817xn3g1w4h,image,train
Kvasir-SEG,C:\VISKOM\kvasir-seg\images\cju89y9h0puti0818i5yw29e6.jpg,C:\VISKOM\kvasir-seg\masks\cju89y9h0puti0818i5yw29e6.jpg,KvasirSEG_cju89y9h0puti0818i5yw29e6,image,test
Kvasir-SEG,C:\VISKOM\kvasir-seg\images\cju89z6pqpqfx0817mfv8ixjc.jpg,C:\VISKOM\kvasir-seg\masks\cju89z6pqpqfx0817mfv8ixjc.jpg,KvasirSEG_cju89z6pqpqfx0817mfv8ixjc,image,test
Kvasir-SEG,C:\VISKOM\kvasir-seg\images\cju8a1jtvpt9m081712iwkca7.jpg,C:\VISKOM\kvasir-seg\masks\cju8a1jtvpt9m081712iwkca7.jpg,KvasirSEG_cju8a1jtvpt9m081712iwkca7,image,val
Kvasir-SEG,C:\VISKOM\kvasir-seg\images\cju8a2itsq4dv0755ntlovpxe.jpg,C:\VISKOM\kvasir-seg\masks\cju8a2itsq4dv0755ntlovpxe.jpg,KvasirSEG_cju8a2itsq4dv0755ntlovpxe,image,train
Kvasir-SEG,C:\VISKOM\kvasir-seg\images\cju8a3nhbpwnb0850d37fo2na.jpg,C:\VISKOM\kvasir-seg\masks\cju8a3nhbpwnb0850d37fo2na.jpg,KvasirSEG_cju8a3nhbpwnb0850d37fo2na,image,val
Kvasir-SEG,C:\VISKOM\kvasir-seg\images\cju8a56vxpy780850r45yu4wk.jpg,C:\VISKOM\kvasir-seg\masks\cju8a56vxpy780850r45yu4wk.jpg,KvasirSEG_cju8a56vxpy780850r45yu4wk,image,train
Kvasir-SEG,C:\VISKOM\kvasir-seg\images\cju8a84g0q76m0818hwiggkod.jpg,C:\VISKOM\kvasir-seg\masks\cju8a84g0q76m0818hwiggkod.jpg,KvasirSEG_cju8a84g0q76m0818hwiggkod,image,train
Kvasir-SEG,C:\VISKOM\kvasir-seg\images\cju8abobpqbir08189u01huru.jpg,C:\VISKOM\kvasir-seg\masks\cju8abobpqbir08189u01huru.jpg,KvasirSEG_cju8abobpqbir08189u01huru,image,test
Kvasir-SEG,C:\VISKOM\kvasir-seg\images\cju8adb60qbiu080188mxpf8d.jpg,C:\VISKOM\kvasir-seg\masks\cju8adb60qbiu080188mxpf8d.jpg,KvasirSEG_cju8adb60qbiu080188mxpf8d,image,val
Kvasir-SEG,C:\VISKOM\kvasir-seg\images\cju8aeei7q8k308173n9y4klv.jpg,C:\VISKOM\kvasir-seg\masks\cju8aeei7q8k308173n9y4klv.jpg,KvasirSEG_cju8aeei7q8k308173n9y4klv,image,test
Kvasir-SEG,C:\VISKOM\kvasir-seg\images\cju8aj01yqeqm0850lhdz3xdw.jpg,C:\VISKOM\kvasir-seg\masks\cju8aj01yqeqm0850lhdz3xdw.jpg,KvasirSEG_cju8aj01yqeqm0850lhdz3xdw,image,test
Kvasir-SEG,C:\VISKOM\kvasir-seg\images\cju8alhigqn2h0801zksudldd.jpg,C:\VISKOM\kvasir-seg\masks\cju8alhigqn2h0801zksudldd.jpg,KvasirSEG_cju8alhigqn2h0801zksudldd,image,train
Kvasir-SEG,C:\VISKOM\kvasir-seg\images\cju8amfdtqi4x09871tygrgqe.jpg,C:\VISKOM\kvasir-seg\masks\cju8amfdtqi4x09871tygrgqe.jpg,KvasirSEG_cju8amfdtqi4x09871tygrgqe,image,val
Kvasir-SEG,C:\VISKOM\kvasir-seg\images\cju8ando2qqdo0818ck7i1be1.jpg,C:\VISKOM\kvasir-seg\masks\cju8ando2qqdo0818ck7i1be1.jpg,KvasirSEG_cju8ando2qqdo0818ck7i1be1,image,train
Kvasir-SEG,C:\VISKOM\kvasir-seg\images\cju8apjewqrk00801k5d71gky.jpg,C:\VISKOM\kvasir-seg\masks\cju8apjewqrk00801k5d71gky.jpg,KvasirSEG_cju8apjewqrk00801k5d71gky,image,train
Kvasir-SEG,C:\VISKOM\kvasir-seg\images\cju8aqq8uqmoq0987hphto9gg.jpg,C:\VISKOM\kvasir-seg\masks\cju8aqq8uqmoq0987hphto9gg.jpg,KvasirSEG_cju8aqq8uqmoq0987hphto9gg,image,val
Kvasir-SEG,C:\VISKOM\kvasir-seg\images\cju8arof2qpf20850ifr1bnqj.jpg,C:\VISKOM\kvasir-seg\masks\cju8arof2qpf20850ifr1bnqj.jpg,KvasirSEG_cju8arof2qpf20850ifr1bnqj,image,train
Kvasir-SEG,C:\VISKOM\kvasir-seg\images\cju8ashhnquqr0801rwduzt7d.jpg,C:\VISKOM\kvasir-seg\masks\cju8ashhnquqr0801rwduzt7d.jpg,KvasirSEG_cju8ashhnquqr0801rwduzt7d,image,train
Kvasir-SEG,C:\VISKOM\kvasir-seg\images\cju8at3s1qqqx0850hcq8nmnq.jpg,C:\VISKOM\kvasir-seg\masks\cju8at3s1qqqx0850hcq8nmnq.jpg,KvasirSEG_cju8at3s1qqqx0850hcq8nmnq,image,train
Kvasir-SEG,C:\VISKOM\kvasir-seg\images\cju8auylgqx0z0871u4o4db7o.jpg,C:\VISKOM\kvasir-seg\masks\cju8auylgqx0z0871u4o4db7o.jpg,KvasirSEG_cju8auylgqx0z0871u4o4db7o,image,train
Kvasir-SEG,C:\VISKOM\kvasir-seg\images\cju8aw9n1qyg10801jkjlmors.jpg,C:\VISKOM\kvasir-seg\masks\cju8aw9n1qyg10801jkjlmors.jpg,KvasirSEG_cju8aw9n1qyg10801jkjlmors,image,train
Kvasir-SEG,C:\VISKOM\kvasir-seg\images\cju8axq24r4an0755yhv9d4ly.jpg,C:\VISKOM\kvasir-seg\masks\cju8axq24r4an0755yhv9d4ly.jpg,KvasirSEG_cju8axq24r4an0755yhv9d4ly,image,train
Kvasir-SEG,C:\VISKOM\kvasir-seg\images\cju8ayeq7r1fb0818z1junacy.jpg,C:\VISKOM\kvasir-seg\masks\cju8ayeq7r1fb0818z1junacy.jpg,KvasirSEG_cju8ayeq7r1fb0818z1junacy,image,test
Kvasir-SEG,C:\VISKOM\kvasir-seg\images\cju8azmhcr66e0755t61atz72.jpg,C:\VISKOM\kvasir-seg\masks\cju8azmhcr66e0755t61atz72.jpg,KvasirSEG_cju8azmhcr66e0755t61atz72,image,train
Kvasir-SEG,C:\VISKOM\kvasir-seg\images\cju8b0jr0r2oi0801jiquetd5.jpg,C:\VISKOM\kvasir-seg\masks\cju8b0jr0r2oi0801jiquetd5.jpg,KvasirSEG_cju8b0jr0r2oi0801jiquetd5,image,val
Kvasir-SEG,C:\VISKOM\kvasir-seg\images\cju8b1v3br45u087189kku66u.jpg,C:\VISKOM\kvasir-seg\masks\cju8b1v3br45u087189kku66u.jpg,KvasirSEG_cju8b1v3br45u087189kku66u,image,test
Kvasir-SEG,C:\VISKOM\kvasir-seg\images\cju8b2rmgr52s0801p54eyflx.jpg,C:\VISKOM\kvasir-seg\masks\cju8b2rmgr52s0801p54eyflx.jpg,KvasirSEG_cju8b2rmgr52s0801p54eyflx,image,val
Kvasir-SEG,C:\VISKOM\kvasir-seg\images\cju8b3ka8r64u0801fh18hk7l.jpg,C:\VISKOM\kvasir-seg\masks\cju8b3ka8r64u0801fh18hk7l.jpg,KvasirSEG_cju8b3ka8r64u0801fh18hk7l,image,train
Kvasir-SEG,C:\VISKOM\kvasir-seg\images\cju8b4ja9r2s808509d45ma86.jpg,C:\VISKOM\kvasir-seg\masks\cju8b4ja9r2s808509d45ma86.jpg,KvasirSEG_cju8b4ja9r2s808509d45ma86,image,train
Kvasir-SEG,C:\VISKOM\kvasir-seg\images\cju8b542nr81x0871uxnkm9ih.jpg,C:\VISKOM\kvasir-seg\masks\cju8b542nr81x0871uxnkm9ih.jpg,KvasirSEG_cju8b542nr81x0871uxnkm9ih,image,train
Kvasir-SEG,C:\VISKOM\kvasir-seg\images\cju8b5p40r2c60987ofa0mu03.jpg,C:\VISKOM\kvasir-seg\masks\cju8b5p40r2c60987ofa0mu03.jpg,KvasirSEG_cju8b5p40r2c60987ofa0mu03,image,val
Kvasir-SEG,C:\VISKOM\kvasir-seg\images\cju8b6rp0r5st0850184f79xt.jpg,C:\VISKOM\kvasir-seg\masks\cju8b6rp0r5st0850184f79xt.jpg,KvasirSEG_cju8b6rp0r5st0850184f79xt,image,train
Kvasir-SEG,C:\VISKOM\kvasir-seg\images\cju8b7aqtr4a00987coba14b7.jpg,C:\VISKOM\kvasir-seg\masks\cju8b7aqtr4a00987coba14b7.jpg,KvasirSEG_cju8b7aqtr4a00987coba14b7,image,test
Kvasir-SEG,C:\VISKOM\kvasir-seg\images\cju8b8yair65w09878pyqtr96.jpg,C:\VISKOM\kvasir-seg\masks\cju8b8yair65w09878pyqtr96.jpg,KvasirSEG_cju8b8yair65w09878pyqtr96,image,val
Kvasir-SEG,C:\VISKOM\kvasir-seg\images\cju8bafgqrf4x0818twisk3ea.jpg,C:\VISKOM\kvasir-seg\masks\cju8bafgqrf4x0818twisk3ea.jpg,KvasirSEG_cju8bafgqrf4x0818twisk3ea,image,train
Kvasir-SEG,C:\VISKOM\kvasir-seg\images\cju8bbznkrf5g0871jncffynk.jpg,C:\VISKOM\kvasir-seg\masks\cju8bbznkrf5g0871jncffynk.jpg,KvasirSEG_cju8bbznkrf5g0871jncffynk,image,train
Kvasir-SEG,C:\VISKOM\kvasir-seg\images\cju8bff9nrfi10850fmfzbf8v.jpg,C:\VISKOM\kvasir-seg\masks\cju8bff9nrfi10850fmfzbf8v.jpg,KvasirSEG_cju8bff9nrfi10850fmfzbf8v,image,train
Kvasir-SEG,C:\VISKOM\kvasir-seg\images\cju8bgdmqrksy0801tozdmraa.jpg,C:\VISKOM\kvasir-seg\masks\cju8bgdmqrksy0801tozdmraa.jpg,KvasirSEG_cju8bgdmqrksy0801tozdmraa,image,train
Kvasir-SEG,C:\VISKOM\kvasir-seg\images\cju8bh8surexp0987o5pzklk1.jpg,C:\VISKOM\kvasir-seg\masks\cju8bh8surexp0987o5pzklk1.jpg,KvasirSEG_cju8bh8surexp0987o5pzklk1,image,train
Kvasir-SEG,C:\VISKOM\kvasir-seg\images\cju8bi8q7rlmn0871abc5ch8k.jpg,C:\VISKOM\kvasir-seg\masks\cju8bi8q7rlmn0871abc5ch8k.jpg,KvasirSEG_cju8bi8q7rlmn0871abc5ch8k,image,train
Kvasir-SEG,C:\VISKOM\kvasir-seg\images\cju8bj2ssrmlm0871gc2ug2rs.jpg,C:\VISKOM\kvasir-seg\masks\cju8bj2ssrmlm0871gc2ug2rs.jpg,KvasirSEG_cju8bj2ssrmlm0871gc2ug2rs,image,train
Kvasir-SEG,C:\VISKOM\kvasir-seg\images\cju8bk8oirjhw0817hgkua2w8.jpg,C:\VISKOM\kvasir-seg\masks\cju8bk8oirjhw0817hgkua2w8.jpg,KvasirSEG_cju8bk8oirjhw0817hgkua2w8,image,train
Kvasir-SEG,C:\VISKOM\kvasir-seg\images\cju8bljw9rqk20801kr54akrl.jpg,C:\VISKOM\kvasir-seg\masks\cju8bljw9rqk20801kr54akrl.jpg,KvasirSEG_cju8bljw9rqk20801kr54akrl,image,train
Kvasir-SEG,C:\VISKOM\kvasir-seg\images\cju8bm24yrrdp081829mbo8ic.jpg,C:\VISKOM\kvasir-seg\masks\cju8bm24yrrdp081829mbo8ic.jpg,KvasirSEG_cju8bm24yrrdp081829mbo8ic,image,val
Kvasir-SEG,C:\VISKOM\kvasir-seg\images\cju8bn7m2rmm70817hgxpb1uq.jpg,C:\VISKOM\kvasir-seg\masks\cju8bn7m2rmm70817hgxpb1uq.jpg,KvasirSEG_cju8bn7m2rmm70817hgxpb1uq,image,test
Kvasir-SEG,C:\VISKOM\kvasir-seg\images\cju8bop5jrsid08716i24fqda.jpg,C:\VISKOM\kvasir-seg\masks\cju8bop5jrsid08716i24fqda.jpg,KvasirSEG_cju8bop5jrsid08716i24fqda,image,train
Kvasir-SEG,C:\VISKOM\kvasir-seg\images\cju8bpctzrqkr0850zeldv9kt.jpg,C:\VISKOM\kvasir-seg\masks\cju8bpctzrqkr0850zeldv9kt.jpg,KvasirSEG_cju8bpctzrqkr0850zeldv9kt,image,test
Kvasir-SEG,C:\VISKOM\kvasir-seg\images\cju8bqxxurs6i0850mu7mtef9.jpg,C:\VISKOM\kvasir-seg\masks\cju8bqxxurs6i0850mu7mtef9.jpg,KvasirSEG_cju8bqxxurs6i0850mu7mtef9,image,train
Kvasir-SEG,C:\VISKOM\kvasir-seg\images\cju8brv16rx7f0818uf5n89pv.jpg,C:\VISKOM\kvasir-seg\masks\cju8brv16rx7f0818uf5n89pv.jpg,KvasirSEG_cju8brv16rx7f0818uf5n89pv,image,train
Kvasir-SEG,C:\VISKOM\kvasir-seg\images\cju8bssulrrcy0987h1vq5060.jpg,C:\VISKOM\kvasir-seg\masks\cju8bssulrrcy0987h1vq5060.jpg,KvasirSEG_cju8bssulrrcy0987h1vq5060,image,test
Kvasir-SEG,C:\VISKOM\kvasir-seg\images\cju8buos5rz9b08715lfr0f4f.jpg,C:\VISKOM\kvasir-seg\masks\cju8buos5rz9b08715lfr0f4f.jpg,KvasirSEG_cju8buos5rz9b08715lfr0f4f,image,test
Kvasir-SEG,C:\VISKOM\kvasir-seg\images\cju8bw697rwg308177tg8huas.jpg,C:\VISKOM\kvasir-seg\masks\cju8bw697rwg308177tg8huas.jpg,KvasirSEG_cju8bw697rwg308177tg8huas,image,train
Kvasir-SEG,C:\VISKOM\kvasir-seg\images\cju8bysfgrzkl081786jwac09.jpg,C:\VISKOM\kvasir-seg\masks\cju8bysfgrzkl081786jwac09.jpg,KvasirSEG_cju8bysfgrzkl081786jwac09,image,train
Kvasir-SEG,C:\VISKOM\kvasir-seg\images\cju8bzzy2s66m08016z6mouqt.jpg,C:\VISKOM\kvasir-seg\masks\cju8bzzy2s66m08016z6mouqt.jpg,KvasirSEG_cju8bzzy2s66m08016z6mouqt,image,train
Kvasir-SEG,C:\VISKOM\kvasir-seg\images\cju8c1a0ws7o208181c6lbsom.jpg,C:\VISKOM\kvasir-seg\masks\cju8c1a0ws7o208181c6lbsom.jpg,KvasirSEG_cju8c1a0ws7o208181c6lbsom,image,val
Kvasir-SEG,C:\VISKOM\kvasir-seg\images\cju8c2rqzs5t80850d0zky5dy.jpg,C:\VISKOM\kvasir-seg\masks\cju8c2rqzs5t80850d0zky5dy.jpg,KvasirSEG_cju8c2rqzs5t80850d0zky5dy,image,test
Kvasir-SEG,C:\VISKOM\kvasir-seg\images\cju8c3xs7sauj0801ieyzezr5.jpg,C:\VISKOM\kvasir-seg\masks\cju8c3xs7sauj0801ieyzezr5.jpg,KvasirSEG_cju8c3xs7sauj0801ieyzezr5,image,test
Kvasir-SEG,C:\VISKOM\kvasir-seg\images\cju8c5223s8j80850b4kealt4.jpg,C:\VISKOM\kvasir-seg\masks\cju8c5223s8j80850b4kealt4.jpg,KvasirSEG_cju8c5223s8j80850b4kealt4,image,train
Kvasir-SEG,C:\VISKOM\kvasir-seg\images\cju8c5mxls96t0850wvkvsity.jpg,C:\VISKOM\kvasir-seg\masks\cju8c5mxls96t0850wvkvsity.jpg,KvasirSEG_cju8c5mxls96t0850wvkvsity,image,val
Kvasir-SEG,C:\VISKOM\kvasir-seg\images\cju8c5zcbsdfz0801o5t6jag1.jpg,C:\VISKOM\kvasir-seg\masks\cju8c5zcbsdfz0801o5t6jag1.jpg,KvasirSEG_cju8c5zcbsdfz0801o5t6jag1,image,train
Kvasir-SEG,C:\VISKOM\kvasir-seg\images\cju8c6hnxsdvr0801wn0vrsa6.jpg,C:\VISKOM\kvasir-seg\masks\cju8c6hnxsdvr0801wn0vrsa6.jpg,KvasirSEG_cju8c6hnxsdvr0801wn0vrsa6,image,train
Kvasir-SEG,C:\VISKOM\kvasir-seg\images\cju8c82iosagu0817l74s4m5g.jpg,C:\VISKOM\kvasir-seg\masks\cju8c82iosagu0817l74s4m5g.jpg,KvasirSEG_cju8c82iosagu0817l74s4m5g,image,train
Kvasir-SEG,C:\VISKOM\kvasir-seg\images\cju8c9akjsdjj0850s67uzlxq.jpg,C:\VISKOM\kvasir-seg\masks\cju8c9akjsdjj0850s67uzlxq.jpg,KvasirSEG_cju8c9akjsdjj0850s67uzlxq,image,train
Kvasir-SEG,C:\VISKOM\kvasir-seg\images\cju8ca4geseia0850i2ru11hw.jpg,C:\VISKOM\kvasir-seg\masks\cju8ca4geseia0850i2ru11hw.jpg,KvasirSEG_cju8ca4geseia0850i2ru11hw,image,train
Kvasir-SEG,C:\VISKOM\kvasir-seg\images\cju8cattbsivm0818p446wgel.jpg,C:\VISKOM\kvasir-seg\masks\cju8cattbsivm0818p446wgel.jpg,KvasirSEG_cju8cattbsivm0818p446wgel,image,train
Kvasir-SEG,C:\VISKOM\kvasir-seg\images\cju8cbsyssiqj0871gr4jedjp.jpg,C:\VISKOM\kvasir-seg\masks\cju8cbsyssiqj0871gr4jedjp.jpg,KvasirSEG_cju8cbsyssiqj0871gr4jedjp,image,train
Kvasir-SEG,C:\VISKOM\kvasir-seg\images\cju8cdeazsm8h0801jxifmzur.jpg,C:\VISKOM\kvasir-seg\masks\cju8cdeazsm8h0801jxifmzur.jpg,KvasirSEG_cju8cdeazsm8h0801jxifmzur,image,train
Kvasir-SEG,C:\VISKOM\kvasir-seg\images\cju8ceacrsqkr0755hdz145es.jpg,C:\VISKOM\kvasir-seg\masks\cju8ceacrsqkr0755hdz145es.jpg,KvasirSEG_cju8ceacrsqkr0755hdz145es,image,test
Kvasir-SEG,C:\VISKOM\kvasir-seg\images\cju8cgi2kspp308011nxdtjp6.jpg,C:\VISKOM\kvasir-seg\masks\cju8cgi2kspp308011nxdtjp6.jpg,KvasirSEG_cju8cgi2kspp308011nxdtjp6,image,train
Kvasir-SEG,C:\VISKOM\kvasir-seg\images\cju8chdlqsu620755azjty1tj.jpg,C:\VISKOM\kvasir-seg\masks\cju8chdlqsu620755azjty1tj.jpg,KvasirSEG_cju8chdlqsu620755azjty1tj,image,train
Kvasir-SEG,C:\VISKOM\kvasir-seg\images\cju8chxndsre008015uisl4si.jpg,C:\VISKOM\kvasir-seg\masks\cju8chxndsre008015uisl4si.jpg,KvasirSEG_cju8chxndsre008015uisl4si,image,train
Kvasir-SEG,C:\VISKOM\kvasir-seg\images\cju8cj10qsrau0871o2dr6ai1.jpg,C:\VISKOM\kvasir-seg\masks\cju8cj10qsrau0871o2dr6ai1.jpg,KvasirSEG_cju8cj10qsrau0871o2dr6ai1,image,val
Kvasir-SEG,C:\VISKOM\kvasir-seg\images\cju8clorgsuwn08714toqb7v6.jpg,C:\VISKOM\kvasir-seg\masks\cju8clorgsuwn08714toqb7v6.jpg,KvasirSEG_cju8clorgsuwn08714toqb7v6,image,train
Kvasir-SEG,C:\VISKOM\kvasir-seg\images\cju8cwy02t9eq08185qn12c02.jpg,C:\VISKOM\kvasir-seg\masks\cju8cwy02t9eq08185qn12c02.jpg,KvasirSEG_cju8cwy02t9eq08185qn12c02,image,train
Kvasir-SEG,C:\VISKOM\kvasir-seg\images\cju8czvnztbf40871b4m7t78w.jpg,C:\VISKOM\kvasir-seg\masks\cju8czvnztbf40871b4m7t78w.jpg,KvasirSEG_cju8czvnztbf40871b4m7t78w,image,train
Kvasir-SEG,C:\VISKOM\kvasir-seg\images\cju8d2q30tfhs0801n7lx77xl.jpg,C:\VISKOM\kvasir-seg\masks\cju8d2q30tfhs0801n7lx77xl.jpg,KvasirSEG_cju8d2q30tfhs0801n7lx77xl,image,train
Kvasir-SEG,C:\VISKOM\kvasir-seg\images\cju8d4jgatgpj0871q2ophhkm.jpg,C:\VISKOM\kvasir-seg\masks\cju8d4jgatgpj0871q2ophhkm.jpg,KvasirSEG_cju8d4jgatgpj0871q2ophhkm,image,train
Kvasir-SEG,C:\VISKOM\kvasir-seg\images\cju8dic9mtppa0987swn23wbc.jpg,C:\VISKOM\kvasir-seg\masks\cju8dic9mtppa0987swn23wbc.jpg,KvasirSEG_cju8dic9mtppa0987swn23wbc,image,train
Kvasir-SEG,C:\VISKOM\kvasir-seg\images\cju8djdqztu6408506pzhlo18.jpg,C:\VISKOM\kvasir-seg\masks\cju8djdqztu6408506pzhlo18.jpg,KvasirSEG_cju8djdqztu6408506pzhlo18,image,train
Kvasir-SEG,C:\VISKOM\kvasir-seg\images\cju8dk7eztzup08182yxko5zh.jpg,C:\VISKOM\kvasir-seg\masks\cju8dk7eztzup08182yxko5zh.jpg,KvasirSEG_cju8dk7eztzup08182yxko5zh,image,train
Kvasir-SEG,C:\VISKOM\kvasir-seg\images\cju8dm2cau2km0818jsv9eeq2.jpg,C:\VISKOM\kvasir-seg\masks\cju8dm2cau2km0818jsv9eeq2.jpg,KvasirSEG_cju8dm2cau2km0818jsv9eeq2,image,train
Kvasir-SEG,C:\VISKOM\kvasir-seg\images\cju8dn0c3u2v50801k8rvq02f.jpg,C:\VISKOM\kvasir-seg\masks\cju8dn0c3u2v50801k8rvq02f.jpg,KvasirSEG_cju8dn0c3u2v50801k8rvq02f,image,test
Kvasir-SEG,C:\VISKOM\kvasir-seg\images\cju8doa16u5gh0818w1ywda3q.jpg,C:\VISKOM\kvasir-seg\masks\cju8doa16u5gh0818w1ywda3q.jpg,KvasirSEG_cju8doa16u5gh0818w1ywda3q,image,test
Kvasir-SEG,C:\VISKOM\kvasir-seg\images\cju8dpa89u6l80818dj6lldh9.jpg,C:\VISKOM\kvasir-seg\masks\cju8dpa89u6l80818dj6lldh9.jpg,KvasirSEG_cju8dpa89u6l80818dj6lldh9,image,val
Kvasir-SEG,C:\VISKOM\kvasir-seg\images\cju8dqkrqu83i0818ev74qpxq.jpg,C:\VISKOM\kvasir-seg\masks\cju8dqkrqu83i0818ev74qpxq.jpg,KvasirSEG_cju8dqkrqu83i0818ev74qpxq,image,train
Kvasir-SEG,C:\VISKOM\kvasir-seg\images\cjyzjzssvd8pq0838f4nolj5l.jpg,C:\VISKOM\kvasir-seg\masks\cjyzjzssvd8pq0838f4nolj5l.jpg,KvasirSEG_cjyzjzssvd8pq0838f4nolj5l,image,test
Kvasir-SEG,C:\VISKOM\kvasir-seg\images\cjyzk8qieoboa0848ogj51wwm.jpg,C:\VISKOM\kvasir-seg\masks\cjyzk8qieoboa0848ogj51wwm.jpg,KvasirSEG_cjyzk8qieoboa0848ogj51wwm,image,test
Kvasir-SEG,C:\VISKOM\kvasir-seg\images\cjyzkmjy8evns070165gf9dmq.jpg,C:\VISKOM\kvasir-seg\masks\cjyzkmjy8evns070165gf9dmq.jpg,KvasirSEG_cjyzkmjy8evns070165gf9dmq,image,train
Kvasir-SEG,C:\VISKOM\kvasir-seg\images\cjyzkpsbjdsjq07211dfi4sru.jpg,C:\VISKOM\kvasir-seg\masks\cjyzkpsbjdsjq07211dfi4sru.jpg,KvasirSEG_cjyzkpsbjdsjq07211dfi4sru,image,train
Kvasir-SEG,C:\VISKOM\kvasir-seg\images\cjyzl833ndne80838pzuq6ila.jpg,C:\VISKOM\kvasir-seg\masks\cjyzl833ndne80838pzuq6ila.jpg,KvasirSEG_cjyzl833ndne80838pzuq6ila,image,train
Kvasir-SEG,C:\VISKOM\kvasir-seg\images\cjyzlw7f9faqr070129au64sq.jpg,C:\VISKOM\kvasir-seg\masks\cjyzlw7f9faqr070129au64sq.jpg,KvasirSEG_cjyzlw7f9faqr070129au64sq,image,train
Kvasir-SEG,C:\VISKOM\kvasir-seg\images\cjyztzaqtrv430848l8xgcerw.jpg,C:\VISKOM\kvasir-seg\masks\cjyztzaqtrv430848l8xgcerw.jpg,KvasirSEG_cjyztzaqtrv430848l8xgcerw,image,train
Kvasir-SEG,C:\VISKOM\kvasir-seg\images\cjyzu3reghjya0794w7pwoi50.jpg,C:\VISKOM\kvasir-seg\masks\cjyzu3reghjya0794w7pwoi50.jpg,KvasirSEG_cjyzu3reghjya0794w7pwoi50,image,train
Kvasir-SEG,C:\VISKOM\kvasir-seg\images\cjyzu9th0qt4r0a46pyl4zik0.jpg,C:\VISKOM\kvasir-seg\masks\cjyzu9th0qt4r0a46pyl4zik0.jpg,KvasirSEG_cjyzu9th0qt4r0a46pyl4zik0,image,test
Kvasir-SEG,C:\VISKOM\kvasir-seg\images\cjyzufihqquiw0a46jatrbwln.jpg,C:\VISKOM\kvasir-seg\masks\cjyzufihqquiw0a46jatrbwln.jpg,KvasirSEG_cjyzufihqquiw0a46jatrbwln,image,test
Kvasir-SEG,C:\VISKOM\kvasir-seg\images\cjyzuio1qgh040763k56deohv.jpg,C:\VISKOM\kvasir-seg\masks\cjyzuio1qgh040763k56deohv.jpg,KvasirSEG_cjyzuio1qgh040763k56deohv,image,train
Kvasir-SEG,C:\VISKOM\kvasir-seg\images\cjyzul1qggwwj07216mhiv5sy.jpg,C:\VISKOM\kvasir-seg\masks\cjyzul1qggwwj07216mhiv5sy.jpg,KvasirSEG_cjyzul1qggwwj07216mhiv5sy,image,train
Kvasir-SEG,C:\VISKOM\kvasir-seg\images\cjyzurzvohqnr0794es1itzek.jpg,C:\VISKOM\kvasir-seg\masks\cjyzurzvohqnr0794es1itzek.jpg,KvasirSEG_cjyzurzvohqnr0794es1itzek,image,test
Kvasir-SEG,C:\VISKOM\kvasir-seg\images\cjz14qsk2wci60794un9ozwmw.jpg,C:\VISKOM\kvasir-seg\masks\cjz14qsk2wci60794un9ozwmw.jpg,KvasirSEG_cjz14qsk2wci60794un9ozwmw,image,train
Kvasir-SEG,C:\VISKOM\kvasir-seg\images\ck2395w2mb4vu07480otsu6tw.jpg,C:\VISKOM\kvasir-seg\masks\ck2395w2mb4vu07480otsu6tw.jpg,KvasirSEG_ck2395w2mb4vu07480otsu6tw,image,val
Kvasir-SEG,C:\VISKOM\kvasir-seg\images\ck2bxiswtxuw80838qkisqjwz.jpg,C:\VISKOM\kvasir-seg\masks\ck2bxiswtxuw80838qkisqjwz.jpg,KvasirSEG_ck2bxiswtxuw80838qkisqjwz,image,train
Kvasir-SEG,C:\VISKOM\kvasir-seg\images\ck2bxknhjvs1x0794iogrq49k.jpg,C:\VISKOM\kvasir-seg\masks\ck2bxknhjvs1x0794iogrq49k.jpg,KvasirSEG_ck2bxknhjvs1x0794iogrq49k,image,train
Kvasir-SEG,C:\VISKOM\kvasir-seg\images\ck2bxlujamu330725szlc2jdu.jpg,C:\VISKOM\kvasir-seg\masks\ck2bxlujamu330725szlc2jdu.jpg,KvasirSEG_ck2bxlujamu330725szlc2jdu,image,val
Kvasir-SEG,C:\VISKOM\kvasir-seg\images\ck2bxpfgxu2mk0748gsh7xelu.jpg,C:\VISKOM\kvasir-seg\masks\ck2bxpfgxu2mk0748gsh7xelu.jpg,KvasirSEG_ck2bxpfgxu2mk0748gsh7xelu,image,test
Kvasir-SEG,C:\VISKOM\kvasir-seg\images\ck2bxqz3evvg20794iiyv5v2m.jpg,C:\VISKOM\kvasir-seg\masks\ck2bxqz3evvg20794iiyv5v2m.jpg,KvasirSEG_ck2bxqz3evvg20794iiyv5v2m,image,train
Kvasir-SEG,C:\VISKOM\kvasir-seg\images\ck2bxskgxxzfv08386xkqtqdy.jpg,C:\VISKOM\kvasir-seg\masks\ck2bxskgxxzfv08386xkqtqdy.jpg,KvasirSEG_ck2bxskgxxzfv08386xkqtqdy,image,train
Kvasir-SEG,C:\VISKOM\kvasir-seg\images\ck2bxw18mmz1k0725litqq2mc.jpg,C:\VISKOM\kvasir-seg\masks\ck2bxw18mmz1k0725litqq2mc.jpg,KvasirSEG_ck2bxw18mmz1k0725litqq2mc,image,test
Kvasir-SEG,C:\VISKOM\kvasir-seg\images\ck2da7fwcjfis07218r1rvm95.jpg,C:\VISKOM\kvasir-seg\masks\ck2da7fwcjfis07218r1rvm95.jpg,KvasirSEG_ck2da7fwcjfis07218r1rvm95,image,train
ETIS-LaribPolypDB,C:\VISKOM\ETIS-LaribPolypDB\images\1.png,C:\VISKOM\ETIS-LaribPolypDB\masks\1.png,ETIS_1,image,external_test
ETIS-LaribPolypDB,C:\VISKOM\ETIS-LaribPolypDB\images\2.png,C:\VISKOM\ETIS-LaribPolypDB\masks\2.png,ETIS_2,image,external_test
ETIS-LaribPolypDB,C:\VISKOM\ETIS-LaribPolypDB\images\3.png,C:\VISKOM\ETIS-LaribPolypDB\masks\3.png,ETIS_3,image,external_test
ETIS-LaribPolypDB,C:\VISKOM\ETIS-LaribPolypDB\images\4.png,C:\VISKOM\ETIS-LaribPolypDB\masks\4.png,ETIS_4,image,external_test
ETIS-LaribPolypDB,C:\VISKOM\ETIS-LaribPolypDB\images\5.png,C:\VISKOM\ETIS-LaribPolypDB\masks\5.png,ETIS_5,image,external_test
ETIS-LaribPolypDB,C:\VISKOM\ETIS-LaribPolypDB\images\6.png,C:\VISKOM\ETIS-LaribPolypDB\masks\6.png,ETIS_6,image,external_test
ETIS-LaribPolypDB,C:\VISKOM\ETIS-LaribPolypDB\images\7.png,C:\VISKOM\ETIS-LaribPolypDB\masks\7.png,ETIS_7,image,external_test
ETIS-LaribPolypDB,C:\VISKOM\ETIS-LaribPolypDB\images\8.png,C:\VISKOM\ETIS-LaribPolypDB\masks\8.png,ETIS_8,image,external_test
ETIS-LaribPolypDB,C:\VISKOM\ETIS-LaribPolypDB\images\9.png,C:\VISKOM\ETIS-LaribPolypDB\masks\9.png,ETIS_9,image,external_test
ETIS-LaribPolypDB,C:\VISKOM\ETIS-LaribPolypDB\images\10.png,C:\VISKOM\ETIS-LaribPolypDB\masks\10.png,ETIS_10,image,external_test
ETIS-LaribPolypDB,C:\VISKOM\ETIS-LaribPolypDB\images\11.png,C:\VISKOM\ETIS-LaribPolypDB\masks\11.png,ETIS_11,image,external_test
ETIS-LaribPolypDB,C:\VISKOM\ETIS-LaribPolypDB\images\12.png,C:\VISKOM\ETIS-LaribPolypDB\masks\12.png,ETIS_12,image,external_test
ETIS-LaribPolypDB,C:\VISKOM\ETIS-LaribPolypDB\images\13.png,C:\VISKOM\ETIS-LaribPolypDB\masks\13.png,ETIS_13,image,external_test
ETIS-LaribPolypDB,C:\VISKOM\ETIS-LaribPolypDB\images\14.png,C:\VISKOM\ETIS-LaribPolypDB\masks\14.png,ETIS_14,image,external_test
ETIS-LaribPolypDB,C:\VISKOM\ETIS-LaribPolypDB\images\15.png,C:\VISKOM\ETIS-LaribPolypDB\masks\15.png,ETIS_15,image,external_test
ETIS-LaribPolypDB,C:\VISKOM\ETIS-LaribPolypDB\images\16.png,C:\VISKOM\ETIS-LaribPolypDB\masks\16.png,ETIS_16,image,external_test
ETIS-LaribPolypDB,C:\VISKOM\ETIS-LaribPolypDB\images\17.png,C:\VISKOM\ETIS-LaribPolypDB\masks\17.png,ETIS_17,image,external_test
ETIS-LaribPolypDB,C:\VISKOM\ETIS-LaribPolypDB\images\18.png,C:\VISKOM\ETIS-LaribPolypDB\masks\18.png,ETIS_18,image,external_test
ETIS-LaribPolypDB,C:\VISKOM\ETIS-LaribPolypDB\images\19.png,C:\VISKOM\ETIS-LaribPolypDB\masks\19.png,ETIS_19,image,external_test
ETIS-LaribPolypDB,C:\VISKOM\ETIS-LaribPolypDB\images\20.png,C:\VISKOM\ETIS-LaribPolypDB\masks\20.png,ETIS_20,image,external_test
ETIS-LaribPolypDB,C:\VISKOM\ETIS-LaribPolypDB\images\21.png,C:\VISKOM\ETIS-LaribPolypDB\masks\21.png,ETIS_21,image,external_test
ETIS-LaribPolypDB,C:\VISKOM\ETIS-LaribPolypDB\images\22.png,C:\VISKOM\ETIS-LaribPolypDB\masks\22.png,ETIS_22,image,external_test
ETIS-LaribPolypDB,C:\VISKOM\ETIS-LaribPolypDB\images\23.png,C:\VISKOM\ETIS-LaribPolypDB\masks\23.png,ETIS_23,image,external_test
ETIS-LaribPolypDB,C:\VISKOM\ETIS-LaribPolypDB\images\24.png,C:\VISKOM\ETIS-LaribPolypDB\masks\24.png,ETIS_24,image,external_test
ETIS-LaribPolypDB,C:\VISKOM\ETIS-LaribPolypDB\images\25.png,C:\VISKOM\ETIS-LaribPolypDB\masks\25.png,ETIS_25,image,external_test
ETIS-LaribPolypDB,C:\VISKOM\ETIS-LaribPolypDB\images\26.png,C:\VISKOM\ETIS-LaribPolypDB\masks\26.png,ETIS_26,image,external_test
ETIS-LaribPolypDB,C:\VISKOM\ETIS-LaribPolypDB\images\27.png,C:\VISKOM\ETIS-LaribPolypDB\masks\27.png,ETIS_27,image,external_test
ETIS-LaribPolypDB,C:\VISKOM\ETIS-LaribPolypDB\images\28.png,C:\VISKOM\ETIS-LaribPolypDB\masks\28.png,ETIS_28,image,external_test
ETIS-LaribPolypDB,C:\VISKOM\ETIS-LaribPolypDB\images\29.png,C:\VISKOM\ETIS-LaribPolypDB\masks\29.png,ETIS_29,image,external_test
ETIS-LaribPolypDB,C:\VISKOM\ETIS-LaribPolypDB\images\30.png,C:\VISKOM\ETIS-LaribPolypDB\masks\30.png,ETIS_30,image,external_test
ETIS-LaribPolypDB,C:\VISKOM\ETIS-LaribPolypDB\images\31.png,C:\VISKOM\ETIS-LaribPolypDB\masks\31.png,ETIS_31,image,external_test
ETIS-LaribPolypDB,C:\VISKOM\ETIS-LaribPolypDB\images\32.png,C:\VISKOM\ETIS-LaribPolypDB\masks\32.png,ETIS_32,image,external_test
ETIS-LaribPolypDB,C:\VISKOM\ETIS-LaribPolypDB\images\33.png,C:\VISKOM\ETIS-LaribPolypDB\masks\33.png,ETIS_33,image,external_test
ETIS-LaribPolypDB,C:\VISKOM\ETIS-LaribPolypDB\images\34.png,C:\VISKOM\ETIS-LaribPolypDB\masks\34.png,ETIS_34,image,external_test
ETIS-LaribPolypDB,C:\VISKOM\ETIS-LaribPolypDB\images\35.png,C:\VISKOM\ETIS-LaribPolypDB\masks\35.png,ETIS_35,image,external_test
ETIS-LaribPolypDB,C:\VISKOM\ETIS-LaribPolypDB\images\36.png,C:\VISKOM\ETIS-LaribPolypDB\masks\36.png,ETIS_36,image,external_test
ETIS-LaribPolypDB,C:\VISKOM\ETIS-LaribPolypDB\images\37.png,C:\VISKOM\ETIS-LaribPolypDB\masks\37.png,ETIS_37,image,external_test
ETIS-LaribPolypDB,C:\VISKOM\ETIS-LaribPolypDB\images\38.png,C:\VISKOM\ETIS-LaribPolypDB\masks\38.png,ETIS_38,image,external_test
ETIS-LaribPolypDB,C:\VISKOM\ETIS-LaribPolypDB\images\39.png,C:\VISKOM\ETIS-LaribPolypDB\masks\39.png,ETIS_39,image,external_test
ETIS-LaribPolypDB,C:\VISKOM\ETIS-LaribPolypDB\images\40.png,C:\VISKOM\ETIS-LaribPolypDB\masks\40.png,ETIS_40,image,external_test
ETIS-LaribPolypDB,C:\VISKOM\ETIS-LaribPolypDB\images\41.png,C:\VISKOM\ETIS-LaribPolypDB\masks\41.png,ETIS_41,image,external_test
ETIS-LaribPolypDB,C:\VISKOM\ETIS-LaribPolypDB\images\42.png,C:\VISKOM\ETIS-LaribPolypDB\masks\42.png,ETIS_42,image,external_test
ETIS-LaribPolypDB,C:\VISKOM\ETIS-LaribPolypDB\images\43.png,C:\VISKOM\ETIS-LaribPolypDB\masks\43.png,ETIS_43,image,external_test
ETIS-LaribPolypDB,C:\VISKOM\ETIS-LaribPolypDB\images\44.png,C:\VISKOM\ETIS-LaribPolypDB\masks\44.png,ETIS_44,image,external_test
ETIS-LaribPolypDB,C:\VISKOM\ETIS-LaribPolypDB\images\45.png,C:\VISKOM\ETIS-LaribPolypDB\masks\45.png,ETIS_45,image,external_test
ETIS-LaribPolypDB,C:\VISKOM\ETIS-LaribPolypDB\images\46.png,C:\VISKOM\ETIS-LaribPolypDB\masks\46.png,ETIS_46,image,external_test
ETIS-LaribPolypDB,C:\VISKOM\ETIS-LaribPolypDB\images\47.png,C:\VISKOM\ETIS-LaribPolypDB\masks\47.png,ETIS_47,image,external_test
ETIS-LaribPolypDB,C:\VISKOM\ETIS-LaribPolypDB\images\48.png,C:\VISKOM\ETIS-LaribPolypDB\masks\48.png,ETIS_48,image,external_test
ETIS-LaribPolypDB,C:\VISKOM\ETIS-LaribPolypDB\images\49.png,C:\VISKOM\ETIS-LaribPolypDB\masks\49.png,ETIS_49,image,external_test
ETIS-LaribPolypDB,C:\VISKOM\ETIS-LaribPolypDB\images\50.png,C:\VISKOM\ETIS-LaribPolypDB\masks\50.png,ETIS_50,image,external_test
ETIS-LaribPolypDB,C:\VISKOM\ETIS-LaribPolypDB\images\51.png,C:\VISKOM\ETIS-LaribPolypDB\masks\51.png,ETIS_51,image,external_test
ETIS-LaribPolypDB,C:\VISKOM\ETIS-LaribPolypDB\images\52.png,C:\VISKOM\ETIS-LaribPolypDB\masks\52.png,ETIS_52,image,external_test
ETIS-LaribPolypDB,C:\VISKOM\ETIS-LaribPolypDB\images\53.png,C:\VISKOM\ETIS-LaribPolypDB\masks\53.png,ETIS_53,image,external_test
ETIS-LaribPolypDB,C:\VISKOM\ETIS-LaribPolypDB\images\54.png,C:\VISKOM\ETIS-LaribPolypDB\masks\54.png,ETIS_54,image,external_test
ETIS-LaribPolypDB,C:\VISKOM\ETIS-LaribPolypDB\images\55.png,C:\VISKOM\ETIS-LaribPolypDB\masks\55.png,ETIS_55,image,external_test
ETIS-LaribPolypDB,C:\VISKOM\ETIS-LaribPolypDB\images\56.png,C:\VISKOM\ETIS-LaribPolypDB\masks\56.png,ETIS_56,image,external_test
ETIS-LaribPolypDB,C:\VISKOM\ETIS-LaribPolypDB\images\57.png,C:\VISKOM\ETIS-LaribPolypDB\masks\57.png,ETIS_57,image,external_test
ETIS-LaribPolypDB,C:\VISKOM\ETIS-LaribPolypDB\images\58.png,C:\VISKOM\ETIS-LaribPolypDB\masks\58.png,ETIS_58,image,external_test
ETIS-LaribPolypDB,C:\VISKOM\ETIS-LaribPolypDB\images\59.png,C:\VISKOM\ETIS-LaribPolypDB\masks\59.png,ETIS_59,image,external_test
ETIS-LaribPolypDB,C:\VISKOM\ETIS-LaribPolypDB\images\60.png,C:\VISKOM\ETIS-LaribPolypDB\masks\60.png,ETIS_60,image,external_test
ETIS-LaribPolypDB,C:\VISKOM\ETIS-LaribPolypDB\images\61.png,C:\VISKOM\ETIS-LaribPolypDB\masks\61.png,ETIS_61,image,external_test
ETIS-LaribPolypDB,C:\VISKOM\ETIS-LaribPolypDB\images\62.png,C:\VISKOM\ETIS-LaribPolypDB\masks\62.png,ETIS_62,image,external_test
ETIS-LaribPolypDB,C:\VISKOM\ETIS-LaribPolypDB\images\63.png,C:\VISKOM\ETIS-LaribPolypDB\masks\63.png,ETIS_63,image,external_test
ETIS-LaribPolypDB,C:\VISKOM\ETIS-LaribPolypDB\images\64.png,C:\VISKOM\ETIS-LaribPolypDB\masks\64.png,ETIS_64,image,external_test
ETIS-LaribPolypDB,C:\VISKOM\ETIS-LaribPolypDB\images\65.png,C:\VISKOM\ETIS-LaribPolypDB\masks\65.png,ETIS_65,image,external_test
ETIS-LaribPolypDB,C:\VISKOM\ETIS-LaribPolypDB\images\66.png,C:\VISKOM\ETIS-LaribPolypDB\masks\66.png,ETIS_66,image,external_test
ETIS-LaribPolypDB,C:\VISKOM\ETIS-LaribPolypDB\images\67.png,C:\VISKOM\ETIS-LaribPolypDB\masks\67.png,ETIS_67,image,external_test
ETIS-LaribPolypDB,C:\VISKOM\ETIS-LaribPolypDB\images\68.png,C:\VISKOM\ETIS-LaribPolypDB\masks\68.png,ETIS_68,image,external_test
ETIS-LaribPolypDB,C:\VISKOM\ETIS-LaribPolypDB\images\69.png,C:\VISKOM\ETIS-LaribPolypDB\masks\69.png,ETIS_69,image,external_test
ETIS-LaribPolypDB,C:\VISKOM\ETIS-LaribPolypDB\images\70.png,C:\VISKOM\ETIS-LaribPolypDB\masks\70.png,ETIS_70,image,external_test
ETIS-LaribPolypDB,C:\VISKOM\ETIS-LaribPolypDB\images\71.png,C:\VISKOM\ETIS-LaribPolypDB\masks\71.png,ETIS_71,image,external_test
ETIS-LaribPolypDB,C:\VISKOM\ETIS-LaribPolypDB\images\72.png,C:\VISKOM\ETIS-LaribPolypDB\masks\72.png,ETIS_72,image,external_test
ETIS-LaribPolypDB,C:\VISKOM\ETIS-LaribPolypDB\images\73.png,C:\VISKOM\ETIS-LaribPolypDB\masks\73.png,ETIS_73,image,external_test
ETIS-LaribPolypDB,C:\VISKOM\ETIS-LaribPolypDB\images\74.png,C:\VISKOM\ETIS-LaribPolypDB\masks\74.png,ETIS_74,image,external_test
ETIS-LaribPolypDB,C:\VISKOM\ETIS-LaribPolypDB\images\75.png,C:\VISKOM\ETIS-LaribPolypDB\masks\75.png,ETIS_75,image,external_test
ETIS-LaribPolypDB,C:\VISKOM\ETIS-LaribPolypDB\images\76.png,C:\VISKOM\ETIS-LaribPolypDB\masks\76.png,ETIS_76,image,external_test
ETIS-LaribPolypDB,C:\VISKOM\ETIS-LaribPolypDB\images\77.png,C:\VISKOM\ETIS-LaribPolypDB\masks\77.png,ETIS_77,image,external_test
ETIS-LaribPolypDB,C:\VISKOM\ETIS-LaribPolypDB\images\78.png,C:\VISKOM\ETIS-LaribPolypDB\masks\78.png,ETIS_78,image,external_test
ETIS-LaribPolypDB,C:\VISKOM\ETIS-LaribPolypDB\images\79.png,C:\VISKOM\ETIS-LaribPolypDB\masks\79.png,ETIS_79,image,external_test
ETIS-LaribPolypDB,C:\VISKOM\ETIS-LaribPolypDB\images\80.png,C:\VISKOM\ETIS-LaribPolypDB\masks\80.png,ETIS_80,image,external_test
ETIS-LaribPolypDB,C:\VISKOM\ETIS-LaribPolypDB\images\81.png,C:\VISKOM\ETIS-LaribPolypDB\masks\81.png,ETIS_81,image,external_test
ETIS-LaribPolypDB,C:\VISKOM\ETIS-LaribPolypDB\images\82.png,C:\VISKOM\ETIS-LaribPolypDB\masks\82.png,ETIS_82,image,external_test
ETIS-LaribPolypDB,C:\VISKOM\ETIS-LaribPolypDB\images\83.png,C:\VISKOM\ETIS-LaribPolypDB\masks\83.png,ETIS_83,image,external_test
ETIS-LaribPolypDB,C:\VISKOM\ETIS-LaribPolypDB\images\84.png,C:\VISKOM\ETIS-LaribPolypDB\masks\84.png,ETIS_84,image,external_test
ETIS-LaribPolypDB,C:\VISKOM\ETIS-LaribPolypDB\images\85.png,C:\VISKOM\ETIS-LaribPolypDB\masks\85.png,ETIS_85,image,external_test
ETIS-LaribPolypDB,C:\VISKOM\ETIS-LaribPolypDB\images\86.png,C:\VISKOM\ETIS-LaribPolypDB\masks\86.png,ETIS_86,image,external_test
ETIS-LaribPolypDB,C:\VISKOM\ETIS-LaribPolypDB\images\87.png,C:\VISKOM\ETIS-LaribPolypDB\masks\87.png,ETIS_87,image,external_test
ETIS-LaribPolypDB,C:\VISKOM\ETIS-LaribPolypDB\images\88.png,C:\VISKOM\ETIS-LaribPolypDB\masks\88.png,ETIS_88,image,external_test
ETIS-LaribPolypDB,C:\VISKOM\ETIS-LaribPolypDB\images\89.png,C:\VISKOM\ETIS-LaribPolypDB\masks\89.png,ETIS_89,image,external_test
ETIS-LaribPolypDB,C:\VISKOM\ETIS-LaribPolypDB\images\90.png,C:\VISKOM\ETIS-LaribPolypDB\masks\90.png,ETIS_90,image,external_test
ETIS-LaribPolypDB,C:\VISKOM\ETIS-LaribPolypDB\images\91.png,C:\VISKOM\ETIS-LaribPolypDB\masks\91.png,ETIS_91,image,external_test
ETIS-LaribPolypDB,C:\VISKOM\ETIS-LaribPolypDB\images\92.png,C:\VISKOM\ETIS-LaribPolypDB\masks\92.png,ETIS_92,image,external_test
ETIS-LaribPolypDB,C:\VISKOM\ETIS-LaribPolypDB\images\93.png,C:\VISKOM\ETIS-LaribPolypDB\masks\93.png,ETIS_93,image,external_test
ETIS-LaribPolypDB,C:\VISKOM\ETIS-LaribPolypDB\images\94.png,C:\VISKOM\ETIS-LaribPolypDB\masks\94.png,ETIS_94,image,external_test
ETIS-LaribPolypDB,C:\VISKOM\ETIS-LaribPolypDB\images\95.png,C:\VISKOM\ETIS-LaribPolypDB\masks\95.png,ETIS_95,image,external_test
ETIS-LaribPolypDB,C:\VISKOM\ETIS-LaribPolypDB\images\96.png,C:\VISKOM\ETIS-LaribPolypDB\masks\96.png,ETIS_96,image,external_test
ETIS-LaribPolypDB,C:\VISKOM\ETIS-LaribPolypDB\images\97.png,C:\VISKOM\ETIS-LaribPolypDB\masks\97.png,ETIS_97,image,external_test
ETIS-LaribPolypDB,C:\VISKOM\ETIS-LaribPolypDB\images\98.png,C:\VISKOM\ETIS-LaribPolypDB\masks\98.png,ETIS_98,image,external_test
ETIS-LaribPolypDB,C:\VISKOM\ETIS-LaribPolypDB\images\99.png,C:\VISKOM\ETIS-LaribPolypDB\masks\99.png,ETIS_99,image,external_test
ETIS-LaribPolypDB,C:\VISKOM\ETIS-LaribPolypDB\images\100.png,C:\VISKOM\ETIS-LaribPolypDB\masks\100.png,ETIS_100,image,external_test
ETIS-LaribPolypDB,C:\VISKOM\ETIS-LaribPolypDB\images\101.png,C:\VISKOM\ETIS-LaribPolypDB\masks\101.png,ETIS_101,image,external_test
ETIS-LaribPolypDB,C:\VISKOM\ETIS-LaribPolypDB\images\102.png,C:\VISKOM\ETIS-LaribPolypDB\masks\102.png,ETIS_102,image,external_test
ETIS-LaribPolypDB,C:\VISKOM\ETIS-LaribPolypDB\images\103.png,C:\VISKOM\ETIS-LaribPolypDB\masks\103.png,ETIS_103,image,external_test
ETIS-LaribPolypDB,C:\VISKOM\ETIS-LaribPolypDB\images\104.png,C:\VISKOM\ETIS-LaribPolypDB\masks\104.png,ETIS_104,image,external_test
ETIS-LaribPolypDB,C:\VISKOM\ETIS-LaribPolypDB\images\105.png,C:\VISKOM\ETIS-LaribPolypDB\masks\105.png,ETIS_105,image,external_test
ETIS-LaribPolypDB,C:\VISKOM\ETIS-LaribPolypDB\images\106.png,C:\VISKOM\ETIS-LaribPolypDB\masks\106.png,ETIS_106,image,external_test
ETIS-LaribPolypDB,C:\VISKOM\ETIS-LaribPolypDB\images\107.png,C:\VISKOM\ETIS-LaribPolypDB\masks\107.png,ETIS_107,image,external_test
ETIS-LaribPolypDB,C:\VISKOM\ETIS-LaribPolypDB\images\108.png,C:\VISKOM\ETIS-LaribPolypDB\masks\108.png,ETIS_108,image,external_test
ETIS-LaribPolypDB,C:\VISKOM\ETIS-LaribPolypDB\images\109.png,C:\VISKOM\ETIS-LaribPolypDB\masks\109.png,ETIS_109,image,external_test
ETIS-LaribPolypDB,C:\VISKOM\ETIS-LaribPolypDB\images\110.png,C:\VISKOM\ETIS-LaribPolypDB\masks\110.png,ETIS_110,image,external_test
ETIS-LaribPolypDB,C:\VISKOM\ETIS-LaribPolypDB\images\111.png,C:\VISKOM\ETIS-LaribPolypDB\masks\111.png,ETIS_111,image,external_test
ETIS-LaribPolypDB,C:\VISKOM\ETIS-LaribPolypDB\images\112.png,C:\VISKOM\ETIS-LaribPolypDB\masks\112.png,ETIS_112,image,external_test
ETIS-LaribPolypDB,C:\VISKOM\ETIS-LaribPolypDB\images\113.png,C:\VISKOM\ETIS-LaribPolypDB\masks\113.png,ETIS_113,image,external_test
ETIS-LaribPolypDB,C:\VISKOM\ETIS-LaribPolypDB\images\114.png,C:\VISKOM\ETIS-LaribPolypDB\masks\114.png,ETIS_114,image,external_test
ETIS-LaribPolypDB,C:\VISKOM\ETIS-LaribPolypDB\images\115.png,C:\VISKOM\ETIS-LaribPolypDB\masks\115.png,ETIS_115,image,external_test
ETIS-LaribPolypDB,C:\VISKOM\ETIS-LaribPolypDB\images\116.png,C:\VISKOM\ETIS-LaribPolypDB\masks\116.png,ETIS_116,image,external_test
ETIS-LaribPolypDB,C:\VISKOM\ETIS-LaribPolypDB\images\117.png,C:\VISKOM\ETIS-LaribPolypDB\masks\117.png,ETIS_117,image,external_test
ETIS-LaribPolypDB,C:\VISKOM\ETIS-LaribPolypDB\images\118.png,C:\VISKOM\ETIS-LaribPolypDB\masks\118.png,ETIS_118,image,external_test
ETIS-LaribPolypDB,C:\VISKOM\ETIS-LaribPolypDB\images\119.png,C:\VISKOM\ETIS-LaribPolypDB\masks\119.png,ETIS_119,image,external_test
ETIS-LaribPolypDB,C:\VISKOM\ETIS-LaribPolypDB\images\120.png,C:\VISKOM\ETIS-LaribPolypDB\masks\120.png,ETIS_120,image,external_test
ETIS-LaribPolypDB,C:\VISKOM\ETIS-LaribPolypDB\images\121.png,C:\VISKOM\ETIS-LaribPolypDB\masks\121.png,ETIS_121,image,external_test
ETIS-LaribPolypDB,C:\VISKOM\ETIS-LaribPolypDB\images\122.png,C:\VISKOM\ETIS-LaribPolypDB\masks\122.png,ETIS_122,image,external_test
ETIS-LaribPolypDB,C:\VISKOM\ETIS-LaribPolypDB\images\123.png,C:\VISKOM\ETIS-LaribPolypDB\masks\123.png,ETIS_123,image,external_test
ETIS-LaribPolypDB,C:\VISKOM\ETIS-LaribPolypDB\images\124.png,C:\VISKOM\ETIS-LaribPolypDB\masks\124.png,ETIS_124,image,external_test
ETIS-LaribPolypDB,C:\VISKOM\ETIS-LaribPolypDB\images\125.png,C:\VISKOM\ETIS-LaribPolypDB\masks\125.png,ETIS_125,image,external_test
ETIS-LaribPolypDB,C:\VISKOM\ETIS-LaribPolypDB\images\126.png,C:\VISKOM\ETIS-LaribPolypDB\masks\126.png,ETIS_126,image,external_test
ETIS-LaribPolypDB,C:\VISKOM\ETIS-LaribPolypDB\images\127.png,C:\VISKOM\ETIS-LaribPolypDB\masks\127.png,ETIS_127,image,external_test
ETIS-LaribPolypDB,C:\VISKOM\ETIS-LaribPolypDB\images\128.png,C:\VISKOM\ETIS-LaribPolypDB\masks\128.png,ETIS_128,image,external_test
ETIS-LaribPolypDB,C:\VISKOM\ETIS-LaribPolypDB\images\129.png,C:\VISKOM\ETIS-LaribPolypDB\masks\129.png,ETIS_129,image,external_test
ETIS-LaribPolypDB,C:\VISKOM\ETIS-LaribPolypDB\images\130.png,C:\VISKOM\ETIS-LaribPolypDB\masks\130.png,ETIS_130,image,external_test
ETIS-LaribPolypDB,C:\VISKOM\ETIS-LaribPolypDB\images\131.png,C:\VISKOM\ETIS-LaribPolypDB\masks\131.png,ETIS_131,image,external_test
ETIS-LaribPolypDB,C:\VISKOM\ETIS-LaribPolypDB\images\132.png,C:\VISKOM\ETIS-LaribPolypDB\masks\132.png,ETIS_132,image,external_test
ETIS-LaribPolypDB,C:\VISKOM\ETIS-LaribPolypDB\images\133.png,C:\VISKOM\ETIS-LaribPolypDB\masks\133.png,ETIS_133,image,external_test
ETIS-LaribPolypDB,C:\VISKOM\ETIS-LaribPolypDB\images\134.png,C:\VISKOM\ETIS-LaribPolypDB\masks\134.png,ETIS_134,image,external_test
ETIS-LaribPolypDB,C:\VISKOM\ETIS-LaribPolypDB\images\135.png,C:\VISKOM\ETIS-LaribPolypDB\masks\135.png,ETIS_135,image,external_test
ETIS-LaribPolypDB,C:\VISKOM\ETIS-LaribPolypDB\images\136.png,C:\VISKOM\ETIS-LaribPolypDB\masks\136.png,ETIS_136,image,external_test
ETIS-LaribPolypDB,C:\VISKOM\ETIS-LaribPolypDB\images\137.png,C:\VISKOM\ETIS-LaribPolypDB\masks\137.png,ETIS_137,image,external_test
ETIS-LaribPolypDB,C:\VISKOM\ETIS-LaribPolypDB\images\138.png,C:\VISKOM\ETIS-LaribPolypDB\masks\138.png,ETIS_138,image,external_test
ETIS-LaribPolypDB,C:\VISKOM\ETIS-LaribPolypDB\images\139.png,C:\VISKOM\ETIS-LaribPolypDB\masks\139.png,ETIS_139,image,external_test
ETIS-LaribPolypDB,C:\VISKOM\ETIS-LaribPolypDB\images\140.png,C:\VISKOM\ETIS-LaribPolypDB\masks\140.png,ETIS_140,image,external_test
ETIS-LaribPolypDB,C:\VISKOM\ETIS-LaribPolypDB\images\141.png,C:\VISKOM\ETIS-LaribPolypDB\masks\141.png,ETIS_141,image,external_test
ETIS-LaribPolypDB,C:\VISKOM\ETIS-LaribPolypDB\images\142.png,C:\VISKOM\ETIS-LaribPolypDB\masks\142.png,ETIS_142,image,external_test
ETIS-LaribPolypDB,C:\VISKOM\ETIS-LaribPolypDB\images\143.png,C:\VISKOM\ETIS-LaribPolypDB\masks\143.png,ETIS_143,image,external_test
ETIS-LaribPolypDB,C:\VISKOM\ETIS-LaribPolypDB\images\144.png,C:\VISKOM\ETIS-LaribPolypDB\masks\144.png,ETIS_144,image,external_test
ETIS-LaribPolypDB,C:\VISKOM\ETIS-LaribPolypDB\images\145.png,C:\VISKOM\ETIS-LaribPolypDB\masks\145.png,ETIS_145,image,external_test
ETIS-LaribPolypDB,C:\VISKOM\ETIS-LaribPolypDB\images\146.png,C:\VISKOM\ETIS-LaribPolypDB\masks\146.png,ETIS_146,image,external_test
ETIS-LaribPolypDB,C:\VISKOM\ETIS-LaribPolypDB\images\147.png,C:\VISKOM\ETIS-LaribPolypDB\masks\147.png,ETIS_147,image,external_test
ETIS-LaribPolypDB,C:\VISKOM\ETIS-LaribPolypDB\images\148.png,C:\VISKOM\ETIS-LaribPolypDB\masks\148.png,ETIS_148,image,external_test
ETIS-LaribPolypDB,C:\VISKOM\ETIS-LaribPolypDB\images\149.png,C:\VISKOM\ETIS-LaribPolypDB\masks\149.png,ETIS_149,image,external_test
ETIS-LaribPolypDB,C:\VISKOM\ETIS-LaribPolypDB\images\150.png,C:\VISKOM\ETIS-LaribPolypDB\masks\150.png,ETIS_150,image,external_test
ETIS-LaribPolypDB,C:\VISKOM\ETIS-LaribPolypDB\images\151.png,C:\VISKOM\ETIS-LaribPolypDB\masks\151.png,ETIS_151,image,external_test
ETIS-LaribPolypDB,C:\VISKOM\ETIS-LaribPolypDB\images\152.png,C:\VISKOM\ETIS-LaribPolypDB\masks\152.png,ETIS_152,image,external_test
ETIS-LaribPolypDB,C:\VISKOM\ETIS-LaribPolypDB\images\153.png,C:\VISKOM\ETIS-LaribPolypDB\masks\153.png,ETIS_153,image,external_test
ETIS-LaribPolypDB,C:\VISKOM\ETIS-LaribPolypDB\images\154.png,C:\VISKOM\ETIS-LaribPolypDB\masks\154.png,ETIS_154,image,external_test
ETIS-LaribPolypDB,C:\VISKOM\ETIS-LaribPolypDB\images\155.png,C:\VISKOM\ETIS-LaribPolypDB\masks\155.png,ETIS_155,image,external_test
ETIS-LaribPolypDB,C:\VISKOM\ETIS-LaribPolypDB\images\156.png,C:\VISKOM\ETIS-LaribPolypDB\masks\156.png,ETIS_156,image,external_test
ETIS-LaribPolypDB,C:\VISKOM\ETIS-LaribPolypDB\images\157.png,C:\VISKOM\ETIS-LaribPolypDB\masks\157.png,ETIS_157,image,external_test
ETIS-LaribPolypDB,C:\VISKOM\ETIS-LaribPolypDB\images\158.png,C:\VISKOM\ETIS-LaribPolypDB\masks\158.png,ETIS_158,image,external_test
ETIS-LaribPolypDB,C:\VISKOM\ETIS-LaribPolypDB\images\159.png,C:\VISKOM\ETIS-LaribPolypDB\masks\159.png,ETIS_159,image,external_test
ETIS-LaribPolypDB,C:\VISKOM\ETIS-LaribPolypDB\images\160.png,C:\VISKOM\ETIS-LaribPolypDB\masks\160.png,ETIS_160,image,external_test
ETIS-LaribPolypDB,C:\VISKOM\ETIS-LaribPolypDB\images\161.png,C:\VISKOM\ETIS-LaribPolypDB\masks\161.png,ETIS_161,image,external_test
ETIS-LaribPolypDB,C:\VISKOM\ETIS-LaribPolypDB\images\162.png,C:\VISKOM\ETIS-LaribPolypDB\masks\162.png,ETIS_162,image,external_test
ETIS-LaribPolypDB,C:\VISKOM\ETIS-LaribPolypDB\images\163.png,C:\VISKOM\ETIS-LaribPolypDB\masks\163.png,ETIS_163,image,external_test
ETIS-LaribPolypDB,C:\VISKOM\ETIS-LaribPolypDB\images\164.png,C:\VISKOM\ETIS-LaribPolypDB\masks\164.png,ETIS_164,image,external_test
ETIS-LaribPolypDB,C:\VISKOM\ETIS-LaribPolypDB\images\165.png,C:\VISKOM\ETIS-LaribPolypDB\masks\165.png,ETIS_165,image,external_test
ETIS-LaribPolypDB,C:\VISKOM\ETIS-LaribPolypDB\images\166.png,C:\VISKOM\ETIS-LaribPolypDB\masks\166.png,ETIS_166,image,external_test
ETIS-LaribPolypDB,C:\VISKOM\ETIS-LaribPolypDB\images\167.png,C:\VISKOM\ETIS-LaribPolypDB\masks\167.png,ETIS_167,image,external_test
ETIS-LaribPolypDB,C:\VISKOM\ETIS-LaribPolypDB\images\168.png,C:\VISKOM\ETIS-LaribPolypDB\masks\168.png,ETIS_168,image,external_test
ETIS-LaribPolypDB,C:\VISKOM\ETIS-LaribPolypDB\images\169.png,C:\VISKOM\ETIS-LaribPolypDB\masks\169.png,ETIS_169,image,external_test
ETIS-LaribPolypDB,C:\VISKOM\ETIS-LaribPolypDB\images\170.png,C:\VISKOM\ETIS-LaribPolypDB\masks\170.png,ETIS_170,image,external_test
ETIS-LaribPolypDB,C:\VISKOM\ETIS-LaribPolypDB\images\171.png,C:\VISKOM\ETIS-LaribPolypDB\masks\171.png,ETIS_171,image,external_test
ETIS-LaribPolypDB,C:\VISKOM\ETIS-LaribPolypDB\images\172.png,C:\VISKOM\ETIS-LaribPolypDB\masks\172.png,ETIS_172,image,external_test
ETIS-LaribPolypDB,C:\VISKOM\ETIS-LaribPolypDB\images\173.png,C:\VISKOM\ETIS-LaribPolypDB\masks\173.png,ETIS_173,image,external_test
ETIS-LaribPolypDB,C:\VISKOM\ETIS-LaribPolypDB\images\174.png,C:\VISKOM\ETIS-LaribPolypDB\masks\174.png,ETIS_174,image,external_test
ETIS-LaribPolypDB,C:\VISKOM\ETIS-LaribPolypDB\images\175.png,C:\VISKOM\ETIS-LaribPolypDB\masks\175.png,ETIS_175,image,external_test
ETIS-LaribPolypDB,C:\VISKOM\ETIS-LaribPolypDB\images\176.png,C:\VISKOM\ETIS-LaribPolypDB\masks\176.png,ETIS_176,image,external_test
ETIS-LaribPolypDB,C:\VISKOM\ETIS-LaribPolypDB\images\177.png,C:\VISKOM\ETIS-LaribPolypDB\masks\177.png,ETIS_177,image,external_test
ETIS-LaribPolypDB,C:\VISKOM\ETIS-LaribPolypDB\images\178.png,C:\VISKOM\ETIS-LaribPolypDB\masks\178.png,ETIS_178,image,external_test
ETIS-LaribPolypDB,C:\VISKOM\ETIS-LaribPolypDB\images\179.png,C:\VISKOM\ETIS-LaribPolypDB\masks\179.png,ETIS_179,image,external_test
ETIS-LaribPolypDB,C:\VISKOM\ETIS-LaribPolypDB\images\180.png,C:\VISKOM\ETIS-LaribPolypDB\masks\180.png,ETIS_180,image,external_test
ETIS-LaribPolypDB,C:\VISKOM\ETIS-LaribPolypDB\images\181.png,C:\VISKOM\ETIS-LaribPolypDB\masks\181.png,ETIS_181,image,external_test
ETIS-LaribPolypDB,C:\VISKOM\ETIS-LaribPolypDB\images\182.png,C:\VISKOM\ETIS-LaribPolypDB\masks\182.png,ETIS_182,image,external_test
ETIS-LaribPolypDB,C:\VISKOM\ETIS-LaribPolypDB\images\183.png,C:\VISKOM\ETIS-LaribPolypDB\masks\183.png,ETIS_183,image,external_test
ETIS-LaribPolypDB,C:\VISKOM\ETIS-LaribPolypDB\images\184.png,C:\VISKOM\ETIS-LaribPolypDB\masks\184.png,ETIS_184,image,external_test
ETIS-LaribPolypDB,C:\VISKOM\ETIS-LaribPolypDB\images\185.png,C:\VISKOM\ETIS-LaribPolypDB\masks\185.png,ETIS_185,image,external_test
ETIS-LaribPolypDB,C:\VISKOM\ETIS-LaribPolypDB\images\186.png,C:\VISKOM\ETIS-LaribPolypDB\masks\186.png,ETIS_186,image,external_test
ETIS-LaribPolypDB,C:\VISKOM\ETIS-LaribPolypDB\images\187.png,C:\VISKOM\ETIS-LaribPolypDB\masks\187.png,ETIS_187,image,external_test
ETIS-LaribPolypDB,C:\VISKOM\ETIS-LaribPolypDB\images\188.png,C:\VISKOM\ETIS-LaribPolypDB\masks\188.png,ETIS_188,image,external_test
ETIS-LaribPolypDB,C:\VISKOM\ETIS-LaribPolypDB\images\189.png,C:\VISKOM\ETIS-LaribPolypDB\masks\189.png,ETIS_189,image,external_test
ETIS-LaribPolypDB,C:\VISKOM\ETIS-LaribPolypDB\images\190.png,C:\VISKOM\ETIS-LaribPolypDB\masks\190.png,ETIS_190,image,external_test
ETIS-LaribPolypDB,C:\VISKOM\ETIS-LaribPolypDB\images\191.png,C:\VISKOM\ETIS-LaribPolypDB\masks\191.png,ETIS_191,image,external_test
ETIS-LaribPolypDB,C:\VISKOM\ETIS-LaribPolypDB\images\192.png,C:\VISKOM\ETIS-LaribPolypDB\masks\192.png,ETIS_192,image,external_test
ETIS-LaribPolypDB,C:\VISKOM\ETIS-LaribPolypDB\images\193.png,C:\VISKOM\ETIS-LaribPolypDB\masks\193.png,ETIS_193,image,external_test
ETIS-LaribPolypDB,C:\VISKOM\ETIS-LaribPolypDB\images\194.png,C:\VISKOM\ETIS-LaribPolypDB\masks\194.png,ETIS_194,image,external_test
ETIS-LaribPolypDB,C:\VISKOM\ETIS-LaribPolypDB\images\195.png,C:\VISKOM\ETIS-LaribPolypDB\masks\195.png,ETIS_195,image,external_test
ETIS-LaribPolypDB,C:\VISKOM\ETIS-LaribPolypDB\images\196.png,C:\VISKOM\ETIS-LaribPolypDB\masks\196.png,ETIS_196,image,external_test
PolypGen,C:\VISKOM\Polyp-Gen\seq1\images\0.jpg,C:\VISKOM\Polyp-Gen\seq1\masks\0.jpg,PolypGen_seq1,sequence,test
PolypGen,C:\VISKOM\Polyp-Gen\seq1\images\1.jpg,C:\VISKOM\Polyp-Gen\seq1\masks\1.jpg,PolypGen_seq1,sequence,test
PolypGen,C:\VISKOM\Polyp-Gen\seq1\images\2.jpg,C:\VISKOM\Polyp-Gen\seq1\masks\2.jpg,PolypGen_seq1,sequence,test
PolypGen,C:\VISKOM\Polyp-Gen\seq1\images\3.jpg,C:\VISKOM\Polyp-Gen\seq1\masks\3.jpg,PolypGen_seq1,sequence,test
PolypGen,C:\VISKOM\Polyp-Gen\seq1\images\4.jpg,C:\VISKOM\Polyp-Gen\seq1\masks\4.jpg,PolypGen_seq1,sequence,test
PolypGen,C:\VISKOM\Polyp-Gen\seq1\images\5.jpg,C:\VISKOM\Polyp-Gen\seq1\masks\5.jpg,PolypGen_seq1,sequence,test
PolypGen,C:\VISKOM\Polyp-Gen\seq1\images\6.jpg,C:\VISKOM\Polyp-Gen\seq1\masks\6.jpg,PolypGen_seq1,sequence,test
PolypGen,C:\VISKOM\Polyp-Gen\seq1\images\7.jpg,C:\VISKOM\Polyp-Gen\seq1\masks\7.jpg,PolypGen_seq1,sequence,test
PolypGen,C:\VISKOM\Polyp-Gen\seq1\images\8.jpg,C:\VISKOM\Polyp-Gen\seq1\masks\8.jpg,PolypGen_seq1,sequence,test
PolypGen,C:\VISKOM\Polyp-Gen\seq1\images\9.jpg,C:\VISKOM\Polyp-Gen\seq1\masks\9.jpg,PolypGen_seq1,sequence,test
PolypGen,C:\VISKOM\Polyp-Gen\seq1\images\10.jpg,C:\VISKOM\Polyp-Gen\seq1\masks\10.jpg,PolypGen_seq1,sequence,test
PolypGen,C:\VISKOM\Polyp-Gen\seq1\images\11.jpg,C:\VISKOM\Polyp-Gen\seq1\masks\11.jpg,PolypGen_seq1,sequence,test
PolypGen,C:\VISKOM\Polyp-Gen\seq1\images\12.jpg,C:\VISKOM\Polyp-Gen\seq1\masks\12.jpg,PolypGen_seq1,sequence,test
PolypGen,C:\VISKOM\Polyp-Gen\seq1\images\13.jpg,C:\VISKOM\Polyp-Gen\seq1\masks\13.jpg,PolypGen_seq1,sequence,test
PolypGen,C:\VISKOM\Polyp-Gen\seq1\images\14.jpg,C:\VISKOM\Polyp-Gen\seq1\masks\14.jpg,PolypGen_seq1,sequence,test
PolypGen,C:\VISKOM\Polyp-Gen\seq1\images\15.jpg,C:\VISKOM\Polyp-Gen\seq1\masks\15.jpg,PolypGen_seq1,sequence,test
PolypGen,C:\VISKOM\Polyp-Gen\seq1\images\16.jpg,C:\VISKOM\Polyp-Gen\seq1\masks\16.jpg,PolypGen_seq1,sequence,test
PolypGen,C:\VISKOM\Polyp-Gen\seq1\images\17.jpg,C:\VISKOM\Polyp-Gen\seq1\masks\17.jpg,PolypGen_seq1,sequence,test
PolypGen,C:\VISKOM\Polyp-Gen\seq1\images\18.jpg,C:\VISKOM\Polyp-Gen\seq1\masks\18.jpg,PolypGen_seq1,sequence,test
PolypGen,C:\VISKOM\Polyp-Gen\seq1\images\19.jpg,C:\VISKOM\Polyp-Gen\seq1\masks\19.jpg,PolypGen_seq1,sequence,test
PolypGen,C:\VISKOM\Polyp-Gen\seq1\images\20.jpg,C:\VISKOM\Polyp-Gen\seq1\masks\20.jpg,PolypGen_seq1,sequence,test
PolypGen,C:\VISKOM\Polyp-Gen\seq1\images\21.jpg,C:\VISKOM\Polyp-Gen\seq1\masks\21.jpg,PolypGen_seq1,sequence,test
PolypGen,C:\VISKOM\Polyp-Gen\seq1\images\22.jpg,C:\VISKOM\Polyp-Gen\seq1\masks\22.jpg,PolypGen_seq1,sequence,test
PolypGen,C:\VISKOM\Polyp-Gen\seq1\images\23.jpg,C:\VISKOM\Polyp-Gen\seq1\masks\23.jpg,PolypGen_seq1,sequence,test
PolypGen,C:\VISKOM\Polyp-Gen\seq1\images\24.jpg,C:\VISKOM\Polyp-Gen\seq1\masks\24.jpg,PolypGen_seq1,sequence,test
PolypGen,C:\VISKOM\Polyp-Gen\seq1\images\25.jpg,C:\VISKOM\Polyp-Gen\seq1\masks\25.jpg,PolypGen_seq1,sequence,test
PolypGen,C:\VISKOM\Polyp-Gen\seq1\images\26.jpg,C:\VISKOM\Polyp-Gen\seq1\masks\26.jpg,PolypGen_seq1,sequence,test
PolypGen,C:\VISKOM\Polyp-Gen\seq1\images\27.jpg,C:\VISKOM\Polyp-Gen\seq1\masks\27.jpg,PolypGen_seq1,sequence,test
PolypGen,C:\VISKOM\Polyp-Gen\seq1\images\28.jpg,C:\VISKOM\Polyp-Gen\seq1\masks\28.jpg,PolypGen_seq1,sequence,test
PolypGen,C:\VISKOM\Polyp-Gen\seq1\images\29.jpg,C:\VISKOM\Polyp-Gen\seq1\masks\29.jpg,PolypGen_seq1,sequence,test
PolypGen,C:\VISKOM\Polyp-Gen\seq1\images\30.jpg,C:\VISKOM\Polyp-Gen\seq1\masks\30.jpg,PolypGen_seq1,sequence,test
PolypGen,C:\VISKOM\Polyp-Gen\seq1\images\31.jpg,C:\VISKOM\Polyp-Gen\seq1\masks\31.jpg,PolypGen_seq1,sequence,test
PolypGen,C:\VISKOM\Polyp-Gen\seq1\images\32.jpg,C:\VISKOM\Polyp-Gen\seq1\masks\32.jpg,PolypGen_seq1,sequence,test
PolypGen,C:\VISKOM\Polyp-Gen\seq1\images\33.jpg,C:\VISKOM\Polyp-Gen\seq1\masks\33.jpg,PolypGen_seq1,sequence,test
PolypGen,C:\VISKOM\Polyp-Gen\seq1\images\34.jpg,C:\VISKOM\Polyp-Gen\seq1\masks\34.jpg,PolypGen_seq1,sequence,test
PolypGen,C:\VISKOM\Polyp-Gen\seq1\images\35.jpg,C:\VISKOM\Polyp-Gen\seq1\masks\35.jpg,PolypGen_seq1,sequence,test
PolypGen,C:\VISKOM\Polyp-Gen\seq2\images\0.jpg,C:\VISKOM\Polyp-Gen\seq2\masks\0.jpg,PolypGen_seq2,sequence,val
PolypGen,C:\VISKOM\Polyp-Gen\seq2\images\1.jpg,C:\VISKOM\Polyp-Gen\seq2\masks\1.jpg,PolypGen_seq2,sequence,val
PolypGen,C:\VISKOM\Polyp-Gen\seq2\images\2.jpg,C:\VISKOM\Polyp-Gen\seq2\masks\2.jpg,PolypGen_seq2,sequence,val
PolypGen,C:\VISKOM\Polyp-Gen\seq2\images\3.jpg,C:\VISKOM\Polyp-Gen\seq2\masks\3.jpg,PolypGen_seq2,sequence,val
PolypGen,C:\VISKOM\Polyp-Gen\seq2\images\4.jpg,C:\VISKOM\Polyp-Gen\seq2\masks\4.jpg,PolypGen_seq2,sequence,val
PolypGen,C:\VISKOM\Polyp-Gen\seq2\images\5.jpg,C:\VISKOM\Polyp-Gen\seq2\masks\5.jpg,PolypGen_seq2,sequence,val
PolypGen,C:\VISKOM\Polyp-Gen\seq2\images\6.jpg,C:\VISKOM\Polyp-Gen\seq2\masks\6.jpg,PolypGen_seq2,sequence,val
PolypGen,C:\VISKOM\Polyp-Gen\seq2\images\7.jpg,C:\VISKOM\Polyp-Gen\seq2\masks\7.jpg,PolypGen_seq2,sequence,val
PolypGen,C:\VISKOM\Polyp-Gen\seq2\images\8.jpg,C:\VISKOM\Polyp-Gen\seq2\masks\8.jpg,PolypGen_seq2,sequence,val
PolypGen,C:\VISKOM\Polyp-Gen\seq2\images\9.jpg,C:\VISKOM\Polyp-Gen\seq2\masks\9.jpg,PolypGen_seq2,sequence,val
PolypGen,C:\VISKOM\Polyp-Gen\seq2\images\10.jpg,C:\VISKOM\Polyp-Gen\seq2\masks\10.jpg,PolypGen_seq2,sequence,val
PolypGen,C:\VISKOM\Polyp-Gen\seq2\images\11.jpg,C:\VISKOM\Polyp-Gen\seq2\masks\11.jpg,PolypGen_seq2,sequence,val
PolypGen,C:\VISKOM\Polyp-Gen\seq2\images\12.jpg,C:\VISKOM\Polyp-Gen\seq2\masks\12.jpg,PolypGen_seq2,sequence,val
PolypGen,C:\VISKOM\Polyp-Gen\seq2\images\13.jpg,C:\VISKOM\Polyp-Gen\seq2\masks\13.jpg,PolypGen_seq2,sequence,val
PolypGen,C:\VISKOM\Polyp-Gen\seq2\images\14.jpg,C:\VISKOM\Polyp-Gen\seq2\masks\14.jpg,PolypGen_seq2,sequence,val
PolypGen,C:\VISKOM\Polyp-Gen\seq2\images\15.jpg,C:\VISKOM\Polyp-Gen\seq2\masks\15.jpg,PolypGen_seq2,sequence,val
PolypGen,C:\VISKOM\Polyp-Gen\seq2\images\16.jpg,C:\VISKOM\Polyp-Gen\seq2\masks\16.jpg,PolypGen_seq2,sequence,val
PolypGen,C:\VISKOM\Polyp-Gen\seq2\images\17.jpg,C:\VISKOM\Polyp-Gen\seq2\masks\17.jpg,PolypGen_seq2,sequence,val
PolypGen,C:\VISKOM\Polyp-Gen\seq2\images\18.jpg,C:\VISKOM\Polyp-Gen\seq2\masks\18.jpg,PolypGen_seq2,sequence,val
PolypGen,C:\VISKOM\Polyp-Gen\seq2\images\19.jpg,C:\VISKOM\Polyp-Gen\seq2\masks\19.jpg,PolypGen_seq2,sequence,val
PolypGen,C:\VISKOM\Polyp-Gen\seq2\images\20.jpg,C:\VISKOM\Polyp-Gen\seq2\masks\20.jpg,PolypGen_seq2,sequence,val
PolypGen,C:\VISKOM\Polyp-Gen\seq2\images\21.jpg,C:\VISKOM\Polyp-Gen\seq2\masks\21.jpg,PolypGen_seq2,sequence,val
PolypGen,C:\VISKOM\Polyp-Gen\seq2\images\22.jpg,C:\VISKOM\Polyp-Gen\seq2\masks\22.jpg,PolypGen_seq2,sequence,val
PolypGen,C:\VISKOM\Polyp-Gen\seq2\images\23.jpg,C:\VISKOM\Polyp-Gen\seq2\masks\23.jpg,PolypGen_seq2,sequence,val
PolypGen,C:\VISKOM\Polyp-Gen\seq2\images\24.jpg,C:\VISKOM\Polyp-Gen\seq2\masks\24.jpg,PolypGen_seq2,sequence,val
PolypGen,C:\VISKOM\Polyp-Gen\seq2\images\25.jpg,C:\VISKOM\Polyp-Gen\seq2\masks\25.jpg,PolypGen_seq2,sequence,val
PolypGen,C:\VISKOM\Polyp-Gen\seq2\images\26.jpg,C:\VISKOM\Polyp-Gen\seq2\masks\26.jpg,PolypGen_seq2,sequence,val
PolypGen,C:\VISKOM\Polyp-Gen\seq2\images\27.jpg,C:\VISKOM\Polyp-Gen\seq2\masks\27.jpg,PolypGen_seq2,sequence,val
PolypGen,C:\VISKOM\Polyp-Gen\seq2\images\28.jpg,C:\VISKOM\Polyp-Gen\seq2\masks\28.jpg,PolypGen_seq2,sequence,val
PolypGen,C:\VISKOM\Polyp-Gen\seq2\images\29.jpg,C:\VISKOM\Polyp-Gen\seq2\masks\29.jpg,PolypGen_seq2,sequence,val
PolypGen,C:\VISKOM\Polyp-Gen\seq2\images\30.jpg,C:\VISKOM\Polyp-Gen\seq2\masks\30.jpg,PolypGen_seq2,sequence,val
PolypGen,C:\VISKOM\Polyp-Gen\seq2\images\31.jpg,C:\VISKOM\Polyp-Gen\seq2\masks\31.jpg,PolypGen_seq2,sequence,val
PolypGen,C:\VISKOM\Polyp-Gen\seq2\images\32.jpg,C:\VISKOM\Polyp-Gen\seq2\masks\32.jpg,PolypGen_seq2,sequence,val
PolypGen,C:\VISKOM\Polyp-Gen\seq2\images\33.jpg,C:\VISKOM\Polyp-Gen\seq2\masks\33.jpg,PolypGen_seq2,sequence,val
PolypGen,C:\VISKOM\Polyp-Gen\seq2\images\34.jpg,C:\VISKOM\Polyp-Gen\seq2\masks\34.jpg,PolypGen_seq2,sequence,val
PolypGen,C:\VISKOM\Polyp-Gen\seq2\images\35.jpg,C:\VISKOM\Polyp-Gen\seq2\masks\35.jpg,PolypGen_seq2,sequence,val
PolypGen,C:\VISKOM\Polyp-Gen\seq2\images\36.jpg,C:\VISKOM\Polyp-Gen\seq2\masks\36.jpg,PolypGen_seq2,sequence,val
PolypGen,C:\VISKOM\Polyp-Gen\seq2\images\37.jpg,C:\VISKOM\Polyp-Gen\seq2\masks\37.jpg,PolypGen_seq2,sequence,val
PolypGen,C:\VISKOM\Polyp-Gen\seq2\images\38.jpg,C:\VISKOM\Polyp-Gen\seq2\masks\38.jpg,PolypGen_seq2,sequence,val
PolypGen,C:\VISKOM\Polyp-Gen\seq2\images\39.jpg,C:\VISKOM\Polyp-Gen\seq2\masks\39.jpg,PolypGen_seq2,sequence,val
PolypGen,C:\VISKOM\Polyp-Gen\seq2\images\40.jpg,C:\VISKOM\Polyp-Gen\seq2\masks\40.jpg,PolypGen_seq2,sequence,val
PolypGen,C:\VISKOM\Polyp-Gen\seq2\images\41.jpg,C:\VISKOM\Polyp-Gen\seq2\masks\41.jpg,PolypGen_seq2,sequence,val
PolypGen,C:\VISKOM\Polyp-Gen\seq2\images\42.jpg,C:\VISKOM\Polyp-Gen\seq2\masks\42.jpg,PolypGen_seq2,sequence,val
PolypGen,C:\VISKOM\Polyp-Gen\seq2\images\43.jpg,C:\VISKOM\Polyp-Gen\seq2\masks\43.jpg,PolypGen_seq2,sequence,val
PolypGen,C:\VISKOM\Polyp-Gen\seq2\images\44.jpg,C:\VISKOM\Polyp-Gen\seq2\masks\44.jpg,PolypGen_seq2,sequence,val
PolypGen,C:\VISKOM\Polyp-Gen\seq2\images\45.jpg,C:\VISKOM\Polyp-Gen\seq2\masks\45.jpg,PolypGen_seq2,sequence,val
PolypGen,C:\VISKOM\Polyp-Gen\seq2\images\46.jpg,C:\VISKOM\Polyp-Gen\seq2\masks\46.jpg,PolypGen_seq2,sequence,val
PolypGen,C:\VISKOM\Polyp-Gen\seq2\images\47.jpg,C:\VISKOM\Polyp-Gen\seq2\masks\47.jpg,PolypGen_seq2,sequence,val
PolypGen,C:\VISKOM\Polyp-Gen\seq2\images\48.jpg,C:\VISKOM\Polyp-Gen\seq2\masks\48.jpg,PolypGen_seq2,sequence,val
PolypGen,C:\VISKOM\Polyp-Gen\seq2\images\49.jpg,C:\VISKOM\Polyp-Gen\seq2\masks\49.jpg,PolypGen_seq2,sequence,val
PolypGen,C:\VISKOM\Polyp-Gen\seq2\images\50.jpg,C:\VISKOM\Polyp-Gen\seq2\masks\50.jpg,PolypGen_seq2,sequence,val
PolypGen,C:\VISKOM\Polyp-Gen\seq2\images\51.jpg,C:\VISKOM\Polyp-Gen\seq2\masks\51.jpg,PolypGen_seq2,sequence,val
PolypGen,C:\VISKOM\Polyp-Gen\seq2\images\52.jpg,C:\VISKOM\Polyp-Gen\seq2\masks\52.jpg,PolypGen_seq2,sequence,val
PolypGen,C:\VISKOM\Polyp-Gen\seq2\images\53.jpg,C:\VISKOM\Polyp-Gen\seq2\masks\53.jpg,PolypGen_seq2,sequence,val
PolypGen,C:\VISKOM\Polyp-Gen\seq2\images\54.jpg,C:\VISKOM\Polyp-Gen\seq2\masks\54.jpg,PolypGen_seq2,sequence,val
PolypGen,C:\VISKOM\Polyp-Gen\seq2\images\55.jpg,C:\VISKOM\Polyp-Gen\seq2\masks\55.jpg,PolypGen_seq2,sequence,val
PolypGen,C:\VISKOM\Polyp-Gen\seq2\images\56.jpg,C:\VISKOM\Polyp-Gen\seq2\masks\56.jpg,PolypGen_seq2,sequence,val
PolypGen,C:\VISKOM\Polyp-Gen\seq2\images\57.jpg,C:\VISKOM\Polyp-Gen\seq2\masks\57.jpg,PolypGen_seq2,sequence,val
PolypGen,C:\VISKOM\Polyp-Gen\seq2\images\58.jpg,C:\VISKOM\Polyp-Gen\seq2\masks\58.jpg,PolypGen_seq2,sequence,val
PolypGen,C:\VISKOM\Polyp-Gen\seq2\images\59.jpg,C:\VISKOM\Polyp-Gen\seq2\masks\59.jpg,PolypGen_seq2,sequence,val
PolypGen,C:\VISKOM\Polyp-Gen\seq2\images\60.jpg,C:\VISKOM\Polyp-Gen\seq2\masks\60.jpg,PolypGen_seq2,sequence,val
PolypGen,C:\VISKOM\Polyp-Gen\seq2\images\61.jpg,C:\VISKOM\Polyp-Gen\seq2\masks\61.jpg,PolypGen_seq2,sequence,val
PolypGen,C:\VISKOM\Polyp-Gen\seq2\images\62.jpg,C:\VISKOM\Polyp-Gen\seq2\masks\62.jpg,PolypGen_seq2,sequence,val
PolypGen,C:\VISKOM\Polyp-Gen\seq3\images\0.jpg,C:\VISKOM\Polyp-Gen\seq3\masks\0.jpg,PolypGen_seq3,sequence,train
PolypGen,C:\VISKOM\Polyp-Gen\seq3\images\1.jpg,C:\VISKOM\Polyp-Gen\seq3\masks\1.jpg,PolypGen_seq3,sequence,train
PolypGen,C:\VISKOM\Polyp-Gen\seq3\images\2.jpg,C:\VISKOM\Polyp-Gen\seq3\masks\2.jpg,PolypGen_seq3,sequence,train
PolypGen,C:\VISKOM\Polyp-Gen\seq3\images\3.jpg,C:\VISKOM\Polyp-Gen\seq3\masks\3.jpg,PolypGen_seq3,sequence,train
PolypGen,C:\VISKOM\Polyp-Gen\seq3\images\4.jpg,C:\VISKOM\Polyp-Gen\seq3\masks\4.jpg,PolypGen_seq3,sequence,train
PolypGen,C:\VISKOM\Polyp-Gen\seq3\images\5.jpg,C:\VISKOM\Polyp-Gen\seq3\masks\5.jpg,PolypGen_seq3,sequence,train
PolypGen,C:\VISKOM\Polyp-Gen\seq3\images\6.jpg,C:\VISKOM\Polyp-Gen\seq3\masks\6.jpg,PolypGen_seq3,sequence,train
PolypGen,C:\VISKOM\Polyp-Gen\seq3\images\7.jpg,C:\VISKOM\Polyp-Gen\seq3\masks\7.jpg,PolypGen_seq3,sequence,train
PolypGen,C:\VISKOM\Polyp-Gen\seq3\images\8.jpg,C:\VISKOM\Polyp-Gen\seq3\masks\8.jpg,PolypGen_seq3,sequence,train
PolypGen,C:\VISKOM\Polyp-Gen\seq3\images\9.jpg,C:\VISKOM\Polyp-Gen\seq3\masks\9.jpg,PolypGen_seq3,sequence,train
PolypGen,C:\VISKOM\Polyp-Gen\seq3\images\10.jpg,C:\VISKOM\Polyp-Gen\seq3\masks\10.jpg,PolypGen_seq3,sequence,train
PolypGen,C:\VISKOM\Polyp-Gen\seq3\images\11.jpg,C:\VISKOM\Polyp-Gen\seq3\masks\11.jpg,PolypGen_seq3,sequence,train
PolypGen,C:\VISKOM\Polyp-Gen\seq3\images\12.jpg,C:\VISKOM\Polyp-Gen\seq3\masks\12.jpg,PolypGen_seq3,sequence,train
PolypGen,C:\VISKOM\Polyp-Gen\seq3\images\13.jpg,C:\VISKOM\Polyp-Gen\seq3\masks\13.jpg,PolypGen_seq3,sequence,train
PolypGen,C:\VISKOM\Polyp-Gen\seq3\images\14.jpg,C:\VISKOM\Polyp-Gen\seq3\masks\14.jpg,PolypGen_seq3,sequence,train
PolypGen,C:\VISKOM\Polyp-Gen\seq4\images\0.jpg,C:\VISKOM\Polyp-Gen\seq4\masks\0.jpg,PolypGen_seq4,sequence,train
PolypGen,C:\VISKOM\Polyp-Gen\seq4\images\1.jpg,C:\VISKOM\Polyp-Gen\seq4\masks\1.jpg,PolypGen_seq4,sequence,train
PolypGen,C:\VISKOM\Polyp-Gen\seq4\images\2.jpg,C:\VISKOM\Polyp-Gen\seq4\masks\2.jpg,PolypGen_seq4,sequence,train
PolypGen,C:\VISKOM\Polyp-Gen\seq4\images\3.jpg,C:\VISKOM\Polyp-Gen\seq4\masks\3.jpg,PolypGen_seq4,sequence,train
PolypGen,C:\VISKOM\Polyp-Gen\seq4\images\4.jpg,C:\VISKOM\Polyp-Gen\seq4\masks\4.jpg,PolypGen_seq4,sequence,train
PolypGen,C:\VISKOM\Polyp-Gen\seq4\images\5.jpg,C:\VISKOM\Polyp-Gen\seq4\masks\5.jpg,PolypGen_seq4,sequence,train
PolypGen,C:\VISKOM\Polyp-Gen\seq4\images\6.jpg,C:\VISKOM\Polyp-Gen\seq4\masks\6.jpg,PolypGen_seq4,sequence,train
PolypGen,C:\VISKOM\Polyp-Gen\seq4\images\7.jpg,C:\VISKOM\Polyp-Gen\seq4\masks\7.jpg,PolypGen_seq4,sequence,train
PolypGen,C:\VISKOM\Polyp-Gen\seq4\images\8.jpg,C:\VISKOM\Polyp-Gen\seq4\masks\8.jpg,PolypGen_seq4,sequence,train
PolypGen,C:\VISKOM\Polyp-Gen\seq4\images\9.jpg,C:\VISKOM\Polyp-Gen\seq4\masks\9.jpg,PolypGen_seq4,sequence,train
PolypGen,C:\VISKOM\Polyp-Gen\seq4\images\10.jpg,C:\VISKOM\Polyp-Gen\seq4\masks\10.jpg,PolypGen_seq4,sequence,train
PolypGen,C:\VISKOM\Polyp-Gen\seq4\images\11.jpg,C:\VISKOM\Polyp-Gen\seq4\masks\11.jpg,PolypGen_seq4,sequence,train
PolypGen,C:\VISKOM\Polyp-Gen\seq4\images\12.jpg,C:\VISKOM\Polyp-Gen\seq4\masks\12.jpg,PolypGen_seq4,sequence,train
PolypGen,C:\VISKOM\Polyp-Gen\seq4\images\13.jpg,C:\VISKOM\Polyp-Gen\seq4\masks\13.jpg,PolypGen_seq4,sequence,train
PolypGen,C:\VISKOM\Polyp-Gen\seq4\images\14.jpg,C:\VISKOM\Polyp-Gen\seq4\masks\14.jpg,PolypGen_seq4,sequence,train
PolypGen,C:\VISKOM\Polyp-Gen\seq4\images\15.jpg,C:\VISKOM\Polyp-Gen\seq4\masks\15.jpg,PolypGen_seq4,sequence,train
PolypGen,C:\VISKOM\Polyp-Gen\seq4\images\16.jpg,C:\VISKOM\Polyp-Gen\seq4\masks\16.jpg,PolypGen_seq4,sequence,train
PolypGen,C:\VISKOM\Polyp-Gen\seq4\images\17.jpg,C:\VISKOM\Polyp-Gen\seq4\masks\17.jpg,PolypGen_seq4,sequence,train
PolypGen,C:\VISKOM\Polyp-Gen\seq4\images\18.jpg,C:\VISKOM\Polyp-Gen\seq4\masks\18.jpg,PolypGen_seq4,sequence,train
PolypGen,C:\VISKOM\Polyp-Gen\seq4\images\19.jpg,C:\VISKOM\Polyp-Gen\seq4\masks\19.jpg,PolypGen_seq4,sequence,train
PolypGen,C:\VISKOM\Polyp-Gen\seq4\images\20.jpg,C:\VISKOM\Polyp-Gen\seq4\masks\20.jpg,PolypGen_seq4,sequence,train
PolypGen,C:\VISKOM\Polyp-Gen\seq4\images\21.jpg,C:\VISKOM\Polyp-Gen\seq4\masks\21.jpg,PolypGen_seq4,sequence,train
PolypGen,C:\VISKOM\Polyp-Gen\seq4\images\22.jpg,C:\VISKOM\Polyp-Gen\seq4\masks\22.jpg,PolypGen_seq4,sequence,train
PolypGen,C:\VISKOM\Polyp-Gen\seq4\images\23.jpg,C:\VISKOM\Polyp-Gen\seq4\masks\23.jpg,PolypGen_seq4,sequence,train
PolypGen,C:\VISKOM\Polyp-Gen\seq4\images\24.jpg,C:\VISKOM\Polyp-Gen\seq4\masks\24.jpg,PolypGen_seq4,sequence,train
PolypGen,C:\VISKOM\Polyp-Gen\seq4\images\25.jpg,C:\VISKOM\Polyp-Gen\seq4\masks\25.jpg,PolypGen_seq4,sequence,train
PolypGen,C:\VISKOM\Polyp-Gen\seq4\images\26.jpg,C:\VISKOM\Polyp-Gen\seq4\masks\26.jpg,PolypGen_seq4,sequence,train
PolypGen,C:\VISKOM\Polyp-Gen\seq4\images\27.jpg,C:\VISKOM\Polyp-Gen\seq4\masks\27.jpg,PolypGen_seq4,sequence,train
PolypGen,C:\VISKOM\Polyp-Gen\seq4\images\28.jpg,C:\VISKOM\Polyp-Gen\seq4\masks\28.jpg,PolypGen_seq4,sequence,train
PolypGen,C:\VISKOM\Polyp-Gen\seq4\images\29.jpg,C:\VISKOM\Polyp-Gen\seq4\masks\29.jpg,PolypGen_seq4,sequence,train
PolypGen,C:\VISKOM\Polyp-Gen\seq4\images\30.jpg,C:\VISKOM\Polyp-Gen\seq4\masks\30.jpg,PolypGen_seq4,sequence,train
PolypGen,C:\VISKOM\Polyp-Gen\seq4\images\31.jpg,C:\VISKOM\Polyp-Gen\seq4\masks\31.jpg,PolypGen_seq4,sequence,train
PolypGen,C:\VISKOM\Polyp-Gen\seq4\images\32.jpg,C:\VISKOM\Polyp-Gen\seq4\masks\32.jpg,PolypGen_seq4,sequence,train
PolypGen,C:\VISKOM\Polyp-Gen\seq4\images\33.jpg,C:\VISKOM\Polyp-Gen\seq4\masks\33.jpg,PolypGen_seq4,sequence,train
PolypGen,C:\VISKOM\Polyp-Gen\seq4\images\34.jpg,C:\VISKOM\Polyp-Gen\seq4\masks\34.jpg,PolypGen_seq4,sequence,train
PolypGen,C:\VISKOM\Polyp-Gen\seq4\images\35.jpg,C:\VISKOM\Polyp-Gen\seq4\masks\35.jpg,PolypGen_seq4,sequence,train
PolypGen,C:\VISKOM\Polyp-Gen\seq4\images\36.jpg,C:\VISKOM\Polyp-Gen\seq4\masks\36.jpg,PolypGen_seq4,sequence,train
PolypGen,C:\VISKOM\Polyp-Gen\seq4\images\37.jpg,C:\VISKOM\Polyp-Gen\seq4\masks\37.jpg,PolypGen_seq4,sequence,train
PolypGen,C:\VISKOM\Polyp-Gen\seq4\images\38.jpg,C:\VISKOM\Polyp-Gen\seq4\masks\38.jpg,PolypGen_seq4,sequence,train
PolypGen,C:\VISKOM\Polyp-Gen\seq4\images\39.jpg,C:\VISKOM\Polyp-Gen\seq4\masks\39.jpg,PolypGen_seq4,sequence,train
PolypGen,C:\VISKOM\Polyp-Gen\seq4\images\40.jpg,C:\VISKOM\Polyp-Gen\seq4\masks\40.jpg,PolypGen_seq4,sequence,train
PolypGen,C:\VISKOM\Polyp-Gen\seq4\images\41.jpg,C:\VISKOM\Polyp-Gen\seq4\masks\41.jpg,PolypGen_seq4,sequence,train
PolypGen,C:\VISKOM\Polyp-Gen\seq4\images\42.jpg,C:\VISKOM\Polyp-Gen\seq4\masks\42.jpg,PolypGen_seq4,sequence,train
PolypGen,C:\VISKOM\Polyp-Gen\seq4\images\43.jpg,C:\VISKOM\Polyp-Gen\seq4\masks\43.jpg,PolypGen_seq4,sequence,train
PolypGen,C:\VISKOM\Polyp-Gen\seq4\images\44.jpg,C:\VISKOM\Polyp-Gen\seq4\masks\44.jpg,PolypGen_seq4,sequence,train
PolypGen,C:\VISKOM\Polyp-Gen\seq4\images\45.jpg,C:\VISKOM\Polyp-Gen\seq4\masks\45.jpg,PolypGen_seq4,sequence,train
PolypGen,C:\VISKOM\Polyp-Gen\seq4\images\46.jpg,C:\VISKOM\Polyp-Gen\seq4\masks\46.jpg,PolypGen_seq4,sequence,train
PolypGen,C:\VISKOM\Polyp-Gen\seq4\images\47.jpg,C:\VISKOM\Polyp-Gen\seq4\masks\47.jpg,PolypGen_seq4,sequence,train
PolypGen,C:\VISKOM\Polyp-Gen\seq5\images\0.jpg,C:\VISKOM\Polyp-Gen\seq5\masks\0.jpg,PolypGen_seq5,sequence,train
PolypGen,C:\VISKOM\Polyp-Gen\seq5\images\1.jpg,C:\VISKOM\Polyp-Gen\seq5\masks\1.jpg,PolypGen_seq5,sequence,train
PolypGen,C:\VISKOM\Polyp-Gen\seq5\images\2.jpg,C:\VISKOM\Polyp-Gen\seq5\masks\2.jpg,PolypGen_seq5,sequence,train
PolypGen,C:\VISKOM\Polyp-Gen\seq5\images\3.jpg,C:\VISKOM\Polyp-Gen\seq5\masks\3.jpg,PolypGen_seq5,sequence,train
PolypGen,C:\VISKOM\Polyp-Gen\seq5\images\4.jpg,C:\VISKOM\Polyp-Gen\seq5\masks\4.jpg,PolypGen_seq5,sequence,train
PolypGen,C:\VISKOM\Polyp-Gen\seq5\images\5.jpg,C:\VISKOM\Polyp-Gen\seq5\masks\5.jpg,PolypGen_seq5,sequence,train
PolypGen,C:\VISKOM\Polyp-Gen\seq5\images\6.jpg,C:\VISKOM\Polyp-Gen\seq5\masks\6.jpg,PolypGen_seq5,sequence,train
PolypGen,C:\VISKOM\Polyp-Gen\seq5\images\7.jpg,C:\VISKOM\Polyp-Gen\seq5\masks\7.jpg,PolypGen_seq5,sequence,train
PolypGen,C:\VISKOM\Polyp-Gen\seq5\images\8.jpg,C:\VISKOM\Polyp-Gen\seq5\masks\8.jpg,PolypGen_seq5,sequence,train
PolypGen,C:\VISKOM\Polyp-Gen\seq5\images\9.jpg,C:\VISKOM\Polyp-Gen\seq5\masks\9.jpg,PolypGen_seq5,sequence,train
PolypGen,C:\VISKOM\Polyp-Gen\seq5\images\10.jpg,C:\VISKOM\Polyp-Gen\seq5\masks\10.jpg,PolypGen_seq5,sequence,train
PolypGen,C:\VISKOM\Polyp-Gen\seq5\images\11.jpg,C:\VISKOM\Polyp-Gen\seq5\masks\11.jpg,PolypGen_seq5,sequence,train
PolypGen,C:\VISKOM\Polyp-Gen\seq5\images\12.jpg,C:\VISKOM\Polyp-Gen\seq5\masks\12.jpg,PolypGen_seq5,sequence,train
PolypGen,C:\VISKOM\Polyp-Gen\seq5\images\13.jpg,C:\VISKOM\Polyp-Gen\seq5\masks\13.jpg,PolypGen_seq5,sequence,train
PolypGen,C:\VISKOM\Polyp-Gen\seq5\images\14.jpg,C:\VISKOM\Polyp-Gen\seq5\masks\14.jpg,PolypGen_seq5,sequence,train
PolypGen,C:\VISKOM\Polyp-Gen\seq5\images\15.jpg,C:\VISKOM\Polyp-Gen\seq5\masks\15.jpg,PolypGen_seq5,sequence,train
PolypGen,C:\VISKOM\Polyp-Gen\seq5\images\16.jpg,C:\VISKOM\Polyp-Gen\seq5\masks\16.jpg,PolypGen_seq5,sequence,train
PolypGen,C:\VISKOM\Polyp-Gen\seq5\images\17.jpg,C:\VISKOM\Polyp-Gen\seq5\masks\17.jpg,PolypGen_seq5,sequence,train
PolypGen,C:\VISKOM\Polyp-Gen\seq5\images\18.jpg,C:\VISKOM\Polyp-Gen\seq5\masks\18.jpg,PolypGen_seq5,sequence,train
PolypGen,C:\VISKOM\Polyp-Gen\seq5\images\19.jpg,C:\VISKOM\Polyp-Gen\seq5\masks\19.jpg,PolypGen_seq5,sequence,train
PolypGen,C:\VISKOM\Polyp-Gen\seq5\images\20.jpg,C:\VISKOM\Polyp-Gen\seq5\masks\20.jpg,PolypGen_seq5,sequence,train
PolypGen,C:\VISKOM\Polyp-Gen\seq5\images\21.jpg,C:\VISKOM\Polyp-Gen\seq5\masks\21.jpg,PolypGen_seq5,sequence,train
PolypGen,C:\VISKOM\Polyp-Gen\seq5\images\22.jpg,C:\VISKOM\Polyp-Gen\seq5\masks\22.jpg,PolypGen_seq5,sequence,train
PolypGen,C:\VISKOM\Polyp-Gen\seq5\images\23.jpg,C:\VISKOM\Polyp-Gen\seq5\masks\23.jpg,PolypGen_seq5,sequence,train
PolypGen,C:\VISKOM\Polyp-Gen\seq5\images\24.jpg,C:\VISKOM\Polyp-Gen\seq5\masks\24.jpg,PolypGen_seq5,sequence,train
PolypGen,C:\VISKOM\Polyp-Gen\seq5\images\25.jpg,C:\VISKOM\Polyp-Gen\seq5\masks\25.jpg,PolypGen_seq5,sequence,train
PolypGen,C:\VISKOM\Polyp-Gen\seq5\images\26.jpg,C:\VISKOM\Polyp-Gen\seq5\masks\26.jpg,PolypGen_seq5,sequence,train
PolypGen,C:\VISKOM\Polyp-Gen\seq5\images\27.jpg,C:\VISKOM\Polyp-Gen\seq5\masks\27.jpg,PolypGen_seq5,sequence,train
PolypGen,C:\VISKOM\Polyp-Gen\seq5\images\28.jpg,C:\VISKOM\Polyp-Gen\seq5\masks\28.jpg,PolypGen_seq5,sequence,train
PolypGen,C:\VISKOM\Polyp-Gen\seq5\images\29.jpg,C:\VISKOM\Polyp-Gen\seq5\masks\29.jpg,PolypGen_seq5,sequence,train
PolypGen,C:\VISKOM\Polyp-Gen\seq5\images\30.jpg,C:\VISKOM\Polyp-Gen\seq5\masks\30.jpg,PolypGen_seq5,sequence,train
PolypGen,C:\VISKOM\Polyp-Gen\seq5\images\31.jpg,C:\VISKOM\Polyp-Gen\seq5\masks\31.jpg,PolypGen_seq5,sequence,train
PolypGen,C:\VISKOM\Polyp-Gen\seq5\images\32.jpg,C:\VISKOM\Polyp-Gen\seq5\masks\32.jpg,PolypGen_seq5,sequence,train
PolypGen,C:\VISKOM\Polyp-Gen\seq5\images\33.jpg,C:\VISKOM\Polyp-Gen\seq5\masks\33.jpg,PolypGen_seq5,sequence,train
PolypGen,C:\VISKOM\Polyp-Gen\seq5\images\34.jpg,C:\VISKOM\Polyp-Gen\seq5\masks\34.jpg,PolypGen_seq5,sequence,train
PolypGen,C:\VISKOM\Polyp-Gen\seq5\images\35.jpg,C:\VISKOM\Polyp-Gen\seq5\masks\35.jpg,PolypGen_seq5,sequence,train
PolypGen,C:\VISKOM\Polyp-Gen\seq5\images\36.jpg,C:\VISKOM\Polyp-Gen\seq5\masks\36.jpg,PolypGen_seq5,sequence,train
PolypGen,C:\VISKOM\Polyp-Gen\seq5\images\37.jpg,C:\VISKOM\Polyp-Gen\seq5\masks\37.jpg,PolypGen_seq5,sequence,train
PolypGen,C:\VISKOM\Polyp-Gen\seq5\images\38.jpg,C:\VISKOM\Polyp-Gen\seq5\masks\38.jpg,PolypGen_seq5,sequence,train
PolypGen,C:\VISKOM\Polyp-Gen\seq5\images\39.jpg,C:\VISKOM\Polyp-Gen\seq5\masks\39.jpg,PolypGen_seq5,sequence,train
PolypGen,C:\VISKOM\Polyp-Gen\seq5\images\40.jpg,C:\VISKOM\Polyp-Gen\seq5\masks\40.jpg,PolypGen_seq5,sequence,train
PolypGen,C:\VISKOM\Polyp-Gen\seq5\images\41.jpg,C:\VISKOM\Polyp-Gen\seq5\masks\41.jpg,PolypGen_seq5,sequence,train
PolypGen,C:\VISKOM\Polyp-Gen\seq5\images\42.jpg,C:\VISKOM\Polyp-Gen\seq5\masks\42.jpg,PolypGen_seq5,sequence,train
PolypGen,C:\VISKOM\Polyp-Gen\seq5\images\43.jpg,C:\VISKOM\Polyp-Gen\seq5\masks\43.jpg,PolypGen_seq5,sequence,train
PolypGen,C:\VISKOM\Polyp-Gen\seq5\images\44.jpg,C:\VISKOM\Polyp-Gen\seq5\masks\44.jpg,PolypGen_seq5,sequence,train
PolypGen,C:\VISKOM\Polyp-Gen\seq5\images\45.jpg,C:\VISKOM\Polyp-Gen\seq5\masks\45.jpg,PolypGen_seq5,sequence,train
PolypGen,C:\VISKOM\Polyp-Gen\seq5\images\46.jpg,C:\VISKOM\Polyp-Gen\seq5\masks\46.jpg,PolypGen_seq5,sequence,train
PolypGen,C:\VISKOM\Polyp-Gen\seq5\images\47.jpg,C:\VISKOM\Polyp-Gen\seq5\masks\47.jpg,PolypGen_seq5,sequence,train
PolypGen,C:\VISKOM\Polyp-Gen\seq5\images\48.jpg,C:\VISKOM\Polyp-Gen\seq5\masks\48.jpg,PolypGen_seq5,sequence,train
PolypGen,C:\VISKOM\Polyp-Gen\seq5\images\49.jpg,C:\VISKOM\Polyp-Gen\seq5\masks\49.jpg,PolypGen_seq5,sequence,train
PolypGen,C:\VISKOM\Polyp-Gen\seq5\images\50.jpg,C:\VISKOM\Polyp-Gen\seq5\masks\50.jpg,PolypGen_seq5,sequence,train
PolypGen,C:\VISKOM\Polyp-Gen\seq5\images\51.jpg,C:\VISKOM\Polyp-Gen\seq5\masks\51.jpg,PolypGen_seq5,sequence,train
PolypGen,C:\VISKOM\Polyp-Gen\seq5\images\52.jpg,C:\VISKOM\Polyp-Gen\seq5\masks\52.jpg,PolypGen_seq5,sequence,train
PolypGen,C:\VISKOM\Polyp-Gen\seq5\images\53.jpg,C:\VISKOM\Polyp-Gen\seq5\masks\53.jpg,PolypGen_seq5,sequence,train
PolypGen,C:\VISKOM\Polyp-Gen\seq5\images\54.jpg,C:\VISKOM\Polyp-Gen\seq5\masks\54.jpg,PolypGen_seq5,sequence,train
PolypGen,C:\VISKOM\Polyp-Gen\seq5\images\55.jpg,C:\VISKOM\Polyp-Gen\seq5\masks\55.jpg,PolypGen_seq5,sequence,train
PolypGen,C:\VISKOM\Polyp-Gen\seq5\images\56.jpg,C:\VISKOM\Polyp-Gen\seq5\masks\56.jpg,PolypGen_seq5,sequence,train
PolypGen,C:\VISKOM\Polyp-Gen\seq5\images\57.jpg,C:\VISKOM\Polyp-Gen\seq5\masks\57.jpg,PolypGen_seq5,sequence,train
PolypGen,C:\VISKOM\Polyp-Gen\seq5\images\58.jpg,C:\VISKOM\Polyp-Gen\seq5\masks\58.jpg,PolypGen_seq5,sequence,train
PolypGen,C:\VISKOM\Polyp-Gen\seq5\images\59.jpg,C:\VISKOM\Polyp-Gen\seq5\masks\59.jpg,PolypGen_seq5,sequence,train
PolypGen,C:\VISKOM\Polyp-Gen\seq5\images\60.jpg,C:\VISKOM\Polyp-Gen\seq5\masks\60.jpg,PolypGen_seq5,sequence,train
PolypGen,C:\VISKOM\Polyp-Gen\seq5\images\61.jpg,C:\VISKOM\Polyp-Gen\seq5\masks\61.jpg,PolypGen_seq5,sequence,train
PolypGen,C:\VISKOM\Polyp-Gen\seq5\images\62.jpg,C:\VISKOM\Polyp-Gen\seq5\masks\62.jpg,PolypGen_seq5,sequence,train
PolypGen,C:\VISKOM\Polyp-Gen\seq5\images\63.jpg,C:\VISKOM\Polyp-Gen\seq5\masks\63.jpg,PolypGen_seq5,sequence,train
PolypGen,C:\VISKOM\Polyp-Gen\seq5\images\64.jpg,C:\VISKOM\Polyp-Gen\seq5\masks\64.jpg,PolypGen_seq5,sequence,train
PolypGen,C:\VISKOM\Polyp-Gen\seq5\images\65.jpg,C:\VISKOM\Polyp-Gen\seq5\masks\65.jpg,PolypGen_seq5,sequence,train
PolypGen,C:\VISKOM\Polyp-Gen\seq5\images\66.jpg,C:\VISKOM\Polyp-Gen\seq5\masks\66.jpg,PolypGen_seq5,sequence,train
PolypGen,C:\VISKOM\Polyp-Gen\seq5\images\67.jpg,C:\VISKOM\Polyp-Gen\seq5\masks\67.jpg,PolypGen_seq5,sequence,train
PolypGen,C:\VISKOM\Polyp-Gen\seq5\images\68.jpg,C:\VISKOM\Polyp-Gen\seq5\masks\68.jpg,PolypGen_seq5,sequence,train
PolypGen,C:\VISKOM\Polyp-Gen\seq5\images\69.jpg,C:\VISKOM\Polyp-Gen\seq5\masks\69.jpg,PolypGen_seq5,sequence,train
PolypGen,C:\VISKOM\Polyp-Gen\seq5\images\70.jpg,C:\VISKOM\Polyp-Gen\seq5\masks\70.jpg,PolypGen_seq5,sequence,train
PolypGen,C:\VISKOM\Polyp-Gen\seq5\images\71.jpg,C:\VISKOM\Polyp-Gen\seq5\masks\71.jpg,PolypGen_seq5,sequence,train
PolypGen,C:\VISKOM\Polyp-Gen\seq5\images\72.jpg,C:\VISKOM\Polyp-Gen\seq5\masks\72.jpg,PolypGen_seq5,sequence,train
PolypGen,C:\VISKOM\Polyp-Gen\seq5\images\73.jpg,C:\VISKOM\Polyp-Gen\seq5\masks\73.jpg,PolypGen_seq5,sequence,train
PolypGen,C:\VISKOM\Polyp-Gen\seq5\images\74.jpg,C:\VISKOM\Polyp-Gen\seq5\masks\74.jpg,PolypGen_seq5,sequence,train
PolypGen,C:\VISKOM\Polyp-Gen\seq5\images\75.jpg,C:\VISKOM\Polyp-Gen\seq5\masks\75.jpg,PolypGen_seq5,sequence,train
PolypGen,C:\VISKOM\Polyp-Gen\seq5\images\76.jpg,C:\VISKOM\Polyp-Gen\seq5\masks\76.jpg,PolypGen_seq5,sequence,train
PolypGen,C:\VISKOM\Polyp-Gen\seq5\images\77.jpg,C:\VISKOM\Polyp-Gen\seq5\masks\77.jpg,PolypGen_seq5,sequence,train
PolypGen,C:\VISKOM\Polyp-Gen\seq5\images\78.jpg,C:\VISKOM\Polyp-Gen\seq5\masks\78.jpg,PolypGen_seq5,sequence,train
PolypGen,C:\VISKOM\Polyp-Gen\seq5\images\79.jpg,C:\VISKOM\Polyp-Gen\seq5\masks\79.jpg,PolypGen_seq5,sequence,train
PolypGen,C:\VISKOM\Polyp-Gen\seq5\images\80.jpg,C:\VISKOM\Polyp-Gen\seq5\masks\80.jpg,PolypGen_seq5,sequence,train
PolypGen,C:\VISKOM\Polyp-Gen\seq5\images\81.jpg,C:\VISKOM\Polyp-Gen\seq5\masks\81.jpg,PolypGen_seq5,sequence,train
PolypGen,C:\VISKOM\Polyp-Gen\seq5\images\82.jpg,C:\VISKOM\Polyp-Gen\seq5\masks\82.jpg,PolypGen_seq5,sequence,train
PolypGen,C:\VISKOM\Polyp-Gen\seq5\images\83.jpg,C:\VISKOM\Polyp-Gen\seq5\masks\83.jpg,PolypGen_seq5,sequence,train
PolypGen,C:\VISKOM\Polyp-Gen\seq5\images\84.jpg,C:\VISKOM\Polyp-Gen\seq5\masks\84.jpg,PolypGen_seq5,sequence,train
PolypGen,C:\VISKOM\Polyp-Gen\seq5\images\85.jpg,C:\VISKOM\Polyp-Gen\seq5\masks\85.jpg,PolypGen_seq5,sequence,train
PolypGen,C:\VISKOM\Polyp-Gen\seq5\images\86.jpg,C:\VISKOM\Polyp-Gen\seq5\masks\86.jpg,PolypGen_seq5,sequence,train
PolypGen,C:\VISKOM\Polyp-Gen\seq5\images\87.jpg,C:\VISKOM\Polyp-Gen\seq5\masks\87.jpg,PolypGen_seq5,sequence,train
PolypGen,C:\VISKOM\Polyp-Gen\seq5\images\88.jpg,C:\VISKOM\Polyp-Gen\seq5\masks\88.jpg,PolypGen_seq5,sequence,train
PolypGen,C:\VISKOM\Polyp-Gen\seq5\images\89.jpg,C:\VISKOM\Polyp-Gen\seq5\masks\89.jpg,PolypGen_seq5,sequence,train
PolypGen,C:\VISKOM\Polyp-Gen\seq5\images\90.jpg,C:\VISKOM\Polyp-Gen\seq5\masks\90.jpg,PolypGen_seq5,sequence,train
PolypGen,C:\VISKOM\Polyp-Gen\seq5\images\91.jpg,C:\VISKOM\Polyp-Gen\seq5\masks\91.jpg,PolypGen_seq5,sequence,train
PolypGen,C:\VISKOM\Polyp-Gen\seq5\images\92.jpg,C:\VISKOM\Polyp-Gen\seq5\masks\92.jpg,PolypGen_seq5,sequence,train
PolypGen,C:\VISKOM\Polyp-Gen\seq5\images\93.jpg,C:\VISKOM\Polyp-Gen\seq5\masks\93.jpg,PolypGen_seq5,sequence,train
PolypGen,C:\VISKOM\Polyp-Gen\seq5\images\94.jpg,C:\VISKOM\Polyp-Gen\seq5\masks\94.jpg,PolypGen_seq5,sequence,train
PolypGen,C:\VISKOM\Polyp-Gen\seq5\images\95.jpg,C:\VISKOM\Polyp-Gen\seq5\masks\95.jpg,PolypGen_seq5,sequence,train
PolypGen,C:\VISKOM\Polyp-Gen\seq5\images\96.jpg,C:\VISKOM\Polyp-Gen\seq5\masks\96.jpg,PolypGen_seq5,sequence,train
PolypGen,C:\VISKOM\Polyp-Gen\seq5\images\97.jpg,C:\VISKOM\Polyp-Gen\seq5\masks\97.jpg,PolypGen_seq5,sequence,train
PolypGen,C:\VISKOM\Polyp-Gen\seq5\images\98.jpg,C:\VISKOM\Polyp-Gen\seq5\masks\98.jpg,PolypGen_seq5,sequence,train
PolypGen,C:\VISKOM\Polyp-Gen\seq5\images\99.jpg,C:\VISKOM\Polyp-Gen\seq5\masks\99.jpg,PolypGen_seq5,sequence,train
PolypGen,C:\VISKOM\Polyp-Gen\seq5\images\100.jpg,C:\VISKOM\Polyp-Gen\seq5\masks\100.jpg,PolypGen_seq5,sequence,train
PolypGen,C:\VISKOM\Polyp-Gen\seq5\images\101.jpg,C:\VISKOM\Polyp-Gen\seq5\masks\101.jpg,PolypGen_seq5,sequence,train
PolypGen,C:\VISKOM\Polyp-Gen\seq5\images\102.jpg,C:\VISKOM\Polyp-Gen\seq5\masks\102.jpg,PolypGen_seq5,sequence,train
PolypGen,C:\VISKOM\Polyp-Gen\seq5\images\103.jpg,C:\VISKOM\Polyp-Gen\seq5\masks\103.jpg,PolypGen_seq5,sequence,train
PolypGen,C:\VISKOM\Polyp-Gen\seq5\images\104.jpg,C:\VISKOM\Polyp-Gen\seq5\masks\104.jpg,PolypGen_seq5,sequence,train
PolypGen,C:\VISKOM\Polyp-Gen\seq5\images\105.jpg,C:\VISKOM\Polyp-Gen\seq5\masks\105.jpg,PolypGen_seq5,sequence,train
PolypGen,C:\VISKOM\Polyp-Gen\seq5\images\106.jpg,C:\VISKOM\Polyp-Gen\seq5\masks\106.jpg,PolypGen_seq5,sequence,train
PolypGen,C:\VISKOM\Polyp-Gen\seq5\images\107.jpg,C:\VISKOM\Polyp-Gen\seq5\masks\107.jpg,PolypGen_seq5,sequence,train
PolypGen,C:\VISKOM\Polyp-Gen\seq5\images\108.jpg,C:\VISKOM\Polyp-Gen\seq5\masks\108.jpg,PolypGen_seq5,sequence,train
PolypGen,C:\VISKOM\Polyp-Gen\seq5\images\109.jpg,C:\VISKOM\Polyp-Gen\seq5\masks\109.jpg,PolypGen_seq5,sequence,train
PolypGen,C:\VISKOM\Polyp-Gen\seq5\images\110.jpg,C:\VISKOM\Polyp-Gen\seq5\masks\110.jpg,PolypGen_seq5,sequence,train
PolypGen,C:\VISKOM\Polyp-Gen\seq5\images\111.jpg,C:\VISKOM\Polyp-Gen\seq5\masks\111.jpg,PolypGen_seq5,sequence,train
PolypGen,C:\VISKOM\Polyp-Gen\seq5\images\112.jpg,C:\VISKOM\Polyp-Gen\seq5\masks\112.jpg,PolypGen_seq5,sequence,train
PolypGen,C:\VISKOM\Polyp-Gen\seq5\images\113.jpg,C:\VISKOM\Polyp-Gen\seq5\masks\113.jpg,PolypGen_seq5,sequence,train
PolypGen,C:\VISKOM\Polyp-Gen\seq5\images\114.jpg,C:\VISKOM\Polyp-Gen\seq5\masks\114.jpg,PolypGen_seq5,sequence,train
PolypGen,C:\VISKOM\Polyp-Gen\seq5\images\115.jpg,C:\VISKOM\Polyp-Gen\seq5\masks\115.jpg,PolypGen_seq5,sequence,train
PolypGen,C:\VISKOM\Polyp-Gen\seq5\images\116.jpg,C:\VISKOM\Polyp-Gen\seq5\masks\116.jpg,PolypGen_seq5,sequence,train
PolypGen,C:\VISKOM\Polyp-Gen\seq5\images\117.jpg,C:\VISKOM\Polyp-Gen\seq5\masks\117.jpg,PolypGen_seq5,sequence,train
PolypGen,C:\VISKOM\Polyp-Gen\seq5\images\118.jpg,C:\VISKOM\Polyp-Gen\seq5\masks\118.jpg,PolypGen_seq5,sequence,train
PolypGen,C:\VISKOM\Polyp-Gen\seq5\images\119.jpg,C:\VISKOM\Polyp-Gen\seq5\masks\119.jpg,PolypGen_seq5,sequence,train
PolypGen,C:\VISKOM\Polyp-Gen\seq5\images\120.jpg,C:\VISKOM\Polyp-Gen\seq5\masks\120.jpg,PolypGen_seq5,sequence,train
PolypGen,C:\VISKOM\Polyp-Gen\seq5\images\121.jpg,C:\VISKOM\Polyp-Gen\seq5\masks\121.jpg,PolypGen_seq5,sequence,train
PolypGen,C:\VISKOM\Polyp-Gen\seq5\images\122.jpg,C:\VISKOM\Polyp-Gen\seq5\masks\122.jpg,PolypGen_seq5,sequence,train
PolypGen,C:\VISKOM\Polyp-Gen\seq5\images\123.jpg,C:\VISKOM\Polyp-Gen\seq5\masks\123.jpg,PolypGen_seq5,sequence,train
PolypGen,C:\VISKOM\Polyp-Gen\seq5\images\124.jpg,C:\VISKOM\Polyp-Gen\seq5\masks\124.jpg,PolypGen_seq5,sequence,train
PolypGen,C:\VISKOM\Polyp-Gen\seq5\images\125.jpg,C:\VISKOM\Polyp-Gen\seq5\masks\125.jpg,PolypGen_seq5,sequence,train
PolypGen,C:\VISKOM\Polyp-Gen\seq5\images\126.jpg,C:\VISKOM\Polyp-Gen\seq5\masks\126.jpg,PolypGen_seq5,sequence,train
PolypGen,C:\VISKOM\Polyp-Gen\seq5\images\127.jpg,C:\VISKOM\Polyp-Gen\seq5\masks\127.jpg,PolypGen_seq5,sequence,train
PolypGen,C:\VISKOM\Polyp-Gen\seq5\images\128.jpg,C:\VISKOM\Polyp-Gen\seq5\masks\128.jpg,PolypGen_seq5,sequence,train
PolypGen,C:\VISKOM\Polyp-Gen\seq5\images\129.jpg,C:\VISKOM\Polyp-Gen\seq5\masks\129.jpg,PolypGen_seq5,sequence,train
PolypGen,C:\VISKOM\Polyp-Gen\seq5\images\130.jpg,C:\VISKOM\Polyp-Gen\seq5\masks\130.jpg,PolypGen_seq5,sequence,train
PolypGen,C:\VISKOM\Polyp-Gen\seq5\images\131.jpg,C:\VISKOM\Polyp-Gen\seq5\masks\131.jpg,PolypGen_seq5,sequence,train
PolypGen,C:\VISKOM\Polyp-Gen\seq5\images\132.jpg,C:\VISKOM\Polyp-Gen\seq5\masks\132.jpg,PolypGen_seq5,sequence,train
PolypGen,C:\VISKOM\Polyp-Gen\seq5\images\133.jpg,C:\VISKOM\Polyp-Gen\seq5\masks\133.jpg,PolypGen_seq5,sequence,train
PolypGen,C:\VISKOM\Polyp-Gen\seq5\images\134.jpg,C:\VISKOM\Polyp-Gen\seq5\masks\134.jpg,PolypGen_seq5,sequence,train
PolypGen,C:\VISKOM\Polyp-Gen\seq5\images\135.jpg,C:\VISKOM\Polyp-Gen\seq5\masks\135.jpg,PolypGen_seq5,sequence,train
PolypGen,C:\VISKOM\Polyp-Gen\seq5\images\136.jpg,C:\VISKOM\Polyp-Gen\seq5\masks\136.jpg,PolypGen_seq5,sequence,train
PolypGen,C:\VISKOM\Polyp-Gen\seq5\images\137.jpg,C:\VISKOM\Polyp-Gen\seq5\masks\137.jpg,PolypGen_seq5,sequence,train
PolypGen,C:\VISKOM\Polyp-Gen\seq5\images\138.jpg,C:\VISKOM\Polyp-Gen\seq5\masks\138.jpg,PolypGen_seq5,sequence,train
PolypGen,C:\VISKOM\Polyp-Gen\seq5\images\139.jpg,C:\VISKOM\Polyp-Gen\seq5\masks\139.jpg,PolypGen_seq5,sequence,train
PolypGen,C:\VISKOM\Polyp-Gen\seq5\images\140.jpg,C:\VISKOM\Polyp-Gen\seq5\masks\140.jpg,PolypGen_seq5,sequence,train
PolypGen,C:\VISKOM\Polyp-Gen\seq5\images\141.jpg,C:\VISKOM\Polyp-Gen\seq5\masks\141.jpg,PolypGen_seq5,sequence,train
PolypGen,C:\VISKOM\Polyp-Gen\seq5\images\142.jpg,C:\VISKOM\Polyp-Gen\seq5\masks\142.jpg,PolypGen_seq5,sequence,train
PolypGen,C:\VISKOM\Polyp-Gen\seq5\images\143.jpg,C:\VISKOM\Polyp-Gen\seq5\masks\143.jpg,PolypGen_seq5,sequence,train
PolypGen,C:\VISKOM\Polyp-Gen\seq5\images\144.jpg,C:\VISKOM\Polyp-Gen\seq5\masks\144.jpg,PolypGen_seq5,sequence,train
PolypGen,C:\VISKOM\Polyp-Gen\seq5\images\145.jpg,C:\VISKOM\Polyp-Gen\seq5\masks\145.jpg,PolypGen_seq5,sequence,train
PolypGen,C:\VISKOM\Polyp-Gen\seq5\images\146.jpg,C:\VISKOM\Polyp-Gen\seq5\masks\146.jpg,PolypGen_seq5,sequence,train
PolypGen,C:\VISKOM\Polyp-Gen\seq5\images\147.jpg,C:\VISKOM\Polyp-Gen\seq5\masks\147.jpg,PolypGen_seq5,sequence,train
PolypGen,C:\VISKOM\Polyp-Gen\seq5\images\148.jpg,C:\VISKOM\Polyp-Gen\seq5\masks\148.jpg,PolypGen_seq5,sequence,train
PolypGen,C:\VISKOM\Polyp-Gen\seq5\images\149.jpg,C:\VISKOM\Polyp-Gen\seq5\masks\149.jpg,PolypGen_seq5,sequence,train
PolypGen,C:\VISKOM\Polyp-Gen\seq5\images\150.jpg,C:\VISKOM\Polyp-Gen\seq5\masks\150.jpg,PolypGen_seq5,sequence,train
PolypGen,C:\VISKOM\Polyp-Gen\seq5\images\151.jpg,C:\VISKOM\Polyp-Gen\seq5\masks\151.jpg,PolypGen_seq5,sequence,train
PolypGen,C:\VISKOM\Polyp-Gen\seq5\images\152.jpg,C:\VISKOM\Polyp-Gen\seq5\masks\152.jpg,PolypGen_seq5,sequence,train
PolypGen,C:\VISKOM\Polyp-Gen\seq5\images\153.jpg,C:\VISKOM\Polyp-Gen\seq5\masks\153.jpg,PolypGen_seq5,sequence,train
PolypGen,C:\VISKOM\Polyp-Gen\seq5\images\154.jpg,C:\VISKOM\Polyp-Gen\seq5\masks\154.jpg,PolypGen_seq5,sequence,train
PolypGen,C:\VISKOM\Polyp-Gen\seq5\images\155.jpg,C:\VISKOM\Polyp-Gen\seq5\masks\155.jpg,PolypGen_seq5,sequence,train
PolypGen,C:\VISKOM\Polyp-Gen\seq5\images\156.jpg,C:\VISKOM\Polyp-Gen\seq5\masks\156.jpg,PolypGen_seq5,sequence,train
PolypGen,C:\VISKOM\Polyp-Gen\seq5\images\157.jpg,C:\VISKOM\Polyp-Gen\seq5\masks\157.jpg,PolypGen_seq5,sequence,train
PolypGen,C:\VISKOM\Polyp-Gen\seq5\images\158.jpg,C:\VISKOM\Polyp-Gen\seq5\masks\158.jpg,PolypGen_seq5,sequence,train
PolypGen,C:\VISKOM\Polyp-Gen\seq5\images\159.jpg,C:\VISKOM\Polyp-Gen\seq5\masks\159.jpg,PolypGen_seq5,sequence,train
PolypGen,C:\VISKOM\Polyp-Gen\seq5\images\160.jpg,C:\VISKOM\Polyp-Gen\seq5\masks\160.jpg,PolypGen_seq5,sequence,train
PolypGen,C:\VISKOM\Polyp-Gen\seq5\images\161.jpg,C:\VISKOM\Polyp-Gen\seq5\masks\161.jpg,PolypGen_seq5,sequence,train
PolypGen,C:\VISKOM\Polyp-Gen\seq5\images\162.jpg,C:\VISKOM\Polyp-Gen\seq5\masks\162.jpg,PolypGen_seq5,sequence,train
PolypGen,C:\VISKOM\Polyp-Gen\seq5\images\163.jpg,C:\VISKOM\Polyp-Gen\seq5\masks\163.jpg,PolypGen_seq5,sequence,train
PolypGen,C:\VISKOM\Polyp-Gen\seq5\images\164.jpg,C:\VISKOM\Polyp-Gen\seq5\masks\164.jpg,PolypGen_seq5,sequence,train
PolypGen,C:\VISKOM\Polyp-Gen\seq5\images\165.jpg,C:\VISKOM\Polyp-Gen\seq5\masks\165.jpg,PolypGen_seq5,sequence,train
PolypGen,C:\VISKOM\Polyp-Gen\seq5\images\166.jpg,C:\VISKOM\Polyp-Gen\seq5\masks\166.jpg,PolypGen_seq5,sequence,train
PolypGen,C:\VISKOM\Polyp-Gen\seq5\images\167.jpg,C:\VISKOM\Polyp-Gen\seq5\masks\167.jpg,PolypGen_seq5,sequence,train
PolypGen,C:\VISKOM\Polyp-Gen\seq5\images\168.jpg,C:\VISKOM\Polyp-Gen\seq5\masks\168.jpg,PolypGen_seq5,sequence,train
PolypGen,C:\VISKOM\Polyp-Gen\seq5\images\169.jpg,C:\VISKOM\Polyp-Gen\seq5\masks\169.jpg,PolypGen_seq5,sequence,train
PolypGen,C:\VISKOM\Polyp-Gen\seq5\images\170.jpg,C:\VISKOM\Polyp-Gen\seq5\masks\170.jpg,PolypGen_seq5,sequence,train
PolypGen,C:\VISKOM\Polyp-Gen\seq5\images\171.jpg,C:\VISKOM\Polyp-Gen\seq5\masks\171.jpg,PolypGen_seq5,sequence,train
PolypGen,C:\VISKOM\Polyp-Gen\seq5\images\172.jpg,C:\VISKOM\Polyp-Gen\seq5\masks\172.jpg,PolypGen_seq5,sequence,train
PolypGen,C:\VISKOM\Polyp-Gen\seq5\images\173.jpg,C:\VISKOM\Polyp-Gen\seq5\masks\173.jpg,PolypGen_seq5,sequence,train
PolypGen,C:\VISKOM\Polyp-Gen\seq5\images\174.jpg,C:\VISKOM\Polyp-Gen\seq5\masks\174.jpg,PolypGen_seq5,sequence,train
PolypGen,C:\VISKOM\Polyp-Gen\seq5\images\175.jpg,C:\VISKOM\Polyp-Gen\seq5\masks\175.jpg,PolypGen_seq5,sequence,train
PolypGen,C:\VISKOM\Polyp-Gen\seq5\images\176.jpg,C:\VISKOM\Polyp-Gen\seq5\masks\176.jpg,PolypGen_seq5,sequence,train
PolypGen,C:\VISKOM\Polyp-Gen\seq5\images\177.jpg,C:\VISKOM\Polyp-Gen\seq5\masks\177.jpg,PolypGen_seq5,sequence,train
PolypGen,C:\VISKOM\Polyp-Gen\seq5\images\178.jpg,C:\VISKOM\Polyp-Gen\seq5\masks\178.jpg,PolypGen_seq5,sequence,train
PolypGen,C:\VISKOM\Polyp-Gen\seq5\images\179.jpg,C:\VISKOM\Polyp-Gen\seq5\masks\179.jpg,PolypGen_seq5,sequence,train
PolypGen,C:\VISKOM\Polyp-Gen\seq5\images\180.jpg,C:\VISKOM\Polyp-Gen\seq5\masks\180.jpg,PolypGen_seq5,sequence,train
PolypGen,C:\VISKOM\Polyp-Gen\seq5\images\181.jpg,C:\VISKOM\Polyp-Gen\seq5\masks\181.jpg,PolypGen_seq5,sequence,train
PolypGen,C:\VISKOM\Polyp-Gen\seq5\images\182.jpg,C:\VISKOM\Polyp-Gen\seq5\masks\182.jpg,PolypGen_seq5,sequence,train
PolypGen,C:\VISKOM\Polyp-Gen\seq5\images\183.jpg,C:\VISKOM\Polyp-Gen\seq5\masks\183.jpg,PolypGen_seq5,sequence,train
PolypGen,C:\VISKOM\Polyp-Gen\seq5\images\184.jpg,C:\VISKOM\Polyp-Gen\seq5\masks\184.jpg,PolypGen_seq5,sequence,train
PolypGen,C:\VISKOM\Polyp-Gen\seq5\images\185.jpg,C:\VISKOM\Polyp-Gen\seq5\masks\185.jpg,PolypGen_seq5,sequence,train
PolypGen,C:\VISKOM\Polyp-Gen\seq5\images\186.jpg,C:\VISKOM\Polyp-Gen\seq5\masks\186.jpg,PolypGen_seq5,sequence,train
PolypGen,C:\VISKOM\Polyp-Gen\seq5\images\187.jpg,C:\VISKOM\Polyp-Gen\seq5\masks\187.jpg,PolypGen_seq5,sequence,train
PolypGen,C:\VISKOM\Polyp-Gen\seq5\images\188.jpg,C:\VISKOM\Polyp-Gen\seq5\masks\188.jpg,PolypGen_seq5,sequence,train
PolypGen,C:\VISKOM\Polyp-Gen\seq5\images\189.jpg,C:\VISKOM\Polyp-Gen\seq5\masks\189.jpg,PolypGen_seq5,sequence,train
PolypGen,C:\VISKOM\Polyp-Gen\seq5\images\190.jpg,C:\VISKOM\Polyp-Gen\seq5\masks\190.jpg,PolypGen_seq5,sequence,train
PolypGen,C:\VISKOM\Polyp-Gen\seq5\images\191.jpg,C:\VISKOM\Polyp-Gen\seq5\masks\191.jpg,PolypGen_seq5,sequence,train
PolypGen,C:\VISKOM\Polyp-Gen\seq5\images\192.jpg,C:\VISKOM\Polyp-Gen\seq5\masks\192.jpg,PolypGen_seq5,sequence,train
PolypGen,C:\VISKOM\Polyp-Gen\seq5\images\193.jpg,C:\VISKOM\Polyp-Gen\seq5\masks\193.jpg,PolypGen_seq5,sequence,train
PolypGen,C:\VISKOM\Polyp-Gen\seq5\images\194.jpg,C:\VISKOM\Polyp-Gen\seq5\masks\194.jpg,PolypGen_seq5,sequence,train
PolypGen,C:\VISKOM\Polyp-Gen\seq5\images\195.jpg,C:\VISKOM\Polyp-Gen\seq5\masks\195.jpg,PolypGen_seq5,sequence,train
PolypGen,C:\VISKOM\Polyp-Gen\seq5\images\196.jpg,C:\VISKOM\Polyp-Gen\seq5\masks\196.jpg,PolypGen_seq5,sequence,train
PolypGen,C:\VISKOM\Polyp-Gen\seq5\images\197.jpg,C:\VISKOM\Polyp-Gen\seq5\masks\197.jpg,PolypGen_seq5,sequence,train
PolypGen,C:\VISKOM\Polyp-Gen\seq5\images\198.jpg,C:\VISKOM\Polyp-Gen\seq5\masks\198.jpg,PolypGen_seq5,sequence,train
PolypGen,C:\VISKOM\Polyp-Gen\seq5\images\199.jpg,C:\VISKOM\Polyp-Gen\seq5\masks\199.jpg,PolypGen_seq5,sequence,train
PolypGen,C:\VISKOM\Polyp-Gen\seq5\images\200.jpg,C:\VISKOM\Polyp-Gen\seq5\masks\200.jpg,PolypGen_seq5,sequence,train
PolypGen,C:\VISKOM\Polyp-Gen\seq5\images\201.jpg,C:\VISKOM\Polyp-Gen\seq5\masks\201.jpg,PolypGen_seq5,sequence,train
PolypGen,C:\VISKOM\Polyp-Gen\seq5\images\202.jpg,C:\VISKOM\Polyp-Gen\seq5\masks\202.jpg,PolypGen_seq5,sequence,train
PolypGen,C:\VISKOM\Polyp-Gen\seq5\images\203.jpg,C:\VISKOM\Polyp-Gen\seq5\masks\203.jpg,PolypGen_seq5,sequence,train
PolypGen,C:\VISKOM\Polyp-Gen\seq5\images\204.jpg,C:\VISKOM\Polyp-Gen\seq5\masks\204.jpg,PolypGen_seq5,sequence,train
PolypGen,C:\VISKOM\Polyp-Gen\seq5\images\205.jpg,C:\VISKOM\Polyp-Gen\seq5\masks\205.jpg,PolypGen_seq5,sequence,train
PolypGen,C:\VISKOM\Polyp-Gen\seq5\images\206.jpg,C:\VISKOM\Polyp-Gen\seq5\masks\206.jpg,PolypGen_seq5,sequence,train
PolypGen,C:\VISKOM\Polyp-Gen\seq5\images\207.jpg,C:\VISKOM\Polyp-Gen\seq5\masks\207.jpg,PolypGen_seq5,sequence,train
PolypGen,C:\VISKOM\Polyp-Gen\seq5\images\208.jpg,C:\VISKOM\Polyp-Gen\seq5\masks\208.jpg,PolypGen_seq5,sequence,train
PolypGen,C:\VISKOM\Polyp-Gen\seq5\images\209.jpg,C:\VISKOM\Polyp-Gen\seq5\masks\209.jpg,PolypGen_seq5,sequence,train
PolypGen,C:\VISKOM\Polyp-Gen\seq5\images\210.jpg,C:\VISKOM\Polyp-Gen\seq5\masks\210.jpg,PolypGen_seq5,sequence,train
PolypGen,C:\VISKOM\Polyp-Gen\seq5\images\211.jpg,C:\VISKOM\Polyp-Gen\seq5\masks\211.jpg,PolypGen_seq5,sequence,train
PolypGen,C:\VISKOM\Polyp-Gen\seq5\images\212.jpg,C:\VISKOM\Polyp-Gen\seq5\masks\212.jpg,PolypGen_seq5,sequence,train
PolypGen,C:\VISKOM\Polyp-Gen\seq5\images\213.jpg,C:\VISKOM\Polyp-Gen\seq5\masks\213.jpg,PolypGen_seq5,sequence,train
PolypGen,C:\VISKOM\Polyp-Gen\seq5\images\214.jpg,C:\VISKOM\Polyp-Gen\seq5\masks\214.jpg,PolypGen_seq5,sequence,train
PolypGen,C:\VISKOM\Polyp-Gen\seq5\images\215.jpg,C:\VISKOM\Polyp-Gen\seq5\masks\215.jpg,PolypGen_seq5,sequence,train
PolypGen,C:\VISKOM\Polyp-Gen\seq5\images\216.jpg,C:\VISKOM\Polyp-Gen\seq5\masks\216.jpg,PolypGen_seq5,sequence,train
PolypGen,C:\VISKOM\Polyp-Gen\seq5\images\217.jpg,C:\VISKOM\Polyp-Gen\seq5\masks\217.jpg,PolypGen_seq5,sequence,train
PolypGen,C:\VISKOM\Polyp-Gen\seq5\images\218.jpg,C:\VISKOM\Polyp-Gen\seq5\masks\218.jpg,PolypGen_seq5,sequence,train
PolypGen,C:\VISKOM\Polyp-Gen\seq5\images\219.jpg,C:\VISKOM\Polyp-Gen\seq5\masks\219.jpg,PolypGen_seq5,sequence,train
PolypGen,C:\VISKOM\Polyp-Gen\seq5\images\220.jpg,C:\VISKOM\Polyp-Gen\seq5\masks\220.jpg,PolypGen_seq5,sequence,train
PolypGen,C:\VISKOM\Polyp-Gen\seq5\images\221.jpg,C:\VISKOM\Polyp-Gen\seq5\masks\221.jpg,PolypGen_seq5,sequence,train
PolypGen,C:\VISKOM\Polyp-Gen\seq5\images\222.jpg,C:\VISKOM\Polyp-Gen\seq5\masks\222.jpg,PolypGen_seq5,sequence,train
PolypGen,C:\VISKOM\Polyp-Gen\seq5\images\223.jpg,C:\VISKOM\Polyp-Gen\seq5\masks\223.jpg,PolypGen_seq5,sequence,train
PolypGen,C:\VISKOM\Polyp-Gen\seq5\images\224.jpg,C:\VISKOM\Polyp-Gen\seq5\masks\224.jpg,PolypGen_seq5,sequence,train
PolypGen,C:\VISKOM\Polyp-Gen\seq5\images\225.jpg,C:\VISKOM\Polyp-Gen\seq5\masks\225.jpg,PolypGen_seq5,sequence,train
PolypGen,C:\VISKOM\Polyp-Gen\seq5\images\226.jpg,C:\VISKOM\Polyp-Gen\seq5\masks\226.jpg,PolypGen_seq5,sequence,train
PolypGen,C:\VISKOM\Polyp-Gen\seq5\images\227.jpg,C:\VISKOM\Polyp-Gen\seq5\masks\227.jpg,PolypGen_seq5,sequence,train
PolypGen,C:\VISKOM\Polyp-Gen\seq5\images\228.jpg,C:\VISKOM\Polyp-Gen\seq5\masks\228.jpg,PolypGen_seq5,sequence,train
PolypGen,C:\VISKOM\Polyp-Gen\seq5\images\229.jpg,C:\VISKOM\Polyp-Gen\seq5\masks\229.jpg,PolypGen_seq5,sequence,train
PolypGen,C:\VISKOM\Polyp-Gen\seq5\images\230.jpg,C:\VISKOM\Polyp-Gen\seq5\masks\230.jpg,PolypGen_seq5,sequence,train
PolypGen,C:\VISKOM\Polyp-Gen\seq5\images\231.jpg,C:\VISKOM\Polyp-Gen\seq5\masks\231.jpg,PolypGen_seq5,sequence,train
PolypGen,C:\VISKOM\Polyp-Gen\seq5\images\232.jpg,C:\VISKOM\Polyp-Gen\seq5\masks\232.jpg,PolypGen_seq5,sequence,train
PolypGen,C:\VISKOM\Polyp-Gen\seq5\images\233.jpg,C:\VISKOM\Polyp-Gen\seq5\masks\233.jpg,PolypGen_seq5,sequence,train
PolypGen,C:\VISKOM\Polyp-Gen\seq5\images\234.jpg,C:\VISKOM\Polyp-Gen\seq5\masks\234.jpg,PolypGen_seq5,sequence,train
PolypGen,C:\VISKOM\Polyp-Gen\seq5\images\235.jpg,C:\VISKOM\Polyp-Gen\seq5\masks\235.jpg,PolypGen_seq5,sequence,train
PolypGen,C:\VISKOM\Polyp-Gen\seq5\images\236.jpg,C:\VISKOM\Polyp-Gen\seq5\masks\236.jpg,PolypGen_seq5,sequence,train
PolypGen,C:\VISKOM\Polyp-Gen\seq5\images\237.jpg,C:\VISKOM\Polyp-Gen\seq5\masks\237.jpg,PolypGen_seq5,sequence,train
PolypGen,C:\VISKOM\Polyp-Gen\seq5\images\238.jpg,C:\VISKOM\Polyp-Gen\seq5\masks\238.jpg,PolypGen_seq5,sequence,train
PolypGen,C:\VISKOM\Polyp-Gen\seq5\images\239.jpg,C:\VISKOM\Polyp-Gen\seq5\masks\239.jpg,PolypGen_seq5,sequence,train
PolypGen,C:\VISKOM\Polyp-Gen\seq5\images\240.jpg,C:\VISKOM\Polyp-Gen\seq5\masks\240.jpg,PolypGen_seq5,sequence,train
PolypGen,C:\VISKOM\Polyp-Gen\seq5\images\241.jpg,C:\VISKOM\Polyp-Gen\seq5\masks\241.jpg,PolypGen_seq5,sequence,train
PolypGen,C:\VISKOM\Polyp-Gen\seq5\images\242.jpg,C:\VISKOM\Polyp-Gen\seq5\masks\242.jpg,PolypGen_seq5,sequence,train
PolypGen,C:\VISKOM\Polyp-Gen\seq5\images\243.jpg,C:\VISKOM\Polyp-Gen\seq5\masks\243.jpg,PolypGen_seq5,sequence,train
PolypGen,C:\VISKOM\Polyp-Gen\seq5\images\244.jpg,C:\VISKOM\Polyp-Gen\seq5\masks\244.jpg,PolypGen_seq5,sequence,train
PolypGen,C:\VISKOM\Polyp-Gen\seq5\images\245.jpg,C:\VISKOM\Polyp-Gen\seq5\masks\245.jpg,PolypGen_seq5,sequence,train
PolypGen,C:\VISKOM\Polyp-Gen\seq5\images\246.jpg,C:\VISKOM\Polyp-Gen\seq5\masks\246.jpg,PolypGen_seq5,sequence,train
PolypGen,C:\VISKOM\Polyp-Gen\seq5\images\247.jpg,C:\VISKOM\Polyp-Gen\seq5\masks\247.jpg,PolypGen_seq5,sequence,train
PolypGen,C:\VISKOM\Polyp-Gen\seq5\images\248.jpg,C:\VISKOM\Polyp-Gen\seq5\masks\248.jpg,PolypGen_seq5,sequence,train
PolypGen,C:\VISKOM\Polyp-Gen\seq5\images\249.jpg,C:\VISKOM\Polyp-Gen\seq5\masks\249.jpg,PolypGen_seq5,sequence,train
PolypGen,C:\VISKOM\Polyp-Gen\seq6\images\0.jpg,C:\VISKOM\Polyp-Gen\seq6\masks\0.jpg,PolypGen_seq6,sequence,train
PolypGen,C:\VISKOM\Polyp-Gen\seq6\images\1.jpg,C:\VISKOM\Polyp-Gen\seq6\masks\1.jpg,PolypGen_seq6,sequence,train
PolypGen,C:\VISKOM\Polyp-Gen\seq6\images\2.jpg,C:\VISKOM\Polyp-Gen\seq6\masks\2.jpg,PolypGen_seq6,sequence,train
PolypGen,C:\VISKOM\Polyp-Gen\seq6\images\3.jpg,C:\VISKOM\Polyp-Gen\seq6\masks\3.jpg,PolypGen_seq6,sequence,train
PolypGen,C:\VISKOM\Polyp-Gen\seq6\images\4.jpg,C:\VISKOM\Polyp-Gen\seq6\masks\4.jpg,PolypGen_seq6,sequence,train
PolypGen,C:\VISKOM\Polyp-Gen\seq6\images\5.jpg,C:\VISKOM\Polyp-Gen\seq6\masks\5.jpg,PolypGen_seq6,sequence,train
PolypGen,C:\VISKOM\Polyp-Gen\seq6\images\6.jpg,C:\VISKOM\Polyp-Gen\seq6\masks\6.jpg,PolypGen_seq6,sequence,train
PolypGen,C:\VISKOM\Polyp-Gen\seq6\images\7.jpg,C:\VISKOM\Polyp-Gen\seq6\masks\7.jpg,PolypGen_seq6,sequence,train
PolypGen,C:\VISKOM\Polyp-Gen\seq6\images\8.jpg,C:\VISKOM\Polyp-Gen\seq6\masks\8.jpg,PolypGen_seq6,sequence,train
PolypGen,C:\VISKOM\Polyp-Gen\seq6\images\9.jpg,C:\VISKOM\Polyp-Gen\seq6\masks\9.jpg,PolypGen_seq6,sequence,train
PolypGen,C:\VISKOM\Polyp-Gen\seq6\images\10.jpg,C:\VISKOM\Polyp-Gen\seq6\masks\10.jpg,PolypGen_seq6,sequence,train
PolypGen,C:\VISKOM\Polyp-Gen\seq6\images\11.jpg,C:\VISKOM\Polyp-Gen\seq6\masks\11.jpg,PolypGen_seq6,sequence,train
PolypGen,C:\VISKOM\Polyp-Gen\seq6\images\12.jpg,C:\VISKOM\Polyp-Gen\seq6\masks\12.jpg,PolypGen_seq6,sequence,train
PolypGen,C:\VISKOM\Polyp-Gen\seq6\images\13.jpg,C:\VISKOM\Polyp-Gen\seq6\masks\13.jpg,PolypGen_seq6,sequence,train
PolypGen,C:\VISKOM\Polyp-Gen\seq6\images\14.jpg,C:\VISKOM\Polyp-Gen\seq6\masks\14.jpg,PolypGen_seq6,sequence,train
PolypGen,C:\VISKOM\Polyp-Gen\seq6\images\15.jpg,C:\VISKOM\Polyp-Gen\seq6\masks\15.jpg,PolypGen_seq6,sequence,train
PolypGen,C:\VISKOM\Polyp-Gen\seq6\images\16.jpg,C:\VISKOM\Polyp-Gen\seq6\masks\16.jpg,PolypGen_seq6,sequence,train
PolypGen,C:\VISKOM\Polyp-Gen\seq6\images\17.jpg,C:\VISKOM\Polyp-Gen\seq6\masks\17.jpg,PolypGen_seq6,sequence,train
PolypGen,C:\VISKOM\Polyp-Gen\seq6\images\18.jpg,C:\VISKOM\Polyp-Gen\seq6\masks\18.jpg,PolypGen_seq6,sequence,train
PolypGen,C:\VISKOM\Polyp-Gen\seq6\images\19.jpg,C:\VISKOM\Polyp-Gen\seq6\masks\19.jpg,PolypGen_seq6,sequence,train
PolypGen,C:\VISKOM\Polyp-Gen\seq6\images\20.jpg,C:\VISKOM\Polyp-Gen\seq6\masks\20.jpg,PolypGen_seq6,sequence,train
PolypGen,C:\VISKOM\Polyp-Gen\seq6\images\21.jpg,C:\VISKOM\Polyp-Gen\seq6\masks\21.jpg,PolypGen_seq6,sequence,train
PolypGen,C:\VISKOM\Polyp-Gen\seq6\images\22.jpg,C:\VISKOM\Polyp-Gen\seq6\masks\22.jpg,PolypGen_seq6,sequence,train
PolypGen,C:\VISKOM\Polyp-Gen\seq6\images\23.jpg,C:\VISKOM\Polyp-Gen\seq6\masks\23.jpg,PolypGen_seq6,sequence,train
PolypGen,C:\VISKOM\Polyp-Gen\seq6\images\24.jpg,C:\VISKOM\Polyp-Gen\seq6\masks\24.jpg,PolypGen_seq6,sequence,train
PolypGen,C:\VISKOM\Polyp-Gen\seq6\images\25.jpg,C:\VISKOM\Polyp-Gen\seq6\masks\25.jpg,PolypGen_seq6,sequence,train
PolypGen,C:\VISKOM\Polyp-Gen\seq6\images\26.jpg,C:\VISKOM\Polyp-Gen\seq6\masks\26.jpg,PolypGen_seq6,sequence,train
PolypGen,C:\VISKOM\Polyp-Gen\seq6\images\27.jpg,C:\VISKOM\Polyp-Gen\seq6\masks\27.jpg,PolypGen_seq6,sequence,train
PolypGen,C:\VISKOM\Polyp-Gen\seq6\images\28.jpg,C:\VISKOM\Polyp-Gen\seq6\masks\28.jpg,PolypGen_seq6,sequence,train
PolypGen,C:\VISKOM\Polyp-Gen\seq6\images\29.jpg,C:\VISKOM\Polyp-Gen\seq6\masks\29.jpg,PolypGen_seq6,sequence,train
PolypGen,C:\VISKOM\Polyp-Gen\seq6\images\30.jpg,C:\VISKOM\Polyp-Gen\seq6\masks\30.jpg,PolypGen_seq6,sequence,train
PolypGen,C:\VISKOM\Polyp-Gen\seq6\images\31.jpg,C:\VISKOM\Polyp-Gen\seq6\masks\31.jpg,PolypGen_seq6,sequence,train
PolypGen,C:\VISKOM\Polyp-Gen\seq6\images\32.jpg,C:\VISKOM\Polyp-Gen\seq6\masks\32.jpg,PolypGen_seq6,sequence,train
PolypGen,C:\VISKOM\Polyp-Gen\seq6\images\33.jpg,C:\VISKOM\Polyp-Gen\seq6\masks\33.jpg,PolypGen_seq6,sequence,train
PolypGen,C:\VISKOM\Polyp-Gen\seq6\images\34.jpg,C:\VISKOM\Polyp-Gen\seq6\masks\34.jpg,PolypGen_seq6,sequence,train
PolypGen,C:\VISKOM\Polyp-Gen\seq6\images\35.jpg,C:\VISKOM\Polyp-Gen\seq6\masks\35.jpg,PolypGen_seq6,sequence,train
PolypGen,C:\VISKOM\Polyp-Gen\seq6\images\36.jpg,C:\VISKOM\Polyp-Gen\seq6\masks\36.jpg,PolypGen_seq6,sequence,train
PolypGen,C:\VISKOM\Polyp-Gen\seq6\images\37.jpg,C:\VISKOM\Polyp-Gen\seq6\masks\37.jpg,PolypGen_seq6,sequence,train
PolypGen,C:\VISKOM\Polyp-Gen\seq6\images\38.jpg,C:\VISKOM\Polyp-Gen\seq6\masks\38.jpg,PolypGen_seq6,sequence,train
PolypGen,C:\VISKOM\Polyp-Gen\seq6\images\39.jpg,C:\VISKOM\Polyp-Gen\seq6\masks\39.jpg,PolypGen_seq6,sequence,train
PolypGen,C:\VISKOM\Polyp-Gen\seq6\images\40.jpg,C:\VISKOM\Polyp-Gen\seq6\masks\40.jpg,PolypGen_seq6,sequence,train
PolypGen,C:\VISKOM\Polyp-Gen\seq6\images\41.jpg,C:\VISKOM\Polyp-Gen\seq6\masks\41.jpg,PolypGen_seq6,sequence,train
PolypGen,C:\VISKOM\Polyp-Gen\seq6\images\42.jpg,C:\VISKOM\Polyp-Gen\seq6\masks\42.jpg,PolypGen_seq6,sequence,train
PolypGen,C:\VISKOM\Polyp-Gen\seq6\images\43.jpg,C:\VISKOM\Polyp-Gen\seq6\masks\43.jpg,PolypGen_seq6,sequence,train
PolypGen,C:\VISKOM\Polyp-Gen\seq6\images\44.jpg,C:\VISKOM\Polyp-Gen\seq6\masks\44.jpg,PolypGen_seq6,sequence,train
PolypGen,C:\VISKOM\Polyp-Gen\seq6\images\45.jpg,C:\VISKOM\Polyp-Gen\seq6\masks\45.jpg,PolypGen_seq6,sequence,train
PolypGen,C:\VISKOM\Polyp-Gen\seq6\images\46.jpg,C:\VISKOM\Polyp-Gen\seq6\masks\46.jpg,PolypGen_seq6,sequence,train
PolypGen,C:\VISKOM\Polyp-Gen\seq6\images\47.jpg,C:\VISKOM\Polyp-Gen\seq6\masks\47.jpg,PolypGen_seq6,sequence,train
PolypGen,C:\VISKOM\Polyp-Gen\seq6\images\48.jpg,C:\VISKOM\Polyp-Gen\seq6\masks\48.jpg,PolypGen_seq6,sequence,train
PolypGen,C:\VISKOM\Polyp-Gen\seq6\images\49.jpg,C:\VISKOM\Polyp-Gen\seq6\masks\49.jpg,PolypGen_seq6,sequence,train
PolypGen,C:\VISKOM\Polyp-Gen\seq6\images\50.jpg,C:\VISKOM\Polyp-Gen\seq6\masks\50.jpg,PolypGen_seq6,sequence,train
PolypGen,C:\VISKOM\Polyp-Gen\seq6\images\51.jpg,C:\VISKOM\Polyp-Gen\seq6\masks\51.jpg,PolypGen_seq6,sequence,train
PolypGen,C:\VISKOM\Polyp-Gen\seq6\images\52.jpg,C:\VISKOM\Polyp-Gen\seq6\masks\52.jpg,PolypGen_seq6,sequence,train
PolypGen,C:\VISKOM\Polyp-Gen\seq6\images\53.jpg,C:\VISKOM\Polyp-Gen\seq6\masks\53.jpg,PolypGen_seq6,sequence,train
PolypGen,C:\VISKOM\Polyp-Gen\seq6\images\54.jpg,C:\VISKOM\Polyp-Gen\seq6\masks\54.jpg,PolypGen_seq6,sequence,train
PolypGen,C:\VISKOM\Polyp-Gen\seq6\images\55.jpg,C:\VISKOM\Polyp-Gen\seq6\masks\55.jpg,PolypGen_seq6,sequence,train
PolypGen,C:\VISKOM\Polyp-Gen\seq6\images\56.jpg,C:\VISKOM\Polyp-Gen\seq6\masks\56.jpg,PolypGen_seq6,sequence,train
PolypGen,C:\VISKOM\Polyp-Gen\seq6\images\57.jpg,C:\VISKOM\Polyp-Gen\seq6\masks\57.jpg,PolypGen_seq6,sequence,train
PolypGen,C:\VISKOM\Polyp-Gen\seq6\images\58.jpg,C:\VISKOM\Polyp-Gen\seq6\masks\58.jpg,PolypGen_seq6,sequence,train
PolypGen,C:\VISKOM\Polyp-Gen\seq6\images\59.jpg,C:\VISKOM\Polyp-Gen\seq6\masks\59.jpg,PolypGen_seq6,sequence,train
PolypGen,C:\VISKOM\Polyp-Gen\seq6\images\60.jpg,C:\VISKOM\Polyp-Gen\seq6\masks\60.jpg,PolypGen_seq6,sequence,train
PolypGen,C:\VISKOM\Polyp-Gen\seq6\images\61.jpg,C:\VISKOM\Polyp-Gen\seq6\masks\61.jpg,PolypGen_seq6,sequence,train
PolypGen,C:\VISKOM\Polyp-Gen\seq6\images\62.jpg,C:\VISKOM\Polyp-Gen\seq6\masks\62.jpg,PolypGen_seq6,sequence,train
PolypGen,C:\VISKOM\Polyp-Gen\seq6\images\63.jpg,C:\VISKOM\Polyp-Gen\seq6\masks\63.jpg,PolypGen_seq6,sequence,train
PolypGen,C:\VISKOM\Polyp-Gen\seq6\images\64.jpg,C:\VISKOM\Polyp-Gen\seq6\masks\64.jpg,PolypGen_seq6,sequence,train
PolypGen,C:\VISKOM\Polyp-Gen\seq6\images\65.jpg,C:\VISKOM\Polyp-Gen\seq6\masks\65.jpg,PolypGen_seq6,sequence,train
PolypGen,C:\VISKOM\Polyp-Gen\seq6\images\66.jpg,C:\VISKOM\Polyp-Gen\seq6\masks\66.jpg,PolypGen_seq6,sequence,train
PolypGen,C:\VISKOM\Polyp-Gen\seq6\images\67.jpg,C:\VISKOM\Polyp-Gen\seq6\masks\67.jpg,PolypGen_seq6,sequence,train
PolypGen,C:\VISKOM\Polyp-Gen\seq6\images\68.jpg,C:\VISKOM\Polyp-Gen\seq6\masks\68.jpg,PolypGen_seq6,sequence,train
PolypGen,C:\VISKOM\Polyp-Gen\seq6\images\69.jpg,C:\VISKOM\Polyp-Gen\seq6\masks\69.jpg,PolypGen_seq6,sequence,train
PolypGen,C:\VISKOM\Polyp-Gen\seq6\images\70.jpg,C:\VISKOM\Polyp-Gen\seq6\masks\70.jpg,PolypGen_seq6,sequence,train
PolypGen,C:\VISKOM\Polyp-Gen\seq6\images\71.jpg,C:\VISKOM\Polyp-Gen\seq6\masks\71.jpg,PolypGen_seq6,sequence,train
PolypGen,C:\VISKOM\Polyp-Gen\seq6\images\72.jpg,C:\VISKOM\Polyp-Gen\seq6\masks\72.jpg,PolypGen_seq6,sequence,train
PolypGen,C:\VISKOM\Polyp-Gen\seq6\images\73.jpg,C:\VISKOM\Polyp-Gen\seq6\masks\73.jpg,PolypGen_seq6,sequence,train
PolypGen,C:\VISKOM\Polyp-Gen\seq6\images\74.jpg,C:\VISKOM\Polyp-Gen\seq6\masks\74.jpg,PolypGen_seq6,sequence,train
PolypGen,C:\VISKOM\Polyp-Gen\seq6\images\75.jpg,C:\VISKOM\Polyp-Gen\seq6\masks\75.jpg,PolypGen_seq6,sequence,train
PolypGen,C:\VISKOM\Polyp-Gen\seq6\images\76.jpg,C:\VISKOM\Polyp-Gen\seq6\masks\76.jpg,PolypGen_seq6,sequence,train
PolypGen,C:\VISKOM\Polyp-Gen\seq6\images\77.jpg,C:\VISKOM\Polyp-Gen\seq6\masks\77.jpg,PolypGen_seq6,sequence,train
PolypGen,C:\VISKOM\Polyp-Gen\seq6\images\78.jpg,C:\VISKOM\Polyp-Gen\seq6\masks\78.jpg,PolypGen_seq6,sequence,train
PolypGen,C:\VISKOM\Polyp-Gen\seq6\images\79.jpg,C:\VISKOM\Polyp-Gen\seq6\masks\79.jpg,PolypGen_seq6,sequence,train
PolypGen,C:\VISKOM\Polyp-Gen\seq6\images\80.jpg,C:\VISKOM\Polyp-Gen\seq6\masks\80.jpg,PolypGen_seq6,sequence,train
PolypGen,C:\VISKOM\Polyp-Gen\seq6\images\81.jpg,C:\VISKOM\Polyp-Gen\seq6\masks\81.jpg,PolypGen_seq6,sequence,train
PolypGen,C:\VISKOM\Polyp-Gen\seq6\images\82.jpg,C:\VISKOM\Polyp-Gen\seq6\masks\82.jpg,PolypGen_seq6,sequence,train
PolypGen,C:\VISKOM\Polyp-Gen\seq6\images\83.jpg,C:\VISKOM\Polyp-Gen\seq6\masks\83.jpg,PolypGen_seq6,sequence,train
PolypGen,C:\VISKOM\Polyp-Gen\seq6\images\84.jpg,C:\VISKOM\Polyp-Gen\seq6\masks\84.jpg,PolypGen_seq6,sequence,train
PolypGen,C:\VISKOM\Polyp-Gen\seq6\images\85.jpg,C:\VISKOM\Polyp-Gen\seq6\masks\85.jpg,PolypGen_seq6,sequence,train
PolypGen,C:\VISKOM\Polyp-Gen\seq6\images\86.jpg,C:\VISKOM\Polyp-Gen\seq6\masks\86.jpg,PolypGen_seq6,sequence,train
PolypGen,C:\VISKOM\Polyp-Gen\seq6\images\87.jpg,C:\VISKOM\Polyp-Gen\seq6\masks\87.jpg,PolypGen_seq6,sequence,train
PolypGen,C:\VISKOM\Polyp-Gen\seq6\images\88.jpg,C:\VISKOM\Polyp-Gen\seq6\masks\88.jpg,PolypGen_seq6,sequence,train
PolypGen,C:\VISKOM\Polyp-Gen\seq6\images\89.jpg,C:\VISKOM\Polyp-Gen\seq6\masks\89.jpg,PolypGen_seq6,sequence,train
PolypGen,C:\VISKOM\Polyp-Gen\seq6\images\90.jpg,C:\VISKOM\Polyp-Gen\seq6\masks\90.jpg,PolypGen_seq6,sequence,train
PolypGen,C:\VISKOM\Polyp-Gen\seq7\images\0.jpg,C:\VISKOM\Polyp-Gen\seq7\masks\0.jpg,PolypGen_seq7,sequence,train
PolypGen,C:\VISKOM\Polyp-Gen\seq7\images\1.jpg,C:\VISKOM\Polyp-Gen\seq7\masks\1.jpg,PolypGen_seq7,sequence,train
PolypGen,C:\VISKOM\Polyp-Gen\seq7\images\2.jpg,C:\VISKOM\Polyp-Gen\seq7\masks\2.jpg,PolypGen_seq7,sequence,train
PolypGen,C:\VISKOM\Polyp-Gen\seq7\images\3.jpg,C:\VISKOM\Polyp-Gen\seq7\masks\3.jpg,PolypGen_seq7,sequence,train
PolypGen,C:\VISKOM\Polyp-Gen\seq7\images\4.jpg,C:\VISKOM\Polyp-Gen\seq7\masks\4.jpg,PolypGen_seq7,sequence,train
PolypGen,C:\VISKOM\Polyp-Gen\seq7\images\5.jpg,C:\VISKOM\Polyp-Gen\seq7\masks\5.jpg,PolypGen_seq7,sequence,train
PolypGen,C:\VISKOM\Polyp-Gen\seq7\images\6.jpg,C:\VISKOM\Polyp-Gen\seq7\masks\6.jpg,PolypGen_seq7,sequence,train
PolypGen,C:\VISKOM\Polyp-Gen\seq7\images\7.jpg,C:\VISKOM\Polyp-Gen\seq7\masks\7.jpg,PolypGen_seq7,sequence,train
PolypGen,C:\VISKOM\Polyp-Gen\seq7\images\8.jpg,C:\VISKOM\Polyp-Gen\seq7\masks\8.jpg,PolypGen_seq7,sequence,train
PolypGen,C:\VISKOM\Polyp-Gen\seq7\images\9.jpg,C:\VISKOM\Polyp-Gen\seq7\masks\9.jpg,PolypGen_seq7,sequence,train
PolypGen,C:\VISKOM\Polyp-Gen\seq7\images\10.jpg,C:\VISKOM\Polyp-Gen\seq7\masks\10.jpg,PolypGen_seq7,sequence,train
PolypGen,C:\VISKOM\Polyp-Gen\seq7\images\11.jpg,C:\VISKOM\Polyp-Gen\seq7\masks\11.jpg,PolypGen_seq7,sequence,train
PolypGen,C:\VISKOM\Polyp-Gen\seq7\images\12.jpg,C:\VISKOM\Polyp-Gen\seq7\masks\12.jpg,PolypGen_seq7,sequence,train
PolypGen,C:\VISKOM\Polyp-Gen\seq7\images\13.jpg,C:\VISKOM\Polyp-Gen\seq7\masks\13.jpg,PolypGen_seq7,sequence,train
PolypGen,C:\VISKOM\Polyp-Gen\seq7\images\14.jpg,C:\VISKOM\Polyp-Gen\seq7\masks\14.jpg,PolypGen_seq7,sequence,train
PolypGen,C:\VISKOM\Polyp-Gen\seq7\images\15.jpg,C:\VISKOM\Polyp-Gen\seq7\masks\15.jpg,PolypGen_seq7,sequence,train
PolypGen,C:\VISKOM\Polyp-Gen\seq7\images\16.jpg,C:\VISKOM\Polyp-Gen\seq7\masks\16.jpg,PolypGen_seq7,sequence,train
PolypGen,C:\VISKOM\Polyp-Gen\seq7\images\17.jpg,C:\VISKOM\Polyp-Gen\seq7\masks\17.jpg,PolypGen_seq7,sequence,train
PolypGen,C:\VISKOM\Polyp-Gen\seq7\images\18.jpg,C:\VISKOM\Polyp-Gen\seq7\masks\18.jpg,PolypGen_seq7,sequence,train
PolypGen,C:\VISKOM\Polyp-Gen\seq7\images\19.jpg,C:\VISKOM\Polyp-Gen\seq7\masks\19.jpg,PolypGen_seq7,sequence,train
PolypGen,C:\VISKOM\Polyp-Gen\seq7\images\20.jpg,C:\VISKOM\Polyp-Gen\seq7\masks\20.jpg,PolypGen_seq7,sequence,train
PolypGen,C:\VISKOM\Polyp-Gen\seq7\images\21.jpg,C:\VISKOM\Polyp-Gen\seq7\masks\21.jpg,PolypGen_seq7,sequence,train
PolypGen,C:\VISKOM\Polyp-Gen\seq7\images\22.jpg,C:\VISKOM\Polyp-Gen\seq7\masks\22.jpg,PolypGen_seq7,sequence,train
PolypGen,C:\VISKOM\Polyp-Gen\seq7\images\23.jpg,C:\VISKOM\Polyp-Gen\seq7\masks\23.jpg,PolypGen_seq7,sequence,train
PolypGen,C:\VISKOM\Polyp-Gen\seq7\images\24.jpg,C:\VISKOM\Polyp-Gen\seq7\masks\24.jpg,PolypGen_seq7,sequence,train
PolypGen,C:\VISKOM\Polyp-Gen\seq7\images\25.jpg,C:\VISKOM\Polyp-Gen\seq7\masks\25.jpg,PolypGen_seq7,sequence,train
PolypGen,C:\VISKOM\Polyp-Gen\seq7\images\26.jpg,C:\VISKOM\Polyp-Gen\seq7\masks\26.jpg,PolypGen_seq7,sequence,train
PolypGen,C:\VISKOM\Polyp-Gen\seq7\images\27.jpg,C:\VISKOM\Polyp-Gen\seq7\masks\27.jpg,PolypGen_seq7,sequence,train
PolypGen,C:\VISKOM\Polyp-Gen\seq7\images\28.jpg,C:\VISKOM\Polyp-Gen\seq7\masks\28.jpg,PolypGen_seq7,sequence,train
PolypGen,C:\VISKOM\Polyp-Gen\seq7\images\29.jpg,C:\VISKOM\Polyp-Gen\seq7\masks\29.jpg,PolypGen_seq7,sequence,train
PolypGen,C:\VISKOM\Polyp-Gen\seq7\images\30.jpg,C:\VISKOM\Polyp-Gen\seq7\masks\30.jpg,PolypGen_seq7,sequence,train
PolypGen,C:\VISKOM\Polyp-Gen\seq7\images\31.jpg,C:\VISKOM\Polyp-Gen\seq7\masks\31.jpg,PolypGen_seq7,sequence,train
PolypGen,C:\VISKOM\Polyp-Gen\seq7\images\32.jpg,C:\VISKOM\Polyp-Gen\seq7\masks\32.jpg,PolypGen_seq7,sequence,train
PolypGen,C:\VISKOM\Polyp-Gen\seq7\images\33.jpg,C:\VISKOM\Polyp-Gen\seq7\masks\33.jpg,PolypGen_seq7,sequence,train
PolypGen,C:\VISKOM\Polyp-Gen\seq7\images\34.jpg,C:\VISKOM\Polyp-Gen\seq7\masks\34.jpg,PolypGen_seq7,sequence,train
PolypGen,C:\VISKOM\Polyp-Gen\seq7\images\35.jpg,C:\VISKOM\Polyp-Gen\seq7\masks\35.jpg,PolypGen_seq7,sequence,train
PolypGen,C:\VISKOM\Polyp-Gen\seq7\images\36.jpg,C:\VISKOM\Polyp-Gen\seq7\masks\36.jpg,PolypGen_seq7,sequence,train
PolypGen,C:\VISKOM\Polyp-Gen\seq7\images\37.jpg,C:\VISKOM\Polyp-Gen\seq7\masks\37.jpg,PolypGen_seq7,sequence,train
PolypGen,C:\VISKOM\Polyp-Gen\seq7\images\38.jpg,C:\VISKOM\Polyp-Gen\seq7\masks\38.jpg,PolypGen_seq7,sequence,train
PolypGen,C:\VISKOM\Polyp-Gen\seq7\images\39.jpg,C:\VISKOM\Polyp-Gen\seq7\masks\39.jpg,PolypGen_seq7,sequence,train
PolypGen,C:\VISKOM\Polyp-Gen\seq7\images\40.jpg,C:\VISKOM\Polyp-Gen\seq7\masks\40.jpg,PolypGen_seq7,sequence,train
PolypGen,C:\VISKOM\Polyp-Gen\seq7\images\41.jpg,C:\VISKOM\Polyp-Gen\seq7\masks\41.jpg,PolypGen_seq7,sequence,train
PolypGen,C:\VISKOM\Polyp-Gen\seq7\images\42.jpg,C:\VISKOM\Polyp-Gen\seq7\masks\42.jpg,PolypGen_seq7,sequence,train
PolypGen,C:\VISKOM\Polyp-Gen\seq7\images\43.jpg,C:\VISKOM\Polyp-Gen\seq7\masks\43.jpg,PolypGen_seq7,sequence,train
PolypGen,C:\VISKOM\Polyp-Gen\seq7\images\44.jpg,C:\VISKOM\Polyp-Gen\seq7\masks\44.jpg,PolypGen_seq7,sequence,train
PolypGen,C:\VISKOM\Polyp-Gen\seq7\images\45.jpg,C:\VISKOM\Polyp-Gen\seq7\masks\45.jpg,PolypGen_seq7,sequence,train
PolypGen,C:\VISKOM\Polyp-Gen\seq7\images\46.jpg,C:\VISKOM\Polyp-Gen\seq7\masks\46.jpg,PolypGen_seq7,sequence,train
PolypGen,C:\VISKOM\Polyp-Gen\seq7\images\47.jpg,C:\VISKOM\Polyp-Gen\seq7\masks\47.jpg,PolypGen_seq7,sequence,train
PolypGen,C:\VISKOM\Polyp-Gen\seq8\images\0.jpg,C:\VISKOM\Polyp-Gen\seq8\masks\0.jpg,PolypGen_seq8,sequence,train
PolypGen,C:\VISKOM\Polyp-Gen\seq8\images\1.jpg,C:\VISKOM\Polyp-Gen\seq8\masks\1.jpg,PolypGen_seq8,sequence,train
PolypGen,C:\VISKOM\Polyp-Gen\seq8\images\2.jpg,C:\VISKOM\Polyp-Gen\seq8\masks\2.jpg,PolypGen_seq8,sequence,train
PolypGen,C:\VISKOM\Polyp-Gen\seq8\images\3.jpg,C:\VISKOM\Polyp-Gen\seq8\masks\3.jpg,PolypGen_seq8,sequence,train
PolypGen,C:\VISKOM\Polyp-Gen\seq8\images\4.jpg,C:\VISKOM\Polyp-Gen\seq8\masks\4.jpg,PolypGen_seq8,sequence,train
PolypGen,C:\VISKOM\Polyp-Gen\seq8\images\5.jpg,C:\VISKOM\Polyp-Gen\seq8\masks\5.jpg,PolypGen_seq8,sequence,train
PolypGen,C:\VISKOM\Polyp-Gen\seq8\images\6.jpg,C:\VISKOM\Polyp-Gen\seq8\masks\6.jpg,PolypGen_seq8,sequence,train
PolypGen,C:\VISKOM\Polyp-Gen\seq8\images\7.jpg,C:\VISKOM\Polyp-Gen\seq8\masks\7.jpg,PolypGen_seq8,sequence,train
PolypGen,C:\VISKOM\Polyp-Gen\seq8\images\8.jpg,C:\VISKOM\Polyp-Gen\seq8\masks\8.jpg,PolypGen_seq8,sequence,train
PolypGen,C:\VISKOM\Polyp-Gen\seq8\images\9.jpg,C:\VISKOM\Polyp-Gen\seq8\masks\9.jpg,PolypGen_seq8,sequence,train
PolypGen,C:\VISKOM\Polyp-Gen\seq8\images\10.jpg,C:\VISKOM\Polyp-Gen\seq8\masks\10.jpg,PolypGen_seq8,sequence,train
PolypGen,C:\VISKOM\Polyp-Gen\seq8\images\11.jpg,C:\VISKOM\Polyp-Gen\seq8\masks\11.jpg,PolypGen_seq8,sequence,train
PolypGen,C:\VISKOM\Polyp-Gen\seq8\images\12.jpg,C:\VISKOM\Polyp-Gen\seq8\masks\12.jpg,PolypGen_seq8,sequence,train
PolypGen,C:\VISKOM\Polyp-Gen\seq8\images\13.jpg,C:\VISKOM\Polyp-Gen\seq8\masks\13.jpg,PolypGen_seq8,sequence,train
PolypGen,C:\VISKOM\Polyp-Gen\seq8\images\14.jpg,C:\VISKOM\Polyp-Gen\seq8\masks\14.jpg,PolypGen_seq8,sequence,train
PolypGen,C:\VISKOM\Polyp-Gen\seq8\images\15.jpg,C:\VISKOM\Polyp-Gen\seq8\masks\15.jpg,PolypGen_seq8,sequence,train
PolypGen,C:\VISKOM\Polyp-Gen\seq8\images\16.jpg,C:\VISKOM\Polyp-Gen\seq8\masks\16.jpg,PolypGen_seq8,sequence,train
PolypGen,C:\VISKOM\Polyp-Gen\seq8\images\17.jpg,C:\VISKOM\Polyp-Gen\seq8\masks\17.jpg,PolypGen_seq8,sequence,train
PolypGen,C:\VISKOM\Polyp-Gen\seq8\images\18.jpg,C:\VISKOM\Polyp-Gen\seq8\masks\18.jpg,PolypGen_seq8,sequence,train
PolypGen,C:\VISKOM\Polyp-Gen\seq8\images\19.jpg,C:\VISKOM\Polyp-Gen\seq8\masks\19.jpg,PolypGen_seq8,sequence,train
PolypGen,C:\VISKOM\Polyp-Gen\seq8\images\20.jpg,C:\VISKOM\Polyp-Gen\seq8\masks\20.jpg,PolypGen_seq8,sequence,train
PolypGen,C:\VISKOM\Polyp-Gen\seq8\images\21.jpg,C:\VISKOM\Polyp-Gen\seq8\masks\21.jpg,PolypGen_seq8,sequence,train
PolypGen,C:\VISKOM\Polyp-Gen\seq8\images\22.jpg,C:\VISKOM\Polyp-Gen\seq8\masks\22.jpg,PolypGen_seq8,sequence,train
PolypGen,C:\VISKOM\Polyp-Gen\seq8\images\23.jpg,C:\VISKOM\Polyp-Gen\seq8\masks\23.jpg,PolypGen_seq8,sequence,train
PolypGen,C:\VISKOM\Polyp-Gen\seq8\images\24.jpg,C:\VISKOM\Polyp-Gen\seq8\masks\24.jpg,PolypGen_seq8,sequence,train
PolypGen,C:\VISKOM\Polyp-Gen\seq8\images\25.jpg,C:\VISKOM\Polyp-Gen\seq8\masks\25.jpg,PolypGen_seq8,sequence,train
PolypGen,C:\VISKOM\Polyp-Gen\seq8\images\26.jpg,C:\VISKOM\Polyp-Gen\seq8\masks\26.jpg,PolypGen_seq8,sequence,train
PolypGen,C:\VISKOM\Polyp-Gen\seq8\images\27.jpg,C:\VISKOM\Polyp-Gen\seq8\masks\27.jpg,PolypGen_seq8,sequence,train
PolypGen,C:\VISKOM\Polyp-Gen\seq8\images\28.jpg,C:\VISKOM\Polyp-Gen\seq8\masks\28.jpg,PolypGen_seq8,sequence,train
PolypGen,C:\VISKOM\Polyp-Gen\seq8\images\29.jpg,C:\VISKOM\Polyp-Gen\seq8\masks\29.jpg,PolypGen_seq8,sequence,train
PolypGen,C:\VISKOM\Polyp-Gen\seq8\images\30.jpg,C:\VISKOM\Polyp-Gen\seq8\masks\30.jpg,PolypGen_seq8,sequence,train
PolypGen,C:\VISKOM\Polyp-Gen\seq8\images\31.jpg,C:\VISKOM\Polyp-Gen\seq8\masks\31.jpg,PolypGen_seq8,sequence,train
PolypGen,C:\VISKOM\Polyp-Gen\seq8\images\32.jpg,C:\VISKOM\Polyp-Gen\seq8\masks\32.jpg,PolypGen_seq8,sequence,train
PolypGen,C:\VISKOM\Polyp-Gen\seq8\images\33.jpg,C:\VISKOM\Polyp-Gen\seq8\masks\33.jpg,PolypGen_seq8,sequence,train
PolypGen,C:\VISKOM\Polyp-Gen\seq8\images\34.jpg,C:\VISKOM\Polyp-Gen\seq8\masks\34.jpg,PolypGen_seq8,sequence,train
PolypGen,C:\VISKOM\Polyp-Gen\seq8\images\35.jpg,C:\VISKOM\Polyp-Gen\seq8\masks\35.jpg,PolypGen_seq8,sequence,train
PolypGen,C:\VISKOM\Polyp-Gen\seq8\images\36.jpg,C:\VISKOM\Polyp-Gen\seq8\masks\36.jpg,PolypGen_seq8,sequence,train
PolypGen,C:\VISKOM\Polyp-Gen\seq8\images\37.jpg,C:\VISKOM\Polyp-Gen\seq8\masks\37.jpg,PolypGen_seq8,sequence,train
PolypGen,C:\VISKOM\Polyp-Gen\seq8\images\38.jpg,C:\VISKOM\Polyp-Gen\seq8\masks\38.jpg,PolypGen_seq8,sequence,train
PolypGen,C:\VISKOM\Polyp-Gen\seq8\images\39.jpg,C:\VISKOM\Polyp-Gen\seq8\masks\39.jpg,PolypGen_seq8,sequence,train
PolypGen,C:\VISKOM\Polyp-Gen\seq8\images\40.jpg,C:\VISKOM\Polyp-Gen\seq8\masks\40.jpg,PolypGen_seq8,sequence,train
PolypGen,C:\VISKOM\Polyp-Gen\seq8\images\41.jpg,C:\VISKOM\Polyp-Gen\seq8\masks\41.jpg,PolypGen_seq8,sequence,train
PolypGen,C:\VISKOM\Polyp-Gen\seq8\images\42.jpg,C:\VISKOM\Polyp-Gen\seq8\masks\42.jpg,PolypGen_seq8,sequence,train
PolypGen,C:\VISKOM\Polyp-Gen\seq8\images\43.jpg,C:\VISKOM\Polyp-Gen\seq8\masks\43.jpg,PolypGen_seq8,sequence,train
PolypGen,C:\VISKOM\Polyp-Gen\seq8\images\44.jpg,C:\VISKOM\Polyp-Gen\seq8\masks\44.jpg,PolypGen_seq8,sequence,train
PolypGen,C:\VISKOM\Polyp-Gen\seq8\images\45.jpg,C:\VISKOM\Polyp-Gen\seq8\masks\45.jpg,PolypGen_seq8,sequence,train
PolypGen,C:\VISKOM\Polyp-Gen\seq8\images\46.jpg,C:\VISKOM\Polyp-Gen\seq8\masks\46.jpg,PolypGen_seq8,sequence,train
PolypGen,C:\VISKOM\Polyp-Gen\seq8\images\47.jpg,C:\VISKOM\Polyp-Gen\seq8\masks\47.jpg,PolypGen_seq8,sequence,train
PolypGen,C:\VISKOM\Polyp-Gen\seq8\images\48.jpg,C:\VISKOM\Polyp-Gen\seq8\masks\48.jpg,PolypGen_seq8,sequence,train
PolypGen,C:\VISKOM\Polyp-Gen\seq8\images\49.jpg,C:\VISKOM\Polyp-Gen\seq8\masks\49.jpg,PolypGen_seq8,sequence,train
PolypGen,C:\VISKOM\Polyp-Gen\seq8\images\50.jpg,C:\VISKOM\Polyp-Gen\seq8\masks\50.jpg,PolypGen_seq8,sequence,train
PolypGen,C:\VISKOM\Polyp-Gen\seq8\images\51.jpg,C:\VISKOM\Polyp-Gen\seq8\masks\51.jpg,PolypGen_seq8,sequence,train
PolypGen,C:\VISKOM\Polyp-Gen\seq8\images\52.jpg,C:\VISKOM\Polyp-Gen\seq8\masks\52.jpg,PolypGen_seq8,sequence,train
PolypGen,C:\VISKOM\Polyp-Gen\seq8\images\53.jpg,C:\VISKOM\Polyp-Gen\seq8\masks\53.jpg,PolypGen_seq8,sequence,train
PolypGen,C:\VISKOM\Polyp-Gen\seq8\images\54.jpg,C:\VISKOM\Polyp-Gen\seq8\masks\54.jpg,PolypGen_seq8,sequence,train
PolypGen,C:\VISKOM\Polyp-Gen\seq8\images\55.jpg,C:\VISKOM\Polyp-Gen\seq8\masks\55.jpg,PolypGen_seq8,sequence,train
PolypGen,C:\VISKOM\Polyp-Gen\seq8\images\56.jpg,C:\VISKOM\Polyp-Gen\seq8\masks\56.jpg,PolypGen_seq8,sequence,train
PolypGen,C:\VISKOM\Polyp-Gen\seq8\images\57.jpg,C:\VISKOM\Polyp-Gen\seq8\masks\57.jpg,PolypGen_seq8,sequence,train
PolypGen,C:\VISKOM\Polyp-Gen\seq8\images\58.jpg,C:\VISKOM\Polyp-Gen\seq8\masks\58.jpg,PolypGen_seq8,sequence,train
PolypGen,C:\VISKOM\Polyp-Gen\seq8\images\59.jpg,C:\VISKOM\Polyp-Gen\seq8\masks\59.jpg,PolypGen_seq8,sequence,train
PolypGen,C:\VISKOM\Polyp-Gen\seq8\images\60.jpg,C:\VISKOM\Polyp-Gen\seq8\masks\60.jpg,PolypGen_seq8,sequence,train
PolypGen,C:\VISKOM\Polyp-Gen\seq8\images\61.jpg,C:\VISKOM\Polyp-Gen\seq8\masks\61.jpg,PolypGen_seq8,sequence,train
PolypGen,C:\VISKOM\Polyp-Gen\seq8\images\62.jpg,C:\VISKOM\Polyp-Gen\seq8\masks\62.jpg,PolypGen_seq8,sequence,train
PolypGen,C:\VISKOM\Polyp-Gen\seq8\images\63.jpg,C:\VISKOM\Polyp-Gen\seq8\masks\63.jpg,PolypGen_seq8,sequence,train
PolypGen,C:\VISKOM\Polyp-Gen\seq8\images\64.jpg,C:\VISKOM\Polyp-Gen\seq8\masks\64.jpg,PolypGen_seq8,sequence,train
PolypGen,C:\VISKOM\Polyp-Gen\seq8\images\65.jpg,C:\VISKOM\Polyp-Gen\seq8\masks\65.jpg,PolypGen_seq8,sequence,train
PolypGen,C:\VISKOM\Polyp-Gen\seq8\images\66.jpg,C:\VISKOM\Polyp-Gen\seq8\masks\66.jpg,PolypGen_seq8,sequence,train
PolypGen,C:\VISKOM\Polyp-Gen\seq8\images\67.jpg,C:\VISKOM\Polyp-Gen\seq8\masks\67.jpg,PolypGen_seq8,sequence,train
PolypGen,C:\VISKOM\Polyp-Gen\seq8\images\68.jpg,C:\VISKOM\Polyp-Gen\seq8\masks\68.jpg,PolypGen_seq8,sequence,train
PolypGen,C:\VISKOM\Polyp-Gen\seq8\images\69.jpg,C:\VISKOM\Polyp-Gen\seq8\masks\69.jpg,PolypGen_seq8,sequence,train
PolypGen,C:\VISKOM\Polyp-Gen\seq8\images\70.jpg,C:\VISKOM\Polyp-Gen\seq8\masks\70.jpg,PolypGen_seq8,sequence,train
PolypGen,C:\VISKOM\Polyp-Gen\seq8\images\71.jpg,C:\VISKOM\Polyp-Gen\seq8\masks\71.jpg,PolypGen_seq8,sequence,train
PolypGen,C:\VISKOM\Polyp-Gen\seq8\images\72.jpg,C:\VISKOM\Polyp-Gen\seq8\masks\72.jpg,PolypGen_seq8,sequence,train
PolypGen,C:\VISKOM\Polyp-Gen\seq9\images\0.jpg,C:\VISKOM\Polyp-Gen\seq9\masks\0.jpg,PolypGen_seq9,sequence,test
PolypGen,C:\VISKOM\Polyp-Gen\seq9\images\1.jpg,C:\VISKOM\Polyp-Gen\seq9\masks\1.jpg,PolypGen_seq9,sequence,test
PolypGen,C:\VISKOM\Polyp-Gen\seq9\images\2.jpg,C:\VISKOM\Polyp-Gen\seq9\masks\2.jpg,PolypGen_seq9,sequence,test
PolypGen,C:\VISKOM\Polyp-Gen\seq9\images\3.jpg,C:\VISKOM\Polyp-Gen\seq9\masks\3.jpg,PolypGen_seq9,sequence,test
PolypGen,C:\VISKOM\Polyp-Gen\seq9\images\4.jpg,C:\VISKOM\Polyp-Gen\seq9\masks\4.jpg,PolypGen_seq9,sequence,test
PolypGen,C:\VISKOM\Polyp-Gen\seq9\images\5.jpg,C:\VISKOM\Polyp-Gen\seq9\masks\5.jpg,PolypGen_seq9,sequence,test
PolypGen,C:\VISKOM\Polyp-Gen\seq9\images\6.jpg,C:\VISKOM\Polyp-Gen\seq9\masks\6.jpg,PolypGen_seq9,sequence,test
PolypGen,C:\VISKOM\Polyp-Gen\seq9\images\7.jpg,C:\VISKOM\Polyp-Gen\seq9\masks\7.jpg,PolypGen_seq9,sequence,test
PolypGen,C:\VISKOM\Polyp-Gen\seq9\images\8.jpg,C:\VISKOM\Polyp-Gen\seq9\masks\8.jpg,PolypGen_seq9,sequence,test
PolypGen,C:\VISKOM\Polyp-Gen\seq9\images\9.jpg,C:\VISKOM\Polyp-Gen\seq9\masks\9.jpg,PolypGen_seq9,sequence,test
PolypGen,C:\VISKOM\Polyp-Gen\seq9\images\10.jpg,C:\VISKOM\Polyp-Gen\seq9\masks\10.jpg,PolypGen_seq9,sequence,test
PolypGen,C:\VISKOM\Polyp-Gen\seq9\images\11.jpg,C:\VISKOM\Polyp-Gen\seq9\masks\11.jpg,PolypGen_seq9,sequence,test
PolypGen,C:\VISKOM\Polyp-Gen\seq9\images\12.jpg,C:\VISKOM\Polyp-Gen\seq9\masks\12.jpg,PolypGen_seq9,sequence,test
PolypGen,C:\VISKOM\Polyp-Gen\seq9\images\13.jpg,C:\VISKOM\Polyp-Gen\seq9\masks\13.jpg,PolypGen_seq9,sequence,test
PolypGen,C:\VISKOM\Polyp-Gen\seq9\images\14.jpg,C:\VISKOM\Polyp-Gen\seq9\masks\14.jpg,PolypGen_seq9,sequence,test
PolypGen,C:\VISKOM\Polyp-Gen\seq9\images\15.jpg,C:\VISKOM\Polyp-Gen\seq9\masks\15.jpg,PolypGen_seq9,sequence,test
PolypGen,C:\VISKOM\Polyp-Gen\seq9\images\16.jpg,C:\VISKOM\Polyp-Gen\seq9\masks\16.jpg,PolypGen_seq9,sequence,test
PolypGen,C:\VISKOM\Polyp-Gen\seq9\images\17.jpg,C:\VISKOM\Polyp-Gen\seq9\masks\17.jpg,PolypGen_seq9,sequence,test
PolypGen,C:\VISKOM\Polyp-Gen\seq9\images\18.jpg,C:\VISKOM\Polyp-Gen\seq9\masks\18.jpg,PolypGen_seq9,sequence,test
PolypGen,C:\VISKOM\Polyp-Gen\seq9\images\19.jpg,C:\VISKOM\Polyp-Gen\seq9\masks\19.jpg,PolypGen_seq9,sequence,test
PolypGen,C:\VISKOM\Polyp-Gen\seq9\images\20.jpg,C:\VISKOM\Polyp-Gen\seq9\masks\20.jpg,PolypGen_seq9,sequence,test
PolypGen,C:\VISKOM\Polyp-Gen\seq9\images\21.jpg,C:\VISKOM\Polyp-Gen\seq9\masks\21.jpg,PolypGen_seq9,sequence,test
PolypGen,C:\VISKOM\Polyp-Gen\seq9\images\22.jpg,C:\VISKOM\Polyp-Gen\seq9\masks\22.jpg,PolypGen_seq9,sequence,test
PolypGen,C:\VISKOM\Polyp-Gen\seq9\images\23.jpg,C:\VISKOM\Polyp-Gen\seq9\masks\23.jpg,PolypGen_seq9,sequence,test
PolypGen,C:\VISKOM\Polyp-Gen\seq9\images\24.jpg,C:\VISKOM\Polyp-Gen\seq9\masks\24.jpg,PolypGen_seq9,sequence,test
PolypGen,C:\VISKOM\Polyp-Gen\seq9\images\25.jpg,C:\VISKOM\Polyp-Gen\seq9\masks\25.jpg,PolypGen_seq9,sequence,test
PolypGen,C:\VISKOM\Polyp-Gen\seq9\images\26.jpg,C:\VISKOM\Polyp-Gen\seq9\masks\26.jpg,PolypGen_seq9,sequence,test
PolypGen,C:\VISKOM\Polyp-Gen\seq9\images\27.jpg,C:\VISKOM\Polyp-Gen\seq9\masks\27.jpg,PolypGen_seq9,sequence,test
PolypGen,C:\VISKOM\Polyp-Gen\seq9\images\28.jpg,C:\VISKOM\Polyp-Gen\seq9\masks\28.jpg,PolypGen_seq9,sequence,test
PolypGen,C:\VISKOM\Polyp-Gen\seq9\images\29.jpg,C:\VISKOM\Polyp-Gen\seq9\masks\29.jpg,PolypGen_seq9,sequence,test
PolypGen,C:\VISKOM\Polyp-Gen\seq9\images\30.jpg,C:\VISKOM\Polyp-Gen\seq9\masks\30.jpg,PolypGen_seq9,sequence,test
PolypGen,C:\VISKOM\Polyp-Gen\seq9\images\31.jpg,C:\VISKOM\Polyp-Gen\seq9\masks\31.jpg,PolypGen_seq9,sequence,test
PolypGen,C:\VISKOM\Polyp-Gen\seq9\images\32.jpg,C:\VISKOM\Polyp-Gen\seq9\masks\32.jpg,PolypGen_seq9,sequence,test
PolypGen,C:\VISKOM\Polyp-Gen\seq9\images\33.jpg,C:\VISKOM\Polyp-Gen\seq9\masks\33.jpg,PolypGen_seq9,sequence,test
PolypGen,C:\VISKOM\Polyp-Gen\seq9\images\34.jpg,C:\VISKOM\Polyp-Gen\seq9\masks\34.jpg,PolypGen_seq9,sequence,test
PolypGen,C:\VISKOM\Polyp-Gen\seq9\images\35.jpg,C:\VISKOM\Polyp-Gen\seq9\masks\35.jpg,PolypGen_seq9,sequence,test
PolypGen,C:\VISKOM\Polyp-Gen\seq9\images\36.jpg,C:\VISKOM\Polyp-Gen\seq9\masks\36.jpg,PolypGen_seq9,sequence,test
PolypGen,C:\VISKOM\Polyp-Gen\seq9\images\37.jpg,C:\VISKOM\Polyp-Gen\seq9\masks\37.jpg,PolypGen_seq9,sequence,test
PolypGen,C:\VISKOM\Polyp-Gen\seq9\images\38.jpg,C:\VISKOM\Polyp-Gen\seq9\masks\38.jpg,PolypGen_seq9,sequence,test
PolypGen,C:\VISKOM\Polyp-Gen\seq9\images\39.jpg,C:\VISKOM\Polyp-Gen\seq9\masks\39.jpg,PolypGen_seq9,sequence,test
PolypGen,C:\VISKOM\Polyp-Gen\seq9\images\40.jpg,C:\VISKOM\Polyp-Gen\seq9\masks\40.jpg,PolypGen_seq9,sequence,test
PolypGen,C:\VISKOM\Polyp-Gen\seq9\images\41.jpg,C:\VISKOM\Polyp-Gen\seq9\masks\41.jpg,PolypGen_seq9,sequence,test
PolypGen,C:\VISKOM\Polyp-Gen\seq9\images\42.jpg,C:\VISKOM\Polyp-Gen\seq9\masks\42.jpg,PolypGen_seq9,sequence,test
PolypGen,C:\VISKOM\Polyp-Gen\seq9\images\43.jpg,C:\VISKOM\Polyp-Gen\seq9\masks\43.jpg,PolypGen_seq9,sequence,test
PolypGen,C:\VISKOM\Polyp-Gen\seq9\images\44.jpg,C:\VISKOM\Polyp-Gen\seq9\masks\44.jpg,PolypGen_seq9,sequence,test
PolypGen,C:\VISKOM\Polyp-Gen\seq9\images\45.jpg,C:\VISKOM\Polyp-Gen\seq9\masks\45.jpg,PolypGen_seq9,sequence,test
PolypGen,C:\VISKOM\Polyp-Gen\seq9\images\46.jpg,C:\VISKOM\Polyp-Gen\seq9\masks\46.jpg,PolypGen_seq9,sequence,test
PolypGen,C:\VISKOM\Polyp-Gen\seq9\images\47.jpg,C:\VISKOM\Polyp-Gen\seq9\masks\47.jpg,PolypGen_seq9,sequence,test
PolypGen,C:\VISKOM\Polyp-Gen\seq9\images\48.jpg,C:\VISKOM\Polyp-Gen\seq9\masks\48.jpg,PolypGen_seq9,sequence,test
PolypGen,C:\VISKOM\Polyp-Gen\seq9\images\49.jpg,C:\VISKOM\Polyp-Gen\seq9\masks\49.jpg,PolypGen_seq9,sequence,test
PolypGen,C:\VISKOM\Polyp-Gen\seq9\images\50.jpg,C:\VISKOM\Polyp-Gen\seq9\masks\50.jpg,PolypGen_seq9,sequence,test
PolypGen,C:\VISKOM\Polyp-Gen\seq10\images\0.jpg,C:\VISKOM\Polyp-Gen\seq10\masks\0.jpg,PolypGen_seq10,sequence,test
PolypGen,C:\VISKOM\Polyp-Gen\seq10\images\1.jpg,C:\VISKOM\Polyp-Gen\seq10\masks\1.jpg,PolypGen_seq10,sequence,test
PolypGen,C:\VISKOM\Polyp-Gen\seq10\images\2.jpg,C:\VISKOM\Polyp-Gen\seq10\masks\2.jpg,PolypGen_seq10,sequence,test
PolypGen,C:\VISKOM\Polyp-Gen\seq10\images\3.jpg,C:\VISKOM\Polyp-Gen\seq10\masks\3.jpg,PolypGen_seq10,sequence,test
PolypGen,C:\VISKOM\Polyp-Gen\seq10\images\4.jpg,C:\VISKOM\Polyp-Gen\seq10\masks\4.jpg,PolypGen_seq10,sequence,test
PolypGen,C:\VISKOM\Polyp-Gen\seq10\images\5.jpg,C:\VISKOM\Polyp-Gen\seq10\masks\5.jpg,PolypGen_seq10,sequence,test
PolypGen,C:\VISKOM\Polyp-Gen\seq10\images\6.jpg,C:\VISKOM\Polyp-Gen\seq10\masks\6.jpg,PolypGen_seq10,sequence,test
PolypGen,C:\VISKOM\Polyp-Gen\seq10\images\7.jpg,C:\VISKOM\Polyp-Gen\seq10\masks\7.jpg,PolypGen_seq10,sequence,test
PolypGen,C:\VISKOM\Polyp-Gen\seq10\images\8.jpg,C:\VISKOM\Polyp-Gen\seq10\masks\8.jpg,PolypGen_seq10,sequence,test
PolypGen,C:\VISKOM\Polyp-Gen\seq10\images\9.jpg,C:\VISKOM\Polyp-Gen\seq10\masks\9.jpg,PolypGen_seq10,sequence,test
PolypGen,C:\VISKOM\Polyp-Gen\seq10\images\10.jpg,C:\VISKOM\Polyp-Gen\seq10\masks\10.jpg,PolypGen_seq10,sequence,test
PolypGen,C:\VISKOM\Polyp-Gen\seq10\images\11.jpg,C:\VISKOM\Polyp-Gen\seq10\masks\11.jpg,PolypGen_seq10,sequence,test
PolypGen,C:\VISKOM\Polyp-Gen\seq10\images\12.jpg,C:\VISKOM\Polyp-Gen\seq10\masks\12.jpg,PolypGen_seq10,sequence,test
PolypGen,C:\VISKOM\Polyp-Gen\seq10\images\13.jpg,C:\VISKOM\Polyp-Gen\seq10\masks\13.jpg,PolypGen_seq10,sequence,test
PolypGen,C:\VISKOM\Polyp-Gen\seq10\images\14.jpg,C:\VISKOM\Polyp-Gen\seq10\masks\14.jpg,PolypGen_seq10,sequence,test
PolypGen,C:\VISKOM\Polyp-Gen\seq10\images\15.jpg,C:\VISKOM\Polyp-Gen\seq10\masks\15.jpg,PolypGen_seq10,sequence,test
PolypGen,C:\VISKOM\Polyp-Gen\seq10\images\16.jpg,C:\VISKOM\Polyp-Gen\seq10\masks\16.jpg,PolypGen_seq10,sequence,test
PolypGen,C:\VISKOM\Polyp-Gen\seq10\images\17.jpg,C:\VISKOM\Polyp-Gen\seq10\masks\17.jpg,PolypGen_seq10,sequence,test
PolypGen,C:\VISKOM\Polyp-Gen\seq10\images\18.jpg,C:\VISKOM\Polyp-Gen\seq10\masks\18.jpg,PolypGen_seq10,sequence,test
PolypGen,C:\VISKOM\Polyp-Gen\seq10\images\19.jpg,C:\VISKOM\Polyp-Gen\seq10\masks\19.jpg,PolypGen_seq10,sequence,test
PolypGen,C:\VISKOM\Polyp-Gen\seq10\images\20.jpg,C:\VISKOM\Polyp-Gen\seq10\masks\20.jpg,PolypGen_seq10,sequence,test
PolypGen,C:\VISKOM\Polyp-Gen\seq10\images\21.jpg,C:\VISKOM\Polyp-Gen\seq10\masks\21.jpg,PolypGen_seq10,sequence,test
PolypGen,C:\VISKOM\Polyp-Gen\seq10\images\22.jpg,C:\VISKOM\Polyp-Gen\seq10\masks\22.jpg,PolypGen_seq10,sequence,test
PolypGen,C:\VISKOM\Polyp-Gen\seq10\images\23.jpg,C:\VISKOM\Polyp-Gen\seq10\masks\23.jpg,PolypGen_seq10,sequence,test
PolypGen,C:\VISKOM\Polyp-Gen\seq10\images\24.jpg,C:\VISKOM\Polyp-Gen\seq10\masks\24.jpg,PolypGen_seq10,sequence,test
PolypGen,C:\VISKOM\Polyp-Gen\seq11\images\0.jpg,C:\VISKOM\Polyp-Gen\seq11\masks\0.jpg,PolypGen_seq11,sequence,train
PolypGen,C:\VISKOM\Polyp-Gen\seq11\images\1.jpg,C:\VISKOM\Polyp-Gen\seq11\masks\1.jpg,PolypGen_seq11,sequence,train
PolypGen,C:\VISKOM\Polyp-Gen\seq11\images\2.jpg,C:\VISKOM\Polyp-Gen\seq11\masks\2.jpg,PolypGen_seq11,sequence,train
PolypGen,C:\VISKOM\Polyp-Gen\seq11\images\3.jpg,C:\VISKOM\Polyp-Gen\seq11\masks\3.jpg,PolypGen_seq11,sequence,train
PolypGen,C:\VISKOM\Polyp-Gen\seq11\images\4.jpg,C:\VISKOM\Polyp-Gen\seq11\masks\4.jpg,PolypGen_seq11,sequence,train
PolypGen,C:\VISKOM\Polyp-Gen\seq11\images\5.jpg,C:\VISKOM\Polyp-Gen\seq11\masks\5.jpg,PolypGen_seq11,sequence,train
PolypGen,C:\VISKOM\Polyp-Gen\seq11\images\6.jpg,C:\VISKOM\Polyp-Gen\seq11\masks\6.jpg,PolypGen_seq11,sequence,train
PolypGen,C:\VISKOM\Polyp-Gen\seq11\images\7.jpg,C:\VISKOM\Polyp-Gen\seq11\masks\7.jpg,PolypGen_seq11,sequence,train
PolypGen,C:\VISKOM\Polyp-Gen\seq11\images\8.jpg,C:\VISKOM\Polyp-Gen\seq11\masks\8.jpg,PolypGen_seq11,sequence,train
PolypGen,C:\VISKOM\Polyp-Gen\seq11\images\9.jpg,C:\VISKOM\Polyp-Gen\seq11\masks\9.jpg,PolypGen_seq11,sequence,train
PolypGen,C:\VISKOM\Polyp-Gen\seq11\images\10.jpg,C:\VISKOM\Polyp-Gen\seq11\masks\10.jpg,PolypGen_seq11,sequence,train
PolypGen,C:\VISKOM\Polyp-Gen\seq11\images\11.jpg,C:\VISKOM\Polyp-Gen\seq11\masks\11.jpg,PolypGen_seq11,sequence,train
PolypGen,C:\VISKOM\Polyp-Gen\seq11\images\12.jpg,C:\VISKOM\Polyp-Gen\seq11\masks\12.jpg,PolypGen_seq11,sequence,train
PolypGen,C:\VISKOM\Polyp-Gen\seq11\images\13.jpg,C:\VISKOM\Polyp-Gen\seq11\masks\13.jpg,PolypGen_seq11,sequence,train
PolypGen,C:\VISKOM\Polyp-Gen\seq11\images\14.jpg,C:\VISKOM\Polyp-Gen\seq11\masks\14.jpg,PolypGen_seq11,sequence,train
PolypGen,C:\VISKOM\Polyp-Gen\seq11\images\15.jpg,C:\VISKOM\Polyp-Gen\seq11\masks\15.jpg,PolypGen_seq11,sequence,train
PolypGen,C:\VISKOM\Polyp-Gen\seq11\images\16.jpg,C:\VISKOM\Polyp-Gen\seq11\masks\16.jpg,PolypGen_seq11,sequence,train
PolypGen,C:\VISKOM\Polyp-Gen\seq11\images\17.jpg,C:\VISKOM\Polyp-Gen\seq11\masks\17.jpg,PolypGen_seq11,sequence,train
PolypGen,C:\VISKOM\Polyp-Gen\seq11\images\18.jpg,C:\VISKOM\Polyp-Gen\seq11\masks\18.jpg,PolypGen_seq11,sequence,train
PolypGen,C:\VISKOM\Polyp-Gen\seq11\images\19.jpg,C:\VISKOM\Polyp-Gen\seq11\masks\19.jpg,PolypGen_seq11,sequence,train
PolypGen,C:\VISKOM\Polyp-Gen\seq11\images\20.jpg,C:\VISKOM\Polyp-Gen\seq11\masks\20.jpg,PolypGen_seq11,sequence,train
PolypGen,C:\VISKOM\Polyp-Gen\seq11\images\21.jpg,C:\VISKOM\Polyp-Gen\seq11\masks\21.jpg,PolypGen_seq11,sequence,train
PolypGen,C:\VISKOM\Polyp-Gen\seq11\images\22.jpg,C:\VISKOM\Polyp-Gen\seq11\masks\22.jpg,PolypGen_seq11,sequence,train
PolypGen,C:\VISKOM\Polyp-Gen\seq11\images\23.jpg,C:\VISKOM\Polyp-Gen\seq11\masks\23.jpg,PolypGen_seq11,sequence,train
PolypGen,C:\VISKOM\Polyp-Gen\seq11\images\24.jpg,C:\VISKOM\Polyp-Gen\seq11\masks\24.jpg,PolypGen_seq11,sequence,train
PolypGen,C:\VISKOM\Polyp-Gen\seq11\images\25.jpg,C:\VISKOM\Polyp-Gen\seq11\masks\25.jpg,PolypGen_seq11,sequence,train
PolypGen,C:\VISKOM\Polyp-Gen\seq11\images\26.jpg,C:\VISKOM\Polyp-Gen\seq11\masks\26.jpg,PolypGen_seq11,sequence,train
PolypGen,C:\VISKOM\Polyp-Gen\seq11\images\27.jpg,C:\VISKOM\Polyp-Gen\seq11\masks\27.jpg,PolypGen_seq11,sequence,train
PolypGen,C:\VISKOM\Polyp-Gen\seq11\images\28.jpg,C:\VISKOM\Polyp-Gen\seq11\masks\28.jpg,PolypGen_seq11,sequence,train
PolypGen,C:\VISKOM\Polyp-Gen\seq11\images\29.jpg,C:\VISKOM\Polyp-Gen\seq11\masks\29.jpg,PolypGen_seq11,sequence,train
PolypGen,C:\VISKOM\Polyp-Gen\seq11\images\30.jpg,C:\VISKOM\Polyp-Gen\seq11\masks\30.jpg,PolypGen_seq11,sequence,train
PolypGen,C:\VISKOM\Polyp-Gen\seq11\images\31.jpg,C:\VISKOM\Polyp-Gen\seq11\masks\31.jpg,PolypGen_seq11,sequence,train
PolypGen,C:\VISKOM\Polyp-Gen\seq11\images\32.jpg,C:\VISKOM\Polyp-Gen\seq11\masks\32.jpg,PolypGen_seq11,sequence,train
PolypGen,C:\VISKOM\Polyp-Gen\seq11\images\33.jpg,C:\VISKOM\Polyp-Gen\seq11\masks\33.jpg,PolypGen_seq11,sequence,train
PolypGen,C:\VISKOM\Polyp-Gen\seq11\images\34.jpg,C:\VISKOM\Polyp-Gen\seq11\masks\34.jpg,PolypGen_seq11,sequence,train
PolypGen,C:\VISKOM\Polyp-Gen\seq11\images\35.jpg,C:\VISKOM\Polyp-Gen\seq11\masks\35.jpg,PolypGen_seq11,sequence,train
PolypGen,C:\VISKOM\Polyp-Gen\seq11\images\36.jpg,C:\VISKOM\Polyp-Gen\seq11\masks\36.jpg,PolypGen_seq11,sequence,train
PolypGen,C:\VISKOM\Polyp-Gen\seq11\images\37.jpg,C:\VISKOM\Polyp-Gen\seq11\masks\37.jpg,PolypGen_seq11,sequence,train
PolypGen,C:\VISKOM\Polyp-Gen\seq11\images\38.jpg,C:\VISKOM\Polyp-Gen\seq11\masks\38.jpg,PolypGen_seq11,sequence,train
PolypGen,C:\VISKOM\Polyp-Gen\seq11\images\39.jpg,C:\VISKOM\Polyp-Gen\seq11\masks\39.jpg,PolypGen_seq11,sequence,train
PolypGen,C:\VISKOM\Polyp-Gen\seq11\images\40.jpg,C:\VISKOM\Polyp-Gen\seq11\masks\40.jpg,PolypGen_seq11,sequence,train
PolypGen,C:\VISKOM\Polyp-Gen\seq11\images\41.jpg,C:\VISKOM\Polyp-Gen\seq11\masks\41.jpg,PolypGen_seq11,sequence,train
PolypGen,C:\VISKOM\Polyp-Gen\seq11\images\42.jpg,C:\VISKOM\Polyp-Gen\seq11\masks\42.jpg,PolypGen_seq11,sequence,train
PolypGen,C:\VISKOM\Polyp-Gen\seq11\images\43.jpg,C:\VISKOM\Polyp-Gen\seq11\masks\43.jpg,PolypGen_seq11,sequence,train
PolypGen,C:\VISKOM\Polyp-Gen\seq11\images\44.jpg,C:\VISKOM\Polyp-Gen\seq11\masks\44.jpg,PolypGen_seq11,sequence,train
PolypGen,C:\VISKOM\Polyp-Gen\seq11\images\45.jpg,C:\VISKOM\Polyp-Gen\seq11\masks\45.jpg,PolypGen_seq11,sequence,train
PolypGen,C:\VISKOM\Polyp-Gen\seq11\images\46.jpg,C:\VISKOM\Polyp-Gen\seq11\masks\46.jpg,PolypGen_seq11,sequence,train
PolypGen,C:\VISKOM\Polyp-Gen\seq11\images\47.jpg,C:\VISKOM\Polyp-Gen\seq11\masks\47.jpg,PolypGen_seq11,sequence,train
PolypGen,C:\VISKOM\Polyp-Gen\seq11\images\48.jpg,C:\VISKOM\Polyp-Gen\seq11\masks\48.jpg,PolypGen_seq11,sequence,train
PolypGen,C:\VISKOM\Polyp-Gen\seq11\images\49.jpg,C:\VISKOM\Polyp-Gen\seq11\masks\49.jpg,PolypGen_seq11,sequence,train
PolypGen,C:\VISKOM\Polyp-Gen\seq11\images\50.jpg,C:\VISKOM\Polyp-Gen\seq11\masks\50.jpg,PolypGen_seq11,sequence,train
PolypGen,C:\VISKOM\Polyp-Gen\seq11\images\51.jpg,C:\VISKOM\Polyp-Gen\seq11\masks\51.jpg,PolypGen_seq11,sequence,train
PolypGen,C:\VISKOM\Polyp-Gen\seq11\images\52.jpg,C:\VISKOM\Polyp-Gen\seq11\masks\52.jpg,PolypGen_seq11,sequence,train
PolypGen,C:\VISKOM\Polyp-Gen\seq11\images\53.jpg,C:\VISKOM\Polyp-Gen\seq11\masks\53.jpg,PolypGen_seq11,sequence,train
PolypGen,C:\VISKOM\Polyp-Gen\seq11\images\54.jpg,C:\VISKOM\Polyp-Gen\seq11\masks\54.jpg,PolypGen_seq11,sequence,train
PolypGen,C:\VISKOM\Polyp-Gen\seq11\images\55.jpg,C:\VISKOM\Polyp-Gen\seq11\masks\55.jpg,PolypGen_seq11,sequence,train
PolypGen,C:\VISKOM\Polyp-Gen\seq11\images\56.jpg,C:\VISKOM\Polyp-Gen\seq11\masks\56.jpg,PolypGen_seq11,sequence,train
PolypGen,C:\VISKOM\Polyp-Gen\seq11\images\57.jpg,C:\VISKOM\Polyp-Gen\seq11\masks\57.jpg,PolypGen_seq11,sequence,train
PolypGen,C:\VISKOM\Polyp-Gen\seq11\images\58.jpg,C:\VISKOM\Polyp-Gen\seq11\masks\58.jpg,PolypGen_seq11,sequence,train
PolypGen,C:\VISKOM\Polyp-Gen\seq11\images\59.jpg,C:\VISKOM\Polyp-Gen\seq11\masks\59.jpg,PolypGen_seq11,sequence,train
PolypGen,C:\VISKOM\Polyp-Gen\seq11\images\60.jpg,C:\VISKOM\Polyp-Gen\seq11\masks\60.jpg,PolypGen_seq11,sequence,train
PolypGen,C:\VISKOM\Polyp-Gen\seq11\images\61.jpg,C:\VISKOM\Polyp-Gen\seq11\masks\61.jpg,PolypGen_seq11,sequence,train
PolypGen,C:\VISKOM\Polyp-Gen\seq11\images\62.jpg,C:\VISKOM\Polyp-Gen\seq11\masks\62.jpg,PolypGen_seq11,sequence,train
PolypGen,C:\VISKOM\Polyp-Gen\seq11\images\63.jpg,C:\VISKOM\Polyp-Gen\seq11\masks\63.jpg,PolypGen_seq11,sequence,train
PolypGen,C:\VISKOM\Polyp-Gen\seq11\images\64.jpg,C:\VISKOM\Polyp-Gen\seq11\masks\64.jpg,PolypGen_seq11,sequence,train
PolypGen,C:\VISKOM\Polyp-Gen\seq11\images\65.jpg,C:\VISKOM\Polyp-Gen\seq11\masks\65.jpg,PolypGen_seq11,sequence,train
PolypGen,C:\VISKOM\Polyp-Gen\seq11\images\66.jpg,C:\VISKOM\Polyp-Gen\seq11\masks\66.jpg,PolypGen_seq11,sequence,train
PolypGen,C:\VISKOM\Polyp-Gen\seq11\images\67.jpg,C:\VISKOM\Polyp-Gen\seq11\masks\67.jpg,PolypGen_seq11,sequence,train
PolypGen,C:\VISKOM\Polyp-Gen\seq11\images\68.jpg,C:\VISKOM\Polyp-Gen\seq11\masks\68.jpg,PolypGen_seq11,sequence,train
PolypGen,C:\VISKOM\Polyp-Gen\seq11\images\69.jpg,C:\VISKOM\Polyp-Gen\seq11\masks\69.jpg,PolypGen_seq11,sequence,train
PolypGen,C:\VISKOM\Polyp-Gen\seq11\images\70.jpg,C:\VISKOM\Polyp-Gen\seq11\masks\70.jpg,PolypGen_seq11,sequence,train
PolypGen,C:\VISKOM\Polyp-Gen\seq11\images\71.jpg,C:\VISKOM\Polyp-Gen\seq11\masks\71.jpg,PolypGen_seq11,sequence,train
PolypGen,C:\VISKOM\Polyp-Gen\seq11\images\72.jpg,C:\VISKOM\Polyp-Gen\seq11\masks\72.jpg,PolypGen_seq11,sequence,train
PolypGen,C:\VISKOM\Polyp-Gen\seq11\images\73.jpg,C:\VISKOM\Polyp-Gen\seq11\masks\73.jpg,PolypGen_seq11,sequence,train
PolypGen,C:\VISKOM\Polyp-Gen\seq11\images\74.jpg,C:\VISKOM\Polyp-Gen\seq11\masks\74.jpg,PolypGen_seq11,sequence,train
PolypGen,C:\VISKOM\Polyp-Gen\seq11\images\75.jpg,C:\VISKOM\Polyp-Gen\seq11\masks\75.jpg,PolypGen_seq11,sequence,train
PolypGen,C:\VISKOM\Polyp-Gen\seq11\images\76.jpg,C:\VISKOM\Polyp-Gen\seq11\masks\76.jpg,PolypGen_seq11,sequence,train
PolypGen,C:\VISKOM\Polyp-Gen\seq11\images\77.jpg,C:\VISKOM\Polyp-Gen\seq11\masks\77.jpg,PolypGen_seq11,sequence,train
PolypGen,C:\VISKOM\Polyp-Gen\seq11\images\78.jpg,C:\VISKOM\Polyp-Gen\seq11\masks\78.jpg,PolypGen_seq11,sequence,train
PolypGen,C:\VISKOM\Polyp-Gen\seq11\images\79.jpg,C:\VISKOM\Polyp-Gen\seq11\masks\79.jpg,PolypGen_seq11,sequence,train
PolypGen,C:\VISKOM\Polyp-Gen\seq11\images\80.jpg,C:\VISKOM\Polyp-Gen\seq11\masks\80.jpg,PolypGen_seq11,sequence,train
PolypGen,C:\VISKOM\Polyp-Gen\seq11\images\81.jpg,C:\VISKOM\Polyp-Gen\seq11\masks\81.jpg,PolypGen_seq11,sequence,train
PolypGen,C:\VISKOM\Polyp-Gen\seq11\images\82.jpg,C:\VISKOM\Polyp-Gen\seq11\masks\82.jpg,PolypGen_seq11,sequence,train
PolypGen,C:\VISKOM\Polyp-Gen\seq11\images\83.jpg,C:\VISKOM\Polyp-Gen\seq11\masks\83.jpg,PolypGen_seq11,sequence,train
PolypGen,C:\VISKOM\Polyp-Gen\seq11\images\84.jpg,C:\VISKOM\Polyp-Gen\seq11\masks\84.jpg,PolypGen_seq11,sequence,train
PolypGen,C:\VISKOM\Polyp-Gen\seq11\images\85.jpg,C:\VISKOM\Polyp-Gen\seq11\masks\85.jpg,PolypGen_seq11,sequence,train
PolypGen,C:\VISKOM\Polyp-Gen\seq11\images\86.jpg,C:\VISKOM\Polyp-Gen\seq11\masks\86.jpg,PolypGen_seq11,sequence,train
PolypGen,C:\VISKOM\Polyp-Gen\seq11\images\87.jpg,C:\VISKOM\Polyp-Gen\seq11\masks\87.jpg,PolypGen_seq11,sequence,train
PolypGen,C:\VISKOM\Polyp-Gen\seq11\images\88.jpg,C:\VISKOM\Polyp-Gen\seq11\masks\88.jpg,PolypGen_seq11,sequence,train
PolypGen,C:\VISKOM\Polyp-Gen\seq11\images\89.jpg,C:\VISKOM\Polyp-Gen\seq11\masks\89.jpg,PolypGen_seq11,sequence,train
PolypGen,C:\VISKOM\Polyp-Gen\seq11\images\90.jpg,C:\VISKOM\Polyp-Gen\seq11\masks\90.jpg,PolypGen_seq11,sequence,train
PolypGen,C:\VISKOM\Polyp-Gen\seq11\images\91.jpg,C:\VISKOM\Polyp-Gen\seq11\masks\91.jpg,PolypGen_seq11,sequence,train
PolypGen,C:\VISKOM\Polyp-Gen\seq11\images\92.jpg,C:\VISKOM\Polyp-Gen\seq11\masks\92.jpg,PolypGen_seq11,sequence,train
PolypGen,C:\VISKOM\Polyp-Gen\seq11\images\93.jpg,C:\VISKOM\Polyp-Gen\seq11\masks\93.jpg,PolypGen_seq11,sequence,train
PolypGen,C:\VISKOM\Polyp-Gen\seq11\images\94.jpg,C:\VISKOM\Polyp-Gen\seq11\masks\94.jpg,PolypGen_seq11,sequence,train
PolypGen,C:\VISKOM\Polyp-Gen\seq11\images\95.jpg,C:\VISKOM\Polyp-Gen\seq11\masks\95.jpg,PolypGen_seq11,sequence,train
PolypGen,C:\VISKOM\Polyp-Gen\seq11\images\96.jpg,C:\VISKOM\Polyp-Gen\seq11\masks\96.jpg,PolypGen_seq11,sequence,train
PolypGen,C:\VISKOM\Polyp-Gen\seq11\images\97.jpg,C:\VISKOM\Polyp-Gen\seq11\masks\97.jpg,PolypGen_seq11,sequence,train
PolypGen,C:\VISKOM\Polyp-Gen\seq11\images\98.jpg,C:\VISKOM\Polyp-Gen\seq11\masks\98.jpg,PolypGen_seq11,sequence,train
PolypGen,C:\VISKOM\Polyp-Gen\seq11\images\99.jpg,C:\VISKOM\Polyp-Gen\seq11\masks\99.jpg,PolypGen_seq11,sequence,train
PolypGen,C:\VISKOM\Polyp-Gen\seq11\images\100.jpg,C:\VISKOM\Polyp-Gen\seq11\masks\100.jpg,PolypGen_seq11,sequence,train
PolypGen,C:\VISKOM\Polyp-Gen\seq11\images\101.jpg,C:\VISKOM\Polyp-Gen\seq11\masks\101.jpg,PolypGen_seq11,sequence,train
PolypGen,C:\VISKOM\Polyp-Gen\seq11\images\102.jpg,C:\VISKOM\Polyp-Gen\seq11\masks\102.jpg,PolypGen_seq11,sequence,train
PolypGen,C:\VISKOM\Polyp-Gen\seq11\images\103.jpg,C:\VISKOM\Polyp-Gen\seq11\masks\103.jpg,PolypGen_seq11,sequence,train
PolypGen,C:\VISKOM\Polyp-Gen\seq11\images\104.jpg,C:\VISKOM\Polyp-Gen\seq11\masks\104.jpg,PolypGen_seq11,sequence,train
PolypGen,C:\VISKOM\Polyp-Gen\seq11\images\105.jpg,C:\VISKOM\Polyp-Gen\seq11\masks\105.jpg,PolypGen_seq11,sequence,train
PolypGen,C:\VISKOM\Polyp-Gen\seq11\images\106.jpg,C:\VISKOM\Polyp-Gen\seq11\masks\106.jpg,PolypGen_seq11,sequence,train
PolypGen,C:\VISKOM\Polyp-Gen\seq11\images\107.jpg,C:\VISKOM\Polyp-Gen\seq11\masks\107.jpg,PolypGen_seq11,sequence,train
PolypGen,C:\VISKOM\Polyp-Gen\seq11\images\108.jpg,C:\VISKOM\Polyp-Gen\seq11\masks\108.jpg,PolypGen_seq11,sequence,train
PolypGen,C:\VISKOM\Polyp-Gen\seq11\images\109.jpg,C:\VISKOM\Polyp-Gen\seq11\masks\109.jpg,PolypGen_seq11,sequence,train
PolypGen,C:\VISKOM\Polyp-Gen\seq11\images\110.jpg,C:\VISKOM\Polyp-Gen\seq11\masks\110.jpg,PolypGen_seq11,sequence,train
PolypGen,C:\VISKOM\Polyp-Gen\seq11\images\111.jpg,C:\VISKOM\Polyp-Gen\seq11\masks\111.jpg,PolypGen_seq11,sequence,train
PolypGen,C:\VISKOM\Polyp-Gen\seq11\images\112.jpg,C:\VISKOM\Polyp-Gen\seq11\masks\112.jpg,PolypGen_seq11,sequence,train
PolypGen,C:\VISKOM\Polyp-Gen\seq11\images\113.jpg,C:\VISKOM\Polyp-Gen\seq11\masks\113.jpg,PolypGen_seq11,sequence,train
PolypGen,C:\VISKOM\Polyp-Gen\seq11\images\114.jpg,C:\VISKOM\Polyp-Gen\seq11\masks\114.jpg,PolypGen_seq11,sequence,train
PolypGen,C:\VISKOM\Polyp-Gen\seq11\images\115.jpg,C:\VISKOM\Polyp-Gen\seq11\masks\115.jpg,PolypGen_seq11,sequence,train
PolypGen,C:\VISKOM\Polyp-Gen\seq11\images\116.jpg,C:\VISKOM\Polyp-Gen\seq11\masks\116.jpg,PolypGen_seq11,sequence,train
PolypGen,C:\VISKOM\Polyp-Gen\seq11\images\117.jpg,C:\VISKOM\Polyp-Gen\seq11\masks\117.jpg,PolypGen_seq11,sequence,train
PolypGen,C:\VISKOM\Polyp-Gen\seq11\images\118.jpg,C:\VISKOM\Polyp-Gen\seq11\masks\118.jpg,PolypGen_seq11,sequence,train
PolypGen,C:\VISKOM\Polyp-Gen\seq11\images\119.jpg,C:\VISKOM\Polyp-Gen\seq11\masks\119.jpg,PolypGen_seq11,sequence,train
PolypGen,C:\VISKOM\Polyp-Gen\seq11\images\120.jpg,C:\VISKOM\Polyp-Gen\seq11\masks\120.jpg,PolypGen_seq11,sequence,train
PolypGen,C:\VISKOM\Polyp-Gen\seq11\images\121.jpg,C:\VISKOM\Polyp-Gen\seq11\masks\121.jpg,PolypGen_seq11,sequence,train
PolypGen,C:\VISKOM\Polyp-Gen\seq11\images\122.jpg,C:\VISKOM\Polyp-Gen\seq11\masks\122.jpg,PolypGen_seq11,sequence,train
PolypGen,C:\VISKOM\Polyp-Gen\seq11\images\123.jpg,C:\VISKOM\Polyp-Gen\seq11\masks\123.jpg,PolypGen_seq11,sequence,train
PolypGen,C:\VISKOM\Polyp-Gen\seq11\images\124.jpg,C:\VISKOM\Polyp-Gen\seq11\masks\124.jpg,PolypGen_seq11,sequence,train
PolypGen,C:\VISKOM\Polyp-Gen\seq11\images\125.jpg,C:\VISKOM\Polyp-Gen\seq11\masks\125.jpg,PolypGen_seq11,sequence,train
PolypGen,C:\VISKOM\Polyp-Gen\seq11\images\126.jpg,C:\VISKOM\Polyp-Gen\seq11\masks\126.jpg,PolypGen_seq11,sequence,train
PolypGen,C:\VISKOM\Polyp-Gen\seq11\images\127.jpg,C:\VISKOM\Polyp-Gen\seq11\masks\127.jpg,PolypGen_seq11,sequence,train
PolypGen,C:\VISKOM\Polyp-Gen\seq11\images\128.jpg,C:\VISKOM\Polyp-Gen\seq11\masks\128.jpg,PolypGen_seq11,sequence,train
PolypGen,C:\VISKOM\Polyp-Gen\seq11\images\129.jpg,C:\VISKOM\Polyp-Gen\seq11\masks\129.jpg,PolypGen_seq11,sequence,train
PolypGen,C:\VISKOM\Polyp-Gen\seq11\images\130.jpg,C:\VISKOM\Polyp-Gen\seq11\masks\130.jpg,PolypGen_seq11,sequence,train
PolypGen,C:\VISKOM\Polyp-Gen\seq11\images\131.jpg,C:\VISKOM\Polyp-Gen\seq11\masks\131.jpg,PolypGen_seq11,sequence,train
PolypGen,C:\VISKOM\Polyp-Gen\seq11\images\132.jpg,C:\VISKOM\Polyp-Gen\seq11\masks\132.jpg,PolypGen_seq11,sequence,train
PolypGen,C:\VISKOM\Polyp-Gen\seq11\images\133.jpg,C:\VISKOM\Polyp-Gen\seq11\masks\133.jpg,PolypGen_seq11,sequence,train
PolypGen,C:\VISKOM\Polyp-Gen\seq11\images\134.jpg,C:\VISKOM\Polyp-Gen\seq11\masks\134.jpg,PolypGen_seq11,sequence,train
PolypGen,C:\VISKOM\Polyp-Gen\seq11\images\135.jpg,C:\VISKOM\Polyp-Gen\seq11\masks\135.jpg,PolypGen_seq11,sequence,train
PolypGen,C:\VISKOM\Polyp-Gen\seq11\images\136.jpg,C:\VISKOM\Polyp-Gen\seq11\masks\136.jpg,PolypGen_seq11,sequence,train
PolypGen,C:\VISKOM\Polyp-Gen\seq11\images\137.jpg,C:\VISKOM\Polyp-Gen\seq11\masks\137.jpg,PolypGen_seq11,sequence,train
PolypGen,C:\VISKOM\Polyp-Gen\seq11\images\138.jpg,C:\VISKOM\Polyp-Gen\seq11\masks\138.jpg,PolypGen_seq11,sequence,train
PolypGen,C:\VISKOM\Polyp-Gen\seq11\images\139.jpg,C:\VISKOM\Polyp-Gen\seq11\masks\139.jpg,PolypGen_seq11,sequence,train
PolypGen,C:\VISKOM\Polyp-Gen\seq11\images\140.jpg,C:\VISKOM\Polyp-Gen\seq11\masks\140.jpg,PolypGen_seq11,sequence,train
PolypGen,C:\VISKOM\Polyp-Gen\seq11\images\141.jpg,C:\VISKOM\Polyp-Gen\seq11\masks\141.jpg,PolypGen_seq11,sequence,train
PolypGen,C:\VISKOM\Polyp-Gen\seq11\images\142.jpg,C:\VISKOM\Polyp-Gen\seq11\masks\142.jpg,PolypGen_seq11,sequence,train
PolypGen,C:\VISKOM\Polyp-Gen\seq11\images\143.jpg,C:\VISKOM\Polyp-Gen\seq11\masks\143.jpg,PolypGen_seq11,sequence,train
PolypGen,C:\VISKOM\Polyp-Gen\seq11\images\144.jpg,C:\VISKOM\Polyp-Gen\seq11\masks\144.jpg,PolypGen_seq11,sequence,train
PolypGen,C:\VISKOM\Polyp-Gen\seq11\images\145.jpg,C:\VISKOM\Polyp-Gen\seq11\masks\145.jpg,PolypGen_seq11,sequence,train
PolypGen,C:\VISKOM\Polyp-Gen\seq11\images\146.jpg,C:\VISKOM\Polyp-Gen\seq11\masks\146.jpg,PolypGen_seq11,sequence,train
PolypGen,C:\VISKOM\Polyp-Gen\seq11\images\147.jpg,C:\VISKOM\Polyp-Gen\seq11\masks\147.jpg,PolypGen_seq11,sequence,train
PolypGen,C:\VISKOM\Polyp-Gen\seq11\images\148.jpg,C:\VISKOM\Polyp-Gen\seq11\masks\148.jpg,PolypGen_seq11,sequence,train
PolypGen,C:\VISKOM\Polyp-Gen\seq11\images\149.jpg,C:\VISKOM\Polyp-Gen\seq11\masks\149.jpg,PolypGen_seq11,sequence,train
PolypGen,C:\VISKOM\Polyp-Gen\seq11\images\150.jpg,C:\VISKOM\Polyp-Gen\seq11\masks\150.jpg,PolypGen_seq11,sequence,train
PolypGen,C:\VISKOM\Polyp-Gen\seq11\images\151.jpg,C:\VISKOM\Polyp-Gen\seq11\masks\151.jpg,PolypGen_seq11,sequence,train
PolypGen,C:\VISKOM\Polyp-Gen\seq11\images\152.jpg,C:\VISKOM\Polyp-Gen\seq11\masks\152.jpg,PolypGen_seq11,sequence,train
PolypGen,C:\VISKOM\Polyp-Gen\seq11\images\153.jpg,C:\VISKOM\Polyp-Gen\seq11\masks\153.jpg,PolypGen_seq11,sequence,train
PolypGen,C:\VISKOM\Polyp-Gen\seq11\images\154.jpg,C:\VISKOM\Polyp-Gen\seq11\masks\154.jpg,PolypGen_seq11,sequence,train
PolypGen,C:\VISKOM\Polyp-Gen\seq11\images\155.jpg,C:\VISKOM\Polyp-Gen\seq11\masks\155.jpg,PolypGen_seq11,sequence,train
PolypGen,C:\VISKOM\Polyp-Gen\seq11\images\156.jpg,C:\VISKOM\Polyp-Gen\seq11\masks\156.jpg,PolypGen_seq11,sequence,train
PolypGen,C:\VISKOM\Polyp-Gen\seq11\images\157.jpg,C:\VISKOM\Polyp-Gen\seq11\masks\157.jpg,PolypGen_seq11,sequence,train
PolypGen,C:\VISKOM\Polyp-Gen\seq11\images\158.jpg,C:\VISKOM\Polyp-Gen\seq11\masks\158.jpg,PolypGen_seq11,sequence,train
PolypGen,C:\VISKOM\Polyp-Gen\seq11\images\159.jpg,C:\VISKOM\Polyp-Gen\seq11\masks\159.jpg,PolypGen_seq11,sequence,train
PolypGen,C:\VISKOM\Polyp-Gen\seq11\images\160.jpg,C:\VISKOM\Polyp-Gen\seq11\masks\160.jpg,PolypGen_seq11,sequence,train
PolypGen,C:\VISKOM\Polyp-Gen\seq11\images\161.jpg,C:\VISKOM\Polyp-Gen\seq11\masks\161.jpg,PolypGen_seq11,sequence,train
PolypGen,C:\VISKOM\Polyp-Gen\seq11\images\162.jpg,C:\VISKOM\Polyp-Gen\seq11\masks\162.jpg,PolypGen_seq11,sequence,train
PolypGen,C:\VISKOM\Polyp-Gen\seq11\images\163.jpg,C:\VISKOM\Polyp-Gen\seq11\masks\163.jpg,PolypGen_seq11,sequence,train
PolypGen,C:\VISKOM\Polyp-Gen\seq11\images\164.jpg,C:\VISKOM\Polyp-Gen\seq11\masks\164.jpg,PolypGen_seq11,sequence,train
PolypGen,C:\VISKOM\Polyp-Gen\seq11\images\165.jpg,C:\VISKOM\Polyp-Gen\seq11\masks\165.jpg,PolypGen_seq11,sequence,train
PolypGen,C:\VISKOM\Polyp-Gen\seq11\images\166.jpg,C:\VISKOM\Polyp-Gen\seq11\masks\166.jpg,PolypGen_seq11,sequence,train
PolypGen,C:\VISKOM\Polyp-Gen\seq11\images\167.jpg,C:\VISKOM\Polyp-Gen\seq11\masks\167.jpg,PolypGen_seq11,sequence,train
PolypGen,C:\VISKOM\Polyp-Gen\seq11\images\168.jpg,C:\VISKOM\Polyp-Gen\seq11\masks\168.jpg,PolypGen_seq11,sequence,train
PolypGen,C:\VISKOM\Polyp-Gen\seq11\images\169.jpg,C:\VISKOM\Polyp-Gen\seq11\masks\169.jpg,PolypGen_seq11,sequence,train
PolypGen,C:\VISKOM\Polyp-Gen\seq11\images\170.jpg,C:\VISKOM\Polyp-Gen\seq11\masks\170.jpg,PolypGen_seq11,sequence,train
PolypGen,C:\VISKOM\Polyp-Gen\seq11\images\171.jpg,C:\VISKOM\Polyp-Gen\seq11\masks\171.jpg,PolypGen_seq11,sequence,train
PolypGen,C:\VISKOM\Polyp-Gen\seq11\images\172.jpg,C:\VISKOM\Polyp-Gen\seq11\masks\172.jpg,PolypGen_seq11,sequence,train
PolypGen,C:\VISKOM\Polyp-Gen\seq11\images\173.jpg,C:\VISKOM\Polyp-Gen\seq11\masks\173.jpg,PolypGen_seq11,sequence,train
PolypGen,C:\VISKOM\Polyp-Gen\seq11\images\174.jpg,C:\VISKOM\Polyp-Gen\seq11\masks\174.jpg,PolypGen_seq11,sequence,train
PolypGen,C:\VISKOM\Polyp-Gen\seq11\images\175.jpg,C:\VISKOM\Polyp-Gen\seq11\masks\175.jpg,PolypGen_seq11,sequence,train
PolypGen,C:\VISKOM\Polyp-Gen\seq11\images\176.jpg,C:\VISKOM\Polyp-Gen\seq11\masks\176.jpg,PolypGen_seq11,sequence,train
PolypGen,C:\VISKOM\Polyp-Gen\seq11\images\177.jpg,C:\VISKOM\Polyp-Gen\seq11\masks\177.jpg,PolypGen_seq11,sequence,train
PolypGen,C:\VISKOM\Polyp-Gen\seq11\images\178.jpg,C:\VISKOM\Polyp-Gen\seq11\masks\178.jpg,PolypGen_seq11,sequence,train
PolypGen,C:\VISKOM\Polyp-Gen\seq11\images\179.jpg,C:\VISKOM\Polyp-Gen\seq11\masks\179.jpg,PolypGen_seq11,sequence,train
PolypGen,C:\VISKOM\Polyp-Gen\seq11\images\180.jpg,C:\VISKOM\Polyp-Gen\seq11\masks\180.jpg,PolypGen_seq11,sequence,train
PolypGen,C:\VISKOM\Polyp-Gen\seq11\images\181.jpg,C:\VISKOM\Polyp-Gen\seq11\masks\181.jpg,PolypGen_seq11,sequence,train
PolypGen,C:\VISKOM\Polyp-Gen\seq11\images\182.jpg,C:\VISKOM\Polyp-Gen\seq11\masks\182.jpg,PolypGen_seq11,sequence,train
PolypGen,C:\VISKOM\Polyp-Gen\seq11\images\183.jpg,C:\VISKOM\Polyp-Gen\seq11\masks\183.jpg,PolypGen_seq11,sequence,train
PolypGen,C:\VISKOM\Polyp-Gen\seq11\images\184.jpg,C:\VISKOM\Polyp-Gen\seq11\masks\184.jpg,PolypGen_seq11,sequence,train
PolypGen,C:\VISKOM\Polyp-Gen\seq11\images\185.jpg,C:\VISKOM\Polyp-Gen\seq11\masks\185.jpg,PolypGen_seq11,sequence,train
PolypGen,C:\VISKOM\Polyp-Gen\seq11\images\186.jpg,C:\VISKOM\Polyp-Gen\seq11\masks\186.jpg,PolypGen_seq11,sequence,train
PolypGen,C:\VISKOM\Polyp-Gen\seq11\images\187.jpg,C:\VISKOM\Polyp-Gen\seq11\masks\187.jpg,PolypGen_seq11,sequence,train
PolypGen,C:\VISKOM\Polyp-Gen\seq11\images\188.jpg,C:\VISKOM\Polyp-Gen\seq11\masks\188.jpg,PolypGen_seq11,sequence,train
PolypGen,C:\VISKOM\Polyp-Gen\seq11\images\189.jpg,C:\VISKOM\Polyp-Gen\seq11\masks\189.jpg,PolypGen_seq11,sequence,train
PolypGen,C:\VISKOM\Polyp-Gen\seq11\images\190.jpg,C:\VISKOM\Polyp-Gen\seq11\masks\190.jpg,PolypGen_seq11,sequence,train
PolypGen,C:\VISKOM\Polyp-Gen\seq11\images\191.jpg,C:\VISKOM\Polyp-Gen\seq11\masks\191.jpg,PolypGen_seq11,sequence,train
PolypGen,C:\VISKOM\Polyp-Gen\seq11\images\192.jpg,C:\VISKOM\Polyp-Gen\seq11\masks\192.jpg,PolypGen_seq11,sequence,train
PolypGen,C:\VISKOM\Polyp-Gen\seq11\images\193.jpg,C:\VISKOM\Polyp-Gen\seq11\masks\193.jpg,PolypGen_seq11,sequence,train
PolypGen,C:\VISKOM\Polyp-Gen\seq11\images\194.jpg,C:\VISKOM\Polyp-Gen\seq11\masks\194.jpg,PolypGen_seq11,sequence,train
PolypGen,C:\VISKOM\Polyp-Gen\seq11\images\195.jpg,C:\VISKOM\Polyp-Gen\seq11\masks\195.jpg,PolypGen_seq11,sequence,train
PolypGen,C:\VISKOM\Polyp-Gen\seq11\images\196.jpg,C:\VISKOM\Polyp-Gen\seq11\masks\196.jpg,PolypGen_seq11,sequence,train
PolypGen,C:\VISKOM\Polyp-Gen\seq11\images\197.jpg,C:\VISKOM\Polyp-Gen\seq11\masks\197.jpg,PolypGen_seq11,sequence,train
PolypGen,C:\VISKOM\Polyp-Gen\seq11\images\198.jpg,C:\VISKOM\Polyp-Gen\seq11\masks\198.jpg,PolypGen_seq11,sequence,train
PolypGen,C:\VISKOM\Polyp-Gen\seq11\images\199.jpg,C:\VISKOM\Polyp-Gen\seq11\masks\199.jpg,PolypGen_seq11,sequence,train
PolypGen,C:\VISKOM\Polyp-Gen\seq11\images\200.jpg,C:\VISKOM\Polyp-Gen\seq11\masks\200.jpg,PolypGen_seq11,sequence,train
PolypGen,C:\VISKOM\Polyp-Gen\seq11\images\201.jpg,C:\VISKOM\Polyp-Gen\seq11\masks\201.jpg,PolypGen_seq11,sequence,train
PolypGen,C:\VISKOM\Polyp-Gen\seq11\images\202.jpg,C:\VISKOM\Polyp-Gen\seq11\masks\202.jpg,PolypGen_seq11,sequence,train
PolypGen,C:\VISKOM\Polyp-Gen\seq11\images\203.jpg,C:\VISKOM\Polyp-Gen\seq11\masks\203.jpg,PolypGen_seq11,sequence,train
PolypGen,C:\VISKOM\Polyp-Gen\seq11\images\204.jpg,C:\VISKOM\Polyp-Gen\seq11\masks\204.jpg,PolypGen_seq11,sequence,train
PolypGen,C:\VISKOM\Polyp-Gen\seq11\images\205.jpg,C:\VISKOM\Polyp-Gen\seq11\masks\205.jpg,PolypGen_seq11,sequence,train
PolypGen,C:\VISKOM\Polyp-Gen\seq11\images\206.jpg,C:\VISKOM\Polyp-Gen\seq11\masks\206.jpg,PolypGen_seq11,sequence,train
PolypGen,C:\VISKOM\Polyp-Gen\seq11\images\207.jpg,C:\VISKOM\Polyp-Gen\seq11\masks\207.jpg,PolypGen_seq11,sequence,train
PolypGen,C:\VISKOM\Polyp-Gen\seq11\images\208.jpg,C:\VISKOM\Polyp-Gen\seq11\masks\208.jpg,PolypGen_seq11,sequence,train
PolypGen,C:\VISKOM\Polyp-Gen\seq11\images\209.jpg,C:\VISKOM\Polyp-Gen\seq11\masks\209.jpg,PolypGen_seq11,sequence,train
PolypGen,C:\VISKOM\Polyp-Gen\seq11\images\210.jpg,C:\VISKOM\Polyp-Gen\seq11\masks\210.jpg,PolypGen_seq11,sequence,train
PolypGen,C:\VISKOM\Polyp-Gen\seq11\images\211.jpg,C:\VISKOM\Polyp-Gen\seq11\masks\211.jpg,PolypGen_seq11,sequence,train
PolypGen,C:\VISKOM\Polyp-Gen\seq11\images\212.jpg,C:\VISKOM\Polyp-Gen\seq11\masks\212.jpg,PolypGen_seq11,sequence,train
PolypGen,C:\VISKOM\Polyp-Gen\seq11\images\213.jpg,C:\VISKOM\Polyp-Gen\seq11\masks\213.jpg,PolypGen_seq11,sequence,train
PolypGen,C:\VISKOM\Polyp-Gen\seq11\images\214.jpg,C:\VISKOM\Polyp-Gen\seq11\masks\214.jpg,PolypGen_seq11,sequence,train
PolypGen,C:\VISKOM\Polyp-Gen\seq11\images\215.jpg,C:\VISKOM\Polyp-Gen\seq11\masks\215.jpg,PolypGen_seq11,sequence,train
PolypGen,C:\VISKOM\Polyp-Gen\seq11\images\216.jpg,C:\VISKOM\Polyp-Gen\seq11\masks\216.jpg,PolypGen_seq11,sequence,train
PolypGen,C:\VISKOM\Polyp-Gen\seq11\images\217.jpg,C:\VISKOM\Polyp-Gen\seq11\masks\217.jpg,PolypGen_seq11,sequence,train
PolypGen,C:\VISKOM\Polyp-Gen\seq11\images\218.jpg,C:\VISKOM\Polyp-Gen\seq11\masks\218.jpg,PolypGen_seq11,sequence,train
PolypGen,C:\VISKOM\Polyp-Gen\seq11\images\219.jpg,C:\VISKOM\Polyp-Gen\seq11\masks\219.jpg,PolypGen_seq11,sequence,train
PolypGen,C:\VISKOM\Polyp-Gen\seq11\images\220.jpg,C:\VISKOM\Polyp-Gen\seq11\masks\220.jpg,PolypGen_seq11,sequence,train
PolypGen,C:\VISKOM\Polyp-Gen\seq11\images\221.jpg,C:\VISKOM\Polyp-Gen\seq11\masks\221.jpg,PolypGen_seq11,sequence,train
PolypGen,C:\VISKOM\Polyp-Gen\seq11\images\222.jpg,C:\VISKOM\Polyp-Gen\seq11\masks\222.jpg,PolypGen_seq11,sequence,train
PolypGen,C:\VISKOM\Polyp-Gen\seq11\images\223.jpg,C:\VISKOM\Polyp-Gen\seq11\masks\223.jpg,PolypGen_seq11,sequence,train
PolypGen,C:\VISKOM\Polyp-Gen\seq11\images\224.jpg,C:\VISKOM\Polyp-Gen\seq11\masks\224.jpg,PolypGen_seq11,sequence,train
PolypGen,C:\VISKOM\Polyp-Gen\seq11\images\225.jpg,C:\VISKOM\Polyp-Gen\seq11\masks\225.jpg,PolypGen_seq11,sequence,train
PolypGen,C:\VISKOM\Polyp-Gen\seq11\images\226.jpg,C:\VISKOM\Polyp-Gen\seq11\masks\226.jpg,PolypGen_seq11,sequence,train
PolypGen,C:\VISKOM\Polyp-Gen\seq11\images\227.jpg,C:\VISKOM\Polyp-Gen\seq11\masks\227.jpg,PolypGen_seq11,sequence,train
PolypGen,C:\VISKOM\Polyp-Gen\seq12\images\0.jpg,C:\VISKOM\Polyp-Gen\seq12\masks\0.jpg,PolypGen_seq12,sequence,train
PolypGen,C:\VISKOM\Polyp-Gen\seq12\images\1.jpg,C:\VISKOM\Polyp-Gen\seq12\masks\1.jpg,PolypGen_seq12,sequence,train
PolypGen,C:\VISKOM\Polyp-Gen\seq12\images\2.jpg,C:\VISKOM\Polyp-Gen\seq12\masks\2.jpg,PolypGen_seq12,sequence,train
PolypGen,C:\VISKOM\Polyp-Gen\seq12\images\3.jpg,C:\VISKOM\Polyp-Gen\seq12\masks\3.jpg,PolypGen_seq12,sequence,train
PolypGen,C:\VISKOM\Polyp-Gen\seq12\images\4.jpg,C:\VISKOM\Polyp-Gen\seq12\masks\4.jpg,PolypGen_seq12,sequence,train
PolypGen,C:\VISKOM\Polyp-Gen\seq12\images\5.jpg,C:\VISKOM\Polyp-Gen\seq12\masks\5.jpg,PolypGen_seq12,sequence,train
PolypGen,C:\VISKOM\Polyp-Gen\seq12\images\6.jpg,C:\VISKOM\Polyp-Gen\seq12\masks\6.jpg,PolypGen_seq12,sequence,train
PolypGen,C:\VISKOM\Polyp-Gen\seq12\images\7.jpg,C:\VISKOM\Polyp-Gen\seq12\masks\7.jpg,PolypGen_seq12,sequence,train
PolypGen,C:\VISKOM\Polyp-Gen\seq12\images\8.jpg,C:\VISKOM\Polyp-Gen\seq12\masks\8.jpg,PolypGen_seq12,sequence,train
PolypGen,C:\VISKOM\Polyp-Gen\seq12\images\9.jpg,C:\VISKOM\Polyp-Gen\seq12\masks\9.jpg,PolypGen_seq12,sequence,train
PolypGen,C:\VISKOM\Polyp-Gen\seq12\images\10.jpg,C:\VISKOM\Polyp-Gen\seq12\masks\10.jpg,PolypGen_seq12,sequence,train
PolypGen,C:\VISKOM\Polyp-Gen\seq12\images\11.jpg,C:\VISKOM\Polyp-Gen\seq12\masks\11.jpg,PolypGen_seq12,sequence,train
PolypGen,C:\VISKOM\Polyp-Gen\seq12\images\12.jpg,C:\VISKOM\Polyp-Gen\seq12\masks\12.jpg,PolypGen_seq12,sequence,train
PolypGen,C:\VISKOM\Polyp-Gen\seq12\images\13.jpg,C:\VISKOM\Polyp-Gen\seq12\masks\13.jpg,PolypGen_seq12,sequence,train
PolypGen,C:\VISKOM\Polyp-Gen\seq12\images\14.jpg,C:\VISKOM\Polyp-Gen\seq12\masks\14.jpg,PolypGen_seq12,sequence,train
PolypGen,C:\VISKOM\Polyp-Gen\seq12\images\15.jpg,C:\VISKOM\Polyp-Gen\seq12\masks\15.jpg,PolypGen_seq12,sequence,train
PolypGen,C:\VISKOM\Polyp-Gen\seq12\images\16.jpg,C:\VISKOM\Polyp-Gen\seq12\masks\16.jpg,PolypGen_seq12,sequence,train
PolypGen,C:\VISKOM\Polyp-Gen\seq12\images\17.jpg,C:\VISKOM\Polyp-Gen\seq12\masks\17.jpg,PolypGen_seq12,sequence,train
PolypGen,C:\VISKOM\Polyp-Gen\seq12\images\18.jpg,C:\VISKOM\Polyp-Gen\seq12\masks\18.jpg,PolypGen_seq12,sequence,train
PolypGen,C:\VISKOM\Polyp-Gen\seq12\images\19.jpg,C:\VISKOM\Polyp-Gen\seq12\masks\19.jpg,PolypGen_seq12,sequence,train
PolypGen,C:\VISKOM\Polyp-Gen\seq12\images\20.jpg,C:\VISKOM\Polyp-Gen\seq12\masks\20.jpg,PolypGen_seq12,sequence,train
PolypGen,C:\VISKOM\Polyp-Gen\seq12\images\21.jpg,C:\VISKOM\Polyp-Gen\seq12\masks\21.jpg,PolypGen_seq12,sequence,train
PolypGen,C:\VISKOM\Polyp-Gen\seq12\images\22.jpg,C:\VISKOM\Polyp-Gen\seq12\masks\22.jpg,PolypGen_seq12,sequence,train
PolypGen,C:\VISKOM\Polyp-Gen\seq12\images\23.jpg,C:\VISKOM\Polyp-Gen\seq12\masks\23.jpg,PolypGen_seq12,sequence,train
PolypGen,C:\VISKOM\Polyp-Gen\seq12\images\24.jpg,C:\VISKOM\Polyp-Gen\seq12\masks\24.jpg,PolypGen_seq12,sequence,train
PolypGen,C:\VISKOM\Polyp-Gen\seq12\images\25.jpg,C:\VISKOM\Polyp-Gen\seq12\masks\25.jpg,PolypGen_seq12,sequence,train
PolypGen,C:\VISKOM\Polyp-Gen\seq12\images\26.jpg,C:\VISKOM\Polyp-Gen\seq12\masks\26.jpg,PolypGen_seq12,sequence,train
PolypGen,C:\VISKOM\Polyp-Gen\seq12\images\27.jpg,C:\VISKOM\Polyp-Gen\seq12\masks\27.jpg,PolypGen_seq12,sequence,train
PolypGen,C:\VISKOM\Polyp-Gen\seq12\images\28.jpg,C:\VISKOM\Polyp-Gen\seq12\masks\28.jpg,PolypGen_seq12,sequence,train
PolypGen,C:\VISKOM\Polyp-Gen\seq12\images\29.jpg,C:\VISKOM\Polyp-Gen\seq12\masks\29.jpg,PolypGen_seq12,sequence,train
PolypGen,C:\VISKOM\Polyp-Gen\seq12\images\30.jpg,C:\VISKOM\Polyp-Gen\seq12\masks\30.jpg,PolypGen_seq12,sequence,train
PolypGen,C:\VISKOM\Polyp-Gen\seq12\images\31.jpg,C:\VISKOM\Polyp-Gen\seq12\masks\31.jpg,PolypGen_seq12,sequence,train
PolypGen,C:\VISKOM\Polyp-Gen\seq12\images\32.jpg,C:\VISKOM\Polyp-Gen\seq12\masks\32.jpg,PolypGen_seq12,sequence,train
PolypGen,C:\VISKOM\Polyp-Gen\seq12\images\33.jpg,C:\VISKOM\Polyp-Gen\seq12\masks\33.jpg,PolypGen_seq12,sequence,train
PolypGen,C:\VISKOM\Polyp-Gen\seq12\images\34.jpg,C:\VISKOM\Polyp-Gen\seq12\masks\34.jpg,PolypGen_seq12,sequence,train
PolypGen,C:\VISKOM\Polyp-Gen\seq12\images\35.jpg,C:\VISKOM\Polyp-Gen\seq12\masks\35.jpg,PolypGen_seq12,sequence,train
PolypGen,C:\VISKOM\Polyp-Gen\seq12\images\36.jpg,C:\VISKOM\Polyp-Gen\seq12\masks\36.jpg,PolypGen_seq12,sequence,train
PolypGen,C:\VISKOM\Polyp-Gen\seq12\images\37.jpg,C:\VISKOM\Polyp-Gen\seq12\masks\37.jpg,PolypGen_seq12,sequence,train
PolypGen,C:\VISKOM\Polyp-Gen\seq12\images\38.jpg,C:\VISKOM\Polyp-Gen\seq12\masks\38.jpg,PolypGen_seq12,sequence,train
PolypGen,C:\VISKOM\Polyp-Gen\seq12\images\39.jpg,C:\VISKOM\Polyp-Gen\seq12\masks\39.jpg,PolypGen_seq12,sequence,train
PolypGen,C:\VISKOM\Polyp-Gen\seq12\images\40.jpg,C:\VISKOM\Polyp-Gen\seq12\masks\40.jpg,PolypGen_seq12,sequence,train
PolypGen,C:\VISKOM\Polyp-Gen\seq12\images\41.jpg,C:\VISKOM\Polyp-Gen\seq12\masks\41.jpg,PolypGen_seq12,sequence,train
PolypGen,C:\VISKOM\Polyp-Gen\seq12\images\42.jpg,C:\VISKOM\Polyp-Gen\seq12\masks\42.jpg,PolypGen_seq12,sequence,train
PolypGen,C:\VISKOM\Polyp-Gen\seq12\images\43.jpg,C:\VISKOM\Polyp-Gen\seq12\masks\43.jpg,PolypGen_seq12,sequence,train
PolypGen,C:\VISKOM\Polyp-Gen\seq12\images\44.jpg,C:\VISKOM\Polyp-Gen\seq12\masks\44.jpg,PolypGen_seq12,sequence,train
PolypGen,C:\VISKOM\Polyp-Gen\seq12\images\45.jpg,C:\VISKOM\Polyp-Gen\seq12\masks\45.jpg,PolypGen_seq12,sequence,train
PolypGen,C:\VISKOM\Polyp-Gen\seq12\images\46.jpg,C:\VISKOM\Polyp-Gen\seq12\masks\46.jpg,PolypGen_seq12,sequence,train
PolypGen,C:\VISKOM\Polyp-Gen\seq12\images\47.jpg,C:\VISKOM\Polyp-Gen\seq12\masks\47.jpg,PolypGen_seq12,sequence,train
PolypGen,C:\VISKOM\Polyp-Gen\seq12\images\48.jpg,C:\VISKOM\Polyp-Gen\seq12\masks\48.jpg,PolypGen_seq12,sequence,train
PolypGen,C:\VISKOM\Polyp-Gen\seq12\images\49.jpg,C:\VISKOM\Polyp-Gen\seq12\masks\49.jpg,PolypGen_seq12,sequence,train
PolypGen,C:\VISKOM\Polyp-Gen\seq12\images\50.jpg,C:\VISKOM\Polyp-Gen\seq12\masks\50.jpg,PolypGen_seq12,sequence,train
PolypGen,C:\VISKOM\Polyp-Gen\seq12\images\51.jpg,C:\VISKOM\Polyp-Gen\seq12\masks\51.jpg,PolypGen_seq12,sequence,train
PolypGen,C:\VISKOM\Polyp-Gen\seq12\images\52.jpg,C:\VISKOM\Polyp-Gen\seq12\masks\52.jpg,PolypGen_seq12,sequence,train
PolypGen,C:\VISKOM\Polyp-Gen\seq12\images\53.jpg,C:\VISKOM\Polyp-Gen\seq12\masks\53.jpg,PolypGen_seq12,sequence,train
PolypGen,C:\VISKOM\Polyp-Gen\seq12\images\54.jpg,C:\VISKOM\Polyp-Gen\seq12\masks\54.jpg,PolypGen_seq12,sequence,train
PolypGen,C:\VISKOM\Polyp-Gen\seq12\images\55.jpg,C:\VISKOM\Polyp-Gen\seq12\masks\55.jpg,PolypGen_seq12,sequence,train
PolypGen,C:\VISKOM\Polyp-Gen\seq12\images\56.jpg,C:\VISKOM\Polyp-Gen\seq12\masks\56.jpg,PolypGen_seq12,sequence,train
PolypGen,C:\VISKOM\Polyp-Gen\seq12\images\57.jpg,C:\VISKOM\Polyp-Gen\seq12\masks\57.jpg,PolypGen_seq12,sequence,train
PolypGen,C:\VISKOM\Polyp-Gen\seq12\images\58.jpg,C:\VISKOM\Polyp-Gen\seq12\masks\58.jpg,PolypGen_seq12,sequence,train
PolypGen,C:\VISKOM\Polyp-Gen\seq12\images\59.jpg,C:\VISKOM\Polyp-Gen\seq12\masks\59.jpg,PolypGen_seq12,sequence,train
PolypGen,C:\VISKOM\Polyp-Gen\seq12\images\60.jpg,C:\VISKOM\Polyp-Gen\seq12\masks\60.jpg,PolypGen_seq12,sequence,train
PolypGen,C:\VISKOM\Polyp-Gen\seq12\images\61.jpg,C:\VISKOM\Polyp-Gen\seq12\masks\61.jpg,PolypGen_seq12,sequence,train
PolypGen,C:\VISKOM\Polyp-Gen\seq12\images\62.jpg,C:\VISKOM\Polyp-Gen\seq12\masks\62.jpg,PolypGen_seq12,sequence,train
PolypGen,C:\VISKOM\Polyp-Gen\seq12\images\63.jpg,C:\VISKOM\Polyp-Gen\seq12\masks\63.jpg,PolypGen_seq12,sequence,train
PolypGen,C:\VISKOM\Polyp-Gen\seq12\images\64.jpg,C:\VISKOM\Polyp-Gen\seq12\masks\64.jpg,PolypGen_seq12,sequence,train
PolypGen,C:\VISKOM\Polyp-Gen\seq12\images\65.jpg,C:\VISKOM\Polyp-Gen\seq12\masks\65.jpg,PolypGen_seq12,sequence,train
PolypGen,C:\VISKOM\Polyp-Gen\seq12\images\66.jpg,C:\VISKOM\Polyp-Gen\seq12\masks\66.jpg,PolypGen_seq12,sequence,train
PolypGen,C:\VISKOM\Polyp-Gen\seq12\images\67.jpg,C:\VISKOM\Polyp-Gen\seq12\masks\67.jpg,PolypGen_seq12,sequence,train
PolypGen,C:\VISKOM\Polyp-Gen\seq12\images\68.jpg,C:\VISKOM\Polyp-Gen\seq12\masks\68.jpg,PolypGen_seq12,sequence,train
PolypGen,C:\VISKOM\Polyp-Gen\seq12\images\69.jpg,C:\VISKOM\Polyp-Gen\seq12\masks\69.jpg,PolypGen_seq12,sequence,train
PolypGen,C:\VISKOM\Polyp-Gen\seq12\images\70.jpg,C:\VISKOM\Polyp-Gen\seq12\masks\70.jpg,PolypGen_seq12,sequence,train
PolypGen,C:\VISKOM\Polyp-Gen\seq12\images\71.jpg,C:\VISKOM\Polyp-Gen\seq12\masks\71.jpg,PolypGen_seq12,sequence,train
PolypGen,C:\VISKOM\Polyp-Gen\seq12\images\72.jpg,C:\VISKOM\Polyp-Gen\seq12\masks\72.jpg,PolypGen_seq12,sequence,train
PolypGen,C:\VISKOM\Polyp-Gen\seq12\images\73.jpg,C:\VISKOM\Polyp-Gen\seq12\masks\73.jpg,PolypGen_seq12,sequence,train
PolypGen,C:\VISKOM\Polyp-Gen\seq12\images\74.jpg,C:\VISKOM\Polyp-Gen\seq12\masks\74.jpg,PolypGen_seq12,sequence,train
PolypGen,C:\VISKOM\Polyp-Gen\seq12\images\75.jpg,C:\VISKOM\Polyp-Gen\seq12\masks\75.jpg,PolypGen_seq12,sequence,train
PolypGen,C:\VISKOM\Polyp-Gen\seq12\images\76.jpg,C:\VISKOM\Polyp-Gen\seq12\masks\76.jpg,PolypGen_seq12,sequence,train
PolypGen,C:\VISKOM\Polyp-Gen\seq12\images\77.jpg,C:\VISKOM\Polyp-Gen\seq12\masks\77.jpg,PolypGen_seq12,sequence,train
PolypGen,C:\VISKOM\Polyp-Gen\seq12\images\78.jpg,C:\VISKOM\Polyp-Gen\seq12\masks\78.jpg,PolypGen_seq12,sequence,train
PolypGen,C:\VISKOM\Polyp-Gen\seq12\images\79.jpg,C:\VISKOM\Polyp-Gen\seq12\masks\79.jpg,PolypGen_seq12,sequence,train
PolypGen,C:\VISKOM\Polyp-Gen\seq12\images\80.jpg,C:\VISKOM\Polyp-Gen\seq12\masks\80.jpg,PolypGen_seq12,sequence,train
PolypGen,C:\VISKOM\Polyp-Gen\seq12\images\81.jpg,C:\VISKOM\Polyp-Gen\seq12\masks\81.jpg,PolypGen_seq12,sequence,train
PolypGen,C:\VISKOM\Polyp-Gen\seq12\images\82.jpg,C:\VISKOM\Polyp-Gen\seq12\masks\82.jpg,PolypGen_seq12,sequence,train
PolypGen,C:\VISKOM\Polyp-Gen\seq12\images\83.jpg,C:\VISKOM\Polyp-Gen\seq12\masks\83.jpg,PolypGen_seq12,sequence,train
PolypGen,C:\VISKOM\Polyp-Gen\seq12\images\84.jpg,C:\VISKOM\Polyp-Gen\seq12\masks\84.jpg,PolypGen_seq12,sequence,train
PolypGen,C:\VISKOM\Polyp-Gen\seq12\images\85.jpg,C:\VISKOM\Polyp-Gen\seq12\masks\85.jpg,PolypGen_seq12,sequence,train
PolypGen,C:\VISKOM\Polyp-Gen\seq12\images\86.jpg,C:\VISKOM\Polyp-Gen\seq12\masks\86.jpg,PolypGen_seq12,sequence,train
PolypGen,C:\VISKOM\Polyp-Gen\seq12\images\87.jpg,C:\VISKOM\Polyp-Gen\seq12\masks\87.jpg,PolypGen_seq12,sequence,train
PolypGen,C:\VISKOM\Polyp-Gen\seq12\images\88.jpg,C:\VISKOM\Polyp-Gen\seq12\masks\88.jpg,PolypGen_seq12,sequence,train
PolypGen,C:\VISKOM\Polyp-Gen\seq12\images\89.jpg,C:\VISKOM\Polyp-Gen\seq12\masks\89.jpg,PolypGen_seq12,sequence,train
PolypGen,C:\VISKOM\Polyp-Gen\seq12\images\90.jpg,C:\VISKOM\Polyp-Gen\seq12\masks\90.jpg,PolypGen_seq12,sequence,train
PolypGen,C:\VISKOM\Polyp-Gen\seq12\images\91.jpg,C:\VISKOM\Polyp-Gen\seq12\masks\91.jpg,PolypGen_seq12,sequence,train
PolypGen,C:\VISKOM\Polyp-Gen\seq12\images\92.jpg,C:\VISKOM\Polyp-Gen\seq12\masks\92.jpg,PolypGen_seq12,sequence,train
PolypGen,C:\VISKOM\Polyp-Gen\seq12\images\93.jpg,C:\VISKOM\Polyp-Gen\seq12\masks\93.jpg,PolypGen_seq12,sequence,train
PolypGen,C:\VISKOM\Polyp-Gen\seq12\images\94.jpg,C:\VISKOM\Polyp-Gen\seq12\masks\94.jpg,PolypGen_seq12,sequence,train
PolypGen,C:\VISKOM\Polyp-Gen\seq12\images\95.jpg,C:\VISKOM\Polyp-Gen\seq12\masks\95.jpg,PolypGen_seq12,sequence,train
PolypGen,C:\VISKOM\Polyp-Gen\seq12\images\96.jpg,C:\VISKOM\Polyp-Gen\seq12\masks\96.jpg,PolypGen_seq12,sequence,train
PolypGen,C:\VISKOM\Polyp-Gen\seq12\images\97.jpg,C:\VISKOM\Polyp-Gen\seq12\masks\97.jpg,PolypGen_seq12,sequence,train
PolypGen,C:\VISKOM\Polyp-Gen\seq12\images\98.jpg,C:\VISKOM\Polyp-Gen\seq12\masks\98.jpg,PolypGen_seq12,sequence,train
PolypGen,C:\VISKOM\Polyp-Gen\seq12\images\99.jpg,C:\VISKOM\Polyp-Gen\seq12\masks\99.jpg,PolypGen_seq12,sequence,train
PolypGen,C:\VISKOM\Polyp-Gen\seq12\images\100.jpg,C:\VISKOM\Polyp-Gen\seq12\masks\100.jpg,PolypGen_seq12,sequence,train
PolypGen,C:\VISKOM\Polyp-Gen\seq12\images\101.jpg,C:\VISKOM\Polyp-Gen\seq12\masks\101.jpg,PolypGen_seq12,sequence,train
PolypGen,C:\VISKOM\Polyp-Gen\seq12\images\102.jpg,C:\VISKOM\Polyp-Gen\seq12\masks\102.jpg,PolypGen_seq12,sequence,train
PolypGen,C:\VISKOM\Polyp-Gen\seq12\images\103.jpg,C:\VISKOM\Polyp-Gen\seq12\masks\103.jpg,PolypGen_seq12,sequence,train
PolypGen,C:\VISKOM\Polyp-Gen\seq12\images\104.jpg,C:\VISKOM\Polyp-Gen\seq12\masks\104.jpg,PolypGen_seq12,sequence,train
PolypGen,C:\VISKOM\Polyp-Gen\seq12\images\105.jpg,C:\VISKOM\Polyp-Gen\seq12\masks\105.jpg,PolypGen_seq12,sequence,train
PolypGen,C:\VISKOM\Polyp-Gen\seq12\images\106.jpg,C:\VISKOM\Polyp-Gen\seq12\masks\106.jpg,PolypGen_seq12,sequence,train
PolypGen,C:\VISKOM\Polyp-Gen\seq12\images\107.jpg,C:\VISKOM\Polyp-Gen\seq12\masks\107.jpg,PolypGen_seq12,sequence,train
PolypGen,C:\VISKOM\Polyp-Gen\seq12\images\108.jpg,C:\VISKOM\Polyp-Gen\seq12\masks\108.jpg,PolypGen_seq12,sequence,train
PolypGen,C:\VISKOM\Polyp-Gen\seq12\images\109.jpg,C:\VISKOM\Polyp-Gen\seq12\masks\109.jpg,PolypGen_seq12,sequence,train
PolypGen,C:\VISKOM\Polyp-Gen\seq12\images\110.jpg,C:\VISKOM\Polyp-Gen\seq12\masks\110.jpg,PolypGen_seq12,sequence,train
PolypGen,C:\VISKOM\Polyp-Gen\seq12\images\111.jpg,C:\VISKOM\Polyp-Gen\seq12\masks\111.jpg,PolypGen_seq12,sequence,train
PolypGen,C:\VISKOM\Polyp-Gen\seq12\images\112.jpg,C:\VISKOM\Polyp-Gen\seq12\masks\112.jpg,PolypGen_seq12,sequence,train
PolypGen,C:\VISKOM\Polyp-Gen\seq12\images\113.jpg,C:\VISKOM\Polyp-Gen\seq12\masks\113.jpg,PolypGen_seq12,sequence,train
PolypGen,C:\VISKOM\Polyp-Gen\seq12\images\114.jpg,C:\VISKOM\Polyp-Gen\seq12\masks\114.jpg,PolypGen_seq12,sequence,train
PolypGen,C:\VISKOM\Polyp-Gen\seq12\images\115.jpg,C:\VISKOM\Polyp-Gen\seq12\masks\115.jpg,PolypGen_seq12,sequence,train
PolypGen,C:\VISKOM\Polyp-Gen\seq12\images\116.jpg,C:\VISKOM\Polyp-Gen\seq12\masks\116.jpg,PolypGen_seq12,sequence,train
PolypGen,C:\VISKOM\Polyp-Gen\seq12\images\117.jpg,C:\VISKOM\Polyp-Gen\seq12\masks\117.jpg,PolypGen_seq12,sequence,train
PolypGen,C:\VISKOM\Polyp-Gen\seq12\images\118.jpg,C:\VISKOM\Polyp-Gen\seq12\masks\118.jpg,PolypGen_seq12,sequence,train
PolypGen,C:\VISKOM\Polyp-Gen\seq12\images\119.jpg,C:\VISKOM\Polyp-Gen\seq12\masks\119.jpg,PolypGen_seq12,sequence,train
PolypGen,C:\VISKOM\Polyp-Gen\seq12\images\120.jpg,C:\VISKOM\Polyp-Gen\seq12\masks\120.jpg,PolypGen_seq12,sequence,train
PolypGen,C:\VISKOM\Polyp-Gen\seq12\images\121.jpg,C:\VISKOM\Polyp-Gen\seq12\masks\121.jpg,PolypGen_seq12,sequence,train
PolypGen,C:\VISKOM\Polyp-Gen\seq12\images\122.jpg,C:\VISKOM\Polyp-Gen\seq12\masks\122.jpg,PolypGen_seq12,sequence,train
PolypGen,C:\VISKOM\Polyp-Gen\seq12\images\123.jpg,C:\VISKOM\Polyp-Gen\seq12\masks\123.jpg,PolypGen_seq12,sequence,train
PolypGen,C:\VISKOM\Polyp-Gen\seq12\images\124.jpg,C:\VISKOM\Polyp-Gen\seq12\masks\124.jpg,PolypGen_seq12,sequence,train
PolypGen,C:\VISKOM\Polyp-Gen\seq12\images\125.jpg,C:\VISKOM\Polyp-Gen\seq12\masks\125.jpg,PolypGen_seq12,sequence,train
PolypGen,C:\VISKOM\Polyp-Gen\seq12\images\126.jpg,C:\VISKOM\Polyp-Gen\seq12\masks\126.jpg,PolypGen_seq12,sequence,train
PolypGen,C:\VISKOM\Polyp-Gen\seq12\images\127.jpg,C:\VISKOM\Polyp-Gen\seq12\masks\127.jpg,PolypGen_seq12,sequence,train
PolypGen,C:\VISKOM\Polyp-Gen\seq12\images\128.jpg,C:\VISKOM\Polyp-Gen\seq12\masks\128.jpg,PolypGen_seq12,sequence,train
PolypGen,C:\VISKOM\Polyp-Gen\seq12\images\129.jpg,C:\VISKOM\Polyp-Gen\seq12\masks\129.jpg,PolypGen_seq12,sequence,train
PolypGen,C:\VISKOM\Polyp-Gen\seq12\images\130.jpg,C:\VISKOM\Polyp-Gen\seq12\masks\130.jpg,PolypGen_seq12,sequence,train
PolypGen,C:\VISKOM\Polyp-Gen\seq12\images\131.jpg,C:\VISKOM\Polyp-Gen\seq12\masks\131.jpg,PolypGen_seq12,sequence,train
PolypGen,C:\VISKOM\Polyp-Gen\seq12\images\132.jpg,C:\VISKOM\Polyp-Gen\seq12\masks\132.jpg,PolypGen_seq12,sequence,train
PolypGen,C:\VISKOM\Polyp-Gen\seq12\images\133.jpg,C:\VISKOM\Polyp-Gen\seq12\masks\133.jpg,PolypGen_seq12,sequence,train
PolypGen,C:\VISKOM\Polyp-Gen\seq12\images\134.jpg,C:\VISKOM\Polyp-Gen\seq12\masks\134.jpg,PolypGen_seq12,sequence,train
PolypGen,C:\VISKOM\Polyp-Gen\seq12\images\135.jpg,C:\VISKOM\Polyp-Gen\seq12\masks\135.jpg,PolypGen_seq12,sequence,train
PolypGen,C:\VISKOM\Polyp-Gen\seq12\images\136.jpg,C:\VISKOM\Polyp-Gen\seq12\masks\136.jpg,PolypGen_seq12,sequence,train
PolypGen,C:\VISKOM\Polyp-Gen\seq12\images\137.jpg,C:\VISKOM\Polyp-Gen\seq12\masks\137.jpg,PolypGen_seq12,sequence,train
PolypGen,C:\VISKOM\Polyp-Gen\seq12\images\138.jpg,C:\VISKOM\Polyp-Gen\seq12\masks\138.jpg,PolypGen_seq12,sequence,train
PolypGen,C:\VISKOM\Polyp-Gen\seq12\images\139.jpg,C:\VISKOM\Polyp-Gen\seq12\masks\139.jpg,PolypGen_seq12,sequence,train
PolypGen,C:\VISKOM\Polyp-Gen\seq12\images\140.jpg,C:\VISKOM\Polyp-Gen\seq12\masks\140.jpg,PolypGen_seq12,sequence,train
PolypGen,C:\VISKOM\Polyp-Gen\seq12\images\141.jpg,C:\VISKOM\Polyp-Gen\seq12\masks\141.jpg,PolypGen_seq12,sequence,train
PolypGen,C:\VISKOM\Polyp-Gen\seq12\images\142.jpg,C:\VISKOM\Polyp-Gen\seq12\masks\142.jpg,PolypGen_seq12,sequence,train
PolypGen,C:\VISKOM\Polyp-Gen\seq12\images\143.jpg,C:\VISKOM\Polyp-Gen\seq12\masks\143.jpg,PolypGen_seq12,sequence,train
PolypGen,C:\VISKOM\Polyp-Gen\seq12\images\144.jpg,C:\VISKOM\Polyp-Gen\seq12\masks\144.jpg,PolypGen_seq12,sequence,train
PolypGen,C:\VISKOM\Polyp-Gen\seq12\images\145.jpg,C:\VISKOM\Polyp-Gen\seq12\masks\145.jpg,PolypGen_seq12,sequence,train
PolypGen,C:\VISKOM\Polyp-Gen\seq12\images\146.jpg,C:\VISKOM\Polyp-Gen\seq12\masks\146.jpg,PolypGen_seq12,sequence,train
PolypGen,C:\VISKOM\Polyp-Gen\seq12\images\147.jpg,C:\VISKOM\Polyp-Gen\seq12\masks\147.jpg,PolypGen_seq12,sequence,train
PolypGen,C:\VISKOM\Polyp-Gen\seq12\images\148.jpg,C:\VISKOM\Polyp-Gen\seq12\masks\148.jpg,PolypGen_seq12,sequence,train
PolypGen,C:\VISKOM\Polyp-Gen\seq12\images\149.jpg,C:\VISKOM\Polyp-Gen\seq12\masks\149.jpg,PolypGen_seq12,sequence,train
PolypGen,C:\VISKOM\Polyp-Gen\seq12\images\150.jpg,C:\VISKOM\Polyp-Gen\seq12\masks\150.jpg,PolypGen_seq12,sequence,train
PolypGen,C:\VISKOM\Polyp-Gen\seq12\images\151.jpg,C:\VISKOM\Polyp-Gen\seq12\masks\151.jpg,PolypGen_seq12,sequence,train
PolypGen,C:\VISKOM\Polyp-Gen\seq12\images\152.jpg,C:\VISKOM\Polyp-Gen\seq12\masks\152.jpg,PolypGen_seq12,sequence,train
PolypGen,C:\VISKOM\Polyp-Gen\seq12\images\153.jpg,C:\VISKOM\Polyp-Gen\seq12\masks\153.jpg,PolypGen_seq12,sequence,train
PolypGen,C:\VISKOM\Polyp-Gen\seq12\images\154.jpg,C:\VISKOM\Polyp-Gen\seq12\masks\154.jpg,PolypGen_seq12,sequence,train
PolypGen,C:\VISKOM\Polyp-Gen\seq12\images\155.jpg,C:\VISKOM\Polyp-Gen\seq12\masks\155.jpg,PolypGen_seq12,sequence,train
PolypGen,C:\VISKOM\Polyp-Gen\seq12\images\156.jpg,C:\VISKOM\Polyp-Gen\seq12\masks\156.jpg,PolypGen_seq12,sequence,train
PolypGen,C:\VISKOM\Polyp-Gen\seq12\images\157.jpg,C:\VISKOM\Polyp-Gen\seq12\masks\157.jpg,PolypGen_seq12,sequence,train
PolypGen,C:\VISKOM\Polyp-Gen\seq12\images\158.jpg,C:\VISKOM\Polyp-Gen\seq12\masks\158.jpg,PolypGen_seq12,sequence,train
PolypGen,C:\VISKOM\Polyp-Gen\seq12\images\159.jpg,C:\VISKOM\Polyp-Gen\seq12\masks\159.jpg,PolypGen_seq12,sequence,train
PolypGen,C:\VISKOM\Polyp-Gen\seq12\images\160.jpg,C:\VISKOM\Polyp-Gen\seq12\masks\160.jpg,PolypGen_seq12,sequence,train
PolypGen,C:\VISKOM\Polyp-Gen\seq12\images\161.jpg,C:\VISKOM\Polyp-Gen\seq12\masks\161.jpg,PolypGen_seq12,sequence,train
PolypGen,C:\VISKOM\Polyp-Gen\seq12\images\162.jpg,C:\VISKOM\Polyp-Gen\seq12\masks\162.jpg,PolypGen_seq12,sequence,train
PolypGen,C:\VISKOM\Polyp-Gen\seq12\images\163.jpg,C:\VISKOM\Polyp-Gen\seq12\masks\163.jpg,PolypGen_seq12,sequence,train
PolypGen,C:\VISKOM\Polyp-Gen\seq12\images\164.jpg,C:\VISKOM\Polyp-Gen\seq12\masks\164.jpg,PolypGen_seq12,sequence,train
PolypGen,C:\VISKOM\Polyp-Gen\seq12\images\165.jpg,C:\VISKOM\Polyp-Gen\seq12\masks\165.jpg,PolypGen_seq12,sequence,train
PolypGen,C:\VISKOM\Polyp-Gen\seq12\images\166.jpg,C:\VISKOM\Polyp-Gen\seq12\masks\166.jpg,PolypGen_seq12,sequence,train
PolypGen,C:\VISKOM\Polyp-Gen\seq12\images\167.jpg,C:\VISKOM\Polyp-Gen\seq12\masks\167.jpg,PolypGen_seq12,sequence,train
PolypGen,C:\VISKOM\Polyp-Gen\seq12\images\168.jpg,C:\VISKOM\Polyp-Gen\seq12\masks\168.jpg,PolypGen_seq12,sequence,train
PolypGen,C:\VISKOM\Polyp-Gen\seq12\images\169.jpg,C:\VISKOM\Polyp-Gen\seq12\masks\169.jpg,PolypGen_seq12,sequence,train
PolypGen,C:\VISKOM\Polyp-Gen\seq12\images\170.jpg,C:\VISKOM\Polyp-Gen\seq12\masks\170.jpg,PolypGen_seq12,sequence,train
PolypGen,C:\VISKOM\Polyp-Gen\seq12\images\171.jpg,C:\VISKOM\Polyp-Gen\seq12\masks\171.jpg,PolypGen_seq12,sequence,train
PolypGen,C:\VISKOM\Polyp-Gen\seq12\images\172.jpg,C:\VISKOM\Polyp-Gen\seq12\masks\172.jpg,PolypGen_seq12,sequence,train
PolypGen,C:\VISKOM\Polyp-Gen\seq12\images\173.jpg,C:\VISKOM\Polyp-Gen\seq12\masks\173.jpg,PolypGen_seq12,sequence,train
PolypGen,C:\VISKOM\Polyp-Gen\seq12\images\174.jpg,C:\VISKOM\Polyp-Gen\seq12\masks\174.jpg,PolypGen_seq12,sequence,train
PolypGen,C:\VISKOM\Polyp-Gen\seq12\images\175.jpg,C:\VISKOM\Polyp-Gen\seq12\masks\175.jpg,PolypGen_seq12,sequence,train
PolypGen,C:\VISKOM\Polyp-Gen\seq12\images\176.jpg,C:\VISKOM\Polyp-Gen\seq12\masks\176.jpg,PolypGen_seq12,sequence,train
PolypGen,C:\VISKOM\Polyp-Gen\seq12\images\177.jpg,C:\VISKOM\Polyp-Gen\seq12\masks\177.jpg,PolypGen_seq12,sequence,train
PolypGen,C:\VISKOM\Polyp-Gen\seq12\images\178.jpg,C:\VISKOM\Polyp-Gen\seq12\masks\178.jpg,PolypGen_seq12,sequence,train
PolypGen,C:\VISKOM\Polyp-Gen\seq12\images\179.jpg,C:\VISKOM\Polyp-Gen\seq12\masks\179.jpg,PolypGen_seq12,sequence,train
PolypGen,C:\VISKOM\Polyp-Gen\seq12\images\180.jpg,C:\VISKOM\Polyp-Gen\seq12\masks\180.jpg,PolypGen_seq12,sequence,train
PolypGen,C:\VISKOM\Polyp-Gen\seq12\images\181.jpg,C:\VISKOM\Polyp-Gen\seq12\masks\181.jpg,PolypGen_seq12,sequence,train
PolypGen,C:\VISKOM\Polyp-Gen\seq12\images\182.jpg,C:\VISKOM\Polyp-Gen\seq12\masks\182.jpg,PolypGen_seq12,sequence,train
PolypGen,C:\VISKOM\Polyp-Gen\seq12\images\183.jpg,C:\VISKOM\Polyp-Gen\seq12\masks\183.jpg,PolypGen_seq12,sequence,train
PolypGen,C:\VISKOM\Polyp-Gen\seq12\images\184.jpg,C:\VISKOM\Polyp-Gen\seq12\masks\184.jpg,PolypGen_seq12,sequence,train
PolypGen,C:\VISKOM\Polyp-Gen\seq12\images\185.jpg,C:\VISKOM\Polyp-Gen\seq12\masks\185.jpg,PolypGen_seq12,sequence,train
PolypGen,C:\VISKOM\Polyp-Gen\seq12\images\186.jpg,C:\VISKOM\Polyp-Gen\seq12\masks\186.jpg,PolypGen_seq12,sequence,train
PolypGen,C:\VISKOM\Polyp-Gen\seq12\images\187.jpg,C:\VISKOM\Polyp-Gen\seq12\masks\187.jpg,PolypGen_seq12,sequence,train
PolypGen,C:\VISKOM\Polyp-Gen\seq12\images\188.jpg,C:\VISKOM\Polyp-Gen\seq12\masks\188.jpg,PolypGen_seq12,sequence,train
PolypGen,C:\VISKOM\Polyp-Gen\seq12\images\189.jpg,C:\VISKOM\Polyp-Gen\seq12\masks\189.jpg,PolypGen_seq12,sequence,train
PolypGen,C:\VISKOM\Polyp-Gen\seq12\images\190.jpg,C:\VISKOM\Polyp-Gen\seq12\masks\190.jpg,PolypGen_seq12,sequence,train
PolypGen,C:\VISKOM\Polyp-Gen\seq12\images\191.jpg,C:\VISKOM\Polyp-Gen\seq12\masks\191.jpg,PolypGen_seq12,sequence,train
PolypGen,C:\VISKOM\Polyp-Gen\seq12\images\192.jpg,C:\VISKOM\Polyp-Gen\seq12\masks\192.jpg,PolypGen_seq12,sequence,train
PolypGen,C:\VISKOM\Polyp-Gen\seq12\images\193.jpg,C:\VISKOM\Polyp-Gen\seq12\masks\193.jpg,PolypGen_seq12,sequence,train
PolypGen,C:\VISKOM\Polyp-Gen\seq12\images\194.jpg,C:\VISKOM\Polyp-Gen\seq12\masks\194.jpg,PolypGen_seq12,sequence,train
PolypGen,C:\VISKOM\Polyp-Gen\seq12\images\195.jpg,C:\VISKOM\Polyp-Gen\seq12\masks\195.jpg,PolypGen_seq12,sequence,train
PolypGen,C:\VISKOM\Polyp-Gen\seq12\images\196.jpg,C:\VISKOM\Polyp-Gen\seq12\masks\196.jpg,PolypGen_seq12,sequence,train
PolypGen,C:\VISKOM\Polyp-Gen\seq12\images\197.jpg,C:\VISKOM\Polyp-Gen\seq12\masks\197.jpg,PolypGen_seq12,sequence,train
PolypGen,C:\VISKOM\Polyp-Gen\seq12\images\198.jpg,C:\VISKOM\Polyp-Gen\seq12\masks\198.jpg,PolypGen_seq12,sequence,train
PolypGen,C:\VISKOM\Polyp-Gen\seq12\images\199.jpg,C:\VISKOM\Polyp-Gen\seq12\masks\199.jpg,PolypGen_seq12,sequence,train
PolypGen,C:\VISKOM\Polyp-Gen\seq12\images\200.jpg,C:\VISKOM\Polyp-Gen\seq12\masks\200.jpg,PolypGen_seq12,sequence,train
PolypGen,C:\VISKOM\Polyp-Gen\seq12\images\201.jpg,C:\VISKOM\Polyp-Gen\seq12\masks\201.jpg,PolypGen_seq12,sequence,train
PolypGen,C:\VISKOM\Polyp-Gen\seq12\images\202.jpg,C:\VISKOM\Polyp-Gen\seq12\masks\202.jpg,PolypGen_seq12,sequence,train
PolypGen,C:\VISKOM\Polyp-Gen\seq12\images\203.jpg,C:\VISKOM\Polyp-Gen\seq12\masks\203.jpg,PolypGen_seq12,sequence,train
PolypGen,C:\VISKOM\Polyp-Gen\seq12\images\204.jpg,C:\VISKOM\Polyp-Gen\seq12\masks\204.jpg,PolypGen_seq12,sequence,train
PolypGen,C:\VISKOM\Polyp-Gen\seq12\images\205.jpg,C:\VISKOM\Polyp-Gen\seq12\masks\205.jpg,PolypGen_seq12,sequence,train
PolypGen,C:\VISKOM\Polyp-Gen\seq12\images\206.jpg,C:\VISKOM\Polyp-Gen\seq12\masks\206.jpg,PolypGen_seq12,sequence,train
PolypGen,C:\VISKOM\Polyp-Gen\seq12\images\207.jpg,C:\VISKOM\Polyp-Gen\seq12\masks\207.jpg,PolypGen_seq12,sequence,train
PolypGen,C:\VISKOM\Polyp-Gen\seq12\images\208.jpg,C:\VISKOM\Polyp-Gen\seq12\masks\208.jpg,PolypGen_seq12,sequence,train
PolypGen,C:\VISKOM\Polyp-Gen\seq12\images\209.jpg,C:\VISKOM\Polyp-Gen\seq12\masks\209.jpg,PolypGen_seq12,sequence,train
PolypGen,C:\VISKOM\Polyp-Gen\seq12\images\210.jpg,C:\VISKOM\Polyp-Gen\seq12\masks\210.jpg,PolypGen_seq12,sequence,train
PolypGen,C:\VISKOM\Polyp-Gen\seq12\images\211.jpg,C:\VISKOM\Polyp-Gen\seq12\masks\211.jpg,PolypGen_seq12,sequence,train
PolypGen,C:\VISKOM\Polyp-Gen\seq12\images\212.jpg,C:\VISKOM\Polyp-Gen\seq12\masks\212.jpg,PolypGen_seq12,sequence,train
PolypGen,C:\VISKOM\Polyp-Gen\seq12\images\213.jpg,C:\VISKOM\Polyp-Gen\seq12\masks\213.jpg,PolypGen_seq12,sequence,train
PolypGen,C:\VISKOM\Polyp-Gen\seq12\images\214.jpg,C:\VISKOM\Polyp-Gen\seq12\masks\214.jpg,PolypGen_seq12,sequence,train
PolypGen,C:\VISKOM\Polyp-Gen\seq12\images\215.jpg,C:\VISKOM\Polyp-Gen\seq12\masks\215.jpg,PolypGen_seq12,sequence,train
PolypGen,C:\VISKOM\Polyp-Gen\seq12\images\216.jpg,C:\VISKOM\Polyp-Gen\seq12\masks\216.jpg,PolypGen_seq12,sequence,train
PolypGen,C:\VISKOM\Polyp-Gen\seq12\images\217.jpg,C:\VISKOM\Polyp-Gen\seq12\masks\217.jpg,PolypGen_seq12,sequence,train
PolypGen,C:\VISKOM\Polyp-Gen\seq12\images\218.jpg,C:\VISKOM\Polyp-Gen\seq12\masks\218.jpg,PolypGen_seq12,sequence,train
PolypGen,C:\VISKOM\Polyp-Gen\seq12\images\219.jpg,C:\VISKOM\Polyp-Gen\seq12\masks\219.jpg,PolypGen_seq12,sequence,train
PolypGen,C:\VISKOM\Polyp-Gen\seq12\images\220.jpg,C:\VISKOM\Polyp-Gen\seq12\masks\220.jpg,PolypGen_seq12,sequence,train
PolypGen,C:\VISKOM\Polyp-Gen\seq12\images\221.jpg,C:\VISKOM\Polyp-Gen\seq12\masks\221.jpg,PolypGen_seq12,sequence,train
PolypGen,C:\VISKOM\Polyp-Gen\seq12\images\222.jpg,C:\VISKOM\Polyp-Gen\seq12\masks\222.jpg,PolypGen_seq12,sequence,train
PolypGen,C:\VISKOM\Polyp-Gen\seq12\images\223.jpg,C:\VISKOM\Polyp-Gen\seq12\masks\223.jpg,PolypGen_seq12,sequence,train
PolypGen,C:\VISKOM\Polyp-Gen\seq12\images\224.jpg,C:\VISKOM\Polyp-Gen\seq12\masks\224.jpg,PolypGen_seq12,sequence,train
PolypGen,C:\VISKOM\Polyp-Gen\seq12\images\225.jpg,C:\VISKOM\Polyp-Gen\seq12\masks\225.jpg,PolypGen_seq12,sequence,train
PolypGen,C:\VISKOM\Polyp-Gen\seq12\images\226.jpg,C:\VISKOM\Polyp-Gen\seq12\masks\226.jpg,PolypGen_seq12,sequence,train
PolypGen,C:\VISKOM\Polyp-Gen\seq12\images\227.jpg,C:\VISKOM\Polyp-Gen\seq12\masks\227.jpg,PolypGen_seq12,sequence,train
PolypGen,C:\VISKOM\Polyp-Gen\seq12\images\228.jpg,C:\VISKOM\Polyp-Gen\seq12\masks\228.jpg,PolypGen_seq12,sequence,train
PolypGen,C:\VISKOM\Polyp-Gen\seq12\images\229.jpg,C:\VISKOM\Polyp-Gen\seq12\masks\229.jpg,PolypGen_seq12,sequence,train
PolypGen,C:\VISKOM\Polyp-Gen\seq12\images\230.jpg,C:\VISKOM\Polyp-Gen\seq12\masks\230.jpg,PolypGen_seq12,sequence,train
PolypGen,C:\VISKOM\Polyp-Gen\seq12\images\231.jpg,C:\VISKOM\Polyp-Gen\seq12\masks\231.jpg,PolypGen_seq12,sequence,train
PolypGen,C:\VISKOM\Polyp-Gen\seq12\images\232.jpg,C:\VISKOM\Polyp-Gen\seq12\masks\232.jpg,PolypGen_seq12,sequence,train
PolypGen,C:\VISKOM\Polyp-Gen\seq12\images\233.jpg,C:\VISKOM\Polyp-Gen\seq12\masks\233.jpg,PolypGen_seq12,sequence,train
PolypGen,C:\VISKOM\Polyp-Gen\seq12\images\234.jpg,C:\VISKOM\Polyp-Gen\seq12\masks\234.jpg,PolypGen_seq12,sequence,train
PolypGen,C:\VISKOM\Polyp-Gen\seq12\images\235.jpg,C:\VISKOM\Polyp-Gen\seq12\masks\235.jpg,PolypGen_seq12,sequence,train
PolypGen,C:\VISKOM\Polyp-Gen\seq12\images\236.jpg,C:\VISKOM\Polyp-Gen\seq12\masks\236.jpg,PolypGen_seq12,sequence,train
PolypGen,C:\VISKOM\Polyp-Gen\seq12\images\237.jpg,C:\VISKOM\Polyp-Gen\seq12\masks\237.jpg,PolypGen_seq12,sequence,train
PolypGen,C:\VISKOM\Polyp-Gen\seq12\images\238.jpg,C:\VISKOM\Polyp-Gen\seq12\masks\238.jpg,PolypGen_seq12,sequence,train
PolypGen,C:\VISKOM\Polyp-Gen\seq12\images\239.jpg,C:\VISKOM\Polyp-Gen\seq12\masks\239.jpg,PolypGen_seq12,sequence,train
PolypGen,C:\VISKOM\Polyp-Gen\seq12\images\240.jpg,C:\VISKOM\Polyp-Gen\seq12\masks\240.jpg,PolypGen_seq12,sequence,train
PolypGen,C:\VISKOM\Polyp-Gen\seq12\images\241.jpg,C:\VISKOM\Polyp-Gen\seq12\masks\241.jpg,PolypGen_seq12,sequence,train
PolypGen,C:\VISKOM\Polyp-Gen\seq12\images\242.jpg,C:\VISKOM\Polyp-Gen\seq12\masks\242.jpg,PolypGen_seq12,sequence,train
PolypGen,C:\VISKOM\Polyp-Gen\seq12\images\243.jpg,C:\VISKOM\Polyp-Gen\seq12\masks\243.jpg,PolypGen_seq12,sequence,train
PolypGen,C:\VISKOM\Polyp-Gen\seq12\images\244.jpg,C:\VISKOM\Polyp-Gen\seq12\masks\244.jpg,PolypGen_seq12,sequence,train
PolypGen,C:\VISKOM\Polyp-Gen\seq12\images\245.jpg,C:\VISKOM\Polyp-Gen\seq12\masks\245.jpg,PolypGen_seq12,sequence,train
PolypGen,C:\VISKOM\Polyp-Gen\seq12\images\246.jpg,C:\VISKOM\Polyp-Gen\seq12\masks\246.jpg,PolypGen_seq12,sequence,train
PolypGen,C:\VISKOM\Polyp-Gen\seq12\images\247.jpg,C:\VISKOM\Polyp-Gen\seq12\masks\247.jpg,PolypGen_seq12,sequence,train
PolypGen,C:\VISKOM\Polyp-Gen\seq12\images\248.jpg,C:\VISKOM\Polyp-Gen\seq12\masks\248.jpg,PolypGen_seq12,sequence,train
PolypGen,C:\VISKOM\Polyp-Gen\seq12\images\249.jpg,C:\VISKOM\Polyp-Gen\seq12\masks\249.jpg,PolypGen_seq12,sequence,train
PolypGen,C:\VISKOM\Polyp-Gen\seq13\images\0.jpg,C:\VISKOM\Polyp-Gen\seq13\masks\0.jpg,PolypGen_seq13,sequence,val
PolypGen,C:\VISKOM\Polyp-Gen\seq13\images\1.jpg,C:\VISKOM\Polyp-Gen\seq13\masks\1.jpg,PolypGen_seq13,sequence,val
PolypGen,C:\VISKOM\Polyp-Gen\seq13\images\2.jpg,C:\VISKOM\Polyp-Gen\seq13\masks\2.jpg,PolypGen_seq13,sequence,val
PolypGen,C:\VISKOM\Polyp-Gen\seq13\images\3.jpg,C:\VISKOM\Polyp-Gen\seq13\masks\3.jpg,PolypGen_seq13,sequence,val
PolypGen,C:\VISKOM\Polyp-Gen\seq13\images\4.jpg,C:\VISKOM\Polyp-Gen\seq13\masks\4.jpg,PolypGen_seq13,sequence,val
PolypGen,C:\VISKOM\Polyp-Gen\seq13\images\5.jpg,C:\VISKOM\Polyp-Gen\seq13\masks\5.jpg,PolypGen_seq13,sequence,val
PolypGen,C:\VISKOM\Polyp-Gen\seq13\images\6.jpg,C:\VISKOM\Polyp-Gen\seq13\masks\6.jpg,PolypGen_seq13,sequence,val
PolypGen,C:\VISKOM\Polyp-Gen\seq13\images\7.jpg,C:\VISKOM\Polyp-Gen\seq13\masks\7.jpg,PolypGen_seq13,sequence,val
PolypGen,C:\VISKOM\Polyp-Gen\seq13\images\8.jpg,C:\VISKOM\Polyp-Gen\seq13\masks\8.jpg,PolypGen_seq13,sequence,val
PolypGen,C:\VISKOM\Polyp-Gen\seq13\images\9.jpg,C:\VISKOM\Polyp-Gen\seq13\masks\9.jpg,PolypGen_seq13,sequence,val
PolypGen,C:\VISKOM\Polyp-Gen\seq13\images\10.jpg,C:\VISKOM\Polyp-Gen\seq13\masks\10.jpg,PolypGen_seq13,sequence,val
PolypGen,C:\VISKOM\Polyp-Gen\seq13\images\11.jpg,C:\VISKOM\Polyp-Gen\seq13\masks\11.jpg,PolypGen_seq13,sequence,val
PolypGen,C:\VISKOM\Polyp-Gen\seq13\images\12.jpg,C:\VISKOM\Polyp-Gen\seq13\masks\12.jpg,PolypGen_seq13,sequence,val
PolypGen,C:\VISKOM\Polyp-Gen\seq13\images\13.jpg,C:\VISKOM\Polyp-Gen\seq13\masks\13.jpg,PolypGen_seq13,sequence,val
PolypGen,C:\VISKOM\Polyp-Gen\seq13\images\14.jpg,C:\VISKOM\Polyp-Gen\seq13\masks\14.jpg,PolypGen_seq13,sequence,val
PolypGen,C:\VISKOM\Polyp-Gen\seq13\images\15.jpg,C:\VISKOM\Polyp-Gen\seq13\masks\15.jpg,PolypGen_seq13,sequence,val
PolypGen,C:\VISKOM\Polyp-Gen\seq13\images\16.jpg,C:\VISKOM\Polyp-Gen\seq13\masks\16.jpg,PolypGen_seq13,sequence,val
PolypGen,C:\VISKOM\Polyp-Gen\seq13\images\17.jpg,C:\VISKOM\Polyp-Gen\seq13\masks\17.jpg,PolypGen_seq13,sequence,val
PolypGen,C:\VISKOM\Polyp-Gen\seq13\images\18.jpg,C:\VISKOM\Polyp-Gen\seq13\masks\18.jpg,PolypGen_seq13,sequence,val
PolypGen,C:\VISKOM\Polyp-Gen\seq13\images\19.jpg,C:\VISKOM\Polyp-Gen\seq13\masks\19.jpg,PolypGen_seq13,sequence,val
PolypGen,C:\VISKOM\Polyp-Gen\seq13\images\20.jpg,C:\VISKOM\Polyp-Gen\seq13\masks\20.jpg,PolypGen_seq13,sequence,val
PolypGen,C:\VISKOM\Polyp-Gen\seq13\images\21.jpg,C:\VISKOM\Polyp-Gen\seq13\masks\21.jpg,PolypGen_seq13,sequence,val
PolypGen,C:\VISKOM\Polyp-Gen\seq13\images\22.jpg,C:\VISKOM\Polyp-Gen\seq13\masks\22.jpg,PolypGen_seq13,sequence,val
PolypGen,C:\VISKOM\Polyp-Gen\seq13\images\23.jpg,C:\VISKOM\Polyp-Gen\seq13\masks\23.jpg,PolypGen_seq13,sequence,val
PolypGen,C:\VISKOM\Polyp-Gen\seq13\images\24.jpg,C:\VISKOM\Polyp-Gen\seq13\masks\24.jpg,PolypGen_seq13,sequence,val
PolypGen,C:\VISKOM\Polyp-Gen\seq13\images\25.jpg,C:\VISKOM\Polyp-Gen\seq13\masks\25.jpg,PolypGen_seq13,sequence,val
PolypGen,C:\VISKOM\Polyp-Gen\seq13\images\26.jpg,C:\VISKOM\Polyp-Gen\seq13\masks\26.jpg,PolypGen_seq13,sequence,val
PolypGen,C:\VISKOM\Polyp-Gen\seq13\images\27.jpg,C:\VISKOM\Polyp-Gen\seq13\masks\27.jpg,PolypGen_seq13,sequence,val
PolypGen,C:\VISKOM\Polyp-Gen\seq13\images\28.jpg,C:\VISKOM\Polyp-Gen\seq13\masks\28.jpg,PolypGen_seq13,sequence,val
PolypGen,C:\VISKOM\Polyp-Gen\seq13\images\29.jpg,C:\VISKOM\Polyp-Gen\seq13\masks\29.jpg,PolypGen_seq13,sequence,val
PolypGen,C:\VISKOM\Polyp-Gen\seq13\images\30.jpg,C:\VISKOM\Polyp-Gen\seq13\masks\30.jpg,PolypGen_seq13,sequence,val
PolypGen,C:\VISKOM\Polyp-Gen\seq13\images\31.jpg,C:\VISKOM\Polyp-Gen\seq13\masks\31.jpg,PolypGen_seq13,sequence,val
PolypGen,C:\VISKOM\Polyp-Gen\seq13\images\32.jpg,C:\VISKOM\Polyp-Gen\seq13\masks\32.jpg,PolypGen_seq13,sequence,val
PolypGen,C:\VISKOM\Polyp-Gen\seq13\images\33.jpg,C:\VISKOM\Polyp-Gen\seq13\masks\33.jpg,PolypGen_seq13,sequence,val
PolypGen,C:\VISKOM\Polyp-Gen\seq13\images\34.jpg,C:\VISKOM\Polyp-Gen\seq13\masks\34.jpg,PolypGen_seq13,sequence,val
PolypGen,C:\VISKOM\Polyp-Gen\seq13\images\35.jpg,C:\VISKOM\Polyp-Gen\seq13\masks\35.jpg,PolypGen_seq13,sequence,val
PolypGen,C:\VISKOM\Polyp-Gen\seq13\images\36.jpg,C:\VISKOM\Polyp-Gen\seq13\masks\36.jpg,PolypGen_seq13,sequence,val
PolypGen,C:\VISKOM\Polyp-Gen\seq13\images\37.jpg,C:\VISKOM\Polyp-Gen\seq13\masks\37.jpg,PolypGen_seq13,sequence,val
PolypGen,C:\VISKOM\Polyp-Gen\seq13\images\38.jpg,C:\VISKOM\Polyp-Gen\seq13\masks\38.jpg,PolypGen_seq13,sequence,val
PolypGen,C:\VISKOM\Polyp-Gen\seq13\images\39.jpg,C:\VISKOM\Polyp-Gen\seq13\masks\39.jpg,PolypGen_seq13,sequence,val
PolypGen,C:\VISKOM\Polyp-Gen\seq13\images\40.jpg,C:\VISKOM\Polyp-Gen\seq13\masks\40.jpg,PolypGen_seq13,sequence,val
PolypGen,C:\VISKOM\Polyp-Gen\seq13\images\41.jpg,C:\VISKOM\Polyp-Gen\seq13\masks\41.jpg,PolypGen_seq13,sequence,val
PolypGen,C:\VISKOM\Polyp-Gen\seq13\images\42.jpg,C:\VISKOM\Polyp-Gen\seq13\masks\42.jpg,PolypGen_seq13,sequence,val
PolypGen,C:\VISKOM\Polyp-Gen\seq13\images\43.jpg,C:\VISKOM\Polyp-Gen\seq13\masks\43.jpg,PolypGen_seq13,sequence,val
PolypGen,C:\VISKOM\Polyp-Gen\seq13\images\44.jpg,C:\VISKOM\Polyp-Gen\seq13\masks\44.jpg,PolypGen_seq13,sequence,val
PolypGen,C:\VISKOM\Polyp-Gen\seq13\images\45.jpg,C:\VISKOM\Polyp-Gen\seq13\masks\45.jpg,PolypGen_seq13,sequence,val
PolypGen,C:\VISKOM\Polyp-Gen\seq13\images\46.jpg,C:\VISKOM\Polyp-Gen\seq13\masks\46.jpg,PolypGen_seq13,sequence,val
PolypGen,C:\VISKOM\Polyp-Gen\seq13\images\47.jpg,C:\VISKOM\Polyp-Gen\seq13\masks\47.jpg,PolypGen_seq13,sequence,val
PolypGen,C:\VISKOM\Polyp-Gen\seq13\images\48.jpg,C:\VISKOM\Polyp-Gen\seq13\masks\48.jpg,PolypGen_seq13,sequence,val
PolypGen,C:\VISKOM\Polyp-Gen\seq13\images\49.jpg,C:\VISKOM\Polyp-Gen\seq13\masks\49.jpg,PolypGen_seq13,sequence,val
PolypGen,C:\VISKOM\Polyp-Gen\seq13\images\50.jpg,C:\VISKOM\Polyp-Gen\seq13\masks\50.jpg,PolypGen_seq13,sequence,val
PolypGen,C:\VISKOM\Polyp-Gen\seq13\images\51.jpg,C:\VISKOM\Polyp-Gen\seq13\masks\51.jpg,PolypGen_seq13,sequence,val
PolypGen,C:\VISKOM\Polyp-Gen\seq13\images\52.jpg,C:\VISKOM\Polyp-Gen\seq13\masks\52.jpg,PolypGen_seq13,sequence,val
PolypGen,C:\VISKOM\Polyp-Gen\seq13\images\53.jpg,C:\VISKOM\Polyp-Gen\seq13\masks\53.jpg,PolypGen_seq13,sequence,val
PolypGen,C:\VISKOM\Polyp-Gen\seq13\images\54.jpg,C:\VISKOM\Polyp-Gen\seq13\masks\54.jpg,PolypGen_seq13,sequence,val
PolypGen,C:\VISKOM\Polyp-Gen\seq13\images\55.jpg,C:\VISKOM\Polyp-Gen\seq13\masks\55.jpg,PolypGen_seq13,sequence,val
PolypGen,C:\VISKOM\Polyp-Gen\seq13\images\56.jpg,C:\VISKOM\Polyp-Gen\seq13\masks\56.jpg,PolypGen_seq13,sequence,val
PolypGen,C:\VISKOM\Polyp-Gen\seq13\images\57.jpg,C:\VISKOM\Polyp-Gen\seq13\masks\57.jpg,PolypGen_seq13,sequence,val
PolypGen,C:\VISKOM\Polyp-Gen\seq13\images\58.jpg,C:\VISKOM\Polyp-Gen\seq13\masks\58.jpg,PolypGen_seq13,sequence,val
PolypGen,C:\VISKOM\Polyp-Gen\seq13\images\59.jpg,C:\VISKOM\Polyp-Gen\seq13\masks\59.jpg,PolypGen_seq13,sequence,val
PolypGen,C:\VISKOM\Polyp-Gen\seq13\images\60.jpg,C:\VISKOM\Polyp-Gen\seq13\masks\60.jpg,PolypGen_seq13,sequence,val
PolypGen,C:\VISKOM\Polyp-Gen\seq13\images\61.jpg,C:\VISKOM\Polyp-Gen\seq13\masks\61.jpg,PolypGen_seq13,sequence,val
PolypGen,C:\VISKOM\Polyp-Gen\seq13\images\62.jpg,C:\VISKOM\Polyp-Gen\seq13\masks\62.jpg,PolypGen_seq13,sequence,val
PolypGen,C:\VISKOM\Polyp-Gen\seq13\images\63.jpg,C:\VISKOM\Polyp-Gen\seq13\masks\63.jpg,PolypGen_seq13,sequence,val
PolypGen,C:\VISKOM\Polyp-Gen\seq13\images\64.jpg,C:\VISKOM\Polyp-Gen\seq13\masks\64.jpg,PolypGen_seq13,sequence,val
PolypGen,C:\VISKOM\Polyp-Gen\seq13\images\65.jpg,C:\VISKOM\Polyp-Gen\seq13\masks\65.jpg,PolypGen_seq13,sequence,val
PolypGen,C:\VISKOM\Polyp-Gen\seq13\images\66.jpg,C:\VISKOM\Polyp-Gen\seq13\masks\66.jpg,PolypGen_seq13,sequence,val
PolypGen,C:\VISKOM\Polyp-Gen\seq13\images\67.jpg,C:\VISKOM\Polyp-Gen\seq13\masks\67.jpg,PolypGen_seq13,sequence,val
PolypGen,C:\VISKOM\Polyp-Gen\seq13\images\68.jpg,C:\VISKOM\Polyp-Gen\seq13\masks\68.jpg,PolypGen_seq13,sequence,val
PolypGen,C:\VISKOM\Polyp-Gen\seq13\images\69.jpg,C:\VISKOM\Polyp-Gen\seq13\masks\69.jpg,PolypGen_seq13,sequence,val
PolypGen,C:\VISKOM\Polyp-Gen\seq13\images\70.jpg,C:\VISKOM\Polyp-Gen\seq13\masks\70.jpg,PolypGen_seq13,sequence,val
PolypGen,C:\VISKOM\Polyp-Gen\seq13\images\71.jpg,C:\VISKOM\Polyp-Gen\seq13\masks\71.jpg,PolypGen_seq13,sequence,val
PolypGen,C:\VISKOM\Polyp-Gen\seq13\images\72.jpg,C:\VISKOM\Polyp-Gen\seq13\masks\72.jpg,PolypGen_seq13,sequence,val
PolypGen,C:\VISKOM\Polyp-Gen\seq13\images\73.jpg,C:\VISKOM\Polyp-Gen\seq13\masks\73.jpg,PolypGen_seq13,sequence,val
PolypGen,C:\VISKOM\Polyp-Gen\seq13\images\74.jpg,C:\VISKOM\Polyp-Gen\seq13\masks\74.jpg,PolypGen_seq13,sequence,val
PolypGen,C:\VISKOM\Polyp-Gen\seq13\images\75.jpg,C:\VISKOM\Polyp-Gen\seq13\masks\75.jpg,PolypGen_seq13,sequence,val
PolypGen,C:\VISKOM\Polyp-Gen\seq13\images\76.jpg,C:\VISKOM\Polyp-Gen\seq13\masks\76.jpg,PolypGen_seq13,sequence,val
PolypGen,C:\VISKOM\Polyp-Gen\seq13\images\77.jpg,C:\VISKOM\Polyp-Gen\seq13\masks\77.jpg,PolypGen_seq13,sequence,val
PolypGen,C:\VISKOM\Polyp-Gen\seq13\images\78.jpg,C:\VISKOM\Polyp-Gen\seq13\masks\78.jpg,PolypGen_seq13,sequence,val
PolypGen,C:\VISKOM\Polyp-Gen\seq13\images\79.jpg,C:\VISKOM\Polyp-Gen\seq13\masks\79.jpg,PolypGen_seq13,sequence,val
PolypGen,C:\VISKOM\Polyp-Gen\seq13\images\80.jpg,C:\VISKOM\Polyp-Gen\seq13\masks\80.jpg,PolypGen_seq13,sequence,val
PolypGen,C:\VISKOM\Polyp-Gen\seq13\images\81.jpg,C:\VISKOM\Polyp-Gen\seq13\masks\81.jpg,PolypGen_seq13,sequence,val
PolypGen,C:\VISKOM\Polyp-Gen\seq13\images\82.jpg,C:\VISKOM\Polyp-Gen\seq13\masks\82.jpg,PolypGen_seq13,sequence,val
PolypGen,C:\VISKOM\Polyp-Gen\seq13\images\83.jpg,C:\VISKOM\Polyp-Gen\seq13\masks\83.jpg,PolypGen_seq13,sequence,val
PolypGen,C:\VISKOM\Polyp-Gen\seq13\images\84.jpg,C:\VISKOM\Polyp-Gen\seq13\masks\84.jpg,PolypGen_seq13,sequence,val
PolypGen,C:\VISKOM\Polyp-Gen\seq13\images\85.jpg,C:\VISKOM\Polyp-Gen\seq13\masks\85.jpg,PolypGen_seq13,sequence,val
PolypGen,C:\VISKOM\Polyp-Gen\seq13\images\86.jpg,C:\VISKOM\Polyp-Gen\seq13\masks\86.jpg,PolypGen_seq13,sequence,val
PolypGen,C:\VISKOM\Polyp-Gen\seq13\images\87.jpg,C:\VISKOM\Polyp-Gen\seq13\masks\87.jpg,PolypGen_seq13,sequence,val
PolypGen,C:\VISKOM\Polyp-Gen\seq13\images\88.jpg,C:\VISKOM\Polyp-Gen\seq13\masks\88.jpg,PolypGen_seq13,sequence,val
PolypGen,C:\VISKOM\Polyp-Gen\seq13\images\89.jpg,C:\VISKOM\Polyp-Gen\seq13\masks\89.jpg,PolypGen_seq13,sequence,val
PolypGen,C:\VISKOM\Polyp-Gen\seq13\images\90.jpg,C:\VISKOM\Polyp-Gen\seq13\masks\90.jpg,PolypGen_seq13,sequence,val
PolypGen,C:\VISKOM\Polyp-Gen\seq13\images\91.jpg,C:\VISKOM\Polyp-Gen\seq13\masks\91.jpg,PolypGen_seq13,sequence,val
PolypGen,C:\VISKOM\Polyp-Gen\seq13\images\92.jpg,C:\VISKOM\Polyp-Gen\seq13\masks\92.jpg,PolypGen_seq13,sequence,val
PolypGen,C:\VISKOM\Polyp-Gen\seq13\images\93.jpg,C:\VISKOM\Polyp-Gen\seq13\masks\93.jpg,PolypGen_seq13,sequence,val
PolypGen,C:\VISKOM\Polyp-Gen\seq13\images\94.jpg,C:\VISKOM\Polyp-Gen\seq13\masks\94.jpg,PolypGen_seq13,sequence,val
PolypGen,C:\VISKOM\Polyp-Gen\seq13\images\95.jpg,C:\VISKOM\Polyp-Gen\seq13\masks\95.jpg,PolypGen_seq13,sequence,val
PolypGen,C:\VISKOM\Polyp-Gen\seq13\images\96.jpg,C:\VISKOM\Polyp-Gen\seq13\masks\96.jpg,PolypGen_seq13,sequence,val
PolypGen,C:\VISKOM\Polyp-Gen\seq13\images\97.jpg,C:\VISKOM\Polyp-Gen\seq13\masks\97.jpg,PolypGen_seq13,sequence,val
PolypGen,C:\VISKOM\Polyp-Gen\seq13\images\98.jpg,C:\VISKOM\Polyp-Gen\seq13\masks\98.jpg,PolypGen_seq13,sequence,val
PolypGen,C:\VISKOM\Polyp-Gen\seq13\images\99.jpg,C:\VISKOM\Polyp-Gen\seq13\masks\99.jpg,PolypGen_seq13,sequence,val
PolypGen,C:\VISKOM\Polyp-Gen\seq13\images\100.jpg,C:\VISKOM\Polyp-Gen\seq13\masks\100.jpg,PolypGen_seq13,sequence,val
PolypGen,C:\VISKOM\Polyp-Gen\seq13\images\101.jpg,C:\VISKOM\Polyp-Gen\seq13\masks\101.jpg,PolypGen_seq13,sequence,val
PolypGen,C:\VISKOM\Polyp-Gen\seq13\images\102.jpg,C:\VISKOM\Polyp-Gen\seq13\masks\102.jpg,PolypGen_seq13,sequence,val
PolypGen,C:\VISKOM\Polyp-Gen\seq13\images\103.jpg,C:\VISKOM\Polyp-Gen\seq13\masks\103.jpg,PolypGen_seq13,sequence,val
PolypGen,C:\VISKOM\Polyp-Gen\seq13\images\104.jpg,C:\VISKOM\Polyp-Gen\seq13\masks\104.jpg,PolypGen_seq13,sequence,val
PolypGen,C:\VISKOM\Polyp-Gen\seq13\images\105.jpg,C:\VISKOM\Polyp-Gen\seq13\masks\105.jpg,PolypGen_seq13,sequence,val
PolypGen,C:\VISKOM\Polyp-Gen\seq13\images\106.jpg,C:\VISKOM\Polyp-Gen\seq13\masks\106.jpg,PolypGen_seq13,sequence,val
PolypGen,C:\VISKOM\Polyp-Gen\seq13\images\107.jpg,C:\VISKOM\Polyp-Gen\seq13\masks\107.jpg,PolypGen_seq13,sequence,val
PolypGen,C:\VISKOM\Polyp-Gen\seq13\images\108.jpg,C:\VISKOM\Polyp-Gen\seq13\masks\108.jpg,PolypGen_seq13,sequence,val
PolypGen,C:\VISKOM\Polyp-Gen\seq13\images\109.jpg,C:\VISKOM\Polyp-Gen\seq13\masks\109.jpg,PolypGen_seq13,sequence,val
PolypGen,C:\VISKOM\Polyp-Gen\seq13\images\110.jpg,C:\VISKOM\Polyp-Gen\seq13\masks\110.jpg,PolypGen_seq13,sequence,val
PolypGen,C:\VISKOM\Polyp-Gen\seq13\images\111.jpg,C:\VISKOM\Polyp-Gen\seq13\masks\111.jpg,PolypGen_seq13,sequence,val
PolypGen,C:\VISKOM\Polyp-Gen\seq13\images\112.jpg,C:\VISKOM\Polyp-Gen\seq13\masks\112.jpg,PolypGen_seq13,sequence,val
PolypGen,C:\VISKOM\Polyp-Gen\seq13\images\113.jpg,C:\VISKOM\Polyp-Gen\seq13\masks\113.jpg,PolypGen_seq13,sequence,val
PolypGen,C:\VISKOM\Polyp-Gen\seq13\images\114.jpg,C:\VISKOM\Polyp-Gen\seq13\masks\114.jpg,PolypGen_seq13,sequence,val
PolypGen,C:\VISKOM\Polyp-Gen\seq13\images\115.jpg,C:\VISKOM\Polyp-Gen\seq13\masks\115.jpg,PolypGen_seq13,sequence,val
PolypGen,C:\VISKOM\Polyp-Gen\seq13\images\116.jpg,C:\VISKOM\Polyp-Gen\seq13\masks\116.jpg,PolypGen_seq13,sequence,val
PolypGen,C:\VISKOM\Polyp-Gen\seq13\images\117.jpg,C:\VISKOM\Polyp-Gen\seq13\masks\117.jpg,PolypGen_seq13,sequence,val
PolypGen,C:\VISKOM\Polyp-Gen\seq13\images\118.jpg,C:\VISKOM\Polyp-Gen\seq13\masks\118.jpg,PolypGen_seq13,sequence,val
PolypGen,C:\VISKOM\Polyp-Gen\seq13\images\119.jpg,C:\VISKOM\Polyp-Gen\seq13\masks\119.jpg,PolypGen_seq13,sequence,val
PolypGen,C:\VISKOM\Polyp-Gen\seq13\images\120.jpg,C:\VISKOM\Polyp-Gen\seq13\masks\120.jpg,PolypGen_seq13,sequence,val
PolypGen,C:\VISKOM\Polyp-Gen\seq13\images\121.jpg,C:\VISKOM\Polyp-Gen\seq13\masks\121.jpg,PolypGen_seq13,sequence,val
PolypGen,C:\VISKOM\Polyp-Gen\seq13\images\122.jpg,C:\VISKOM\Polyp-Gen\seq13\masks\122.jpg,PolypGen_seq13,sequence,val
PolypGen,C:\VISKOM\Polyp-Gen\seq13\images\123.jpg,C:\VISKOM\Polyp-Gen\seq13\masks\123.jpg,PolypGen_seq13,sequence,val
PolypGen,C:\VISKOM\Polyp-Gen\seq13\images\124.jpg,C:\VISKOM\Polyp-Gen\seq13\masks\124.jpg,PolypGen_seq13,sequence,val
PolypGen,C:\VISKOM\Polyp-Gen\seq13\images\125.jpg,C:\VISKOM\Polyp-Gen\seq13\masks\125.jpg,PolypGen_seq13,sequence,val
PolypGen,C:\VISKOM\Polyp-Gen\seq13\images\126.jpg,C:\VISKOM\Polyp-Gen\seq13\masks\126.jpg,PolypGen_seq13,sequence,val
PolypGen,C:\VISKOM\Polyp-Gen\seq13\images\127.jpg,C:\VISKOM\Polyp-Gen\seq13\masks\127.jpg,PolypGen_seq13,sequence,val
PolypGen,C:\VISKOM\Polyp-Gen\seq13\images\128.jpg,C:\VISKOM\Polyp-Gen\seq13\masks\128.jpg,PolypGen_seq13,sequence,val
PolypGen,C:\VISKOM\Polyp-Gen\seq13\images\129.jpg,C:\VISKOM\Polyp-Gen\seq13\masks\129.jpg,PolypGen_seq13,sequence,val
PolypGen,C:\VISKOM\Polyp-Gen\seq13\images\130.jpg,C:\VISKOM\Polyp-Gen\seq13\masks\130.jpg,PolypGen_seq13,sequence,val
PolypGen,C:\VISKOM\Polyp-Gen\seq13\images\131.jpg,C:\VISKOM\Polyp-Gen\seq13\masks\131.jpg,PolypGen_seq13,sequence,val
PolypGen,C:\VISKOM\Polyp-Gen\seq13\images\132.jpg,C:\VISKOM\Polyp-Gen\seq13\masks\132.jpg,PolypGen_seq13,sequence,val
PolypGen,C:\VISKOM\Polyp-Gen\seq13\images\133.jpg,C:\VISKOM\Polyp-Gen\seq13\masks\133.jpg,PolypGen_seq13,sequence,val
PolypGen,C:\VISKOM\Polyp-Gen\seq13\images\134.jpg,C:\VISKOM\Polyp-Gen\seq13\masks\134.jpg,PolypGen_seq13,sequence,val
PolypGen,C:\VISKOM\Polyp-Gen\seq13\images\135.jpg,C:\VISKOM\Polyp-Gen\seq13\masks\135.jpg,PolypGen_seq13,sequence,val
PolypGen,C:\VISKOM\Polyp-Gen\seq13\images\136.jpg,C:\VISKOM\Polyp-Gen\seq13\masks\136.jpg,PolypGen_seq13,sequence,val
PolypGen,C:\VISKOM\Polyp-Gen\seq13\images\137.jpg,C:\VISKOM\Polyp-Gen\seq13\masks\137.jpg,PolypGen_seq13,sequence,val
PolypGen,C:\VISKOM\Polyp-Gen\seq13\images\138.jpg,C:\VISKOM\Polyp-Gen\seq13\masks\138.jpg,PolypGen_seq13,sequence,val
PolypGen,C:\VISKOM\Polyp-Gen\seq13\images\139.jpg,C:\VISKOM\Polyp-Gen\seq13\masks\139.jpg,PolypGen_seq13,sequence,val
PolypGen,C:\VISKOM\Polyp-Gen\seq13\images\140.jpg,C:\VISKOM\Polyp-Gen\seq13\masks\140.jpg,PolypGen_seq13,sequence,val
PolypGen,C:\VISKOM\Polyp-Gen\seq13\images\141.jpg,C:\VISKOM\Polyp-Gen\seq13\masks\141.jpg,PolypGen_seq13,sequence,val
PolypGen,C:\VISKOM\Polyp-Gen\seq13\images\142.jpg,C:\VISKOM\Polyp-Gen\seq13\masks\142.jpg,PolypGen_seq13,sequence,val
PolypGen,C:\VISKOM\Polyp-Gen\seq13\images\143.jpg,C:\VISKOM\Polyp-Gen\seq13\masks\143.jpg,PolypGen_seq13,sequence,val
PolypGen,C:\VISKOM\Polyp-Gen\seq13\images\144.jpg,C:\VISKOM\Polyp-Gen\seq13\masks\144.jpg,PolypGen_seq13,sequence,val
PolypGen,C:\VISKOM\Polyp-Gen\seq13\images\145.jpg,C:\VISKOM\Polyp-Gen\seq13\masks\145.jpg,PolypGen_seq13,sequence,val
PolypGen,C:\VISKOM\Polyp-Gen\seq13\images\146.jpg,C:\VISKOM\Polyp-Gen\seq13\masks\146.jpg,PolypGen_seq13,sequence,val
PolypGen,C:\VISKOM\Polyp-Gen\seq13\images\147.jpg,C:\VISKOM\Polyp-Gen\seq13\masks\147.jpg,PolypGen_seq13,sequence,val
PolypGen,C:\VISKOM\Polyp-Gen\seq13\images\148.jpg,C:\VISKOM\Polyp-Gen\seq13\masks\148.jpg,PolypGen_seq13,sequence,val
PolypGen,C:\VISKOM\Polyp-Gen\seq13\images\149.jpg,C:\VISKOM\Polyp-Gen\seq13\masks\149.jpg,PolypGen_seq13,sequence,val
PolypGen,C:\VISKOM\Polyp-Gen\seq13\images\150.jpg,C:\VISKOM\Polyp-Gen\seq13\masks\150.jpg,PolypGen_seq13,sequence,val
PolypGen,C:\VISKOM\Polyp-Gen\seq13\images\151.jpg,C:\VISKOM\Polyp-Gen\seq13\masks\151.jpg,PolypGen_seq13,sequence,val
PolypGen,C:\VISKOM\Polyp-Gen\seq13\images\152.jpg,C:\VISKOM\Polyp-Gen\seq13\masks\152.jpg,PolypGen_seq13,sequence,val
PolypGen,C:\VISKOM\Polyp-Gen\seq13\images\153.jpg,C:\VISKOM\Polyp-Gen\seq13\masks\153.jpg,PolypGen_seq13,sequence,val
PolypGen,C:\VISKOM\Polyp-Gen\seq13\images\154.jpg,C:\VISKOM\Polyp-Gen\seq13\masks\154.jpg,PolypGen_seq13,sequence,val
PolypGen,C:\VISKOM\Polyp-Gen\seq13\images\155.jpg,C:\VISKOM\Polyp-Gen\seq13\masks\155.jpg,PolypGen_seq13,sequence,val
PolypGen,C:\VISKOM\Polyp-Gen\seq13\images\156.jpg,C:\VISKOM\Polyp-Gen\seq13\masks\156.jpg,PolypGen_seq13,sequence,val
PolypGen,C:\VISKOM\Polyp-Gen\seq13\images\157.jpg,C:\VISKOM\Polyp-Gen\seq13\masks\157.jpg,PolypGen_seq13,sequence,val
PolypGen,C:\VISKOM\Polyp-Gen\seq13\images\158.jpg,C:\VISKOM\Polyp-Gen\seq13\masks\158.jpg,PolypGen_seq13,sequence,val
PolypGen,C:\VISKOM\Polyp-Gen\seq13\images\159.jpg,C:\VISKOM\Polyp-Gen\seq13\masks\159.jpg,PolypGen_seq13,sequence,val
PolypGen,C:\VISKOM\Polyp-Gen\seq13\images\160.jpg,C:\VISKOM\Polyp-Gen\seq13\masks\160.jpg,PolypGen_seq13,sequence,val
PolypGen,C:\VISKOM\Polyp-Gen\seq13\images\161.jpg,C:\VISKOM\Polyp-Gen\seq13\masks\161.jpg,PolypGen_seq13,sequence,val
PolypGen,C:\VISKOM\Polyp-Gen\seq13\images\162.jpg,C:\VISKOM\Polyp-Gen\seq13\masks\162.jpg,PolypGen_seq13,sequence,val
PolypGen,C:\VISKOM\Polyp-Gen\seq13\images\163.jpg,C:\VISKOM\Polyp-Gen\seq13\masks\163.jpg,PolypGen_seq13,sequence,val
PolypGen,C:\VISKOM\Polyp-Gen\seq13\images\164.jpg,C:\VISKOM\Polyp-Gen\seq13\masks\164.jpg,PolypGen_seq13,sequence,val
PolypGen,C:\VISKOM\Polyp-Gen\seq13\images\165.jpg,C:\VISKOM\Polyp-Gen\seq13\masks\165.jpg,PolypGen_seq13,sequence,val
PolypGen,C:\VISKOM\Polyp-Gen\seq13\images\166.jpg,C:\VISKOM\Polyp-Gen\seq13\masks\166.jpg,PolypGen_seq13,sequence,val
PolypGen,C:\VISKOM\Polyp-Gen\seq13\images\167.jpg,C:\VISKOM\Polyp-Gen\seq13\masks\167.jpg,PolypGen_seq13,sequence,val
PolypGen,C:\VISKOM\Polyp-Gen\seq13\images\168.jpg,C:\VISKOM\Polyp-Gen\seq13\masks\168.jpg,PolypGen_seq13,sequence,val
PolypGen,C:\VISKOM\Polyp-Gen\seq13\images\169.jpg,C:\VISKOM\Polyp-Gen\seq13\masks\169.jpg,PolypGen_seq13,sequence,val
PolypGen,C:\VISKOM\Polyp-Gen\seq13\images\170.jpg,C:\VISKOM\Polyp-Gen\seq13\masks\170.jpg,PolypGen_seq13,sequence,val
PolypGen,C:\VISKOM\Polyp-Gen\seq13\images\171.jpg,C:\VISKOM\Polyp-Gen\seq13\masks\171.jpg,PolypGen_seq13,sequence,val
PolypGen,C:\VISKOM\Polyp-Gen\seq13\images\172.jpg,C:\VISKOM\Polyp-Gen\seq13\masks\172.jpg,PolypGen_seq13,sequence,val
PolypGen,C:\VISKOM\Polyp-Gen\seq13\images\173.jpg,C:\VISKOM\Polyp-Gen\seq13\masks\173.jpg,PolypGen_seq13,sequence,val
PolypGen,C:\VISKOM\Polyp-Gen\seq13\images\174.jpg,C:\VISKOM\Polyp-Gen\seq13\masks\174.jpg,PolypGen_seq13,sequence,val
PolypGen,C:\VISKOM\Polyp-Gen\seq13\images\175.jpg,C:\VISKOM\Polyp-Gen\seq13\masks\175.jpg,PolypGen_seq13,sequence,val
PolypGen,C:\VISKOM\Polyp-Gen\seq13\images\176.jpg,C:\VISKOM\Polyp-Gen\seq13\masks\176.jpg,PolypGen_seq13,sequence,val
PolypGen,C:\VISKOM\Polyp-Gen\seq13\images\177.jpg,C:\VISKOM\Polyp-Gen\seq13\masks\177.jpg,PolypGen_seq13,sequence,val
PolypGen,C:\VISKOM\Polyp-Gen\seq13\images\178.jpg,C:\VISKOM\Polyp-Gen\seq13\masks\178.jpg,PolypGen_seq13,sequence,val
PolypGen,C:\VISKOM\Polyp-Gen\seq13\images\179.jpg,C:\VISKOM\Polyp-Gen\seq13\masks\179.jpg,PolypGen_seq13,sequence,val
PolypGen,C:\VISKOM\Polyp-Gen\seq13\images\180.jpg,C:\VISKOM\Polyp-Gen\seq13\masks\180.jpg,PolypGen_seq13,sequence,val
PolypGen,C:\VISKOM\Polyp-Gen\seq13\images\181.jpg,C:\VISKOM\Polyp-Gen\seq13\masks\181.jpg,PolypGen_seq13,sequence,val
PolypGen,C:\VISKOM\Polyp-Gen\seq13\images\182.jpg,C:\VISKOM\Polyp-Gen\seq13\masks\182.jpg,PolypGen_seq13,sequence,val
PolypGen,C:\VISKOM\Polyp-Gen\seq13\images\183.jpg,C:\VISKOM\Polyp-Gen\seq13\masks\183.jpg,PolypGen_seq13,sequence,val
PolypGen,C:\VISKOM\Polyp-Gen\seq13\images\184.jpg,C:\VISKOM\Polyp-Gen\seq13\masks\184.jpg,PolypGen_seq13,sequence,val
PolypGen,C:\VISKOM\Polyp-Gen\seq13\images\185.jpg,C:\VISKOM\Polyp-Gen\seq13\masks\185.jpg,PolypGen_seq13,sequence,val
PolypGen,C:\VISKOM\Polyp-Gen\seq13\images\186.jpg,C:\VISKOM\Polyp-Gen\seq13\masks\186.jpg,PolypGen_seq13,sequence,val
PolypGen,C:\VISKOM\Polyp-Gen\seq13\images\187.jpg,C:\VISKOM\Polyp-Gen\seq13\masks\187.jpg,PolypGen_seq13,sequence,val
PolypGen,C:\VISKOM\Polyp-Gen\seq13\images\188.jpg,C:\VISKOM\Polyp-Gen\seq13\masks\188.jpg,PolypGen_seq13,sequence,val
PolypGen,C:\VISKOM\Polyp-Gen\seq13\images\189.jpg,C:\VISKOM\Polyp-Gen\seq13\masks\189.jpg,PolypGen_seq13,sequence,val
PolypGen,C:\VISKOM\Polyp-Gen\seq13\images\190.jpg,C:\VISKOM\Polyp-Gen\seq13\masks\190.jpg,PolypGen_seq13,sequence,val
PolypGen,C:\VISKOM\Polyp-Gen\seq13\images\191.jpg,C:\VISKOM\Polyp-Gen\seq13\masks\191.jpg,PolypGen_seq13,sequence,val
PolypGen,C:\VISKOM\Polyp-Gen\seq13\images\192.jpg,C:\VISKOM\Polyp-Gen\seq13\masks\192.jpg,PolypGen_seq13,sequence,val
PolypGen,C:\VISKOM\Polyp-Gen\seq13\images\193.jpg,C:\VISKOM\Polyp-Gen\seq13\masks\193.jpg,PolypGen_seq13,sequence,val
PolypGen,C:\VISKOM\Polyp-Gen\seq13\images\194.jpg,C:\VISKOM\Polyp-Gen\seq13\masks\194.jpg,PolypGen_seq13,sequence,val
PolypGen,C:\VISKOM\Polyp-Gen\seq13\images\195.jpg,C:\VISKOM\Polyp-Gen\seq13\masks\195.jpg,PolypGen_seq13,sequence,val
PolypGen,C:\VISKOM\Polyp-Gen\seq13\images\196.jpg,C:\VISKOM\Polyp-Gen\seq13\masks\196.jpg,PolypGen_seq13,sequence,val
PolypGen,C:\VISKOM\Polyp-Gen\seq13\images\197.jpg,C:\VISKOM\Polyp-Gen\seq13\masks\197.jpg,PolypGen_seq13,sequence,val
PolypGen,C:\VISKOM\Polyp-Gen\seq13\images\198.jpg,C:\VISKOM\Polyp-Gen\seq13\masks\198.jpg,PolypGen_seq13,sequence,val
PolypGen,C:\VISKOM\Polyp-Gen\seq13\images\199.jpg,C:\VISKOM\Polyp-Gen\seq13\masks\199.jpg,PolypGen_seq13,sequence,val
PolypGen,C:\VISKOM\Polyp-Gen\seq13\images\200.jpg,C:\VISKOM\Polyp-Gen\seq13\masks\200.jpg,PolypGen_seq13,sequence,val
PolypGen,C:\VISKOM\Polyp-Gen\seq13\images\201.jpg,C:\VISKOM\Polyp-Gen\seq13\masks\201.jpg,PolypGen_seq13,sequence,val
PolypGen,C:\VISKOM\Polyp-Gen\seq13\images\202.jpg,C:\VISKOM\Polyp-Gen\seq13\masks\202.jpg,PolypGen_seq13,sequence,val
PolypGen,C:\VISKOM\Polyp-Gen\seq13\images\203.jpg,C:\VISKOM\Polyp-Gen\seq13\masks\203.jpg,PolypGen_seq13,sequence,val
PolypGen,C:\VISKOM\Polyp-Gen\seq13\images\204.jpg,C:\VISKOM\Polyp-Gen\seq13\masks\204.jpg,PolypGen_seq13,sequence,val
PolypGen,C:\VISKOM\Polyp-Gen\seq13\images\205.jpg,C:\VISKOM\Polyp-Gen\seq13\masks\205.jpg,PolypGen_seq13,sequence,val
PolypGen,C:\VISKOM\Polyp-Gen\seq13\images\206.jpg,C:\VISKOM\Polyp-Gen\seq13\masks\206.jpg,PolypGen_seq13,sequence,val
PolypGen,C:\VISKOM\Polyp-Gen\seq13\images\207.jpg,C:\VISKOM\Polyp-Gen\seq13\masks\207.jpg,PolypGen_seq13,sequence,val
PolypGen,C:\VISKOM\Polyp-Gen\seq13\images\208.jpg,C:\VISKOM\Polyp-Gen\seq13\masks\208.jpg,PolypGen_seq13,sequence,val
PolypGen,C:\VISKOM\Polyp-Gen\seq13\images\209.jpg,C:\VISKOM\Polyp-Gen\seq13\masks\209.jpg,PolypGen_seq13,sequence,val
PolypGen,C:\VISKOM\Polyp-Gen\seq13\images\210.jpg,C:\VISKOM\Polyp-Gen\seq13\masks\210.jpg,PolypGen_seq13,sequence,val
PolypGen,C:\VISKOM\Polyp-Gen\seq13\images\211.jpg,C:\VISKOM\Polyp-Gen\seq13\masks\211.jpg,PolypGen_seq13,sequence,val
PolypGen,C:\VISKOM\Polyp-Gen\seq13\images\212.jpg,C:\VISKOM\Polyp-Gen\seq13\masks\212.jpg,PolypGen_seq13,sequence,val
PolypGen,C:\VISKOM\Polyp-Gen\seq13\images\213.jpg,C:\VISKOM\Polyp-Gen\seq13\masks\213.jpg,PolypGen_seq13,sequence,val
PolypGen,C:\VISKOM\Polyp-Gen\seq13\images\214.jpg,C:\VISKOM\Polyp-Gen\seq13\masks\214.jpg,PolypGen_seq13,sequence,val
PolypGen,C:\VISKOM\Polyp-Gen\seq13\images\215.jpg,C:\VISKOM\Polyp-Gen\seq13\masks\215.jpg,PolypGen_seq13,sequence,val
PolypGen,C:\VISKOM\Polyp-Gen\seq13\images\216.jpg,C:\VISKOM\Polyp-Gen\seq13\masks\216.jpg,PolypGen_seq13,sequence,val
PolypGen,C:\VISKOM\Polyp-Gen\seq13\images\217.jpg,C:\VISKOM\Polyp-Gen\seq13\masks\217.jpg,PolypGen_seq13,sequence,val
PolypGen,C:\VISKOM\Polyp-Gen\seq13\images\218.jpg,C:\VISKOM\Polyp-Gen\seq13\masks\218.jpg,PolypGen_seq13,sequence,val
PolypGen,C:\VISKOM\Polyp-Gen\seq13\images\219.jpg,C:\VISKOM\Polyp-Gen\seq13\masks\219.jpg,PolypGen_seq13,sequence,val
PolypGen,C:\VISKOM\Polyp-Gen\seq13\images\220.jpg,C:\VISKOM\Polyp-Gen\seq13\masks\220.jpg,PolypGen_seq13,sequence,val
PolypGen,C:\VISKOM\Polyp-Gen\seq13\images\221.jpg,C:\VISKOM\Polyp-Gen\seq13\masks\221.jpg,PolypGen_seq13,sequence,val
PolypGen,C:\VISKOM\Polyp-Gen\seq13\images\222.jpg,C:\VISKOM\Polyp-Gen\seq13\masks\222.jpg,PolypGen_seq13,sequence,val
PolypGen,C:\VISKOM\Polyp-Gen\seq13\images\223.jpg,C:\VISKOM\Polyp-Gen\seq13\masks\223.jpg,PolypGen_seq13,sequence,val
PolypGen,C:\VISKOM\Polyp-Gen\seq13\images\224.jpg,C:\VISKOM\Polyp-Gen\seq13\masks\224.jpg,PolypGen_seq13,sequence,val
PolypGen,C:\VISKOM\Polyp-Gen\seq13\images\225.jpg,C:\VISKOM\Polyp-Gen\seq13\masks\225.jpg,PolypGen_seq13,sequence,val
PolypGen,C:\VISKOM\Polyp-Gen\seq13\images\226.jpg,C:\VISKOM\Polyp-Gen\seq13\masks\226.jpg,PolypGen_seq13,sequence,val
PolypGen,C:\VISKOM\Polyp-Gen\seq13\images\227.jpg,C:\VISKOM\Polyp-Gen\seq13\masks\227.jpg,PolypGen_seq13,sequence,val
PolypGen,C:\VISKOM\Polyp-Gen\seq13\images\228.jpg,C:\VISKOM\Polyp-Gen\seq13\masks\228.jpg,PolypGen_seq13,sequence,val
PolypGen,C:\VISKOM\Polyp-Gen\seq13\images\229.jpg,C:\VISKOM\Polyp-Gen\seq13\masks\229.jpg,PolypGen_seq13,sequence,val
PolypGen,C:\VISKOM\Polyp-Gen\seq13\images\230.jpg,C:\VISKOM\Polyp-Gen\seq13\masks\230.jpg,PolypGen_seq13,sequence,val
PolypGen,C:\VISKOM\Polyp-Gen\seq13\images\231.jpg,C:\VISKOM\Polyp-Gen\seq13\masks\231.jpg,PolypGen_seq13,sequence,val
PolypGen,C:\VISKOM\Polyp-Gen\seq13\images\232.jpg,C:\VISKOM\Polyp-Gen\seq13\masks\232.jpg,PolypGen_seq13,sequence,val
PolypGen,C:\VISKOM\Polyp-Gen\seq13\images\233.jpg,C:\VISKOM\Polyp-Gen\seq13\masks\233.jpg,PolypGen_seq13,sequence,val
PolypGen,C:\VISKOM\Polyp-Gen\seq13\images\234.jpg,C:\VISKOM\Polyp-Gen\seq13\masks\234.jpg,PolypGen_seq13,sequence,val
PolypGen,C:\VISKOM\Polyp-Gen\seq13\images\235.jpg,C:\VISKOM\Polyp-Gen\seq13\masks\235.jpg,PolypGen_seq13,sequence,val
PolypGen,C:\VISKOM\Polyp-Gen\seq13\images\236.jpg,C:\VISKOM\Polyp-Gen\seq13\masks\236.jpg,PolypGen_seq13,sequence,val
PolypGen,C:\VISKOM\Polyp-Gen\seq13\images\237.jpg,C:\VISKOM\Polyp-Gen\seq13\masks\237.jpg,PolypGen_seq13,sequence,val
PolypGen,C:\VISKOM\Polyp-Gen\seq13\images\238.jpg,C:\VISKOM\Polyp-Gen\seq13\masks\238.jpg,PolypGen_seq13,sequence,val
PolypGen,C:\VISKOM\Polyp-Gen\seq13\images\239.jpg,C:\VISKOM\Polyp-Gen\seq13\masks\239.jpg,PolypGen_seq13,sequence,val
PolypGen,C:\VISKOM\Polyp-Gen\seq13\images\240.jpg,C:\VISKOM\Polyp-Gen\seq13\masks\240.jpg,PolypGen_seq13,sequence,val
PolypGen,C:\VISKOM\Polyp-Gen\seq13\images\241.jpg,C:\VISKOM\Polyp-Gen\seq13\masks\241.jpg,PolypGen_seq13,sequence,val
PolypGen,C:\VISKOM\Polyp-Gen\seq13\images\242.jpg,C:\VISKOM\Polyp-Gen\seq13\masks\242.jpg,PolypGen_seq13,sequence,val
PolypGen,C:\VISKOM\Polyp-Gen\seq13\images\243.jpg,C:\VISKOM\Polyp-Gen\seq13\masks\243.jpg,PolypGen_seq13,sequence,val
PolypGen,C:\VISKOM\Polyp-Gen\seq13\images\244.jpg,C:\VISKOM\Polyp-Gen\seq13\masks\244.jpg,PolypGen_seq13,sequence,val
PolypGen,C:\VISKOM\Polyp-Gen\seq13\images\245.jpg,C:\VISKOM\Polyp-Gen\seq13\masks\245.jpg,PolypGen_seq13,sequence,val
PolypGen,C:\VISKOM\Polyp-Gen\seq13\images\246.jpg,C:\VISKOM\Polyp-Gen\seq13\masks\246.jpg,PolypGen_seq13,sequence,val
PolypGen,C:\VISKOM\Polyp-Gen\seq13\images\247.jpg,C:\VISKOM\Polyp-Gen\seq13\masks\247.jpg,PolypGen_seq13,sequence,val
PolypGen,C:\VISKOM\Polyp-Gen\seq13\images\248.jpg,C:\VISKOM\Polyp-Gen\seq13\masks\248.jpg,PolypGen_seq13,sequence,val
PolypGen,C:\VISKOM\Polyp-Gen\seq13\images\249.jpg,C:\VISKOM\Polyp-Gen\seq13\masks\249.jpg,PolypGen_seq13,sequence,val
PolypGen,C:\VISKOM\Polyp-Gen\seq14\images\0.jpg,C:\VISKOM\Polyp-Gen\seq14\masks\0.jpg,PolypGen_seq14,sequence,train
PolypGen,C:\VISKOM\Polyp-Gen\seq14\images\1.jpg,C:\VISKOM\Polyp-Gen\seq14\masks\1.jpg,PolypGen_seq14,sequence,train
PolypGen,C:\VISKOM\Polyp-Gen\seq14\images\2.jpg,C:\VISKOM\Polyp-Gen\seq14\masks\2.jpg,PolypGen_seq14,sequence,train
PolypGen,C:\VISKOM\Polyp-Gen\seq14\images\3.jpg,C:\VISKOM\Polyp-Gen\seq14\masks\3.jpg,PolypGen_seq14,sequence,train
PolypGen,C:\VISKOM\Polyp-Gen\seq14\images\4.jpg,C:\VISKOM\Polyp-Gen\seq14\masks\4.jpg,PolypGen_seq14,sequence,train
PolypGen,C:\VISKOM\Polyp-Gen\seq14\images\5.jpg,C:\VISKOM\Polyp-Gen\seq14\masks\5.jpg,PolypGen_seq14,sequence,train
PolypGen,C:\VISKOM\Polyp-Gen\seq14\images\6.jpg,C:\VISKOM\Polyp-Gen\seq14\masks\6.jpg,PolypGen_seq14,sequence,train
PolypGen,C:\VISKOM\Polyp-Gen\seq14\images\7.jpg,C:\VISKOM\Polyp-Gen\seq14\masks\7.jpg,PolypGen_seq14,sequence,train
PolypGen,C:\VISKOM\Polyp-Gen\seq14\images\8.jpg,C:\VISKOM\Polyp-Gen\seq14\masks\8.jpg,PolypGen_seq14,sequence,train
PolypGen,C:\VISKOM\Polyp-Gen\seq14\images\9.jpg,C:\VISKOM\Polyp-Gen\seq14\masks\9.jpg,PolypGen_seq14,sequence,train
PolypGen,C:\VISKOM\Polyp-Gen\seq14\images\10.jpg,C:\VISKOM\Polyp-Gen\seq14\masks\10.jpg,PolypGen_seq14,sequence,train
PolypGen,C:\VISKOM\Polyp-Gen\seq14\images\11.jpg,C:\VISKOM\Polyp-Gen\seq14\masks\11.jpg,PolypGen_seq14,sequence,train
PolypGen,C:\VISKOM\Polyp-Gen\seq14\images\12.jpg,C:\VISKOM\Polyp-Gen\seq14\masks\12.jpg,PolypGen_seq14,sequence,train
PolypGen,C:\VISKOM\Polyp-Gen\seq14\images\13.jpg,C:\VISKOM\Polyp-Gen\seq14\masks\13.jpg,PolypGen_seq14,sequence,train
PolypGen,C:\VISKOM\Polyp-Gen\seq14\images\14.jpg,C:\VISKOM\Polyp-Gen\seq14\masks\14.jpg,PolypGen_seq14,sequence,train
PolypGen,C:\VISKOM\Polyp-Gen\seq14\images\15.jpg,C:\VISKOM\Polyp-Gen\seq14\masks\15.jpg,PolypGen_seq14,sequence,train
PolypGen,C:\VISKOM\Polyp-Gen\seq14\images\16.jpg,C:\VISKOM\Polyp-Gen\seq14\masks\16.jpg,PolypGen_seq14,sequence,train
PolypGen,C:\VISKOM\Polyp-Gen\seq14\images\17.jpg,C:\VISKOM\Polyp-Gen\seq14\masks\17.jpg,PolypGen_seq14,sequence,train
PolypGen,C:\VISKOM\Polyp-Gen\seq14\images\18.jpg,C:\VISKOM\Polyp-Gen\seq14\masks\18.jpg,PolypGen_seq14,sequence,train
PolypGen,C:\VISKOM\Polyp-Gen\seq14\images\19.jpg,C:\VISKOM\Polyp-Gen\seq14\masks\19.jpg,PolypGen_seq14,sequence,train
PolypGen,C:\VISKOM\Polyp-Gen\seq14\images\20.jpg,C:\VISKOM\Polyp-Gen\seq14\masks\20.jpg,PolypGen_seq14,sequence,train
PolypGen,C:\VISKOM\Polyp-Gen\seq14\images\21.jpg,C:\VISKOM\Polyp-Gen\seq14\masks\21.jpg,PolypGen_seq14,sequence,train
PolypGen,C:\VISKOM\Polyp-Gen\seq14\images\22.jpg,C:\VISKOM\Polyp-Gen\seq14\masks\22.jpg,PolypGen_seq14,sequence,train
PolypGen,C:\VISKOM\Polyp-Gen\seq14\images\23.jpg,C:\VISKOM\Polyp-Gen\seq14\masks\23.jpg,PolypGen_seq14,sequence,train
PolypGen,C:\VISKOM\Polyp-Gen\seq14\images\24.jpg,C:\VISKOM\Polyp-Gen\seq14\masks\24.jpg,PolypGen_seq14,sequence,train
PolypGen,C:\VISKOM\Polyp-Gen\seq14\images\25.jpg,C:\VISKOM\Polyp-Gen\seq14\masks\25.jpg,PolypGen_seq14,sequence,train
PolypGen,C:\VISKOM\Polyp-Gen\seq14\images\26.jpg,C:\VISKOM\Polyp-Gen\seq14\masks\26.jpg,PolypGen_seq14,sequence,train
PolypGen,C:\VISKOM\Polyp-Gen\seq14\images\27.jpg,C:\VISKOM\Polyp-Gen\seq14\masks\27.jpg,PolypGen_seq14,sequence,train
PolypGen,C:\VISKOM\Polyp-Gen\seq14\images\28.jpg,C:\VISKOM\Polyp-Gen\seq14\masks\28.jpg,PolypGen_seq14,sequence,train
PolypGen,C:\VISKOM\Polyp-Gen\seq14\images\29.jpg,C:\VISKOM\Polyp-Gen\seq14\masks\29.jpg,PolypGen_seq14,sequence,train
PolypGen,C:\VISKOM\Polyp-Gen\seq14\images\30.jpg,C:\VISKOM\Polyp-Gen\seq14\masks\30.jpg,PolypGen_seq14,sequence,train
PolypGen,C:\VISKOM\Polyp-Gen\seq14\images\31.jpg,C:\VISKOM\Polyp-Gen\seq14\masks\31.jpg,PolypGen_seq14,sequence,train
PolypGen,C:\VISKOM\Polyp-Gen\seq14\images\32.jpg,C:\VISKOM\Polyp-Gen\seq14\masks\32.jpg,PolypGen_seq14,sequence,train
PolypGen,C:\VISKOM\Polyp-Gen\seq14\images\33.jpg,C:\VISKOM\Polyp-Gen\seq14\masks\33.jpg,PolypGen_seq14,sequence,train
PolypGen,C:\VISKOM\Polyp-Gen\seq14\images\34.jpg,C:\VISKOM\Polyp-Gen\seq14\masks\34.jpg,PolypGen_seq14,sequence,train
PolypGen,C:\VISKOM\Polyp-Gen\seq14\images\35.jpg,C:\VISKOM\Polyp-Gen\seq14\masks\35.jpg,PolypGen_seq14,sequence,train
PolypGen,C:\VISKOM\Polyp-Gen\seq14\images\36.jpg,C:\VISKOM\Polyp-Gen\seq14\masks\36.jpg,PolypGen_seq14,sequence,train
PolypGen,C:\VISKOM\Polyp-Gen\seq14\images\37.jpg,C:\VISKOM\Polyp-Gen\seq14\masks\37.jpg,PolypGen_seq14,sequence,train
PolypGen,C:\VISKOM\Polyp-Gen\seq14\images\38.jpg,C:\VISKOM\Polyp-Gen\seq14\masks\38.jpg,PolypGen_seq14,sequence,train
PolypGen,C:\VISKOM\Polyp-Gen\seq14\images\39.jpg,C:\VISKOM\Polyp-Gen\seq14\masks\39.jpg,PolypGen_seq14,sequence,train
PolypGen,C:\VISKOM\Polyp-Gen\seq14\images\40.jpg,C:\VISKOM\Polyp-Gen\seq14\masks\40.jpg,PolypGen_seq14,sequence,train
PolypGen,C:\VISKOM\Polyp-Gen\seq14\images\41.jpg,C:\VISKOM\Polyp-Gen\seq14\masks\41.jpg,PolypGen_seq14,sequence,train
PolypGen,C:\VISKOM\Polyp-Gen\seq14\images\42.jpg,C:\VISKOM\Polyp-Gen\seq14\masks\42.jpg,PolypGen_seq14,sequence,train
PolypGen,C:\VISKOM\Polyp-Gen\seq14\images\43.jpg,C:\VISKOM\Polyp-Gen\seq14\masks\43.jpg,PolypGen_seq14,sequence,train
PolypGen,C:\VISKOM\Polyp-Gen\seq14\images\44.jpg,C:\VISKOM\Polyp-Gen\seq14\masks\44.jpg,PolypGen_seq14,sequence,train
PolypGen,C:\VISKOM\Polyp-Gen\seq14\images\45.jpg,C:\VISKOM\Polyp-Gen\seq14\masks\45.jpg,PolypGen_seq14,sequence,train
PolypGen,C:\VISKOM\Polyp-Gen\seq14\images\46.jpg,C:\VISKOM\Polyp-Gen\seq14\masks\46.jpg,PolypGen_seq14,sequence,train
PolypGen,C:\VISKOM\Polyp-Gen\seq14\images\47.jpg,C:\VISKOM\Polyp-Gen\seq14\masks\47.jpg,PolypGen_seq14,sequence,train
PolypGen,C:\VISKOM\Polyp-Gen\seq14\images\48.jpg,C:\VISKOM\Polyp-Gen\seq14\masks\48.jpg,PolypGen_seq14,sequence,train
PolypGen,C:\VISKOM\Polyp-Gen\seq14\images\49.jpg,C:\VISKOM\Polyp-Gen\seq14\masks\49.jpg,PolypGen_seq14,sequence,train
PolypGen,C:\VISKOM\Polyp-Gen\seq14\images\50.jpg,C:\VISKOM\Polyp-Gen\seq14\masks\50.jpg,PolypGen_seq14,sequence,train
PolypGen,C:\VISKOM\Polyp-Gen\seq14\images\51.jpg,C:\VISKOM\Polyp-Gen\seq14\masks\51.jpg,PolypGen_seq14,sequence,train
PolypGen,C:\VISKOM\Polyp-Gen\seq14\images\52.jpg,C:\VISKOM\Polyp-Gen\seq14\masks\52.jpg,PolypGen_seq14,sequence,train
PolypGen,C:\VISKOM\Polyp-Gen\seq14\images\53.jpg,C:\VISKOM\Polyp-Gen\seq14\masks\53.jpg,PolypGen_seq14,sequence,train
PolypGen,C:\VISKOM\Polyp-Gen\seq14\images\54.jpg,C:\VISKOM\Polyp-Gen\seq14\masks\54.jpg,PolypGen_seq14,sequence,train
PolypGen,C:\VISKOM\Polyp-Gen\seq14\images\55.jpg,C:\VISKOM\Polyp-Gen\seq14\masks\55.jpg,PolypGen_seq14,sequence,train
PolypGen,C:\VISKOM\Polyp-Gen\seq14\images\56.jpg,C:\VISKOM\Polyp-Gen\seq14\masks\56.jpg,PolypGen_seq14,sequence,train
PolypGen,C:\VISKOM\Polyp-Gen\seq14\images\57.jpg,C:\VISKOM\Polyp-Gen\seq14\masks\57.jpg,PolypGen_seq14,sequence,train
PolypGen,C:\VISKOM\Polyp-Gen\seq14\images\58.jpg,C:\VISKOM\Polyp-Gen\seq14\masks\58.jpg,PolypGen_seq14,sequence,train
PolypGen,C:\VISKOM\Polyp-Gen\seq14\images\59.jpg,C:\VISKOM\Polyp-Gen\seq14\masks\59.jpg,PolypGen_seq14,sequence,train
PolypGen,C:\VISKOM\Polyp-Gen\seq14\images\60.jpg,C:\VISKOM\Polyp-Gen\seq14\masks\60.jpg,PolypGen_seq14,sequence,train
PolypGen,C:\VISKOM\Polyp-Gen\seq14\images\61.jpg,C:\VISKOM\Polyp-Gen\seq14\masks\61.jpg,PolypGen_seq14,sequence,train
PolypGen,C:\VISKOM\Polyp-Gen\seq14\images\62.jpg,C:\VISKOM\Polyp-Gen\seq14\masks\62.jpg,PolypGen_seq14,sequence,train
PolypGen,C:\VISKOM\Polyp-Gen\seq14\images\63.jpg,C:\VISKOM\Polyp-Gen\seq14\masks\63.jpg,PolypGen_seq14,sequence,train
PolypGen,C:\VISKOM\Polyp-Gen\seq14\images\64.jpg,C:\VISKOM\Polyp-Gen\seq14\masks\64.jpg,PolypGen_seq14,sequence,train
PolypGen,C:\VISKOM\Polyp-Gen\seq14\images\65.jpg,C:\VISKOM\Polyp-Gen\seq14\masks\65.jpg,PolypGen_seq14,sequence,train
PolypGen,C:\VISKOM\Polyp-Gen\seq14\images\66.jpg,C:\VISKOM\Polyp-Gen\seq14\masks\66.jpg,PolypGen_seq14,sequence,train
PolypGen,C:\VISKOM\Polyp-Gen\seq14\images\67.jpg,C:\VISKOM\Polyp-Gen\seq14\masks\67.jpg,PolypGen_seq14,sequence,train
PolypGen,C:\VISKOM\Polyp-Gen\seq14\images\68.jpg,C:\VISKOM\Polyp-Gen\seq14\masks\68.jpg,PolypGen_seq14,sequence,train
PolypGen,C:\VISKOM\Polyp-Gen\seq14\images\69.jpg,C:\VISKOM\Polyp-Gen\seq14\masks\69.jpg,PolypGen_seq14,sequence,train
PolypGen,C:\VISKOM\Polyp-Gen\seq14\images\70.jpg,C:\VISKOM\Polyp-Gen\seq14\masks\70.jpg,PolypGen_seq14,sequence,train
PolypGen,C:\VISKOM\Polyp-Gen\seq14\images\71.jpg,C:\VISKOM\Polyp-Gen\seq14\masks\71.jpg,PolypGen_seq14,sequence,train
PolypGen,C:\VISKOM\Polyp-Gen\seq14\images\72.jpg,C:\VISKOM\Polyp-Gen\seq14\masks\72.jpg,PolypGen_seq14,sequence,train
PolypGen,C:\VISKOM\Polyp-Gen\seq14\images\73.jpg,C:\VISKOM\Polyp-Gen\seq14\masks\73.jpg,PolypGen_seq14,sequence,train
PolypGen,C:\VISKOM\Polyp-Gen\seq14\images\74.jpg,C:\VISKOM\Polyp-Gen\seq14\masks\74.jpg,PolypGen_seq14,sequence,train
PolypGen,C:\VISKOM\Polyp-Gen\seq14\images\75.jpg,C:\VISKOM\Polyp-Gen\seq14\masks\75.jpg,PolypGen_seq14,sequence,train
PolypGen,C:\VISKOM\Polyp-Gen\seq14\images\76.jpg,C:\VISKOM\Polyp-Gen\seq14\masks\76.jpg,PolypGen_seq14,sequence,train
PolypGen,C:\VISKOM\Polyp-Gen\seq14\images\77.jpg,C:\VISKOM\Polyp-Gen\seq14\masks\77.jpg,PolypGen_seq14,sequence,train
PolypGen,C:\VISKOM\Polyp-Gen\seq14\images\78.jpg,C:\VISKOM\Polyp-Gen\seq14\masks\78.jpg,PolypGen_seq14,sequence,train
PolypGen,C:\VISKOM\Polyp-Gen\seq14\images\79.jpg,C:\VISKOM\Polyp-Gen\seq14\masks\79.jpg,PolypGen_seq14,sequence,train
PolypGen,C:\VISKOM\Polyp-Gen\seq14\images\80.jpg,C:\VISKOM\Polyp-Gen\seq14\masks\80.jpg,PolypGen_seq14,sequence,train
PolypGen,C:\VISKOM\Polyp-Gen\seq14\images\81.jpg,C:\VISKOM\Polyp-Gen\seq14\masks\81.jpg,PolypGen_seq14,sequence,train
PolypGen,C:\VISKOM\Polyp-Gen\seq14\images\82.jpg,C:\VISKOM\Polyp-Gen\seq14\masks\82.jpg,PolypGen_seq14,sequence,train
PolypGen,C:\VISKOM\Polyp-Gen\seq14\images\83.jpg,C:\VISKOM\Polyp-Gen\seq14\masks\83.jpg,PolypGen_seq14,sequence,train
PolypGen,C:\VISKOM\Polyp-Gen\seq14\images\84.jpg,C:\VISKOM\Polyp-Gen\seq14\masks\84.jpg,PolypGen_seq14,sequence,train
PolypGen,C:\VISKOM\Polyp-Gen\seq14\images\85.jpg,C:\VISKOM\Polyp-Gen\seq14\masks\85.jpg,PolypGen_seq14,sequence,train
PolypGen,C:\VISKOM\Polyp-Gen\seq14\images\86.jpg,C:\VISKOM\Polyp-Gen\seq14\masks\86.jpg,PolypGen_seq14,sequence,train
PolypGen,C:\VISKOM\Polyp-Gen\seq14\images\87.jpg,C:\VISKOM\Polyp-Gen\seq14\masks\87.jpg,PolypGen_seq14,sequence,train
PolypGen,C:\VISKOM\Polyp-Gen\seq14\images\88.jpg,C:\VISKOM\Polyp-Gen\seq14\masks\88.jpg,PolypGen_seq14,sequence,train
PolypGen,C:\VISKOM\Polyp-Gen\seq14\images\89.jpg,C:\VISKOM\Polyp-Gen\seq14\masks\89.jpg,PolypGen_seq14,sequence,train
PolypGen,C:\VISKOM\Polyp-Gen\seq14\images\90.jpg,C:\VISKOM\Polyp-Gen\seq14\masks\90.jpg,PolypGen_seq14,sequence,train
PolypGen,C:\VISKOM\Polyp-Gen\seq14\images\91.jpg,C:\VISKOM\Polyp-Gen\seq14\masks\91.jpg,PolypGen_seq14,sequence,train
PolypGen,C:\VISKOM\Polyp-Gen\seq14\images\92.jpg,C:\VISKOM\Polyp-Gen\seq14\masks\92.jpg,PolypGen_seq14,sequence,train
PolypGen,C:\VISKOM\Polyp-Gen\seq14\images\93.jpg,C:\VISKOM\Polyp-Gen\seq14\masks\93.jpg,PolypGen_seq14,sequence,train
PolypGen,C:\VISKOM\Polyp-Gen\seq14\images\94.jpg,C:\VISKOM\Polyp-Gen\seq14\masks\94.jpg,PolypGen_seq14,sequence,train
PolypGen,C:\VISKOM\Polyp-Gen\seq14\images\95.jpg,C:\VISKOM\Polyp-Gen\seq14\masks\95.jpg,PolypGen_seq14,sequence,train
PolypGen,C:\VISKOM\Polyp-Gen\seq14\images\96.jpg,C:\VISKOM\Polyp-Gen\seq14\masks\96.jpg,PolypGen_seq14,sequence,train
PolypGen,C:\VISKOM\Polyp-Gen\seq14\images\97.jpg,C:\VISKOM\Polyp-Gen\seq14\masks\97.jpg,PolypGen_seq14,sequence,train
PolypGen,C:\VISKOM\Polyp-Gen\seq14\images\98.jpg,C:\VISKOM\Polyp-Gen\seq14\masks\98.jpg,PolypGen_seq14,sequence,train
PolypGen,C:\VISKOM\Polyp-Gen\seq14\images\99.jpg,C:\VISKOM\Polyp-Gen\seq14\masks\99.jpg,PolypGen_seq14,sequence,train
PolypGen,C:\VISKOM\Polyp-Gen\seq14\images\100.jpg,C:\VISKOM\Polyp-Gen\seq14\masks\100.jpg,PolypGen_seq14,sequence,train
PolypGen,C:\VISKOM\Polyp-Gen\seq14\images\101.jpg,C:\VISKOM\Polyp-Gen\seq14\masks\101.jpg,PolypGen_seq14,sequence,train
PolypGen,C:\VISKOM\Polyp-Gen\seq14\images\102.jpg,C:\VISKOM\Polyp-Gen\seq14\masks\102.jpg,PolypGen_seq14,sequence,train
PolypGen,C:\VISKOM\Polyp-Gen\seq14\images\103.jpg,C:\VISKOM\Polyp-Gen\seq14\masks\103.jpg,PolypGen_seq14,sequence,train
PolypGen,C:\VISKOM\Polyp-Gen\seq14\images\104.jpg,C:\VISKOM\Polyp-Gen\seq14\masks\104.jpg,PolypGen_seq14,sequence,train
PolypGen,C:\VISKOM\Polyp-Gen\seq14\images\105.jpg,C:\VISKOM\Polyp-Gen\seq14\masks\105.jpg,PolypGen_seq14,sequence,train
PolypGen,C:\VISKOM\Polyp-Gen\seq14\images\106.jpg,C:\VISKOM\Polyp-Gen\seq14\masks\106.jpg,PolypGen_seq14,sequence,train
PolypGen,C:\VISKOM\Polyp-Gen\seq14\images\107.jpg,C:\VISKOM\Polyp-Gen\seq14\masks\107.jpg,PolypGen_seq14,sequence,train
PolypGen,C:\VISKOM\Polyp-Gen\seq14\images\108.jpg,C:\VISKOM\Polyp-Gen\seq14\masks\108.jpg,PolypGen_seq14,sequence,train
PolypGen,C:\VISKOM\Polyp-Gen\seq14\images\109.jpg,C:\VISKOM\Polyp-Gen\seq14\masks\109.jpg,PolypGen_seq14,sequence,train
PolypGen,C:\VISKOM\Polyp-Gen\seq14\images\110.jpg,C:\VISKOM\Polyp-Gen\seq14\masks\110.jpg,PolypGen_seq14,sequence,train
PolypGen,C:\VISKOM\Polyp-Gen\seq14\images\111.jpg,C:\VISKOM\Polyp-Gen\seq14\masks\111.jpg,PolypGen_seq14,sequence,train
PolypGen,C:\VISKOM\Polyp-Gen\seq14\images\112.jpg,C:\VISKOM\Polyp-Gen\seq14\masks\112.jpg,PolypGen_seq14,sequence,train
PolypGen,C:\VISKOM\Polyp-Gen\seq14\images\113.jpg,C:\VISKOM\Polyp-Gen\seq14\masks\113.jpg,PolypGen_seq14,sequence,train
PolypGen,C:\VISKOM\Polyp-Gen\seq14\images\114.jpg,C:\VISKOM\Polyp-Gen\seq14\masks\114.jpg,PolypGen_seq14,sequence,train
PolypGen,C:\VISKOM\Polyp-Gen\seq14\images\115.jpg,C:\VISKOM\Polyp-Gen\seq14\masks\115.jpg,PolypGen_seq14,sequence,train
PolypGen,C:\VISKOM\Polyp-Gen\seq14\images\116.jpg,C:\VISKOM\Polyp-Gen\seq14\masks\116.jpg,PolypGen_seq14,sequence,train
PolypGen,C:\VISKOM\Polyp-Gen\seq14\images\117.jpg,C:\VISKOM\Polyp-Gen\seq14\masks\117.jpg,PolypGen_seq14,sequence,train
PolypGen,C:\VISKOM\Polyp-Gen\seq14\images\118.jpg,C:\VISKOM\Polyp-Gen\seq14\masks\118.jpg,PolypGen_seq14,sequence,train
PolypGen,C:\VISKOM\Polyp-Gen\seq14\images\119.jpg,C:\VISKOM\Polyp-Gen\seq14\masks\119.jpg,PolypGen_seq14,sequence,train
PolypGen,C:\VISKOM\Polyp-Gen\seq14\images\120.jpg,C:\VISKOM\Polyp-Gen\seq14\masks\120.jpg,PolypGen_seq14,sequence,train
PolypGen,C:\VISKOM\Polyp-Gen\seq14\images\121.jpg,C:\VISKOM\Polyp-Gen\seq14\masks\121.jpg,PolypGen_seq14,sequence,train
PolypGen,C:\VISKOM\Polyp-Gen\seq14\images\122.jpg,C:\VISKOM\Polyp-Gen\seq14\masks\122.jpg,PolypGen_seq14,sequence,train
PolypGen,C:\VISKOM\Polyp-Gen\seq14\images\123.jpg,C:\VISKOM\Polyp-Gen\seq14\masks\123.jpg,PolypGen_seq14,sequence,train
PolypGen,C:\VISKOM\Polyp-Gen\seq14\images\124.jpg,C:\VISKOM\Polyp-Gen\seq14\masks\124.jpg,PolypGen_seq14,sequence,train
PolypGen,C:\VISKOM\Polyp-Gen\seq14\images\125.jpg,C:\VISKOM\Polyp-Gen\seq14\masks\125.jpg,PolypGen_seq14,sequence,train
PolypGen,C:\VISKOM\Polyp-Gen\seq14\images\126.jpg,C:\VISKOM\Polyp-Gen\seq14\masks\126.jpg,PolypGen_seq14,sequence,train
PolypGen,C:\VISKOM\Polyp-Gen\seq14\images\127.jpg,C:\VISKOM\Polyp-Gen\seq14\masks\127.jpg,PolypGen_seq14,sequence,train
PolypGen,C:\VISKOM\Polyp-Gen\seq14\images\128.jpg,C:\VISKOM\Polyp-Gen\seq14\masks\128.jpg,PolypGen_seq14,sequence,train
PolypGen,C:\VISKOM\Polyp-Gen\seq14\images\129.jpg,C:\VISKOM\Polyp-Gen\seq14\masks\129.jpg,PolypGen_seq14,sequence,train
PolypGen,C:\VISKOM\Polyp-Gen\seq14\images\130.jpg,C:\VISKOM\Polyp-Gen\seq14\masks\130.jpg,PolypGen_seq14,sequence,train
PolypGen,C:\VISKOM\Polyp-Gen\seq14\images\131.jpg,C:\VISKOM\Polyp-Gen\seq14\masks\131.jpg,PolypGen_seq14,sequence,train
PolypGen,C:\VISKOM\Polyp-Gen\seq14\images\132.jpg,C:\VISKOM\Polyp-Gen\seq14\masks\132.jpg,PolypGen_seq14,sequence,train
PolypGen,C:\VISKOM\Polyp-Gen\seq14\images\133.jpg,C:\VISKOM\Polyp-Gen\seq14\masks\133.jpg,PolypGen_seq14,sequence,train
PolypGen,C:\VISKOM\Polyp-Gen\seq14\images\134.jpg,C:\VISKOM\Polyp-Gen\seq14\masks\134.jpg,PolypGen_seq14,sequence,train
PolypGen,C:\VISKOM\Polyp-Gen\seq14\images\135.jpg,C:\VISKOM\Polyp-Gen\seq14\masks\135.jpg,PolypGen_seq14,sequence,train
PolypGen,C:\VISKOM\Polyp-Gen\seq14\images\136.jpg,C:\VISKOM\Polyp-Gen\seq14\masks\136.jpg,PolypGen_seq14,sequence,train
PolypGen,C:\VISKOM\Polyp-Gen\seq14\images\137.jpg,C:\VISKOM\Polyp-Gen\seq14\masks\137.jpg,PolypGen_seq14,sequence,train
PolypGen,C:\VISKOM\Polyp-Gen\seq14\images\138.jpg,C:\VISKOM\Polyp-Gen\seq14\masks\138.jpg,PolypGen_seq14,sequence,train
PolypGen,C:\VISKOM\Polyp-Gen\seq14\images\139.jpg,C:\VISKOM\Polyp-Gen\seq14\masks\139.jpg,PolypGen_seq14,sequence,train
PolypGen,C:\VISKOM\Polyp-Gen\seq14\images\140.jpg,C:\VISKOM\Polyp-Gen\seq14\masks\140.jpg,PolypGen_seq14,sequence,train
PolypGen,C:\VISKOM\Polyp-Gen\seq14\images\141.jpg,C:\VISKOM\Polyp-Gen\seq14\masks\141.jpg,PolypGen_seq14,sequence,train
PolypGen,C:\VISKOM\Polyp-Gen\seq14\images\142.jpg,C:\VISKOM\Polyp-Gen\seq14\masks\142.jpg,PolypGen_seq14,sequence,train
PolypGen,C:\VISKOM\Polyp-Gen\seq14\images\143.jpg,C:\VISKOM\Polyp-Gen\seq14\masks\143.jpg,PolypGen_seq14,sequence,train
PolypGen,C:\VISKOM\Polyp-Gen\seq14\images\144.jpg,C:\VISKOM\Polyp-Gen\seq14\masks\144.jpg,PolypGen_seq14,sequence,train
PolypGen,C:\VISKOM\Polyp-Gen\seq14\images\145.jpg,C:\VISKOM\Polyp-Gen\seq14\masks\145.jpg,PolypGen_seq14,sequence,train
PolypGen,C:\VISKOM\Polyp-Gen\seq14\images\146.jpg,C:\VISKOM\Polyp-Gen\seq14\masks\146.jpg,PolypGen_seq14,sequence,train
PolypGen,C:\VISKOM\Polyp-Gen\seq14\images\147.jpg,C:\VISKOM\Polyp-Gen\seq14\masks\147.jpg,PolypGen_seq14,sequence,train
PolypGen,C:\VISKOM\Polyp-Gen\seq14\images\148.jpg,C:\VISKOM\Polyp-Gen\seq14\masks\148.jpg,PolypGen_seq14,sequence,train
PolypGen,C:\VISKOM\Polyp-Gen\seq14\images\149.jpg,C:\VISKOM\Polyp-Gen\seq14\masks\149.jpg,PolypGen_seq14,sequence,train
PolypGen,C:\VISKOM\Polyp-Gen\seq14\images\150.jpg,C:\VISKOM\Polyp-Gen\seq14\masks\150.jpg,PolypGen_seq14,sequence,train
PolypGen,C:\VISKOM\Polyp-Gen\seq14\images\151.jpg,C:\VISKOM\Polyp-Gen\seq14\masks\151.jpg,PolypGen_seq14,sequence,train
PolypGen,C:\VISKOM\Polyp-Gen\seq14\images\152.jpg,C:\VISKOM\Polyp-Gen\seq14\masks\152.jpg,PolypGen_seq14,sequence,train
PolypGen,C:\VISKOM\Polyp-Gen\seq14\images\153.jpg,C:\VISKOM\Polyp-Gen\seq14\masks\153.jpg,PolypGen_seq14,sequence,train
PolypGen,C:\VISKOM\Polyp-Gen\seq14\images\154.jpg,C:\VISKOM\Polyp-Gen\seq14\masks\154.jpg,PolypGen_seq14,sequence,train
PolypGen,C:\VISKOM\Polyp-Gen\seq14\images\155.jpg,C:\VISKOM\Polyp-Gen\seq14\masks\155.jpg,PolypGen_seq14,sequence,train
PolypGen,C:\VISKOM\Polyp-Gen\seq14\images\156.jpg,C:\VISKOM\Polyp-Gen\seq14\masks\156.jpg,PolypGen_seq14,sequence,train
PolypGen,C:\VISKOM\Polyp-Gen\seq14\images\157.jpg,C:\VISKOM\Polyp-Gen\seq14\masks\157.jpg,PolypGen_seq14,sequence,train
PolypGen,C:\VISKOM\Polyp-Gen\seq14\images\158.jpg,C:\VISKOM\Polyp-Gen\seq14\masks\158.jpg,PolypGen_seq14,sequence,train
PolypGen,C:\VISKOM\Polyp-Gen\seq14\images\159.jpg,C:\VISKOM\Polyp-Gen\seq14\masks\159.jpg,PolypGen_seq14,sequence,train
PolypGen,C:\VISKOM\Polyp-Gen\seq14\images\160.jpg,C:\VISKOM\Polyp-Gen\seq14\masks\160.jpg,PolypGen_seq14,sequence,train
PolypGen,C:\VISKOM\Polyp-Gen\seq14\images\161.jpg,C:\VISKOM\Polyp-Gen\seq14\masks\161.jpg,PolypGen_seq14,sequence,train
PolypGen,C:\VISKOM\Polyp-Gen\seq14\images\162.jpg,C:\VISKOM\Polyp-Gen\seq14\masks\162.jpg,PolypGen_seq14,sequence,train
PolypGen,C:\VISKOM\Polyp-Gen\seq14\images\163.jpg,C:\VISKOM\Polyp-Gen\seq14\masks\163.jpg,PolypGen_seq14,sequence,train
PolypGen,C:\VISKOM\Polyp-Gen\seq14\images\164.jpg,C:\VISKOM\Polyp-Gen\seq14\masks\164.jpg,PolypGen_seq14,sequence,train
PolypGen,C:\VISKOM\Polyp-Gen\seq14\images\165.jpg,C:\VISKOM\Polyp-Gen\seq14\masks\165.jpg,PolypGen_seq14,sequence,train
PolypGen,C:\VISKOM\Polyp-Gen\seq14\images\166.jpg,C:\VISKOM\Polyp-Gen\seq14\masks\166.jpg,PolypGen_seq14,sequence,train
PolypGen,C:\VISKOM\Polyp-Gen\seq14\images\167.jpg,C:\VISKOM\Polyp-Gen\seq14\masks\167.jpg,PolypGen_seq14,sequence,train
PolypGen,C:\VISKOM\Polyp-Gen\seq14\images\168.jpg,C:\VISKOM\Polyp-Gen\seq14\masks\168.jpg,PolypGen_seq14,sequence,train
PolypGen,C:\VISKOM\Polyp-Gen\seq14\images\169.jpg,C:\VISKOM\Polyp-Gen\seq14\masks\169.jpg,PolypGen_seq14,sequence,train
PolypGen,C:\VISKOM\Polyp-Gen\seq14\images\170.jpg,C:\VISKOM\Polyp-Gen\seq14\masks\170.jpg,PolypGen_seq14,sequence,train
PolypGen,C:\VISKOM\Polyp-Gen\seq14\images\171.jpg,C:\VISKOM\Polyp-Gen\seq14\masks\171.jpg,PolypGen_seq14,sequence,train
PolypGen,C:\VISKOM\Polyp-Gen\seq14\images\172.jpg,C:\VISKOM\Polyp-Gen\seq14\masks\172.jpg,PolypGen_seq14,sequence,train
PolypGen,C:\VISKOM\Polyp-Gen\seq14\images\173.jpg,C:\VISKOM\Polyp-Gen\seq14\masks\173.jpg,PolypGen_seq14,sequence,train
PolypGen,C:\VISKOM\Polyp-Gen\seq14\images\174.jpg,C:\VISKOM\Polyp-Gen\seq14\masks\174.jpg,PolypGen_seq14,sequence,train
PolypGen,C:\VISKOM\Polyp-Gen\seq14\images\175.jpg,C:\VISKOM\Polyp-Gen\seq14\masks\175.jpg,PolypGen_seq14,sequence,train
PolypGen,C:\VISKOM\Polyp-Gen\seq14\images\176.jpg,C:\VISKOM\Polyp-Gen\seq14\masks\176.jpg,PolypGen_seq14,sequence,train
PolypGen,C:\VISKOM\Polyp-Gen\seq14\images\177.jpg,C:\VISKOM\Polyp-Gen\seq14\masks\177.jpg,PolypGen_seq14,sequence,train
PolypGen,C:\VISKOM\Polyp-Gen\seq14\images\178.jpg,C:\VISKOM\Polyp-Gen\seq14\masks\178.jpg,PolypGen_seq14,sequence,train
PolypGen,C:\VISKOM\Polyp-Gen\seq14\images\179.jpg,C:\VISKOM\Polyp-Gen\seq14\masks\179.jpg,PolypGen_seq14,sequence,train
PolypGen,C:\VISKOM\Polyp-Gen\seq14\images\180.jpg,C:\VISKOM\Polyp-Gen\seq14\masks\180.jpg,PolypGen_seq14,sequence,train
PolypGen,C:\VISKOM\Polyp-Gen\seq14\images\181.jpg,C:\VISKOM\Polyp-Gen\seq14\masks\181.jpg,PolypGen_seq14,sequence,train
PolypGen,C:\VISKOM\Polyp-Gen\seq14\images\182.jpg,C:\VISKOM\Polyp-Gen\seq14\masks\182.jpg,PolypGen_seq14,sequence,train
PolypGen,C:\VISKOM\Polyp-Gen\seq14\images\183.jpg,C:\VISKOM\Polyp-Gen\seq14\masks\183.jpg,PolypGen_seq14,sequence,train
PolypGen,C:\VISKOM\Polyp-Gen\seq14\images\184.jpg,C:\VISKOM\Polyp-Gen\seq14\masks\184.jpg,PolypGen_seq14,sequence,train
PolypGen,C:\VISKOM\Polyp-Gen\seq14\images\185.jpg,C:\VISKOM\Polyp-Gen\seq14\masks\185.jpg,PolypGen_seq14,sequence,train
PolypGen,C:\VISKOM\Polyp-Gen\seq14\images\186.jpg,C:\VISKOM\Polyp-Gen\seq14\masks\186.jpg,PolypGen_seq14,sequence,train
PolypGen,C:\VISKOM\Polyp-Gen\seq14\images\187.jpg,C:\VISKOM\Polyp-Gen\seq14\masks\187.jpg,PolypGen_seq14,sequence,train
PolypGen,C:\VISKOM\Polyp-Gen\seq14\images\188.jpg,C:\VISKOM\Polyp-Gen\seq14\masks\188.jpg,PolypGen_seq14,sequence,train
PolypGen,C:\VISKOM\Polyp-Gen\seq14\images\189.jpg,C:\VISKOM\Polyp-Gen\seq14\masks\189.jpg,PolypGen_seq14,sequence,train
PolypGen,C:\VISKOM\Polyp-Gen\seq14\images\190.jpg,C:\VISKOM\Polyp-Gen\seq14\masks\190.jpg,PolypGen_seq14,sequence,train
PolypGen,C:\VISKOM\Polyp-Gen\seq14\images\191.jpg,C:\VISKOM\Polyp-Gen\seq14\masks\191.jpg,PolypGen_seq14,sequence,train
PolypGen,C:\VISKOM\Polyp-Gen\seq14\images\192.jpg,C:\VISKOM\Polyp-Gen\seq14\masks\192.jpg,PolypGen_seq14,sequence,train
PolypGen,C:\VISKOM\Polyp-Gen\seq14\images\193.jpg,C:\VISKOM\Polyp-Gen\seq14\masks\193.jpg,PolypGen_seq14,sequence,train
PolypGen,C:\VISKOM\Polyp-Gen\seq14\images\194.jpg,C:\VISKOM\Polyp-Gen\seq14\masks\194.jpg,PolypGen_seq14,sequence,train
PolypGen,C:\VISKOM\Polyp-Gen\seq14\images\195.jpg,C:\VISKOM\Polyp-Gen\seq14\masks\195.jpg,PolypGen_seq14,sequence,train
PolypGen,C:\VISKOM\Polyp-Gen\seq14\images\196.jpg,C:\VISKOM\Polyp-Gen\seq14\masks\196.jpg,PolypGen_seq14,sequence,train
PolypGen,C:\VISKOM\Polyp-Gen\seq14\images\197.jpg,C:\VISKOM\Polyp-Gen\seq14\masks\197.jpg,PolypGen_seq14,sequence,train
PolypGen,C:\VISKOM\Polyp-Gen\seq14\images\198.jpg,C:\VISKOM\Polyp-Gen\seq14\masks\198.jpg,PolypGen_seq14,sequence,train
PolypGen,C:\VISKOM\Polyp-Gen\seq14\images\199.jpg,C:\VISKOM\Polyp-Gen\seq14\masks\199.jpg,PolypGen_seq14,sequence,train
PolypGen,C:\VISKOM\Polyp-Gen\seq14\images\200.jpg,C:\VISKOM\Polyp-Gen\seq14\masks\200.jpg,PolypGen_seq14,sequence,train
PolypGen,C:\VISKOM\Polyp-Gen\seq14\images\201.jpg,C:\VISKOM\Polyp-Gen\seq14\masks\201.jpg,PolypGen_seq14,sequence,train
PolypGen,C:\VISKOM\Polyp-Gen\seq14\images\202.jpg,C:\VISKOM\Polyp-Gen\seq14\masks\202.jpg,PolypGen_seq14,sequence,train
PolypGen,C:\VISKOM\Polyp-Gen\seq14\images\203.jpg,C:\VISKOM\Polyp-Gen\seq14\masks\203.jpg,PolypGen_seq14,sequence,train
PolypGen,C:\VISKOM\Polyp-Gen\seq14\images\204.jpg,C:\VISKOM\Polyp-Gen\seq14\masks\204.jpg,PolypGen_seq14,sequence,train
PolypGen,C:\VISKOM\Polyp-Gen\seq14\images\205.jpg,C:\VISKOM\Polyp-Gen\seq14\masks\205.jpg,PolypGen_seq14,sequence,train
PolypGen,C:\VISKOM\Polyp-Gen\seq14\images\206.jpg,C:\VISKOM\Polyp-Gen\seq14\masks\206.jpg,PolypGen_seq14,sequence,train
PolypGen,C:\VISKOM\Polyp-Gen\seq14\images\207.jpg,C:\VISKOM\Polyp-Gen\seq14\masks\207.jpg,PolypGen_seq14,sequence,train
PolypGen,C:\VISKOM\Polyp-Gen\seq14\images\208.jpg,C:\VISKOM\Polyp-Gen\seq14\masks\208.jpg,PolypGen_seq14,sequence,train
PolypGen,C:\VISKOM\Polyp-Gen\seq14\images\209.jpg,C:\VISKOM\Polyp-Gen\seq14\masks\209.jpg,PolypGen_seq14,sequence,train
PolypGen,C:\VISKOM\Polyp-Gen\seq14\images\210.jpg,C:\VISKOM\Polyp-Gen\seq14\masks\210.jpg,PolypGen_seq14,sequence,train
PolypGen,C:\VISKOM\Polyp-Gen\seq14\images\211.jpg,C:\VISKOM\Polyp-Gen\seq14\masks\211.jpg,PolypGen_seq14,sequence,train
PolypGen,C:\VISKOM\Polyp-Gen\seq14\images\212.jpg,C:\VISKOM\Polyp-Gen\seq14\masks\212.jpg,PolypGen_seq14,sequence,train
PolypGen,C:\VISKOM\Polyp-Gen\seq14\images\213.jpg,C:\VISKOM\Polyp-Gen\seq14\masks\213.jpg,PolypGen_seq14,sequence,train
PolypGen,C:\VISKOM\Polyp-Gen\seq14\images\214.jpg,C:\VISKOM\Polyp-Gen\seq14\masks\214.jpg,PolypGen_seq14,sequence,train
PolypGen,C:\VISKOM\Polyp-Gen\seq14\images\215.jpg,C:\VISKOM\Polyp-Gen\seq14\masks\215.jpg,PolypGen_seq14,sequence,train
PolypGen,C:\VISKOM\Polyp-Gen\seq14\images\216.jpg,C:\VISKOM\Polyp-Gen\seq14\masks\216.jpg,PolypGen_seq14,sequence,train
PolypGen,C:\VISKOM\Polyp-Gen\seq14\images\217.jpg,C:\VISKOM\Polyp-Gen\seq14\masks\217.jpg,PolypGen_seq14,sequence,train
PolypGen,C:\VISKOM\Polyp-Gen\seq14\images\218.jpg,C:\VISKOM\Polyp-Gen\seq14\masks\218.jpg,PolypGen_seq14,sequence,train
PolypGen,C:\VISKOM\Polyp-Gen\seq14\images\219.jpg,C:\VISKOM\Polyp-Gen\seq14\masks\219.jpg,PolypGen_seq14,sequence,train
PolypGen,C:\VISKOM\Polyp-Gen\seq14\images\220.jpg,C:\VISKOM\Polyp-Gen\seq14\masks\220.jpg,PolypGen_seq14,sequence,train
PolypGen,C:\VISKOM\Polyp-Gen\seq14\images\221.jpg,C:\VISKOM\Polyp-Gen\seq14\masks\221.jpg,PolypGen_seq14,sequence,train
PolypGen,C:\VISKOM\Polyp-Gen\seq14\images\222.jpg,C:\VISKOM\Polyp-Gen\seq14\masks\222.jpg,PolypGen_seq14,sequence,train
PolypGen,C:\VISKOM\Polyp-Gen\seq14\images\223.jpg,C:\VISKOM\Polyp-Gen\seq14\masks\223.jpg,PolypGen_seq14,sequence,train
PolypGen,C:\VISKOM\Polyp-Gen\seq14\images\224.jpg,C:\VISKOM\Polyp-Gen\seq14\masks\224.jpg,PolypGen_seq14,sequence,train
PolypGen,C:\VISKOM\Polyp-Gen\seq14\images\225.jpg,C:\VISKOM\Polyp-Gen\seq14\masks\225.jpg,PolypGen_seq14,sequence,train
PolypGen,C:\VISKOM\Polyp-Gen\seq14\images\226.jpg,C:\VISKOM\Polyp-Gen\seq14\masks\226.jpg,PolypGen_seq14,sequence,train
PolypGen,C:\VISKOM\Polyp-Gen\seq14\images\227.jpg,C:\VISKOM\Polyp-Gen\seq14\masks\227.jpg,PolypGen_seq14,sequence,train
PolypGen,C:\VISKOM\Polyp-Gen\seq14\images\228.jpg,C:\VISKOM\Polyp-Gen\seq14\masks\228.jpg,PolypGen_seq14,sequence,train
PolypGen,C:\VISKOM\Polyp-Gen\seq14\images\229.jpg,C:\VISKOM\Polyp-Gen\seq14\masks\229.jpg,PolypGen_seq14,sequence,train
PolypGen,C:\VISKOM\Polyp-Gen\seq14\images\230.jpg,C:\VISKOM\Polyp-Gen\seq14\masks\230.jpg,PolypGen_seq14,sequence,train
PolypGen,C:\VISKOM\Polyp-Gen\seq14\images\231.jpg,C:\VISKOM\Polyp-Gen\seq14\masks\231.jpg,PolypGen_seq14,sequence,train
PolypGen,C:\VISKOM\Polyp-Gen\seq14\images\232.jpg,C:\VISKOM\Polyp-Gen\seq14\masks\232.jpg,PolypGen_seq14,sequence,train
PolypGen,C:\VISKOM\Polyp-Gen\seq14\images\233.jpg,C:\VISKOM\Polyp-Gen\seq14\masks\233.jpg,PolypGen_seq14,sequence,train
PolypGen,C:\VISKOM\Polyp-Gen\seq14\images\234.jpg,C:\VISKOM\Polyp-Gen\seq14\masks\234.jpg,PolypGen_seq14,sequence,train
PolypGen,C:\VISKOM\Polyp-Gen\seq14\images\235.jpg,C:\VISKOM\Polyp-Gen\seq14\masks\235.jpg,PolypGen_seq14,sequence,train
PolypGen,C:\VISKOM\Polyp-Gen\seq14\images\236.jpg,C:\VISKOM\Polyp-Gen\seq14\masks\236.jpg,PolypGen_seq14,sequence,train
PolypGen,C:\VISKOM\Polyp-Gen\seq14\images\237.jpg,C:\VISKOM\Polyp-Gen\seq14\masks\237.jpg,PolypGen_seq14,sequence,train
PolypGen,C:\VISKOM\Polyp-Gen\seq14\images\238.jpg,C:\VISKOM\Polyp-Gen\seq14\masks\238.jpg,PolypGen_seq14,sequence,train
PolypGen,C:\VISKOM\Polyp-Gen\seq14\images\239.jpg,C:\VISKOM\Polyp-Gen\seq14\masks\239.jpg,PolypGen_seq14,sequence,train
PolypGen,C:\VISKOM\Polyp-Gen\seq14\images\240.jpg,C:\VISKOM\Polyp-Gen\seq14\masks\240.jpg,PolypGen_seq14,sequence,train
PolypGen,C:\VISKOM\Polyp-Gen\seq14\images\241.jpg,C:\VISKOM\Polyp-Gen\seq14\masks\241.jpg,PolypGen_seq14,sequence,train
PolypGen,C:\VISKOM\Polyp-Gen\seq14\images\242.jpg,C:\VISKOM\Polyp-Gen\seq14\masks\242.jpg,PolypGen_seq14,sequence,train
PolypGen,C:\VISKOM\Polyp-Gen\seq14\images\243.jpg,C:\VISKOM\Polyp-Gen\seq14\masks\243.jpg,PolypGen_seq14,sequence,train
PolypGen,C:\VISKOM\Polyp-Gen\seq14\images\244.jpg,C:\VISKOM\Polyp-Gen\seq14\masks\244.jpg,PolypGen_seq14,sequence,train
PolypGen,C:\VISKOM\Polyp-Gen\seq14\images\245.jpg,C:\VISKOM\Polyp-Gen\seq14\masks\245.jpg,PolypGen_seq14,sequence,train
PolypGen,C:\VISKOM\Polyp-Gen\seq14\images\246.jpg,C:\VISKOM\Polyp-Gen\seq14\masks\246.jpg,PolypGen_seq14,sequence,train
PolypGen,C:\VISKOM\Polyp-Gen\seq14\images\247.jpg,C:\VISKOM\Polyp-Gen\seq14\masks\247.jpg,PolypGen_seq14,sequence,train
PolypGen,C:\VISKOM\Polyp-Gen\seq14\images\248.jpg,C:\VISKOM\Polyp-Gen\seq14\masks\248.jpg,PolypGen_seq14,sequence,train
PolypGen,C:\VISKOM\Polyp-Gen\seq15\images\0.jpg,C:\VISKOM\Polyp-Gen\seq15\masks\0.jpg,PolypGen_seq15,sequence,train
PolypGen,C:\VISKOM\Polyp-Gen\seq15\images\1.jpg,C:\VISKOM\Polyp-Gen\seq15\masks\1.jpg,PolypGen_seq15,sequence,train
PolypGen,C:\VISKOM\Polyp-Gen\seq15\images\2.jpg,C:\VISKOM\Polyp-Gen\seq15\masks\2.jpg,PolypGen_seq15,sequence,train
PolypGen,C:\VISKOM\Polyp-Gen\seq15\images\3.jpg,C:\VISKOM\Polyp-Gen\seq15\masks\3.jpg,PolypGen_seq15,sequence,train
PolypGen,C:\VISKOM\Polyp-Gen\seq15\images\4.jpg,C:\VISKOM\Polyp-Gen\seq15\masks\4.jpg,PolypGen_seq15,sequence,train
PolypGen,C:\VISKOM\Polyp-Gen\seq15\images\5.jpg,C:\VISKOM\Polyp-Gen\seq15\masks\5.jpg,PolypGen_seq15,sequence,train
PolypGen,C:\VISKOM\Polyp-Gen\seq15\images\6.jpg,C:\VISKOM\Polyp-Gen\seq15\masks\6.jpg,PolypGen_seq15,sequence,train
PolypGen,C:\VISKOM\Polyp-Gen\seq15\images\7.jpg,C:\VISKOM\Polyp-Gen\seq15\masks\7.jpg,PolypGen_seq15,sequence,train
PolypGen,C:\VISKOM\Polyp-Gen\seq15\images\8.jpg,C:\VISKOM\Polyp-Gen\seq15\masks\8.jpg,PolypGen_seq15,sequence,train
PolypGen,C:\VISKOM\Polyp-Gen\seq15\images\9.jpg,C:\VISKOM\Polyp-Gen\seq15\masks\9.jpg,PolypGen_seq15,sequence,train
PolypGen,C:\VISKOM\Polyp-Gen\seq15\images\10.jpg,C:\VISKOM\Polyp-Gen\seq15\masks\10.jpg,PolypGen_seq15,sequence,train
PolypGen,C:\VISKOM\Polyp-Gen\seq15\images\11.jpg,C:\VISKOM\Polyp-Gen\seq15\masks\11.jpg,PolypGen_seq15,sequence,train
PolypGen,C:\VISKOM\Polyp-Gen\seq15\images\12.jpg,C:\VISKOM\Polyp-Gen\seq15\masks\12.jpg,PolypGen_seq15,sequence,train
PolypGen,C:\VISKOM\Polyp-Gen\seq15\images\13.jpg,C:\VISKOM\Polyp-Gen\seq15\masks\13.jpg,PolypGen_seq15,sequence,train
PolypGen,C:\VISKOM\Polyp-Gen\seq15\images\14.jpg,C:\VISKOM\Polyp-Gen\seq15\masks\14.jpg,PolypGen_seq15,sequence,train
PolypGen,C:\VISKOM\Polyp-Gen\seq15\images\15.jpg,C:\VISKOM\Polyp-Gen\seq15\masks\15.jpg,PolypGen_seq15,sequence,train
PolypGen,C:\VISKOM\Polyp-Gen\seq15\images\16.jpg,C:\VISKOM\Polyp-Gen\seq15\masks\16.jpg,PolypGen_seq15,sequence,train
PolypGen,C:\VISKOM\Polyp-Gen\seq15\images\17.jpg,C:\VISKOM\Polyp-Gen\seq15\masks\17.jpg,PolypGen_seq15,sequence,train
PolypGen,C:\VISKOM\Polyp-Gen\seq15\images\18.jpg,C:\VISKOM\Polyp-Gen\seq15\masks\18.jpg,PolypGen_seq15,sequence,train
PolypGen,C:\VISKOM\Polyp-Gen\seq15\images\19.jpg,C:\VISKOM\Polyp-Gen\seq15\masks\19.jpg,PolypGen_seq15,sequence,train
PolypGen,C:\VISKOM\Polyp-Gen\seq15\images\20.jpg,C:\VISKOM\Polyp-Gen\seq15\masks\20.jpg,PolypGen_seq15,sequence,train
PolypGen,C:\VISKOM\Polyp-Gen\seq15\images\21.jpg,C:\VISKOM\Polyp-Gen\seq15\masks\21.jpg,PolypGen_seq15,sequence,train
PolypGen,C:\VISKOM\Polyp-Gen\seq15\images\22.jpg,C:\VISKOM\Polyp-Gen\seq15\masks\22.jpg,PolypGen_seq15,sequence,train
PolypGen,C:\VISKOM\Polyp-Gen\seq15\images\23.jpg,C:\VISKOM\Polyp-Gen\seq15\masks\23.jpg,PolypGen_seq15,sequence,train
PolypGen,C:\VISKOM\Polyp-Gen\seq15\images\24.jpg,C:\VISKOM\Polyp-Gen\seq15\masks\24.jpg,PolypGen_seq15,sequence,train
PolypGen,C:\VISKOM\Polyp-Gen\seq15\images\25.jpg,C:\VISKOM\Polyp-Gen\seq15\masks\25.jpg,PolypGen_seq15,sequence,train
PolypGen,C:\VISKOM\Polyp-Gen\seq15\images\26.jpg,C:\VISKOM\Polyp-Gen\seq15\masks\26.jpg,PolypGen_seq15,sequence,train
PolypGen,C:\VISKOM\Polyp-Gen\seq15\images\27.jpg,C:\VISKOM\Polyp-Gen\seq15\masks\27.jpg,PolypGen_seq15,sequence,train
PolypGen,C:\VISKOM\Polyp-Gen\seq15\images\28.jpg,C:\VISKOM\Polyp-Gen\seq15\masks\28.jpg,PolypGen_seq15,sequence,train
PolypGen,C:\VISKOM\Polyp-Gen\seq15\images\29.jpg,C:\VISKOM\Polyp-Gen\seq15\masks\29.jpg,PolypGen_seq15,sequence,train
PolypGen,C:\VISKOM\Polyp-Gen\seq15\images\30.jpg,C:\VISKOM\Polyp-Gen\seq15\masks\30.jpg,PolypGen_seq15,sequence,train
PolypGen,C:\VISKOM\Polyp-Gen\seq15\images\31.jpg,C:\VISKOM\Polyp-Gen\seq15\masks\31.jpg,PolypGen_seq15,sequence,train
PolypGen,C:\VISKOM\Polyp-Gen\seq15\images\32.jpg,C:\VISKOM\Polyp-Gen\seq15\masks\32.jpg,PolypGen_seq15,sequence,train
PolypGen,C:\VISKOM\Polyp-Gen\seq15\images\33.jpg,C:\VISKOM\Polyp-Gen\seq15\masks\33.jpg,PolypGen_seq15,sequence,train
PolypGen,C:\VISKOM\Polyp-Gen\seq15\images\34.jpg,C:\VISKOM\Polyp-Gen\seq15\masks\34.jpg,PolypGen_seq15,sequence,train
PolypGen,C:\VISKOM\Polyp-Gen\seq15\images\35.jpg,C:\VISKOM\Polyp-Gen\seq15\masks\35.jpg,PolypGen_seq15,sequence,train
PolypGen,C:\VISKOM\Polyp-Gen\seq15\images\36.jpg,C:\VISKOM\Polyp-Gen\seq15\masks\36.jpg,PolypGen_seq15,sequence,train
PolypGen,C:\VISKOM\Polyp-Gen\seq15\images\37.jpg,C:\VISKOM\Polyp-Gen\seq15\masks\37.jpg,PolypGen_seq15,sequence,train
PolypGen,C:\VISKOM\Polyp-Gen\seq15\images\38.jpg,C:\VISKOM\Polyp-Gen\seq15\masks\38.jpg,PolypGen_seq15,sequence,train
PolypGen,C:\VISKOM\Polyp-Gen\seq15\images\39.jpg,C:\VISKOM\Polyp-Gen\seq15\masks\39.jpg,PolypGen_seq15,sequence,train
PolypGen,C:\VISKOM\Polyp-Gen\seq15\images\40.jpg,C:\VISKOM\Polyp-Gen\seq15\masks\40.jpg,PolypGen_seq15,sequence,train
PolypGen,C:\VISKOM\Polyp-Gen\seq15\images\41.jpg,C:\VISKOM\Polyp-Gen\seq15\masks\41.jpg,PolypGen_seq15,sequence,train
PolypGen,C:\VISKOM\Polyp-Gen\seq15\images\42.jpg,C:\VISKOM\Polyp-Gen\seq15\masks\42.jpg,PolypGen_seq15,sequence,train
PolypGen,C:\VISKOM\Polyp-Gen\seq15\images\43.jpg,C:\VISKOM\Polyp-Gen\seq15\masks\43.jpg,PolypGen_seq15,sequence,train
PolypGen,C:\VISKOM\Polyp-Gen\seq15\images\44.jpg,C:\VISKOM\Polyp-Gen\seq15\masks\44.jpg,PolypGen_seq15,sequence,train
PolypGen,C:\VISKOM\Polyp-Gen\seq15\images\45.jpg,C:\VISKOM\Polyp-Gen\seq15\masks\45.jpg,PolypGen_seq15,sequence,train
PolypGen,C:\VISKOM\Polyp-Gen\seq15\images\46.jpg,C:\VISKOM\Polyp-Gen\seq15\masks\46.jpg,PolypGen_seq15,sequence,train
PolypGen,C:\VISKOM\Polyp-Gen\seq15\images\47.jpg,C:\VISKOM\Polyp-Gen\seq15\masks\47.jpg,PolypGen_seq15,sequence,train
PolypGen,C:\VISKOM\Polyp-Gen\seq15\images\48.jpg,C:\VISKOM\Polyp-Gen\seq15\masks\48.jpg,PolypGen_seq15,sequence,train
PolypGen,C:\VISKOM\Polyp-Gen\seq15\images\49.jpg,C:\VISKOM\Polyp-Gen\seq15\masks\49.jpg,PolypGen_seq15,sequence,train
PolypGen,C:\VISKOM\Polyp-Gen\seq15\images\50.jpg,C:\VISKOM\Polyp-Gen\seq15\masks\50.jpg,PolypGen_seq15,sequence,train
PolypGen,C:\VISKOM\Polyp-Gen\seq15\images\51.jpg,C:\VISKOM\Polyp-Gen\seq15\masks\51.jpg,PolypGen_seq15,sequence,train
PolypGen,C:\VISKOM\Polyp-Gen\seq15\images\52.jpg,C:\VISKOM\Polyp-Gen\seq15\masks\52.jpg,PolypGen_seq15,sequence,train
PolypGen,C:\VISKOM\Polyp-Gen\seq15\images\53.jpg,C:\VISKOM\Polyp-Gen\seq15\masks\53.jpg,PolypGen_seq15,sequence,train
PolypGen,C:\VISKOM\Polyp-Gen\seq15\images\54.jpg,C:\VISKOM\Polyp-Gen\seq15\masks\54.jpg,PolypGen_seq15,sequence,train
PolypGen,C:\VISKOM\Polyp-Gen\seq15\images\55.jpg,C:\VISKOM\Polyp-Gen\seq15\masks\55.jpg,PolypGen_seq15,sequence,train
PolypGen,C:\VISKOM\Polyp-Gen\seq15\images\56.jpg,C:\VISKOM\Polyp-Gen\seq15\masks\56.jpg,PolypGen_seq15,sequence,train
PolypGen,C:\VISKOM\Polyp-Gen\seq15\images\57.jpg,C:\VISKOM\Polyp-Gen\seq15\masks\57.jpg,PolypGen_seq15,sequence,train
PolypGen,C:\VISKOM\Polyp-Gen\seq15\images\58.jpg,C:\VISKOM\Polyp-Gen\seq15\masks\58.jpg,PolypGen_seq15,sequence,train
PolypGen,C:\VISKOM\Polyp-Gen\seq15\images\59.jpg,C:\VISKOM\Polyp-Gen\seq15\masks\59.jpg,PolypGen_seq15,sequence,train
PolypGen,C:\VISKOM\Polyp-Gen\seq15\images\60.jpg,C:\VISKOM\Polyp-Gen\seq15\masks\60.jpg,PolypGen_seq15,sequence,train
PolypGen,C:\VISKOM\Polyp-Gen\seq15\images\61.jpg,C:\VISKOM\Polyp-Gen\seq15\masks\61.jpg,PolypGen_seq15,sequence,train
PolypGen,C:\VISKOM\Polyp-Gen\seq15\images\62.jpg,C:\VISKOM\Polyp-Gen\seq15\masks\62.jpg,PolypGen_seq15,sequence,train
PolypGen,C:\VISKOM\Polyp-Gen\seq15\images\63.jpg,C:\VISKOM\Polyp-Gen\seq15\masks\63.jpg,PolypGen_seq15,sequence,train
PolypGen,C:\VISKOM\Polyp-Gen\seq15\images\64.jpg,C:\VISKOM\Polyp-Gen\seq15\masks\64.jpg,PolypGen_seq15,sequence,train
PolypGen,C:\VISKOM\Polyp-Gen\seq15\images\65.jpg,C:\VISKOM\Polyp-Gen\seq15\masks\65.jpg,PolypGen_seq15,sequence,train
PolypGen,C:\VISKOM\Polyp-Gen\seq15\images\66.jpg,C:\VISKOM\Polyp-Gen\seq15\masks\66.jpg,PolypGen_seq15,sequence,train
PolypGen,C:\VISKOM\Polyp-Gen\seq15\images\67.jpg,C:\VISKOM\Polyp-Gen\seq15\masks\67.jpg,PolypGen_seq15,sequence,train
PolypGen,C:\VISKOM\Polyp-Gen\seq15\images\68.jpg,C:\VISKOM\Polyp-Gen\seq15\masks\68.jpg,PolypGen_seq15,sequence,train
PolypGen,C:\VISKOM\Polyp-Gen\seq15\images\69.jpg,C:\VISKOM\Polyp-Gen\seq15\masks\69.jpg,PolypGen_seq15,sequence,train
PolypGen,C:\VISKOM\Polyp-Gen\seq15\images\70.jpg,C:\VISKOM\Polyp-Gen\seq15\masks\70.jpg,PolypGen_seq15,sequence,train
PolypGen,C:\VISKOM\Polyp-Gen\seq15\images\71.jpg,C:\VISKOM\Polyp-Gen\seq15\masks\71.jpg,PolypGen_seq15,sequence,train
PolypGen,C:\VISKOM\Polyp-Gen\seq15\images\72.jpg,C:\VISKOM\Polyp-Gen\seq15\masks\72.jpg,PolypGen_seq15,sequence,train
PolypGen,C:\VISKOM\Polyp-Gen\seq15\images\73.jpg,C:\VISKOM\Polyp-Gen\seq15\masks\73.jpg,PolypGen_seq15,sequence,train
PolypGen,C:\VISKOM\Polyp-Gen\seq15\images\74.jpg,C:\VISKOM\Polyp-Gen\seq15\masks\74.jpg,PolypGen_seq15,sequence,train
PolypGen,C:\VISKOM\Polyp-Gen\seq15\images\75.jpg,C:\VISKOM\Polyp-Gen\seq15\masks\75.jpg,PolypGen_seq15,sequence,train
PolypGen,C:\VISKOM\Polyp-Gen\seq15\images\76.jpg,C:\VISKOM\Polyp-Gen\seq15\masks\76.jpg,PolypGen_seq15,sequence,train
PolypGen,C:\VISKOM\Polyp-Gen\seq15\images\77.jpg,C:\VISKOM\Polyp-Gen\seq15\masks\77.jpg,PolypGen_seq15,sequence,train
PolypGen,C:\VISKOM\Polyp-Gen\seq15\images\78.jpg,C:\VISKOM\Polyp-Gen\seq15\masks\78.jpg,PolypGen_seq15,sequence,train
PolypGen,C:\VISKOM\Polyp-Gen\seq15\images\79.jpg,C:\VISKOM\Polyp-Gen\seq15\masks\79.jpg,PolypGen_seq15,sequence,train
PolypGen,C:\VISKOM\Polyp-Gen\seq15\images\80.jpg,C:\VISKOM\Polyp-Gen\seq15\masks\80.jpg,PolypGen_seq15,sequence,train
PolypGen,C:\VISKOM\Polyp-Gen\seq15\images\81.jpg,C:\VISKOM\Polyp-Gen\seq15\masks\81.jpg,PolypGen_seq15,sequence,train
PolypGen,C:\VISKOM\Polyp-Gen\seq15\images\82.jpg,C:\VISKOM\Polyp-Gen\seq15\masks\82.jpg,PolypGen_seq15,sequence,train
PolypGen,C:\VISKOM\Polyp-Gen\seq15\images\83.jpg,C:\VISKOM\Polyp-Gen\seq15\masks\83.jpg,PolypGen_seq15,sequence,train
PolypGen,C:\VISKOM\Polyp-Gen\seq15\images\84.jpg,C:\VISKOM\Polyp-Gen\seq15\masks\84.jpg,PolypGen_seq15,sequence,train
PolypGen,C:\VISKOM\Polyp-Gen\seq15\images\85.jpg,C:\VISKOM\Polyp-Gen\seq15\masks\85.jpg,PolypGen_seq15,sequence,train
PolypGen,C:\VISKOM\Polyp-Gen\seq15\images\86.jpg,C:\VISKOM\Polyp-Gen\seq15\masks\86.jpg,PolypGen_seq15,sequence,train
PolypGen,C:\VISKOM\Polyp-Gen\seq15\images\87.jpg,C:\VISKOM\Polyp-Gen\seq15\masks\87.jpg,PolypGen_seq15,sequence,train
PolypGen,C:\VISKOM\Polyp-Gen\seq15\images\88.jpg,C:\VISKOM\Polyp-Gen\seq15\masks\88.jpg,PolypGen_seq15,sequence,train
PolypGen,C:\VISKOM\Polyp-Gen\seq15\images\89.jpg,C:\VISKOM\Polyp-Gen\seq15\masks\89.jpg,PolypGen_seq15,sequence,train
PolypGen,C:\VISKOM\Polyp-Gen\seq15\images\90.jpg,C:\VISKOM\Polyp-Gen\seq15\masks\90.jpg,PolypGen_seq15,sequence,train
PolypGen,C:\VISKOM\Polyp-Gen\seq15\images\91.jpg,C:\VISKOM\Polyp-Gen\seq15\masks\91.jpg,PolypGen_seq15,sequence,train
PolypGen,C:\VISKOM\Polyp-Gen\seq15\images\92.jpg,C:\VISKOM\Polyp-Gen\seq15\masks\92.jpg,PolypGen_seq15,sequence,train
PolypGen,C:\VISKOM\Polyp-Gen\seq15\images\93.jpg,C:\VISKOM\Polyp-Gen\seq15\masks\93.jpg,PolypGen_seq15,sequence,train
PolypGen,C:\VISKOM\Polyp-Gen\seq15\images\94.jpg,C:\VISKOM\Polyp-Gen\seq15\masks\94.jpg,PolypGen_seq15,sequence,train
PolypGen,C:\VISKOM\Polyp-Gen\seq15\images\95.jpg,C:\VISKOM\Polyp-Gen\seq15\masks\95.jpg,PolypGen_seq15,sequence,train
PolypGen,C:\VISKOM\Polyp-Gen\seq15\images\96.jpg,C:\VISKOM\Polyp-Gen\seq15\masks\96.jpg,PolypGen_seq15,sequence,train
PolypGen,C:\VISKOM\Polyp-Gen\seq15\images\97.jpg,C:\VISKOM\Polyp-Gen\seq15\masks\97.jpg,PolypGen_seq15,sequence,train
PolypGen,C:\VISKOM\Polyp-Gen\seq15\images\98.jpg,C:\VISKOM\Polyp-Gen\seq15\masks\98.jpg,PolypGen_seq15,sequence,train
PolypGen,C:\VISKOM\Polyp-Gen\seq15\images\99.jpg,C:\VISKOM\Polyp-Gen\seq15\masks\99.jpg,PolypGen_seq15,sequence,train
PolypGen,C:\VISKOM\Polyp-Gen\seq15\images\100.jpg,C:\VISKOM\Polyp-Gen\seq15\masks\100.jpg,PolypGen_seq15,sequence,train
PolypGen,C:\VISKOM\Polyp-Gen\seq15\images\101.jpg,C:\VISKOM\Polyp-Gen\seq15\masks\101.jpg,PolypGen_seq15,sequence,train
PolypGen,C:\VISKOM\Polyp-Gen\seq15\images\102.jpg,C:\VISKOM\Polyp-Gen\seq15\masks\102.jpg,PolypGen_seq15,sequence,train
PolypGen,C:\VISKOM\Polyp-Gen\seq15\images\103.jpg,C:\VISKOM\Polyp-Gen\seq15\masks\103.jpg,PolypGen_seq15,sequence,train
PolypGen,C:\VISKOM\Polyp-Gen\seq15\images\104.jpg,C:\VISKOM\Polyp-Gen\seq15\masks\104.jpg,PolypGen_seq15,sequence,train
PolypGen,C:\VISKOM\Polyp-Gen\seq15\images\105.jpg,C:\VISKOM\Polyp-Gen\seq15\masks\105.jpg,PolypGen_seq15,sequence,train
PolypGen,C:\VISKOM\Polyp-Gen\seq15\images\106.jpg,C:\VISKOM\Polyp-Gen\seq15\masks\106.jpg,PolypGen_seq15,sequence,train
PolypGen,C:\VISKOM\Polyp-Gen\seq15\images\107.jpg,C:\VISKOM\Polyp-Gen\seq15\masks\107.jpg,PolypGen_seq15,sequence,train
PolypGen,C:\VISKOM\Polyp-Gen\seq15\images\108.jpg,C:\VISKOM\Polyp-Gen\seq15\masks\108.jpg,PolypGen_seq15,sequence,train
PolypGen,C:\VISKOM\Polyp-Gen\seq15\images\109.jpg,C:\VISKOM\Polyp-Gen\seq15\masks\109.jpg,PolypGen_seq15,sequence,train
PolypGen,C:\VISKOM\Polyp-Gen\seq15\images\110.jpg,C:\VISKOM\Polyp-Gen\seq15\masks\110.jpg,PolypGen_seq15,sequence,train
PolypGen,C:\VISKOM\Polyp-Gen\seq15\images\111.jpg,C:\VISKOM\Polyp-Gen\seq15\masks\111.jpg,PolypGen_seq15,sequence,train
PolypGen,C:\VISKOM\Polyp-Gen\seq15\images\112.jpg,C:\VISKOM\Polyp-Gen\seq15\masks\112.jpg,PolypGen_seq15,sequence,train
PolypGen,C:\VISKOM\Polyp-Gen\seq15\images\113.jpg,C:\VISKOM\Polyp-Gen\seq15\masks\113.jpg,PolypGen_seq15,sequence,train
PolypGen,C:\VISKOM\Polyp-Gen\seq15\images\114.jpg,C:\VISKOM\Polyp-Gen\seq15\masks\114.jpg,PolypGen_seq15,sequence,train
PolypGen,C:\VISKOM\Polyp-Gen\seq15\images\115.jpg,C:\VISKOM\Polyp-Gen\seq15\masks\115.jpg,PolypGen_seq15,sequence,train
PolypGen,C:\VISKOM\Polyp-Gen\seq16\images\0.jpg,C:\VISKOM\Polyp-Gen\seq16\masks\0.jpg,PolypGen_seq16,sequence,test
PolypGen,C:\VISKOM\Polyp-Gen\seq16\images\1.jpg,C:\VISKOM\Polyp-Gen\seq16\masks\1.jpg,PolypGen_seq16,sequence,test
PolypGen,C:\VISKOM\Polyp-Gen\seq16\images\2.jpg,C:\VISKOM\Polyp-Gen\seq16\masks\2.jpg,PolypGen_seq16,sequence,test
PolypGen,C:\VISKOM\Polyp-Gen\seq16\images\3.jpg,C:\VISKOM\Polyp-Gen\seq16\masks\3.jpg,PolypGen_seq16,sequence,test
PolypGen,C:\VISKOM\Polyp-Gen\seq16\images\4.jpg,C:\VISKOM\Polyp-Gen\seq16\masks\4.jpg,PolypGen_seq16,sequence,test
PolypGen,C:\VISKOM\Polyp-Gen\seq16\images\5.jpg,C:\VISKOM\Polyp-Gen\seq16\masks\5.jpg,PolypGen_seq16,sequence,test
PolypGen,C:\VISKOM\Polyp-Gen\seq16\images\6.jpg,C:\VISKOM\Polyp-Gen\seq16\masks\6.jpg,PolypGen_seq16,sequence,test
PolypGen,C:\VISKOM\Polyp-Gen\seq16\images\7.jpg,C:\VISKOM\Polyp-Gen\seq16\masks\7.jpg,PolypGen_seq16,sequence,test
PolypGen,C:\VISKOM\Polyp-Gen\seq16\images\8.jpg,C:\VISKOM\Polyp-Gen\seq16\masks\8.jpg,PolypGen_seq16,sequence,test
PolypGen,C:\VISKOM\Polyp-Gen\seq16\images\9.jpg,C:\VISKOM\Polyp-Gen\seq16\masks\9.jpg,PolypGen_seq16,sequence,test
PolypGen,C:\VISKOM\Polyp-Gen\seq16\images\10.jpg,C:\VISKOM\Polyp-Gen\seq16\masks\10.jpg,PolypGen_seq16,sequence,test
PolypGen,C:\VISKOM\Polyp-Gen\seq16\images\11.jpg,C:\VISKOM\Polyp-Gen\seq16\masks\11.jpg,PolypGen_seq16,sequence,test
PolypGen,C:\VISKOM\Polyp-Gen\seq16\images\12.jpg,C:\VISKOM\Polyp-Gen\seq16\masks\12.jpg,PolypGen_seq16,sequence,test
PolypGen,C:\VISKOM\Polyp-Gen\seq16\images\13.jpg,C:\VISKOM\Polyp-Gen\seq16\masks\13.jpg,PolypGen_seq16,sequence,test
PolypGen,C:\VISKOM\Polyp-Gen\seq16\images\14.jpg,C:\VISKOM\Polyp-Gen\seq16\masks\14.jpg,PolypGen_seq16,sequence,test
PolypGen,C:\VISKOM\Polyp-Gen\seq16\images\15.jpg,C:\VISKOM\Polyp-Gen\seq16\masks\15.jpg,PolypGen_seq16,sequence,test
PolypGen,C:\VISKOM\Polyp-Gen\seq16\images\16.jpg,C:\VISKOM\Polyp-Gen\seq16\masks\16.jpg,PolypGen_seq16,sequence,test
PolypGen,C:\VISKOM\Polyp-Gen\seq16\images\17.jpg,C:\VISKOM\Polyp-Gen\seq16\masks\17.jpg,PolypGen_seq16,sequence,test
PolypGen,C:\VISKOM\Polyp-Gen\seq16\images\18.jpg,C:\VISKOM\Polyp-Gen\seq16\masks\18.jpg,PolypGen_seq16,sequence,test
PolypGen,C:\VISKOM\Polyp-Gen\seq16\images\19.jpg,C:\VISKOM\Polyp-Gen\seq16\masks\19.jpg,PolypGen_seq16,sequence,test
PolypGen,C:\VISKOM\Polyp-Gen\seq16\images\20.jpg,C:\VISKOM\Polyp-Gen\seq16\masks\20.jpg,PolypGen_seq16,sequence,test
PolypGen,C:\VISKOM\Polyp-Gen\seq16\images\21.jpg,C:\VISKOM\Polyp-Gen\seq16\masks\21.jpg,PolypGen_seq16,sequence,test
PolypGen,C:\VISKOM\Polyp-Gen\seq16\images\22.jpg,C:\VISKOM\Polyp-Gen\seq16\masks\22.jpg,PolypGen_seq16,sequence,test
PolypGen,C:\VISKOM\Polyp-Gen\seq16\images\23.jpg,C:\VISKOM\Polyp-Gen\seq16\masks\23.jpg,PolypGen_seq16,sequence,test
PolypGen,C:\VISKOM\Polyp-Gen\seq16\images\24.jpg,C:\VISKOM\Polyp-Gen\seq16\masks\24.jpg,PolypGen_seq16,sequence,test
PolypGen,C:\VISKOM\Polyp-Gen\seq16\images\25.jpg,C:\VISKOM\Polyp-Gen\seq16\masks\25.jpg,PolypGen_seq16,sequence,test
PolypGen,C:\VISKOM\Polyp-Gen\seq16\images\26.jpg,C:\VISKOM\Polyp-Gen\seq16\masks\26.jpg,PolypGen_seq16,sequence,test
PolypGen,C:\VISKOM\Polyp-Gen\seq16\images\27.jpg,C:\VISKOM\Polyp-Gen\seq16\masks\27.jpg,PolypGen_seq16,sequence,test
PolypGen,C:\VISKOM\Polyp-Gen\seq16\images\28.jpg,C:\VISKOM\Polyp-Gen\seq16\masks\28.jpg,PolypGen_seq16,sequence,test
PolypGen,C:\VISKOM\Polyp-Gen\seq16\images\29.jpg,C:\VISKOM\Polyp-Gen\seq16\masks\29.jpg,PolypGen_seq16,sequence,test
PolypGen,C:\VISKOM\Polyp-Gen\seq16\images\30.jpg,C:\VISKOM\Polyp-Gen\seq16\masks\30.jpg,PolypGen_seq16,sequence,test
PolypGen,C:\VISKOM\Polyp-Gen\seq16\images\31.jpg,C:\VISKOM\Polyp-Gen\seq16\masks\31.jpg,PolypGen_seq16,sequence,test
PolypGen,C:\VISKOM\Polyp-Gen\seq16\images\32.jpg,C:\VISKOM\Polyp-Gen\seq16\masks\32.jpg,PolypGen_seq16,sequence,test
PolypGen,C:\VISKOM\Polyp-Gen\seq16\images\33.jpg,C:\VISKOM\Polyp-Gen\seq16\masks\33.jpg,PolypGen_seq16,sequence,test
PolypGen,C:\VISKOM\Polyp-Gen\seq16\images\34.jpg,C:\VISKOM\Polyp-Gen\seq16\masks\34.jpg,PolypGen_seq16,sequence,test
PolypGen,C:\VISKOM\Polyp-Gen\seq16\images\35.jpg,C:\VISKOM\Polyp-Gen\seq16\masks\35.jpg,PolypGen_seq16,sequence,test
PolypGen,C:\VISKOM\Polyp-Gen\seq16\images\36.jpg,C:\VISKOM\Polyp-Gen\seq16\masks\36.jpg,PolypGen_seq16,sequence,test
PolypGen,C:\VISKOM\Polyp-Gen\seq16\images\37.jpg,C:\VISKOM\Polyp-Gen\seq16\masks\37.jpg,PolypGen_seq16,sequence,test
PolypGen,C:\VISKOM\Polyp-Gen\seq16\images\38.jpg,C:\VISKOM\Polyp-Gen\seq16\masks\38.jpg,PolypGen_seq16,sequence,test
PolypGen,C:\VISKOM\Polyp-Gen\seq16\images\39.jpg,C:\VISKOM\Polyp-Gen\seq16\masks\39.jpg,PolypGen_seq16,sequence,test
PolypGen,C:\VISKOM\Polyp-Gen\seq17\images\0.jpg,C:\VISKOM\Polyp-Gen\seq17\masks\0.jpg,PolypGen_seq17,sequence,train
PolypGen,C:\VISKOM\Polyp-Gen\seq17\images\1.jpg,C:\VISKOM\Polyp-Gen\seq17\masks\1.jpg,PolypGen_seq17,sequence,train
PolypGen,C:\VISKOM\Polyp-Gen\seq17\images\2.jpg,C:\VISKOM\Polyp-Gen\seq17\masks\2.jpg,PolypGen_seq17,sequence,train
PolypGen,C:\VISKOM\Polyp-Gen\seq17\images\3.jpg,C:\VISKOM\Polyp-Gen\seq17\masks\3.jpg,PolypGen_seq17,sequence,train
PolypGen,C:\VISKOM\Polyp-Gen\seq17\images\4.jpg,C:\VISKOM\Polyp-Gen\seq17\masks\4.jpg,PolypGen_seq17,sequence,train
PolypGen,C:\VISKOM\Polyp-Gen\seq17\images\5.jpg,C:\VISKOM\Polyp-Gen\seq17\masks\5.jpg,PolypGen_seq17,sequence,train
PolypGen,C:\VISKOM\Polyp-Gen\seq17\images\6.jpg,C:\VISKOM\Polyp-Gen\seq17\masks\6.jpg,PolypGen_seq17,sequence,train
PolypGen,C:\VISKOM\Polyp-Gen\seq17\images\7.jpg,C:\VISKOM\Polyp-Gen\seq17\masks\7.jpg,PolypGen_seq17,sequence,train
PolypGen,C:\VISKOM\Polyp-Gen\seq17\images\8.jpg,C:\VISKOM\Polyp-Gen\seq17\masks\8.jpg,PolypGen_seq17,sequence,train
PolypGen,C:\VISKOM\Polyp-Gen\seq17\images\9.jpg,C:\VISKOM\Polyp-Gen\seq17\masks\9.jpg,PolypGen_seq17,sequence,train
PolypGen,C:\VISKOM\Polyp-Gen\seq17\images\10.jpg,C:\VISKOM\Polyp-Gen\seq17\masks\10.jpg,PolypGen_seq17,sequence,train
PolypGen,C:\VISKOM\Polyp-Gen\seq17\images\11.jpg,C:\VISKOM\Polyp-Gen\seq17\masks\11.jpg,PolypGen_seq17,sequence,train
PolypGen,C:\VISKOM\Polyp-Gen\seq17\images\12.jpg,C:\VISKOM\Polyp-Gen\seq17\masks\12.jpg,PolypGen_seq17,sequence,train
PolypGen,C:\VISKOM\Polyp-Gen\seq17\images\13.jpg,C:\VISKOM\Polyp-Gen\seq17\masks\13.jpg,PolypGen_seq17,sequence,train
PolypGen,C:\VISKOM\Polyp-Gen\seq17\images\14.jpg,C:\VISKOM\Polyp-Gen\seq17\masks\14.jpg,PolypGen_seq17,sequence,train
PolypGen,C:\VISKOM\Polyp-Gen\seq17\images\15.jpg,C:\VISKOM\Polyp-Gen\seq17\masks\15.jpg,PolypGen_seq17,sequence,train
PolypGen,C:\VISKOM\Polyp-Gen\seq17\images\16.jpg,C:\VISKOM\Polyp-Gen\seq17\masks\16.jpg,PolypGen_seq17,sequence,train
PolypGen,C:\VISKOM\Polyp-Gen\seq17\images\17.jpg,C:\VISKOM\Polyp-Gen\seq17\masks\17.jpg,PolypGen_seq17,sequence,train
PolypGen,C:\VISKOM\Polyp-Gen\seq17\images\18.jpg,C:\VISKOM\Polyp-Gen\seq17\masks\18.jpg,PolypGen_seq17,sequence,train
PolypGen,C:\VISKOM\Polyp-Gen\seq17\images\19.jpg,C:\VISKOM\Polyp-Gen\seq17\masks\19.jpg,PolypGen_seq17,sequence,train
PolypGen,C:\VISKOM\Polyp-Gen\seq17\images\20.jpg,C:\VISKOM\Polyp-Gen\seq17\masks\20.jpg,PolypGen_seq17,sequence,train
PolypGen,C:\VISKOM\Polyp-Gen\seq17\images\21.jpg,C:\VISKOM\Polyp-Gen\seq17\masks\21.jpg,PolypGen_seq17,sequence,train
PolypGen,C:\VISKOM\Polyp-Gen\seq17\images\22.jpg,C:\VISKOM\Polyp-Gen\seq17\masks\22.jpg,PolypGen_seq17,sequence,train
PolypGen,C:\VISKOM\Polyp-Gen\seq17\images\23.jpg,C:\VISKOM\Polyp-Gen\seq17\masks\23.jpg,PolypGen_seq17,sequence,train
PolypGen,C:\VISKOM\Polyp-Gen\seq17\images\24.jpg,C:\VISKOM\Polyp-Gen\seq17\masks\24.jpg,PolypGen_seq17,sequence,train
PolypGen,C:\VISKOM\Polyp-Gen\seq17\images\25.jpg,C:\VISKOM\Polyp-Gen\seq17\masks\25.jpg,PolypGen_seq17,sequence,train
PolypGen,C:\VISKOM\Polyp-Gen\seq17\images\26.jpg,C:\VISKOM\Polyp-Gen\seq17\masks\26.jpg,PolypGen_seq17,sequence,train
PolypGen,C:\VISKOM\Polyp-Gen\seq17\images\27.jpg,C:\VISKOM\Polyp-Gen\seq17\masks\27.jpg,PolypGen_seq17,sequence,train
PolypGen,C:\VISKOM\Polyp-Gen\seq17\images\28.jpg,C:\VISKOM\Polyp-Gen\seq17\masks\28.jpg,PolypGen_seq17,sequence,train
PolypGen,C:\VISKOM\Polyp-Gen\seq17\images\29.jpg,C:\VISKOM\Polyp-Gen\seq17\masks\29.jpg,PolypGen_seq17,sequence,train
PolypGen,C:\VISKOM\Polyp-Gen\seq17\images\30.jpg,C:\VISKOM\Polyp-Gen\seq17\masks\30.jpg,PolypGen_seq17,sequence,train
PolypGen,C:\VISKOM\Polyp-Gen\seq17\images\31.jpg,C:\VISKOM\Polyp-Gen\seq17\masks\31.jpg,PolypGen_seq17,sequence,train
PolypGen,C:\VISKOM\Polyp-Gen\seq17\images\32.jpg,C:\VISKOM\Polyp-Gen\seq17\masks\32.jpg,PolypGen_seq17,sequence,train
PolypGen,C:\VISKOM\Polyp-Gen\seq17\images\33.jpg,C:\VISKOM\Polyp-Gen\seq17\masks\33.jpg,PolypGen_seq17,sequence,train
PolypGen,C:\VISKOM\Polyp-Gen\seq17\images\34.jpg,C:\VISKOM\Polyp-Gen\seq17\masks\34.jpg,PolypGen_seq17,sequence,train
PolypGen,C:\VISKOM\Polyp-Gen\seq17\images\35.jpg,C:\VISKOM\Polyp-Gen\seq17\masks\35.jpg,PolypGen_seq17,sequence,train
PolypGen,C:\VISKOM\Polyp-Gen\seq17\images\36.jpg,C:\VISKOM\Polyp-Gen\seq17\masks\36.jpg,PolypGen_seq17,sequence,train
PolypGen,C:\VISKOM\Polyp-Gen\seq17\images\37.jpg,C:\VISKOM\Polyp-Gen\seq17\masks\37.jpg,PolypGen_seq17,sequence,train
PolypGen,C:\VISKOM\Polyp-Gen\seq17\images\38.jpg,C:\VISKOM\Polyp-Gen\seq17\masks\38.jpg,PolypGen_seq17,sequence,train
PolypGen,C:\VISKOM\Polyp-Gen\seq17\images\39.jpg,C:\VISKOM\Polyp-Gen\seq17\masks\39.jpg,PolypGen_seq17,sequence,train
PolypGen,C:\VISKOM\Polyp-Gen\seq17\images\40.jpg,C:\VISKOM\Polyp-Gen\seq17\masks\40.jpg,PolypGen_seq17,sequence,train
PolypGen,C:\VISKOM\Polyp-Gen\seq17\images\41.jpg,C:\VISKOM\Polyp-Gen\seq17\masks\41.jpg,PolypGen_seq17,sequence,train
PolypGen,C:\VISKOM\Polyp-Gen\seq17\images\42.jpg,C:\VISKOM\Polyp-Gen\seq17\masks\42.jpg,PolypGen_seq17,sequence,train
PolypGen,C:\VISKOM\Polyp-Gen\seq17\images\43.jpg,C:\VISKOM\Polyp-Gen\seq17\masks\43.jpg,PolypGen_seq17,sequence,train
PolypGen,C:\VISKOM\Polyp-Gen\seq17\images\44.jpg,C:\VISKOM\Polyp-Gen\seq17\masks\44.jpg,PolypGen_seq17,sequence,train
PolypGen,C:\VISKOM\Polyp-Gen\seq17\images\45.jpg,C:\VISKOM\Polyp-Gen\seq17\masks\45.jpg,PolypGen_seq17,sequence,train
PolypGen,C:\VISKOM\Polyp-Gen\seq17\images\46.jpg,C:\VISKOM\Polyp-Gen\seq17\masks\46.jpg,PolypGen_seq17,sequence,train
PolypGen,C:\VISKOM\Polyp-Gen\seq17\images\47.jpg,C:\VISKOM\Polyp-Gen\seq17\masks\47.jpg,PolypGen_seq17,sequence,train
PolypGen,C:\VISKOM\Polyp-Gen\seq17\images\48.jpg,C:\VISKOM\Polyp-Gen\seq17\masks\48.jpg,PolypGen_seq17,sequence,train
PolypGen,C:\VISKOM\Polyp-Gen\seq17\images\49.jpg,C:\VISKOM\Polyp-Gen\seq17\masks\49.jpg,PolypGen_seq17,sequence,train
PolypGen,C:\VISKOM\Polyp-Gen\seq17\images\50.jpg,C:\VISKOM\Polyp-Gen\seq17\masks\50.jpg,PolypGen_seq17,sequence,train
PolypGen,C:\VISKOM\Polyp-Gen\seq17\images\51.jpg,C:\VISKOM\Polyp-Gen\seq17\masks\51.jpg,PolypGen_seq17,sequence,train
PolypGen,C:\VISKOM\Polyp-Gen\seq17\images\52.jpg,C:\VISKOM\Polyp-Gen\seq17\masks\52.jpg,PolypGen_seq17,sequence,train
PolypGen,C:\VISKOM\Polyp-Gen\seq17\images\53.jpg,C:\VISKOM\Polyp-Gen\seq17\masks\53.jpg,PolypGen_seq17,sequence,train
PolypGen,C:\VISKOM\Polyp-Gen\seq17\images\54.jpg,C:\VISKOM\Polyp-Gen\seq17\masks\54.jpg,PolypGen_seq17,sequence,train
PolypGen,C:\VISKOM\Polyp-Gen\seq17\images\55.jpg,C:\VISKOM\Polyp-Gen\seq17\masks\55.jpg,PolypGen_seq17,sequence,train
PolypGen,C:\VISKOM\Polyp-Gen\seq17\images\56.jpg,C:\VISKOM\Polyp-Gen\seq17\masks\56.jpg,PolypGen_seq17,sequence,train
PolypGen,C:\VISKOM\Polyp-Gen\seq17\images\57.jpg,C:\VISKOM\Polyp-Gen\seq17\masks\57.jpg,PolypGen_seq17,sequence,train
PolypGen,C:\VISKOM\Polyp-Gen\seq17\images\58.jpg,C:\VISKOM\Polyp-Gen\seq17\masks\58.jpg,PolypGen_seq17,sequence,train
PolypGen,C:\VISKOM\Polyp-Gen\seq17\images\59.jpg,C:\VISKOM\Polyp-Gen\seq17\masks\59.jpg,PolypGen_seq17,sequence,train
PolypGen,C:\VISKOM\Polyp-Gen\seq17\images\60.jpg,C:\VISKOM\Polyp-Gen\seq17\masks\60.jpg,PolypGen_seq17,sequence,train
PolypGen,C:\VISKOM\Polyp-Gen\seq17\images\61.jpg,C:\VISKOM\Polyp-Gen\seq17\masks\61.jpg,PolypGen_seq17,sequence,train
PolypGen,C:\VISKOM\Polyp-Gen\seq17\images\62.jpg,C:\VISKOM\Polyp-Gen\seq17\masks\62.jpg,PolypGen_seq17,sequence,train
PolypGen,C:\VISKOM\Polyp-Gen\seq18\images\0.jpg,C:\VISKOM\Polyp-Gen\seq18\masks\0.jpg,PolypGen_seq18,sequence,test
PolypGen,C:\VISKOM\Polyp-Gen\seq18\images\1.jpg,C:\VISKOM\Polyp-Gen\seq18\masks\1.jpg,PolypGen_seq18,sequence,test
PolypGen,C:\VISKOM\Polyp-Gen\seq18\images\2.jpg,C:\VISKOM\Polyp-Gen\seq18\masks\2.jpg,PolypGen_seq18,sequence,test
PolypGen,C:\VISKOM\Polyp-Gen\seq18\images\3.jpg,C:\VISKOM\Polyp-Gen\seq18\masks\3.jpg,PolypGen_seq18,sequence,test
PolypGen,C:\VISKOM\Polyp-Gen\seq18\images\4.jpg,C:\VISKOM\Polyp-Gen\seq18\masks\4.jpg,PolypGen_seq18,sequence,test
PolypGen,C:\VISKOM\Polyp-Gen\seq18\images\5.jpg,C:\VISKOM\Polyp-Gen\seq18\masks\5.jpg,PolypGen_seq18,sequence,test
PolypGen,C:\VISKOM\Polyp-Gen\seq18\images\6.jpg,C:\VISKOM\Polyp-Gen\seq18\masks\6.jpg,PolypGen_seq18,sequence,test
PolypGen,C:\VISKOM\Polyp-Gen\seq18\images\7.jpg,C:\VISKOM\Polyp-Gen\seq18\masks\7.jpg,PolypGen_seq18,sequence,test
PolypGen,C:\VISKOM\Polyp-Gen\seq18\images\8.jpg,C:\VISKOM\Polyp-Gen\seq18\masks\8.jpg,PolypGen_seq18,sequence,test
PolypGen,C:\VISKOM\Polyp-Gen\seq18\images\9.jpg,C:\VISKOM\Polyp-Gen\seq18\masks\9.jpg,PolypGen_seq18,sequence,test
PolypGen,C:\VISKOM\Polyp-Gen\seq18\images\10.jpg,C:\VISKOM\Polyp-Gen\seq18\masks\10.jpg,PolypGen_seq18,sequence,test
PolypGen,C:\VISKOM\Polyp-Gen\seq18\images\11.jpg,C:\VISKOM\Polyp-Gen\seq18\masks\11.jpg,PolypGen_seq18,sequence,test
PolypGen,C:\VISKOM\Polyp-Gen\seq18\images\12.jpg,C:\VISKOM\Polyp-Gen\seq18\masks\12.jpg,PolypGen_seq18,sequence,test
PolypGen,C:\VISKOM\Polyp-Gen\seq18\images\13.jpg,C:\VISKOM\Polyp-Gen\seq18\masks\13.jpg,PolypGen_seq18,sequence,test
PolypGen,C:\VISKOM\Polyp-Gen\seq18\images\14.jpg,C:\VISKOM\Polyp-Gen\seq18\masks\14.jpg,PolypGen_seq18,sequence,test
PolypGen,C:\VISKOM\Polyp-Gen\seq18\images\15.jpg,C:\VISKOM\Polyp-Gen\seq18\masks\15.jpg,PolypGen_seq18,sequence,test
PolypGen,C:\VISKOM\Polyp-Gen\seq18\images\16.jpg,C:\VISKOM\Polyp-Gen\seq18\masks\16.jpg,PolypGen_seq18,sequence,test
PolypGen,C:\VISKOM\Polyp-Gen\seq18\images\17.jpg,C:\VISKOM\Polyp-Gen\seq18\masks\17.jpg,PolypGen_seq18,sequence,test
PolypGen,C:\VISKOM\Polyp-Gen\seq18\images\18.jpg,C:\VISKOM\Polyp-Gen\seq18\masks\18.jpg,PolypGen_seq18,sequence,test
PolypGen,C:\VISKOM\Polyp-Gen\seq18\images\19.jpg,C:\VISKOM\Polyp-Gen\seq18\masks\19.jpg,PolypGen_seq18,sequence,test
PolypGen,C:\VISKOM\Polyp-Gen\seq18\images\20.jpg,C:\VISKOM\Polyp-Gen\seq18\masks\20.jpg,PolypGen_seq18,sequence,test
PolypGen,C:\VISKOM\Polyp-Gen\seq18\images\21.jpg,C:\VISKOM\Polyp-Gen\seq18\masks\21.jpg,PolypGen_seq18,sequence,test
PolypGen,C:\VISKOM\Polyp-Gen\seq18\images\22.jpg,C:\VISKOM\Polyp-Gen\seq18\masks\22.jpg,PolypGen_seq18,sequence,test
PolypGen,C:\VISKOM\Polyp-Gen\seq18\images\23.jpg,C:\VISKOM\Polyp-Gen\seq18\masks\23.jpg,PolypGen_seq18,sequence,test
PolypGen,C:\VISKOM\Polyp-Gen\seq18\images\24.jpg,C:\VISKOM\Polyp-Gen\seq18\masks\24.jpg,PolypGen_seq18,sequence,test
PolypGen,C:\VISKOM\Polyp-Gen\seq18\images\25.jpg,C:\VISKOM\Polyp-Gen\seq18\masks\25.jpg,PolypGen_seq18,sequence,test
PolypGen,C:\VISKOM\Polyp-Gen\seq18\images\26.jpg,C:\VISKOM\Polyp-Gen\seq18\masks\26.jpg,PolypGen_seq18,sequence,test
PolypGen,C:\VISKOM\Polyp-Gen\seq18\images\27.jpg,C:\VISKOM\Polyp-Gen\seq18\masks\27.jpg,PolypGen_seq18,sequence,test
PolypGen,C:\VISKOM\Polyp-Gen\seq18\images\28.jpg,C:\VISKOM\Polyp-Gen\seq18\masks\28.jpg,PolypGen_seq18,sequence,test
PolypGen,C:\VISKOM\Polyp-Gen\seq18\images\29.jpg,C:\VISKOM\Polyp-Gen\seq18\masks\29.jpg,PolypGen_seq18,sequence,test
PolypGen,C:\VISKOM\Polyp-Gen\seq18\images\30.jpg,C:\VISKOM\Polyp-Gen\seq18\masks\30.jpg,PolypGen_seq18,sequence,test
PolypGen,C:\VISKOM\Polyp-Gen\seq18\images\31.jpg,C:\VISKOM\Polyp-Gen\seq18\masks\31.jpg,PolypGen_seq18,sequence,test
PolypGen,C:\VISKOM\Polyp-Gen\seq18\images\32.jpg,C:\VISKOM\Polyp-Gen\seq18\masks\32.jpg,PolypGen_seq18,sequence,test
PolypGen,C:\VISKOM\Polyp-Gen\seq18\images\33.jpg,C:\VISKOM\Polyp-Gen\seq18\masks\33.jpg,PolypGen_seq18,sequence,test
PolypGen,C:\VISKOM\Polyp-Gen\seq18\images\34.jpg,C:\VISKOM\Polyp-Gen\seq18\masks\34.jpg,PolypGen_seq18,sequence,test
PolypGen,C:\VISKOM\Polyp-Gen\seq18\images\35.jpg,C:\VISKOM\Polyp-Gen\seq18\masks\35.jpg,PolypGen_seq18,sequence,test
PolypGen,C:\VISKOM\Polyp-Gen\seq18\images\36.jpg,C:\VISKOM\Polyp-Gen\seq18\masks\36.jpg,PolypGen_seq18,sequence,test
PolypGen,C:\VISKOM\Polyp-Gen\seq18\images\37.jpg,C:\VISKOM\Polyp-Gen\seq18\masks\37.jpg,PolypGen_seq18,sequence,test
PolypGen,C:\VISKOM\Polyp-Gen\seq18\images\38.jpg,C:\VISKOM\Polyp-Gen\seq18\masks\38.jpg,PolypGen_seq18,sequence,test
PolypGen,C:\VISKOM\Polyp-Gen\seq18\images\39.jpg,C:\VISKOM\Polyp-Gen\seq18\masks\39.jpg,PolypGen_seq18,sequence,test
PolypGen,C:\VISKOM\Polyp-Gen\seq18\images\40.jpg,C:\VISKOM\Polyp-Gen\seq18\masks\40.jpg,PolypGen_seq18,sequence,test
PolypGen,C:\VISKOM\Polyp-Gen\seq18\images\41.jpg,C:\VISKOM\Polyp-Gen\seq18\masks\41.jpg,PolypGen_seq18,sequence,test
PolypGen,C:\VISKOM\Polyp-Gen\seq18\images\42.jpg,C:\VISKOM\Polyp-Gen\seq18\masks\42.jpg,PolypGen_seq18,sequence,test
PolypGen,C:\VISKOM\Polyp-Gen\seq18\images\43.jpg,C:\VISKOM\Polyp-Gen\seq18\masks\43.jpg,PolypGen_seq18,sequence,test
PolypGen,C:\VISKOM\Polyp-Gen\seq18\images\44.jpg,C:\VISKOM\Polyp-Gen\seq18\masks\44.jpg,PolypGen_seq18,sequence,test
PolypGen,C:\VISKOM\Polyp-Gen\seq18\images\45.jpg,C:\VISKOM\Polyp-Gen\seq18\masks\45.jpg,PolypGen_seq18,sequence,test
PolypGen,C:\VISKOM\Polyp-Gen\seq18\images\46.jpg,C:\VISKOM\Polyp-Gen\seq18\masks\46.jpg,PolypGen_seq18,sequence,test
PolypGen,C:\VISKOM\Polyp-Gen\seq18\images\47.jpg,C:\VISKOM\Polyp-Gen\seq18\masks\47.jpg,PolypGen_seq18,sequence,test
PolypGen,C:\VISKOM\Polyp-Gen\seq18\images\48.jpg,C:\VISKOM\Polyp-Gen\seq18\masks\48.jpg,PolypGen_seq18,sequence,test
PolypGen,C:\VISKOM\Polyp-Gen\seq18\images\49.jpg,C:\VISKOM\Polyp-Gen\seq18\masks\49.jpg,PolypGen_seq18,sequence,test
PolypGen,C:\VISKOM\Polyp-Gen\seq18\images\50.jpg,C:\VISKOM\Polyp-Gen\seq18\masks\50.jpg,PolypGen_seq18,sequence,test
PolypGen,C:\VISKOM\Polyp-Gen\seq18\images\51.jpg,C:\VISKOM\Polyp-Gen\seq18\masks\51.jpg,PolypGen_seq18,sequence,test
PolypGen,C:\VISKOM\Polyp-Gen\seq18\images\52.jpg,C:\VISKOM\Polyp-Gen\seq18\masks\52.jpg,PolypGen_seq18,sequence,test
PolypGen,C:\VISKOM\Polyp-Gen\seq18\images\53.jpg,C:\VISKOM\Polyp-Gen\seq18\masks\53.jpg,PolypGen_seq18,sequence,test
PolypGen,C:\VISKOM\Polyp-Gen\seq18\images\54.jpg,C:\VISKOM\Polyp-Gen\seq18\masks\54.jpg,PolypGen_seq18,sequence,test
PolypGen,C:\VISKOM\Polyp-Gen\seq18\images\55.jpg,C:\VISKOM\Polyp-Gen\seq18\masks\55.jpg,PolypGen_seq18,sequence,test
PolypGen,C:\VISKOM\Polyp-Gen\seq18\images\56.jpg,C:\VISKOM\Polyp-Gen\seq18\masks\56.jpg,PolypGen_seq18,sequence,test
PolypGen,C:\VISKOM\Polyp-Gen\seq18\images\57.jpg,C:\VISKOM\Polyp-Gen\seq18\masks\57.jpg,PolypGen_seq18,sequence,test
PolypGen,C:\VISKOM\Polyp-Gen\seq18\images\58.jpg,C:\VISKOM\Polyp-Gen\seq18\masks\58.jpg,PolypGen_seq18,sequence,test
PolypGen,C:\VISKOM\Polyp-Gen\seq18\images\59.jpg,C:\VISKOM\Polyp-Gen\seq18\masks\59.jpg,PolypGen_seq18,sequence,test
PolypGen,C:\VISKOM\Polyp-Gen\seq18\images\60.jpg,C:\VISKOM\Polyp-Gen\seq18\masks\60.jpg,PolypGen_seq18,sequence,test
PolypGen,C:\VISKOM\Polyp-Gen\seq18\images\61.jpg,C:\VISKOM\Polyp-Gen\seq18\masks\61.jpg,PolypGen_seq18,sequence,test
PolypGen,C:\VISKOM\Polyp-Gen\seq18\images\62.jpg,C:\VISKOM\Polyp-Gen\seq18\masks\62.jpg,PolypGen_seq18,sequence,test
PolypGen,C:\VISKOM\Polyp-Gen\seq19\images\0.jpg,C:\VISKOM\Polyp-Gen\seq19\masks\0.jpg,PolypGen_seq19,sequence,train
PolypGen,C:\VISKOM\Polyp-Gen\seq19\images\1.jpg,C:\VISKOM\Polyp-Gen\seq19\masks\1.jpg,PolypGen_seq19,sequence,train
PolypGen,C:\VISKOM\Polyp-Gen\seq19\images\2.jpg,C:\VISKOM\Polyp-Gen\seq19\masks\2.jpg,PolypGen_seq19,sequence,train
PolypGen,C:\VISKOM\Polyp-Gen\seq19\images\3.jpg,C:\VISKOM\Polyp-Gen\seq19\masks\3.jpg,PolypGen_seq19,sequence,train
PolypGen,C:\VISKOM\Polyp-Gen\seq19\images\4.jpg,C:\VISKOM\Polyp-Gen\seq19\masks\4.jpg,PolypGen_seq19,sequence,train
PolypGen,C:\VISKOM\Polyp-Gen\seq19\images\5.jpg,C:\VISKOM\Polyp-Gen\seq19\masks\5.jpg,PolypGen_seq19,sequence,train
PolypGen,C:\VISKOM\Polyp-Gen\seq19\images\6.jpg,C:\VISKOM\Polyp-Gen\seq19\masks\6.jpg,PolypGen_seq19,sequence,train
PolypGen,C:\VISKOM\Polyp-Gen\seq19\images\7.jpg,C:\VISKOM\Polyp-Gen\seq19\masks\7.jpg,PolypGen_seq19,sequence,train
PolypGen,C:\VISKOM\Polyp-Gen\seq19\images\8.jpg,C:\VISKOM\Polyp-Gen\seq19\masks\8.jpg,PolypGen_seq19,sequence,train
PolypGen,C:\VISKOM\Polyp-Gen\seq19\images\9.jpg,C:\VISKOM\Polyp-Gen\seq19\masks\9.jpg,PolypGen_seq19,sequence,train
PolypGen,C:\VISKOM\Polyp-Gen\seq19\images\10.jpg,C:\VISKOM\Polyp-Gen\seq19\masks\10.jpg,PolypGen_seq19,sequence,train
PolypGen,C:\VISKOM\Polyp-Gen\seq19\images\11.jpg,C:\VISKOM\Polyp-Gen\seq19\masks\11.jpg,PolypGen_seq19,sequence,train
PolypGen,C:\VISKOM\Polyp-Gen\seq19\images\12.jpg,C:\VISKOM\Polyp-Gen\seq19\masks\12.jpg,PolypGen_seq19,sequence,train
PolypGen,C:\VISKOM\Polyp-Gen\seq19\images\13.jpg,C:\VISKOM\Polyp-Gen\seq19\masks\13.jpg,PolypGen_seq19,sequence,train
PolypGen,C:\VISKOM\Polyp-Gen\seq19\images\14.jpg,C:\VISKOM\Polyp-Gen\seq19\masks\14.jpg,PolypGen_seq19,sequence,train
PolypGen,C:\VISKOM\Polyp-Gen\seq19\images\15.jpg,C:\VISKOM\Polyp-Gen\seq19\masks\15.jpg,PolypGen_seq19,sequence,train
PolypGen,C:\VISKOM\Polyp-Gen\seq19\images\16.jpg,C:\VISKOM\Polyp-Gen\seq19\masks\16.jpg,PolypGen_seq19,sequence,train
PolypGen,C:\VISKOM\Polyp-Gen\seq19\images\17.jpg,C:\VISKOM\Polyp-Gen\seq19\masks\17.jpg,PolypGen_seq19,sequence,train
PolypGen,C:\VISKOM\Polyp-Gen\seq19\images\18.jpg,C:\VISKOM\Polyp-Gen\seq19\masks\18.jpg,PolypGen_seq19,sequence,train
PolypGen,C:\VISKOM\Polyp-Gen\seq19\images\19.jpg,C:\VISKOM\Polyp-Gen\seq19\masks\19.jpg,PolypGen_seq19,sequence,train
PolypGen,C:\VISKOM\Polyp-Gen\seq19\images\20.jpg,C:\VISKOM\Polyp-Gen\seq19\masks\20.jpg,PolypGen_seq19,sequence,train
PolypGen,C:\VISKOM\Polyp-Gen\seq19\images\21.jpg,C:\VISKOM\Polyp-Gen\seq19\masks\21.jpg,PolypGen_seq19,sequence,train
PolypGen,C:\VISKOM\Polyp-Gen\seq19\images\22.jpg,C:\VISKOM\Polyp-Gen\seq19\masks\22.jpg,PolypGen_seq19,sequence,train
PolypGen,C:\VISKOM\Polyp-Gen\seq19\images\23.jpg,C:\VISKOM\Polyp-Gen\seq19\masks\23.jpg,PolypGen_seq19,sequence,train
PolypGen,C:\VISKOM\Polyp-Gen\seq19\images\24.jpg,C:\VISKOM\Polyp-Gen\seq19\masks\24.jpg,PolypGen_seq19,sequence,train
PolypGen,C:\VISKOM\Polyp-Gen\seq19\images\25.jpg,C:\VISKOM\Polyp-Gen\seq19\masks\25.jpg,PolypGen_seq19,sequence,train
PolypGen,C:\VISKOM\Polyp-Gen\seq19\images\26.jpg,C:\VISKOM\Polyp-Gen\seq19\masks\26.jpg,PolypGen_seq19,sequence,train
PolypGen,C:\VISKOM\Polyp-Gen\seq19\images\27.jpg,C:\VISKOM\Polyp-Gen\seq19\masks\27.jpg,PolypGen_seq19,sequence,train
PolypGen,C:\VISKOM\Polyp-Gen\seq19\images\28.jpg,C:\VISKOM\Polyp-Gen\seq19\masks\28.jpg,PolypGen_seq19,sequence,train
PolypGen,C:\VISKOM\Polyp-Gen\seq19\images\29.jpg,C:\VISKOM\Polyp-Gen\seq19\masks\29.jpg,PolypGen_seq19,sequence,train
PolypGen,C:\VISKOM\Polyp-Gen\seq19\images\30.jpg,C:\VISKOM\Polyp-Gen\seq19\masks\30.jpg,PolypGen_seq19,sequence,train
PolypGen,C:\VISKOM\Polyp-Gen\seq19\images\31.jpg,C:\VISKOM\Polyp-Gen\seq19\masks\31.jpg,PolypGen_seq19,sequence,train
PolypGen,C:\VISKOM\Polyp-Gen\seq19\images\32.jpg,C:\VISKOM\Polyp-Gen\seq19\masks\32.jpg,PolypGen_seq19,sequence,train
PolypGen,C:\VISKOM\Polyp-Gen\seq19\images\33.jpg,C:\VISKOM\Polyp-Gen\seq19\masks\33.jpg,PolypGen_seq19,sequence,train
PolypGen,C:\VISKOM\Polyp-Gen\seq19\images\34.jpg,C:\VISKOM\Polyp-Gen\seq19\masks\34.jpg,PolypGen_seq19,sequence,train
PolypGen,C:\VISKOM\Polyp-Gen\seq19\images\35.jpg,C:\VISKOM\Polyp-Gen\seq19\masks\35.jpg,PolypGen_seq19,sequence,train
PolypGen,C:\VISKOM\Polyp-Gen\seq19\images\36.jpg,C:\VISKOM\Polyp-Gen\seq19\masks\36.jpg,PolypGen_seq19,sequence,train
PolypGen,C:\VISKOM\Polyp-Gen\seq19\images\37.jpg,C:\VISKOM\Polyp-Gen\seq19\masks\37.jpg,PolypGen_seq19,sequence,train
PolypGen,C:\VISKOM\Polyp-Gen\seq19\images\38.jpg,C:\VISKOM\Polyp-Gen\seq19\masks\38.jpg,PolypGen_seq19,sequence,train
PolypGen,C:\VISKOM\Polyp-Gen\seq19\images\39.jpg,C:\VISKOM\Polyp-Gen\seq19\masks\39.jpg,PolypGen_seq19,sequence,train
PolypGen,C:\VISKOM\Polyp-Gen\seq19\images\40.jpg,C:\VISKOM\Polyp-Gen\seq19\masks\40.jpg,PolypGen_seq19,sequence,train
PolypGen,C:\VISKOM\Polyp-Gen\seq19\images\41.jpg,C:\VISKOM\Polyp-Gen\seq19\masks\41.jpg,PolypGen_seq19,sequence,train
PolypGen,C:\VISKOM\Polyp-Gen\seq19\images\42.jpg,C:\VISKOM\Polyp-Gen\seq19\masks\42.jpg,PolypGen_seq19,sequence,train
PolypGen,C:\VISKOM\Polyp-Gen\seq19\images\43.jpg,C:\VISKOM\Polyp-Gen\seq19\masks\43.jpg,PolypGen_seq19,sequence,train
PolypGen,C:\VISKOM\Polyp-Gen\seq19\images\44.jpg,C:\VISKOM\Polyp-Gen\seq19\masks\44.jpg,PolypGen_seq19,sequence,train
PolypGen,C:\VISKOM\Polyp-Gen\seq19\images\45.jpg,C:\VISKOM\Polyp-Gen\seq19\masks\45.jpg,PolypGen_seq19,sequence,train
PolypGen,C:\VISKOM\Polyp-Gen\seq19\images\46.jpg,C:\VISKOM\Polyp-Gen\seq19\masks\46.jpg,PolypGen_seq19,sequence,train
PolypGen,C:\VISKOM\Polyp-Gen\seq19\images\47.jpg,C:\VISKOM\Polyp-Gen\seq19\masks\47.jpg,PolypGen_seq19,sequence,train
PolypGen,C:\VISKOM\Polyp-Gen\seq19\images\48.jpg,C:\VISKOM\Polyp-Gen\seq19\masks\48.jpg,PolypGen_seq19,sequence,train
PolypGen,C:\VISKOM\Polyp-Gen\seq19\images\49.jpg,C:\VISKOM\Polyp-Gen\seq19\masks\49.jpg,PolypGen_seq19,sequence,train
PolypGen,C:\VISKOM\Polyp-Gen\seq19\images\50.jpg,C:\VISKOM\Polyp-Gen\seq19\masks\50.jpg,PolypGen_seq19,sequence,train
PolypGen,C:\VISKOM\Polyp-Gen\seq19\images\51.jpg,C:\VISKOM\Polyp-Gen\seq19\masks\51.jpg,PolypGen_seq19,sequence,train
PolypGen,C:\VISKOM\Polyp-Gen\seq19\images\52.jpg,C:\VISKOM\Polyp-Gen\seq19\masks\52.jpg,PolypGen_seq19,sequence,train
PolypGen,C:\VISKOM\Polyp-Gen\seq19\images\53.jpg,C:\VISKOM\Polyp-Gen\seq19\masks\53.jpg,PolypGen_seq19,sequence,train
PolypGen,C:\VISKOM\Polyp-Gen\seq19\images\54.jpg,C:\VISKOM\Polyp-Gen\seq19\masks\54.jpg,PolypGen_seq19,sequence,train
PolypGen,C:\VISKOM\Polyp-Gen\seq19\images\55.jpg,C:\VISKOM\Polyp-Gen\seq19\masks\55.jpg,PolypGen_seq19,sequence,train
PolypGen,C:\VISKOM\Polyp-Gen\seq20\images\0.jpg,C:\VISKOM\Polyp-Gen\seq20\masks\0.jpg,PolypGen_seq20,sequence,train
PolypGen,C:\VISKOM\Polyp-Gen\seq20\images\1.jpg,C:\VISKOM\Polyp-Gen\seq20\masks\1.jpg,PolypGen_seq20,sequence,train
PolypGen,C:\VISKOM\Polyp-Gen\seq20\images\2.jpg,C:\VISKOM\Polyp-Gen\seq20\masks\2.jpg,PolypGen_seq20,sequence,train
PolypGen,C:\VISKOM\Polyp-Gen\seq20\images\3.jpg,C:\VISKOM\Polyp-Gen\seq20\masks\3.jpg,PolypGen_seq20,sequence,train
PolypGen,C:\VISKOM\Polyp-Gen\seq20\images\4.jpg,C:\VISKOM\Polyp-Gen\seq20\masks\4.jpg,PolypGen_seq20,sequence,train
PolypGen,C:\VISKOM\Polyp-Gen\seq20\images\5.jpg,C:\VISKOM\Polyp-Gen\seq20\masks\5.jpg,PolypGen_seq20,sequence,train
PolypGen,C:\VISKOM\Polyp-Gen\seq20\images\6.jpg,C:\VISKOM\Polyp-Gen\seq20\masks\6.jpg,PolypGen_seq20,sequence,train
PolypGen,C:\VISKOM\Polyp-Gen\seq20\images\7.jpg,C:\VISKOM\Polyp-Gen\seq20\masks\7.jpg,PolypGen_seq20,sequence,train
PolypGen,C:\VISKOM\Polyp-Gen\seq20\images\8.jpg,C:\VISKOM\Polyp-Gen\seq20\masks\8.jpg,PolypGen_seq20,sequence,train
PolypGen,C:\VISKOM\Polyp-Gen\seq20\images\9.jpg,C:\VISKOM\Polyp-Gen\seq20\masks\9.jpg,PolypGen_seq20,sequence,train
PolypGen,C:\VISKOM\Polyp-Gen\seq20\images\10.jpg,C:\VISKOM\Polyp-Gen\seq20\masks\10.jpg,PolypGen_seq20,sequence,train
PolypGen,C:\VISKOM\Polyp-Gen\seq20\images\11.jpg,C:\VISKOM\Polyp-Gen\seq20\masks\11.jpg,PolypGen_seq20,sequence,train
PolypGen,C:\VISKOM\Polyp-Gen\seq20\images\12.jpg,C:\VISKOM\Polyp-Gen\seq20\masks\12.jpg,PolypGen_seq20,sequence,train
PolypGen,C:\VISKOM\Polyp-Gen\seq20\images\13.jpg,C:\VISKOM\Polyp-Gen\seq20\masks\13.jpg,PolypGen_seq20,sequence,train
PolypGen,C:\VISKOM\Polyp-Gen\seq20\images\14.jpg,C:\VISKOM\Polyp-Gen\seq20\masks\14.jpg,PolypGen_seq20,sequence,train
PolypGen,C:\VISKOM\Polyp-Gen\seq20\images\15.jpg,C:\VISKOM\Polyp-Gen\seq20\masks\15.jpg,PolypGen_seq20,sequence,train
PolypGen,C:\VISKOM\Polyp-Gen\seq20\images\16.jpg,C:\VISKOM\Polyp-Gen\seq20\masks\16.jpg,PolypGen_seq20,sequence,train
PolypGen,C:\VISKOM\Polyp-Gen\seq20\images\17.jpg,C:\VISKOM\Polyp-Gen\seq20\masks\17.jpg,PolypGen_seq20,sequence,train
PolypGen,C:\VISKOM\Polyp-Gen\seq20\images\18.jpg,C:\VISKOM\Polyp-Gen\seq20\masks\18.jpg,PolypGen_seq20,sequence,train
PolypGen,C:\VISKOM\Polyp-Gen\seq20\images\19.jpg,C:\VISKOM\Polyp-Gen\seq20\masks\19.jpg,PolypGen_seq20,sequence,train
PolypGen,C:\VISKOM\Polyp-Gen\seq20\images\20.jpg,C:\VISKOM\Polyp-Gen\seq20\masks\20.jpg,PolypGen_seq20,sequence,train
PolypGen,C:\VISKOM\Polyp-Gen\seq20\images\21.jpg,C:\VISKOM\Polyp-Gen\seq20\masks\21.jpg,PolypGen_seq20,sequence,train
PolypGen,C:\VISKOM\Polyp-Gen\seq20\images\22.jpg,C:\VISKOM\Polyp-Gen\seq20\masks\22.jpg,PolypGen_seq20,sequence,train
PolypGen,C:\VISKOM\Polyp-Gen\seq20\images\23.jpg,C:\VISKOM\Polyp-Gen\seq20\masks\23.jpg,PolypGen_seq20,sequence,train
PolypGen,C:\VISKOM\Polyp-Gen\seq20\images\24.jpg,C:\VISKOM\Polyp-Gen\seq20\masks\24.jpg,PolypGen_seq20,sequence,train
PolypGen,C:\VISKOM\Polyp-Gen\seq20\images\25.jpg,C:\VISKOM\Polyp-Gen\seq20\masks\25.jpg,PolypGen_seq20,sequence,train
PolypGen,C:\VISKOM\Polyp-Gen\seq20\images\26.jpg,C:\VISKOM\Polyp-Gen\seq20\masks\26.jpg,PolypGen_seq20,sequence,train
PolypGen,C:\VISKOM\Polyp-Gen\seq20\images\27.jpg,C:\VISKOM\Polyp-Gen\seq20\masks\27.jpg,PolypGen_seq20,sequence,train
PolypGen,C:\VISKOM\Polyp-Gen\seq20\images\28.jpg,C:\VISKOM\Polyp-Gen\seq20\masks\28.jpg,PolypGen_seq20,sequence,train
PolypGen,C:\VISKOM\Polyp-Gen\seq20\images\29.jpg,C:\VISKOM\Polyp-Gen\seq20\masks\29.jpg,PolypGen_seq20,sequence,train
PolypGen,C:\VISKOM\Polyp-Gen\seq20\images\30.jpg,C:\VISKOM\Polyp-Gen\seq20\masks\30.jpg,PolypGen_seq20,sequence,train
PolypGen,C:\VISKOM\Polyp-Gen\seq20\images\31.jpg,C:\VISKOM\Polyp-Gen\seq20\masks\31.jpg,PolypGen_seq20,sequence,train
PolypGen,C:\VISKOM\Polyp-Gen\seq20\images\32.jpg,C:\VISKOM\Polyp-Gen\seq20\masks\32.jpg,PolypGen_seq20,sequence,train
PolypGen,C:\VISKOM\Polyp-Gen\seq20\images\33.jpg,C:\VISKOM\Polyp-Gen\seq20\masks\33.jpg,PolypGen_seq20,sequence,train
PolypGen,C:\VISKOM\Polyp-Gen\seq20\images\34.jpg,C:\VISKOM\Polyp-Gen\seq20\masks\34.jpg,PolypGen_seq20,sequence,train
PolypGen,C:\VISKOM\Polyp-Gen\seq20\images\35.jpg,C:\VISKOM\Polyp-Gen\seq20\masks\35.jpg,PolypGen_seq20,sequence,train
PolypGen,C:\VISKOM\Polyp-Gen\seq20\images\36.jpg,C:\VISKOM\Polyp-Gen\seq20\masks\36.jpg,PolypGen_seq20,sequence,train
PolypGen,C:\VISKOM\Polyp-Gen\seq20\images\37.jpg,C:\VISKOM\Polyp-Gen\seq20\masks\37.jpg,PolypGen_seq20,sequence,train
PolypGen,C:\VISKOM\Polyp-Gen\seq20\images\38.jpg,C:\VISKOM\Polyp-Gen\seq20\masks\38.jpg,PolypGen_seq20,sequence,train
PolypGen,C:\VISKOM\Polyp-Gen\seq20\images\39.jpg,C:\VISKOM\Polyp-Gen\seq20\masks\39.jpg,PolypGen_seq20,sequence,train
PolypGen,C:\VISKOM\Polyp-Gen\seq20\images\40.jpg,C:\VISKOM\Polyp-Gen\seq20\masks\40.jpg,PolypGen_seq20,sequence,train
PolypGen,C:\VISKOM\Polyp-Gen\seq20\images\41.jpg,C:\VISKOM\Polyp-Gen\seq20\masks\41.jpg,PolypGen_seq20,sequence,train
PolypGen,C:\VISKOM\Polyp-Gen\seq20\images\42.jpg,C:\VISKOM\Polyp-Gen\seq20\masks\42.jpg,PolypGen_seq20,sequence,train
PolypGen,C:\VISKOM\Polyp-Gen\seq20\images\43.jpg,C:\VISKOM\Polyp-Gen\seq20\masks\43.jpg,PolypGen_seq20,sequence,train
PolypGen,C:\VISKOM\Polyp-Gen\seq20\images\44.jpg,C:\VISKOM\Polyp-Gen\seq20\masks\44.jpg,PolypGen_seq20,sequence,train
PolypGen,C:\VISKOM\Polyp-Gen\seq20\images\45.jpg,C:\VISKOM\Polyp-Gen\seq20\masks\45.jpg,PolypGen_seq20,sequence,train
PolypGen,C:\VISKOM\Polyp-Gen\seq20\images\46.jpg,C:\VISKOM\Polyp-Gen\seq20\masks\46.jpg,PolypGen_seq20,sequence,train
PolypGen,C:\VISKOM\Polyp-Gen\seq20\images\47.jpg,C:\VISKOM\Polyp-Gen\seq20\masks\47.jpg,PolypGen_seq20,sequence,train
PolypGen,C:\VISKOM\Polyp-Gen\seq20\images\48.jpg,C:\VISKOM\Polyp-Gen\seq20\masks\48.jpg,PolypGen_seq20,sequence,train
PolypGen,C:\VISKOM\Polyp-Gen\seq20\images\49.jpg,C:\VISKOM\Polyp-Gen\seq20\masks\49.jpg,PolypGen_seq20,sequence,train
PolypGen,C:\VISKOM\Polyp-Gen\seq20\images\50.jpg,C:\VISKOM\Polyp-Gen\seq20\masks\50.jpg,PolypGen_seq20,sequence,train
PolypGen,C:\VISKOM\Polyp-Gen\seq20\images\51.jpg,C:\VISKOM\Polyp-Gen\seq20\masks\51.jpg,PolypGen_seq20,sequence,train
PolypGen,C:\VISKOM\Polyp-Gen\seq21\images\0.jpg,C:\VISKOM\Polyp-Gen\seq21\masks\0.jpg,PolypGen_seq21,sequence,train
PolypGen,C:\VISKOM\Polyp-Gen\seq21\images\1.jpg,C:\VISKOM\Polyp-Gen\seq21\masks\1.jpg,PolypGen_seq21,sequence,train
PolypGen,C:\VISKOM\Polyp-Gen\seq21\images\2.jpg,C:\VISKOM\Polyp-Gen\seq21\masks\2.jpg,PolypGen_seq21,sequence,train
PolypGen,C:\VISKOM\Polyp-Gen\seq21\images\3.jpg,C:\VISKOM\Polyp-Gen\seq21\masks\3.jpg,PolypGen_seq21,sequence,train
PolypGen,C:\VISKOM\Polyp-Gen\seq21\images\4.jpg,C:\VISKOM\Polyp-Gen\seq21\masks\4.jpg,PolypGen_seq21,sequence,train
PolypGen,C:\VISKOM\Polyp-Gen\seq21\images\5.jpg,C:\VISKOM\Polyp-Gen\seq21\masks\5.jpg,PolypGen_seq21,sequence,train
PolypGen,C:\VISKOM\Polyp-Gen\seq21\images\6.jpg,C:\VISKOM\Polyp-Gen\seq21\masks\6.jpg,PolypGen_seq21,sequence,train
PolypGen,C:\VISKOM\Polyp-Gen\seq21\images\7.jpg,C:\VISKOM\Polyp-Gen\seq21\masks\7.jpg,PolypGen_seq21,sequence,train
PolypGen,C:\VISKOM\Polyp-Gen\seq21\images\8.jpg,C:\VISKOM\Polyp-Gen\seq21\masks\8.jpg,PolypGen_seq21,sequence,train
PolypGen,C:\VISKOM\Polyp-Gen\seq21\images\9.jpg,C:\VISKOM\Polyp-Gen\seq21\masks\9.jpg,PolypGen_seq21,sequence,train
PolypGen,C:\VISKOM\Polyp-Gen\seq21\images\10.jpg,C:\VISKOM\Polyp-Gen\seq21\masks\10.jpg,PolypGen_seq21,sequence,train
PolypGen,C:\VISKOM\Polyp-Gen\seq21\images\11.jpg,C:\VISKOM\Polyp-Gen\seq21\masks\11.jpg,PolypGen_seq21,sequence,train
PolypGen,C:\VISKOM\Polyp-Gen\seq21\images\12.jpg,C:\VISKOM\Polyp-Gen\seq21\masks\12.jpg,PolypGen_seq21,sequence,train
PolypGen,C:\VISKOM\Polyp-Gen\seq21\images\13.jpg,C:\VISKOM\Polyp-Gen\seq21\masks\13.jpg,PolypGen_seq21,sequence,train
PolypGen,C:\VISKOM\Polyp-Gen\seq21\images\14.jpg,C:\VISKOM\Polyp-Gen\seq21\masks\14.jpg,PolypGen_seq21,sequence,train
PolypGen,C:\VISKOM\Polyp-Gen\seq21\images\15.jpg,C:\VISKOM\Polyp-Gen\seq21\masks\15.jpg,PolypGen_seq21,sequence,train
PolypGen,C:\VISKOM\Polyp-Gen\seq21\images\16.jpg,C:\VISKOM\Polyp-Gen\seq21\masks\16.jpg,PolypGen_seq21,sequence,train
PolypGen,C:\VISKOM\Polyp-Gen\seq21\images\17.jpg,C:\VISKOM\Polyp-Gen\seq21\masks\17.jpg,PolypGen_seq21,sequence,train
PolypGen,C:\VISKOM\Polyp-Gen\seq21\images\18.jpg,C:\VISKOM\Polyp-Gen\seq21\masks\18.jpg,PolypGen_seq21,sequence,train
PolypGen,C:\VISKOM\Polyp-Gen\seq21\images\19.jpg,C:\VISKOM\Polyp-Gen\seq21\masks\19.jpg,PolypGen_seq21,sequence,train
PolypGen,C:\VISKOM\Polyp-Gen\seq21\images\20.jpg,C:\VISKOM\Polyp-Gen\seq21\masks\20.jpg,PolypGen_seq21,sequence,train
PolypGen,C:\VISKOM\Polyp-Gen\seq21\images\21.jpg,C:\VISKOM\Polyp-Gen\seq21\masks\21.jpg,PolypGen_seq21,sequence,train
PolypGen,C:\VISKOM\Polyp-Gen\seq21\images\22.jpg,C:\VISKOM\Polyp-Gen\seq21\masks\22.jpg,PolypGen_seq21,sequence,train
PolypGen,C:\VISKOM\Polyp-Gen\seq21\images\23.jpg,C:\VISKOM\Polyp-Gen\seq21\masks\23.jpg,PolypGen_seq21,sequence,train
PolypGen,C:\VISKOM\Polyp-Gen\seq21\images\24.jpg,C:\VISKOM\Polyp-Gen\seq21\masks\24.jpg,PolypGen_seq21,sequence,train
PolypGen,C:\VISKOM\Polyp-Gen\seq21\images\25.jpg,C:\VISKOM\Polyp-Gen\seq21\masks\25.jpg,PolypGen_seq21,sequence,train
PolypGen,C:\VISKOM\Polyp-Gen\seq21\images\26.jpg,C:\VISKOM\Polyp-Gen\seq21\masks\26.jpg,PolypGen_seq21,sequence,train
PolypGen,C:\VISKOM\Polyp-Gen\seq21\images\27.jpg,C:\VISKOM\Polyp-Gen\seq21\masks\27.jpg,PolypGen_seq21,sequence,train
PolypGen,C:\VISKOM\Polyp-Gen\seq21\images\28.jpg,C:\VISKOM\Polyp-Gen\seq21\masks\28.jpg,PolypGen_seq21,sequence,train
PolypGen,C:\VISKOM\Polyp-Gen\seq21\images\29.jpg,C:\VISKOM\Polyp-Gen\seq21\masks\29.jpg,PolypGen_seq21,sequence,train
PolypGen,C:\VISKOM\Polyp-Gen\seq21\images\30.jpg,C:\VISKOM\Polyp-Gen\seq21\masks\30.jpg,PolypGen_seq21,sequence,train
PolypGen,C:\VISKOM\Polyp-Gen\seq21\images\31.jpg,C:\VISKOM\Polyp-Gen\seq21\masks\31.jpg,PolypGen_seq21,sequence,train
PolypGen,C:\VISKOM\Polyp-Gen\seq21\images\32.jpg,C:\VISKOM\Polyp-Gen\seq21\masks\32.jpg,PolypGen_seq21,sequence,train
PolypGen,C:\VISKOM\Polyp-Gen\seq21\images\33.jpg,C:\VISKOM\Polyp-Gen\seq21\masks\33.jpg,PolypGen_seq21,sequence,train
PolypGen,C:\VISKOM\Polyp-Gen\seq21\images\34.jpg,C:\VISKOM\Polyp-Gen\seq21\masks\34.jpg,PolypGen_seq21,sequence,train
PolypGen,C:\VISKOM\Polyp-Gen\seq21\images\35.jpg,C:\VISKOM\Polyp-Gen\seq21\masks\35.jpg,PolypGen_seq21,sequence,train
PolypGen,C:\VISKOM\Polyp-Gen\seq21\images\36.jpg,C:\VISKOM\Polyp-Gen\seq21\masks\36.jpg,PolypGen_seq21,sequence,train
PolypGen,C:\VISKOM\Polyp-Gen\seq21\images\37.jpg,C:\VISKOM\Polyp-Gen\seq21\masks\37.jpg,PolypGen_seq21,sequence,train
PolypGen,C:\VISKOM\Polyp-Gen\seq21\images\38.jpg,C:\VISKOM\Polyp-Gen\seq21\masks\38.jpg,PolypGen_seq21,sequence,train
PolypGen,C:\VISKOM\Polyp-Gen\seq21\images\39.jpg,C:\VISKOM\Polyp-Gen\seq21\masks\39.jpg,PolypGen_seq21,sequence,train
PolypGen,C:\VISKOM\Polyp-Gen\seq21\images\40.jpg,C:\VISKOM\Polyp-Gen\seq21\masks\40.jpg,PolypGen_seq21,sequence,train
PolypGen,C:\VISKOM\Polyp-Gen\seq21\images\41.jpg,C:\VISKOM\Polyp-Gen\seq21\masks\41.jpg,PolypGen_seq21,sequence,train
PolypGen,C:\VISKOM\Polyp-Gen\seq21\images\42.jpg,C:\VISKOM\Polyp-Gen\seq21\masks\42.jpg,PolypGen_seq21,sequence,train
PolypGen,C:\VISKOM\Polyp-Gen\seq21\images\43.jpg,C:\VISKOM\Polyp-Gen\seq21\masks\43.jpg,PolypGen_seq21,sequence,train
PolypGen,C:\VISKOM\Polyp-Gen\seq21\images\44.jpg,C:\VISKOM\Polyp-Gen\seq21\masks\44.jpg,PolypGen_seq21,sequence,train
PolypGen,C:\VISKOM\Polyp-Gen\seq21\images\45.jpg,C:\VISKOM\Polyp-Gen\seq21\masks\45.jpg,PolypGen_seq21,sequence,train
PolypGen,C:\VISKOM\Polyp-Gen\seq21\images\46.jpg,C:\VISKOM\Polyp-Gen\seq21\masks\46.jpg,PolypGen_seq21,sequence,train
PolypGen,C:\VISKOM\Polyp-Gen\seq21\images\47.jpg,C:\VISKOM\Polyp-Gen\seq21\masks\47.jpg,PolypGen_seq21,sequence,train
PolypGen,C:\VISKOM\Polyp-Gen\seq21\images\48.jpg,C:\VISKOM\Polyp-Gen\seq21\masks\48.jpg,PolypGen_seq21,sequence,train
PolypGen,C:\VISKOM\Polyp-Gen\seq21\images\49.jpg,C:\VISKOM\Polyp-Gen\seq21\masks\49.jpg,PolypGen_seq21,sequence,train
PolypGen,C:\VISKOM\Polyp-Gen\seq21\images\50.jpg,C:\VISKOM\Polyp-Gen\seq21\masks\50.jpg,PolypGen_seq21,sequence,train
PolypGen,C:\VISKOM\Polyp-Gen\seq21\images\51.jpg,C:\VISKOM\Polyp-Gen\seq21\masks\51.jpg,PolypGen_seq21,sequence,train
PolypGen,C:\VISKOM\Polyp-Gen\seq21\images\52.jpg,C:\VISKOM\Polyp-Gen\seq21\masks\52.jpg,PolypGen_seq21,sequence,train
PolypGen,C:\VISKOM\Polyp-Gen\seq21\images\53.jpg,C:\VISKOM\Polyp-Gen\seq21\masks\53.jpg,PolypGen_seq21,sequence,train
PolypGen,C:\VISKOM\Polyp-Gen\seq21\images\54.jpg,C:\VISKOM\Polyp-Gen\seq21\masks\54.jpg,PolypGen_seq21,sequence,train
PolypGen,C:\VISKOM\Polyp-Gen\seq21\images\55.jpg,C:\VISKOM\Polyp-Gen\seq21\masks\55.jpg,PolypGen_seq21,sequence,train
PolypGen,C:\VISKOM\Polyp-Gen\seq22\images\0.jpg,C:\VISKOM\Polyp-Gen\seq22\masks\0.jpg,PolypGen_seq22,sequence,train
PolypGen,C:\VISKOM\Polyp-Gen\seq22\images\1.jpg,C:\VISKOM\Polyp-Gen\seq22\masks\1.jpg,PolypGen_seq22,sequence,train
PolypGen,C:\VISKOM\Polyp-Gen\seq22\images\2.jpg,C:\VISKOM\Polyp-Gen\seq22\masks\2.jpg,PolypGen_seq22,sequence,train
PolypGen,C:\VISKOM\Polyp-Gen\seq22\images\3.jpg,C:\VISKOM\Polyp-Gen\seq22\masks\3.jpg,PolypGen_seq22,sequence,train
PolypGen,C:\VISKOM\Polyp-Gen\seq22\images\4.jpg,C:\VISKOM\Polyp-Gen\seq22\masks\4.jpg,PolypGen_seq22,sequence,train
PolypGen,C:\VISKOM\Polyp-Gen\seq22\images\5.jpg,C:\VISKOM\Polyp-Gen\seq22\masks\5.jpg,PolypGen_seq22,sequence,train
PolypGen,C:\VISKOM\Polyp-Gen\seq22\images\6.jpg,C:\VISKOM\Polyp-Gen\seq22\masks\6.jpg,PolypGen_seq22,sequence,train
PolypGen,C:\VISKOM\Polyp-Gen\seq22\images\7.jpg,C:\VISKOM\Polyp-Gen\seq22\masks\7.jpg,PolypGen_seq22,sequence,train
PolypGen,C:\VISKOM\Polyp-Gen\seq22\images\8.jpg,C:\VISKOM\Polyp-Gen\seq22\masks\8.jpg,PolypGen_seq22,sequence,train
PolypGen,C:\VISKOM\Polyp-Gen\seq22\images\9.jpg,C:\VISKOM\Polyp-Gen\seq22\masks\9.jpg,PolypGen_seq22,sequence,train
PolypGen,C:\VISKOM\Polyp-Gen\seq22\images\10.jpg,C:\VISKOM\Polyp-Gen\seq22\masks\10.jpg,PolypGen_seq22,sequence,train
PolypGen,C:\VISKOM\Polyp-Gen\seq22\images\11.jpg,C:\VISKOM\Polyp-Gen\seq22\masks\11.jpg,PolypGen_seq22,sequence,train
PolypGen,C:\VISKOM\Polyp-Gen\seq22\images\12.jpg,C:\VISKOM\Polyp-Gen\seq22\masks\12.jpg,PolypGen_seq22,sequence,train
PolypGen,C:\VISKOM\Polyp-Gen\seq22\images\13.jpg,C:\VISKOM\Polyp-Gen\seq22\masks\13.jpg,PolypGen_seq22,sequence,train
PolypGen,C:\VISKOM\Polyp-Gen\seq22\images\14.jpg,C:\VISKOM\Polyp-Gen\seq22\masks\14.jpg,PolypGen_seq22,sequence,train
PolypGen,C:\VISKOM\Polyp-Gen\seq22\images\15.jpg,C:\VISKOM\Polyp-Gen\seq22\masks\15.jpg,PolypGen_seq22,sequence,train
PolypGen,C:\VISKOM\Polyp-Gen\seq22\images\16.jpg,C:\VISKOM\Polyp-Gen\seq22\masks\16.jpg,PolypGen_seq22,sequence,train
PolypGen,C:\VISKOM\Polyp-Gen\seq22\images\17.jpg,C:\VISKOM\Polyp-Gen\seq22\masks\17.jpg,PolypGen_seq22,sequence,train
PolypGen,C:\VISKOM\Polyp-Gen\seq22\images\18.jpg,C:\VISKOM\Polyp-Gen\seq22\masks\18.jpg,PolypGen_seq22,sequence,train
PolypGen,C:\VISKOM\Polyp-Gen\seq22\images\19.jpg,C:\VISKOM\Polyp-Gen\seq22\masks\19.jpg,PolypGen_seq22,sequence,train
PolypGen,C:\VISKOM\Polyp-Gen\seq22\images\20.jpg,C:\VISKOM\Polyp-Gen\seq22\masks\20.jpg,PolypGen_seq22,sequence,train
PolypGen,C:\VISKOM\Polyp-Gen\seq22\images\21.jpg,C:\VISKOM\Polyp-Gen\seq22\masks\21.jpg,PolypGen_seq22,sequence,train
PolypGen,C:\VISKOM\Polyp-Gen\seq22\images\22.jpg,C:\VISKOM\Polyp-Gen\seq22\masks\22.jpg,PolypGen_seq22,sequence,train
PolypGen,C:\VISKOM\Polyp-Gen\seq22\images\23.jpg,C:\VISKOM\Polyp-Gen\seq22\masks\23.jpg,PolypGen_seq22,sequence,train
PolypGen,C:\VISKOM\Polyp-Gen\seq22\images\24.jpg,C:\VISKOM\Polyp-Gen\seq22\masks\24.jpg,PolypGen_seq22,sequence,train
PolypGen,C:\VISKOM\Polyp-Gen\seq22\images\25.jpg,C:\VISKOM\Polyp-Gen\seq22\masks\25.jpg,PolypGen_seq22,sequence,train
PolypGen,C:\VISKOM\Polyp-Gen\seq22\images\26.jpg,C:\VISKOM\Polyp-Gen\seq22\masks\26.jpg,PolypGen_seq22,sequence,train
PolypGen,C:\VISKOM\Polyp-Gen\seq22\images\27.jpg,C:\VISKOM\Polyp-Gen\seq22\masks\27.jpg,PolypGen_seq22,sequence,train
PolypGen,C:\VISKOM\Polyp-Gen\seq22\images\28.jpg,C:\VISKOM\Polyp-Gen\seq22\masks\28.jpg,PolypGen_seq22,sequence,train
PolypGen,C:\VISKOM\Polyp-Gen\seq22\images\29.jpg,C:\VISKOM\Polyp-Gen\seq22\masks\29.jpg,PolypGen_seq22,sequence,train
PolypGen,C:\VISKOM\Polyp-Gen\seq22\images\30.jpg,C:\VISKOM\Polyp-Gen\seq22\masks\30.jpg,PolypGen_seq22,sequence,train
PolypGen,C:\VISKOM\Polyp-Gen\seq22\images\31.jpg,C:\VISKOM\Polyp-Gen\seq22\masks\31.jpg,PolypGen_seq22,sequence,train
PolypGen,C:\VISKOM\Polyp-Gen\seq22\images\32.jpg,C:\VISKOM\Polyp-Gen\seq22\masks\32.jpg,PolypGen_seq22,sequence,train
PolypGen,C:\VISKOM\Polyp-Gen\seq22\images\33.jpg,C:\VISKOM\Polyp-Gen\seq22\masks\33.jpg,PolypGen_seq22,sequence,train
PolypGen,C:\VISKOM\Polyp-Gen\seq22\images\34.jpg,C:\VISKOM\Polyp-Gen\seq22\masks\34.jpg,PolypGen_seq22,sequence,train
PolypGen,C:\VISKOM\Polyp-Gen\seq22\images\35.jpg,C:\VISKOM\Polyp-Gen\seq22\masks\35.jpg,PolypGen_seq22,sequence,train
PolypGen,C:\VISKOM\Polyp-Gen\seq22\images\36.jpg,C:\VISKOM\Polyp-Gen\seq22\masks\36.jpg,PolypGen_seq22,sequence,train
PolypGen,C:\VISKOM\Polyp-Gen\seq22\images\37.jpg,C:\VISKOM\Polyp-Gen\seq22\masks\37.jpg,PolypGen_seq22,sequence,train
PolypGen,C:\VISKOM\Polyp-Gen\seq22\images\38.jpg,C:\VISKOM\Polyp-Gen\seq22\masks\38.jpg,PolypGen_seq22,sequence,train
PolypGen,C:\VISKOM\Polyp-Gen\seq22\images\39.jpg,C:\VISKOM\Polyp-Gen\seq22\masks\39.jpg,PolypGen_seq22,sequence,train
PolypGen,C:\VISKOM\Polyp-Gen\seq22\images\40.jpg,C:\VISKOM\Polyp-Gen\seq22\masks\40.jpg,PolypGen_seq22,sequence,train
PolypGen,C:\VISKOM\Polyp-Gen\seq22\images\41.jpg,C:\VISKOM\Polyp-Gen\seq22\masks\41.jpg,PolypGen_seq22,sequence,train
PolypGen,C:\VISKOM\Polyp-Gen\seq22\images\42.jpg,C:\VISKOM\Polyp-Gen\seq22\masks\42.jpg,PolypGen_seq22,sequence,train
PolypGen,C:\VISKOM\Polyp-Gen\seq22\images\43.jpg,C:\VISKOM\Polyp-Gen\seq22\masks\43.jpg,PolypGen_seq22,sequence,train
PolypGen,C:\VISKOM\Polyp-Gen\seq22\images\44.jpg,C:\VISKOM\Polyp-Gen\seq22\masks\44.jpg,PolypGen_seq22,sequence,train
PolypGen,C:\VISKOM\Polyp-Gen\seq22\images\45.jpg,C:\VISKOM\Polyp-Gen\seq22\masks\45.jpg,PolypGen_seq22,sequence,train
PolypGen,C:\VISKOM\Polyp-Gen\seq23\images\0.jpg,C:\VISKOM\Polyp-Gen\seq23\masks\0.jpg,PolypGen_seq23,sequence,train
PolypGen,C:\VISKOM\Polyp-Gen\seq23\images\1.jpg,C:\VISKOM\Polyp-Gen\seq23\masks\1.jpg,PolypGen_seq23,sequence,train
PolypGen,C:\VISKOM\Polyp-Gen\seq23\images\2.jpg,C:\VISKOM\Polyp-Gen\seq23\masks\2.jpg,PolypGen_seq23,sequence,train
PolypGen,C:\VISKOM\Polyp-Gen\seq23\images\3.jpg,C:\VISKOM\Polyp-Gen\seq23\masks\3.jpg,PolypGen_seq23,sequence,train
PolypGen,C:\VISKOM\Polyp-Gen\seq23\images\4.jpg,C:\VISKOM\Polyp-Gen\seq23\masks\4.jpg,PolypGen_seq23,sequence,train
PolypGen,C:\VISKOM\Polyp-Gen\seq23\images\5.jpg,C:\VISKOM\Polyp-Gen\seq23\masks\5.jpg,PolypGen_seq23,sequence,train
PolypGen,C:\VISKOM\Polyp-Gen\seq23\images\6.jpg,C:\VISKOM\Polyp-Gen\seq23\masks\6.jpg,PolypGen_seq23,sequence,train
PolypGen,C:\VISKOM\Polyp-Gen\seq23\images\7.jpg,C:\VISKOM\Polyp-Gen\seq23\masks\7.jpg,PolypGen_seq23,sequence,train
PolypGen,C:\VISKOM\Polyp-Gen\seq23\images\8.jpg,C:\VISKOM\Polyp-Gen\seq23\masks\8.jpg,PolypGen_seq23,sequence,train
PolypGen,C:\VISKOM\Polyp-Gen\seq23\images\9.jpg,C:\VISKOM\Polyp-Gen\seq23\masks\9.jpg,PolypGen_seq23,sequence,train
PolypGen,C:\VISKOM\Polyp-Gen\seq23\images\10.jpg,C:\VISKOM\Polyp-Gen\seq23\masks\10.jpg,PolypGen_seq23,sequence,train
PolypGen,C:\VISKOM\Polyp-Gen\seq23\images\11.jpg,C:\VISKOM\Polyp-Gen\seq23\masks\11.jpg,PolypGen_seq23,sequence,train
PolypGen,C:\VISKOM\Polyp-Gen\seq23\images\12.jpg,C:\VISKOM\Polyp-Gen\seq23\masks\12.jpg,PolypGen_seq23,sequence,train
PolypGen,C:\VISKOM\Polyp-Gen\seq23\images\13.jpg,C:\VISKOM\Polyp-Gen\seq23\masks\13.jpg,PolypGen_seq23,sequence,train
PolypGen,C:\VISKOM\Polyp-Gen\seq23\images\14.jpg,C:\VISKOM\Polyp-Gen\seq23\masks\14.jpg,PolypGen_seq23,sequence,train
PolypGen,C:\VISKOM\Polyp-Gen\seq23\images\15.jpg,C:\VISKOM\Polyp-Gen\seq23\masks\15.jpg,PolypGen_seq23,sequence,train
PolypGen,C:\VISKOM\Polyp-Gen\seq23\images\16.jpg,C:\VISKOM\Polyp-Gen\seq23\masks\16.jpg,PolypGen_seq23,sequence,train
PolypGen,C:\VISKOM\Polyp-Gen\seq23\images\17.jpg,C:\VISKOM\Polyp-Gen\seq23\masks\17.jpg,PolypGen_seq23,sequence,train
PolypGen,C:\VISKOM\Polyp-Gen\seq23\images\18.jpg,C:\VISKOM\Polyp-Gen\seq23\masks\18.jpg,PolypGen_seq23,sequence,train
PolypGen,C:\VISKOM\Polyp-Gen\seq23\images\19.jpg,C:\VISKOM\Polyp-Gen\seq23\masks\19.jpg,PolypGen_seq23,sequence,train
PolypGen,C:\VISKOM\Polyp-Gen\seq23\images\20.jpg,C:\VISKOM\Polyp-Gen\seq23\masks\20.jpg,PolypGen_seq23,sequence,train
PolypGen,C:\VISKOM\Polyp-Gen\seq23\images\21.jpg,C:\VISKOM\Polyp-Gen\seq23\masks\21.jpg,PolypGen_seq23,sequence,train
PolypGen,C:\VISKOM\Polyp-Gen\seq23\images\22.jpg,C:\VISKOM\Polyp-Gen\seq23\masks\22.jpg,PolypGen_seq23,sequence,train
PolypGen,C:\VISKOM\Polyp-Gen\seq23\images\23.jpg,C:\VISKOM\Polyp-Gen\seq23\masks\23.jpg,PolypGen_seq23,sequence,train
PolypGen,C:\VISKOM\Polyp-Gen\seq23\images\24.jpg,C:\VISKOM\Polyp-Gen\seq23\masks\24.jpg,PolypGen_seq23,sequence,train
PolypGen,C:\VISKOM\Polyp-Gen\seq23\images\25.jpg,C:\VISKOM\Polyp-Gen\seq23\masks\25.jpg,PolypGen_seq23,sequence,train
PolypGen,C:\VISKOM\Polyp-Gen\seq23\images\26.jpg,C:\VISKOM\Polyp-Gen\seq23\masks\26.jpg,PolypGen_seq23,sequence,train
PolypGen,C:\VISKOM\Polyp-Gen\seq23\images\27.jpg,C:\VISKOM\Polyp-Gen\seq23\masks\27.jpg,PolypGen_seq23,sequence,train
PolypGen,C:\VISKOM\Polyp-Gen\seq23\images\28.jpg,C:\VISKOM\Polyp-Gen\seq23\masks\28.jpg,PolypGen_seq23,sequence,train
PolypGen,C:\VISKOM\Polyp-Gen\seq23\images\29.jpg,C:\VISKOM\Polyp-Gen\seq23\masks\29.jpg,PolypGen_seq23,sequence,train
PolypGen,C:\VISKOM\Polyp-Gen\seq23\images\30.jpg,C:\VISKOM\Polyp-Gen\seq23\masks\30.jpg,PolypGen_seq23,sequence,train
PolypGen,C:\VISKOM\Polyp-Gen\seq23\images\31.jpg,C:\VISKOM\Polyp-Gen\seq23\masks\31.jpg,PolypGen_seq23,sequence,train
PolypGen,C:\VISKOM\Polyp-Gen\seq23\images\32.jpg,C:\VISKOM\Polyp-Gen\seq23\masks\32.jpg,PolypGen_seq23,sequence,train
PolypGen,C:\VISKOM\Polyp-Gen\seq23\images\33.jpg,C:\VISKOM\Polyp-Gen\seq23\masks\33.jpg,PolypGen_seq23,sequence,train
PolypGen,C:\VISKOM\Polyp-Gen\seq23\images\34.jpg,C:\VISKOM\Polyp-Gen\seq23\masks\34.jpg,PolypGen_seq23,sequence,train
PolypGen,C:\VISKOM\Polyp-Gen\seq23\images\35.jpg,C:\VISKOM\Polyp-Gen\seq23\masks\35.jpg,PolypGen_seq23,sequence,train
PolypGen,C:\VISKOM\Polyp-Gen\seq23\images\36.jpg,C:\VISKOM\Polyp-Gen\seq23\masks\36.jpg,PolypGen_seq23,sequence,train
PolypGen,C:\VISKOM\Polyp-Gen\seq23\images\37.jpg,C:\VISKOM\Polyp-Gen\seq23\masks\37.jpg,PolypGen_seq23,sequence,train
PolypGen,C:\VISKOM\Polyp-Gen\seq23\images\38.jpg,C:\VISKOM\Polyp-Gen\seq23\masks\38.jpg,PolypGen_seq23,sequence,train
PolypGen,C:\VISKOM\Polyp-Gen\seq23\images\39.jpg,C:\VISKOM\Polyp-Gen\seq23\masks\39.jpg,PolypGen_seq23,sequence,train
PolypGen,C:\VISKOM\Polyp-Gen\seq23\images\40.jpg,C:\VISKOM\Polyp-Gen\seq23\masks\40.jpg,PolypGen_seq23,sequence,train
PolypGen,C:\VISKOM\Polyp-Gen\seq23\images\41.jpg,C:\VISKOM\Polyp-Gen\seq23\masks\41.jpg,PolypGen_seq23,sequence,train
PolypGen,C:\VISKOM\Polyp-Gen\seq23\images\42.jpg,C:\VISKOM\Polyp-Gen\seq23\masks\42.jpg,PolypGen_seq23,sequence,train
PolypGen,C:\VISKOM\Polyp-Gen\seq23\images\43.jpg,C:\VISKOM\Polyp-Gen\seq23\masks\43.jpg,PolypGen_seq23,sequence,train
PolypGen,C:\VISKOM\Polyp-Gen\seq23\images\44.jpg,C:\VISKOM\Polyp-Gen\seq23\masks\44.jpg,PolypGen_seq23,sequence,train
PolypGen,C:\VISKOM\Polyp-Gen\seq23\images\45.jpg,C:\VISKOM\Polyp-Gen\seq23\masks\45.jpg,PolypGen_seq23,sequence,train
PolypGen,C:\VISKOM\Polyp-Gen\seq23\images\46.jpg,C:\VISKOM\Polyp-Gen\seq23\masks\46.jpg,PolypGen_seq23,sequence,train
PolypGen,C:\VISKOM\Polyp-Gen\seq23\images\47.jpg,C:\VISKOM\Polyp-Gen\seq23\masks\47.jpg,PolypGen_seq23,sequence,train
PolypGen,C:\VISKOM\Polyp-Gen\seq23\images\48.jpg,C:\VISKOM\Polyp-Gen\seq23\masks\48.jpg,PolypGen_seq23,sequence,train
PolypGen,C:\VISKOM\Polyp-Gen\seq23\images\49.jpg,C:\VISKOM\Polyp-Gen\seq23\masks\49.jpg,PolypGen_seq23,sequence,train
PolypGen,C:\VISKOM\Polyp-Gen\seq23\images\50.jpg,C:\VISKOM\Polyp-Gen\seq23\masks\50.jpg,PolypGen_seq23,sequence,train
PolypGen,C:\VISKOM\Polyp-Gen\seq23\images\51.jpg,C:\VISKOM\Polyp-Gen\seq23\masks\51.jpg,PolypGen_seq23,sequence,train
PolypGen,C:\VISKOM\Polyp-Gen\seq23\images\52.jpg,C:\VISKOM\Polyp-Gen\seq23\masks\52.jpg,PolypGen_seq23,sequence,train
PolypGen,C:\VISKOM\Polyp-Gen\seq23\images\53.jpg,C:\VISKOM\Polyp-Gen\seq23\masks\53.jpg,PolypGen_seq23,sequence,train
PolypGen,C:\VISKOM\Polyp-Gen\seq23\images\54.jpg,C:\VISKOM\Polyp-Gen\seq23\masks\54.jpg,PolypGen_seq23,sequence,train
PolypGen,C:\VISKOM\Polyp-Gen\seq23\images\55.jpg,C:\VISKOM\Polyp-Gen\seq23\masks\55.jpg,PolypGen_seq23,sequence,train
CVC-ClinicDB,C:\VISKOM\CVC-ClinicDB\PNG\TIFF/Original/1.tif,,ClinicDB_1,sequence,val
CVC-ClinicDB,C:\VISKOM\CVC-ClinicDB\PNG\TIFF/Original/10.tif,,ClinicDB_10,sequence,train
CVC-ClinicDB,C:\VISKOM\CVC-ClinicDB\PNG\TIFF/Original/100.tif,,ClinicDB_100,sequence,test
CVC-ClinicDB,C:\VISKOM\CVC-ClinicDB\PNG\TIFF/Original/101.tif,,ClinicDB_101,sequence,train
CVC-ClinicDB,C:\VISKOM\CVC-ClinicDB\PNG\TIFF/Original/102.tif,,ClinicDB_102,sequence,train
CVC-ClinicDB,C:\VISKOM\CVC-ClinicDB\PNG\TIFF/Original/103.tif,,ClinicDB_103,sequence,train
CVC-ClinicDB,C:\VISKOM\CVC-ClinicDB\PNG\TIFF/Original/104.tif,,ClinicDB_104,sequence,test
CVC-ClinicDB,C:\VISKOM\CVC-ClinicDB\PNG\TIFF/Original/105.tif,,ClinicDB_105,sequence,train
CVC-ClinicDB,C:\VISKOM\CVC-ClinicDB\PNG\TIFF/Original/106.tif,,ClinicDB_106,sequence,train
CVC-ClinicDB,C:\VISKOM\CVC-ClinicDB\PNG\TIFF/Original/107.tif,,ClinicDB_107,sequence,val
CVC-ClinicDB,C:\VISKOM\CVC-ClinicDB\PNG\TIFF/Original/108.tif,,ClinicDB_108,sequence,test
CVC-ClinicDB,C:\VISKOM\CVC-ClinicDB\PNG\TIFF/Original/109.tif,,ClinicDB_109,sequence,test
CVC-ClinicDB,C:\VISKOM\CVC-ClinicDB\PNG\TIFF/Original/11.tif,,ClinicDB_11,sequence,train
CVC-ClinicDB,C:\VISKOM\CVC-ClinicDB\PNG\TIFF/Original/110.tif,,ClinicDB_110,sequence,train
CVC-ClinicDB,C:\VISKOM\CVC-ClinicDB\PNG\TIFF/Original/111.tif,,ClinicDB_111,sequence,train
CVC-ClinicDB,C:\VISKOM\CVC-ClinicDB\PNG\TIFF/Original/112.tif,,ClinicDB_112,sequence,val
CVC-ClinicDB,C:\VISKOM\CVC-ClinicDB\PNG\TIFF/Original/113.tif,,ClinicDB_113,sequence,train
CVC-ClinicDB,C:\VISKOM\CVC-ClinicDB\PNG\TIFF/Original/114.tif,,ClinicDB_114,sequence,train
CVC-ClinicDB,C:\VISKOM\CVC-ClinicDB\PNG\TIFF/Original/115.tif,,ClinicDB_115,sequence,val
CVC-ClinicDB,C:\VISKOM\CVC-ClinicDB\PNG\TIFF/Original/116.tif,,ClinicDB_116,sequence,train
CVC-ClinicDB,C:\VISKOM\CVC-ClinicDB\PNG\TIFF/Original/117.tif,,ClinicDB_117,sequence,train
CVC-ClinicDB,C:\VISKOM\CVC-ClinicDB\PNG\TIFF/Original/118.tif,,ClinicDB_118,sequence,train
CVC-ClinicDB,C:\VISKOM\CVC-ClinicDB\PNG\TIFF/Original/119.tif,,ClinicDB_119,sequence,val
CVC-ClinicDB,C:\VISKOM\CVC-ClinicDB\PNG\TIFF/Original/12.tif,,ClinicDB_12,sequence,val
CVC-ClinicDB,C:\VISKOM\CVC-ClinicDB\PNG\TIFF/Original/120.tif,,ClinicDB_120,sequence,test
CVC-ClinicDB,C:\VISKOM\CVC-ClinicDB\PNG\TIFF/Original/121.tif,,ClinicDB_121,sequence,train
CVC-ClinicDB,C:\VISKOM\CVC-ClinicDB\PNG\TIFF/Original/122.tif,,ClinicDB_122,sequence,train
CVC-ClinicDB,C:\VISKOM\CVC-ClinicDB\PNG\TIFF/Original/123.tif,,ClinicDB_123,sequence,train
CVC-ClinicDB,C:\VISKOM\CVC-ClinicDB\PNG\TIFF/Original/124.tif,,ClinicDB_124,sequence,train
CVC-ClinicDB,C:\VISKOM\CVC-ClinicDB\PNG\TIFF/Original/125.tif,,ClinicDB_125,sequence,test
CVC-ClinicDB,C:\VISKOM\CVC-ClinicDB\PNG\TIFF/Original/126.tif,,ClinicDB_126,sequence,test
CVC-ClinicDB,C:\VISKOM\CVC-ClinicDB\PNG\TIFF/Original/127.tif,,ClinicDB_127,sequence,train
CVC-ClinicDB,C:\VISKOM\CVC-ClinicDB\PNG\TIFF/Original/128.tif,,ClinicDB_128,sequence,train
CVC-ClinicDB,C:\VISKOM\CVC-ClinicDB\PNG\TIFF/Original/129.tif,,ClinicDB_129,sequence,val
CVC-ClinicDB,C:\VISKOM\CVC-ClinicDB\PNG\TIFF/Original/13.tif,,ClinicDB_13,sequence,train
CVC-ClinicDB,C:\VISKOM\CVC-ClinicDB\PNG\TIFF/Original/130.tif,,ClinicDB_130,sequence,train
CVC-ClinicDB,C:\VISKOM\CVC-ClinicDB\PNG\TIFF/Original/131.tif,,ClinicDB_131,sequence,train
CVC-ClinicDB,C:\VISKOM\CVC-ClinicDB\PNG\TIFF/Original/132.tif,,ClinicDB_132,sequence,train
CVC-ClinicDB,C:\VISKOM\CVC-ClinicDB\PNG\TIFF/Original/133.tif,,ClinicDB_133,sequence,train
CVC-ClinicDB,C:\VISKOM\CVC-ClinicDB\PNG\TIFF/Original/134.tif,,ClinicDB_134,sequence,test
CVC-ClinicDB,C:\VISKOM\CVC-ClinicDB\PNG\TIFF/Original/135.tif,,ClinicDB_135,sequence,train
CVC-ClinicDB,C:\VISKOM\CVC-ClinicDB\PNG\TIFF/Original/136.tif,,ClinicDB_136,sequence,train
CVC-ClinicDB,C:\VISKOM\CVC-ClinicDB\PNG\TIFF/Original/137.tif,,ClinicDB_137,sequence,train
CVC-ClinicDB,C:\VISKOM\CVC-ClinicDB\PNG\TIFF/Original/138.tif,,ClinicDB_138,sequence,train
CVC-ClinicDB,C:\VISKOM\CVC-ClinicDB\PNG\TIFF/Original/139.tif,,ClinicDB_139,sequence,train
CVC-ClinicDB,C:\VISKOM\CVC-ClinicDB\PNG\TIFF/Original/14.tif,,ClinicDB_14,sequence,train
CVC-ClinicDB,C:\VISKOM\CVC-ClinicDB\PNG\TIFF/Original/140.tif,,ClinicDB_140,sequence,train
CVC-ClinicDB,C:\VISKOM\CVC-ClinicDB\PNG\TIFF/Original/141.tif,,ClinicDB_141,sequence,train
CVC-ClinicDB,C:\VISKOM\CVC-ClinicDB\PNG\TIFF/Original/142.tif,,ClinicDB_142,sequence,train
CVC-ClinicDB,C:\VISKOM\CVC-ClinicDB\PNG\TIFF/Original/143.tif,,ClinicDB_143,sequence,train
CVC-ClinicDB,C:\VISKOM\CVC-ClinicDB\PNG\TIFF/Original/144.tif,,ClinicDB_144,sequence,train
CVC-ClinicDB,C:\VISKOM\CVC-ClinicDB\PNG\TIFF/Original/145.tif,,ClinicDB_145,sequence,train
CVC-ClinicDB,C:\VISKOM\CVC-ClinicDB\PNG\TIFF/Original/146.tif,,ClinicDB_146,sequence,train
CVC-ClinicDB,C:\VISKOM\CVC-ClinicDB\PNG\TIFF/Original/147.tif,,ClinicDB_147,sequence,train
CVC-ClinicDB,C:\VISKOM\CVC-ClinicDB\PNG\TIFF/Original/148.tif,,ClinicDB_148,sequence,train
CVC-ClinicDB,C:\VISKOM\CVC-ClinicDB\PNG\TIFF/Original/149.tif,,ClinicDB_149,sequence,test
CVC-ClinicDB,C:\VISKOM\CVC-ClinicDB\PNG\TIFF/Original/15.tif,,ClinicDB_15,sequence,train
CVC-ClinicDB,C:\VISKOM\CVC-ClinicDB\PNG\TIFF/Original/150.tif,,ClinicDB_150,sequence,train
CVC-ClinicDB,C:\VISKOM\CVC-ClinicDB\PNG\TIFF/Original/151.tif,,ClinicDB_151,sequence,train
CVC-ClinicDB,C:\VISKOM\CVC-ClinicDB\PNG\TIFF/Original/152.tif,,ClinicDB_152,sequence,train
CVC-ClinicDB,C:\VISKOM\CVC-ClinicDB\PNG\TIFF/Original/153.tif,,ClinicDB_153,sequence,test
CVC-ClinicDB,C:\VISKOM\CVC-ClinicDB\PNG\TIFF/Original/154.tif,,ClinicDB_154,sequence,train
CVC-ClinicDB,C:\VISKOM\CVC-ClinicDB\PNG\TIFF/Original/155.tif,,ClinicDB_155,sequence,train
CVC-ClinicDB,C:\VISKOM\CVC-ClinicDB\PNG\TIFF/Original/156.tif,,ClinicDB_156,sequence,test
CVC-ClinicDB,C:\VISKOM\CVC-ClinicDB\PNG\TIFF/Original/157.tif,,ClinicDB_157,sequence,train
CVC-ClinicDB,C:\VISKOM\CVC-ClinicDB\PNG\TIFF/Original/158.tif,,ClinicDB_158,sequence,train
CVC-ClinicDB,C:\VISKOM\CVC-ClinicDB\PNG\TIFF/Original/159.tif,,ClinicDB_159,sequence,test
CVC-ClinicDB,C:\VISKOM\CVC-ClinicDB\PNG\TIFF/Original/16.tif,,ClinicDB_16,sequence,train
CVC-ClinicDB,C:\VISKOM\CVC-ClinicDB\PNG\TIFF/Original/160.tif,,ClinicDB_160,sequence,val
CVC-ClinicDB,C:\VISKOM\CVC-ClinicDB\PNG\TIFF/Original/161.tif,,ClinicDB_161,sequence,train
CVC-ClinicDB,C:\VISKOM\CVC-ClinicDB\PNG\TIFF/Original/162.tif,,ClinicDB_162,sequence,test
CVC-ClinicDB,C:\VISKOM\CVC-ClinicDB\PNG\TIFF/Original/163.tif,,ClinicDB_163,sequence,train
CVC-ClinicDB,C:\VISKOM\CVC-ClinicDB\PNG\TIFF/Original/164.tif,,ClinicDB_164,sequence,test
CVC-ClinicDB,C:\VISKOM\CVC-ClinicDB\PNG\TIFF/Original/165.tif,,ClinicDB_165,sequence,test
CVC-ClinicDB,C:\VISKOM\CVC-ClinicDB\PNG\TIFF/Original/166.tif,,ClinicDB_166,sequence,train
CVC-ClinicDB,C:\VISKOM\CVC-ClinicDB\PNG\TIFF/Original/167.tif,,ClinicDB_167,sequence,val
CVC-ClinicDB,C:\VISKOM\CVC-ClinicDB\PNG\TIFF/Original/168.tif,,ClinicDB_168,sequence,test
CVC-ClinicDB,C:\VISKOM\CVC-ClinicDB\PNG\TIFF/Original/169.tif,,ClinicDB_169,sequence,test
CVC-ClinicDB,C:\VISKOM\CVC-ClinicDB\PNG\TIFF/Original/17.tif,,ClinicDB_17,sequence,test
CVC-ClinicDB,C:\VISKOM\CVC-ClinicDB\PNG\TIFF/Original/170.tif,,ClinicDB_170,sequence,test
CVC-ClinicDB,C:\VISKOM\CVC-ClinicDB\PNG\TIFF/Original/171.tif,,ClinicDB_171,sequence,train
CVC-ClinicDB,C:\VISKOM\CVC-ClinicDB\PNG\TIFF/Original/172.tif,,ClinicDB_172,sequence,test
CVC-ClinicDB,C:\VISKOM\CVC-ClinicDB\PNG\TIFF/Original/173.tif,,ClinicDB_173,sequence,test
CVC-ClinicDB,C:\VISKOM\CVC-ClinicDB\PNG\TIFF/Original/174.tif,,ClinicDB_174,sequence,test
CVC-ClinicDB,C:\VISKOM\CVC-ClinicDB\PNG\TIFF/Original/175.tif,,ClinicDB_175,sequence,val
CVC-ClinicDB,C:\VISKOM\CVC-ClinicDB\PNG\TIFF/Original/176.tif,,ClinicDB_176,sequence,train
CVC-ClinicDB,C:\VISKOM\CVC-ClinicDB\PNG\TIFF/Original/177.tif,,ClinicDB_177,sequence,test
CVC-ClinicDB,C:\VISKOM\CVC-ClinicDB\PNG\TIFF/Original/178.tif,,ClinicDB_178,sequence,train
CVC-ClinicDB,C:\VISKOM\CVC-ClinicDB\PNG\TIFF/Original/179.tif,,ClinicDB_179,sequence,val
CVC-ClinicDB,C:\VISKOM\CVC-ClinicDB\PNG\TIFF/Original/18.tif,,ClinicDB_18,sequence,val
CVC-ClinicDB,C:\VISKOM\CVC-ClinicDB\PNG\TIFF/Original/180.tif,,ClinicDB_180,sequence,test
CVC-ClinicDB,C:\VISKOM\CVC-ClinicDB\PNG\TIFF/Original/181.tif,,ClinicDB_181,sequence,train
CVC-ClinicDB,C:\VISKOM\CVC-ClinicDB\PNG\TIFF/Original/182.tif,,ClinicDB_182,sequence,val
CVC-ClinicDB,C:\VISKOM\CVC-ClinicDB\PNG\TIFF/Original/183.tif,,ClinicDB_183,sequence,train
CVC-ClinicDB,C:\VISKOM\CVC-ClinicDB\PNG\TIFF/Original/184.tif,,ClinicDB_184,sequence,train
CVC-ClinicDB,C:\VISKOM\CVC-ClinicDB\PNG\TIFF/Original/185.tif,,ClinicDB_185,sequence,train
CVC-ClinicDB,C:\VISKOM\CVC-ClinicDB\PNG\TIFF/Original/186.tif,,ClinicDB_186,sequence,train
CVC-ClinicDB,C:\VISKOM\CVC-ClinicDB\PNG\TIFF/Original/187.tif,,ClinicDB_187,sequence,train
CVC-ClinicDB,C:\VISKOM\CVC-ClinicDB\PNG\TIFF/Original/188.tif,,ClinicDB_188,sequence,train
CVC-ClinicDB,C:\VISKOM\CVC-ClinicDB\PNG\TIFF/Original/189.tif,,ClinicDB_189,sequence,train
CVC-ClinicDB,C:\VISKOM\CVC-ClinicDB\PNG\TIFF/Original/19.tif,,ClinicDB_19,sequence,train
CVC-ClinicDB,C:\VISKOM\CVC-ClinicDB\PNG\TIFF/Original/190.tif,,ClinicDB_190,sequence,test
CVC-ClinicDB,C:\VISKOM\CVC-ClinicDB\PNG\TIFF/Original/191.tif,,ClinicDB_191,sequence,train
CVC-ClinicDB,C:\VISKOM\CVC-ClinicDB\PNG\TIFF/Original/192.tif,,ClinicDB_192,sequence,train
CVC-ClinicDB,C:\VISKOM\CVC-ClinicDB\PNG\TIFF/Original/193.tif,,ClinicDB_193,sequence,test
CVC-ClinicDB,C:\VISKOM\CVC-ClinicDB\PNG\TIFF/Original/194.tif,,ClinicDB_194,sequence,train
CVC-ClinicDB,C:\VISKOM\CVC-ClinicDB\PNG\TIFF/Original/195.tif,,ClinicDB_195,sequence,train
CVC-ClinicDB,C:\VISKOM\CVC-ClinicDB\PNG\TIFF/Original/196.tif,,ClinicDB_196,sequence,train
CVC-ClinicDB,C:\VISKOM\CVC-ClinicDB\PNG\TIFF/Original/197.tif,,ClinicDB_197,sequence,train
CVC-ClinicDB,C:\VISKOM\CVC-ClinicDB\PNG\TIFF/Original/198.tif,,ClinicDB_198,sequence,test
CVC-ClinicDB,C:\VISKOM\CVC-ClinicDB\PNG\TIFF/Original/199.tif,,ClinicDB_199,sequence,test
CVC-ClinicDB,C:\VISKOM\CVC-ClinicDB\PNG\TIFF/Original/2.tif,,ClinicDB_2,sequence,train
CVC-ClinicDB,C:\VISKOM\CVC-ClinicDB\PNG\TIFF/Original/20.tif,,ClinicDB_20,sequence,train
CVC-ClinicDB,C:\VISKOM\CVC-ClinicDB\PNG\TIFF/Original/200.tif,,ClinicDB_200,sequence,train
CVC-ClinicDB,C:\VISKOM\CVC-ClinicDB\PNG\TIFF/Original/201.tif,,ClinicDB_201,sequence,train
CVC-ClinicDB,C:\VISKOM\CVC-ClinicDB\PNG\TIFF/Original/202.tif,,ClinicDB_202,sequence,train
CVC-ClinicDB,C:\VISKOM\CVC-ClinicDB\PNG\TIFF/Original/203.tif,,ClinicDB_203,sequence,val
CVC-ClinicDB,C:\VISKOM\CVC-ClinicDB\PNG\TIFF/Original/204.tif,,ClinicDB_204,sequence,val
CVC-ClinicDB,C:\VISKOM\CVC-ClinicDB\PNG\TIFF/Original/205.tif,,ClinicDB_205,sequence,test
CVC-ClinicDB,C:\VISKOM\CVC-ClinicDB\PNG\TIFF/Original/206.tif,,ClinicDB_206,sequence,train
CVC-ClinicDB,C:\VISKOM\CVC-ClinicDB\PNG\TIFF/Original/207.tif,,ClinicDB_207,sequence,train
CVC-ClinicDB,C:\VISKOM\CVC-ClinicDB\PNG\TIFF/Original/208.tif,,ClinicDB_208,sequence,train
CVC-ClinicDB,C:\VISKOM\CVC-ClinicDB\PNG\TIFF/Original/209.tif,,ClinicDB_209,sequence,train
CVC-ClinicDB,C:\VISKOM\CVC-ClinicDB\PNG\TIFF/Original/21.tif,,ClinicDB_21,sequence,train
CVC-ClinicDB,C:\VISKOM\CVC-ClinicDB\PNG\TIFF/Original/210.tif,,ClinicDB_210,sequence,train
CVC-ClinicDB,C:\VISKOM\CVC-ClinicDB\PNG\TIFF/Original/211.tif,,ClinicDB_211,sequence,train
CVC-ClinicDB,C:\VISKOM\CVC-ClinicDB\PNG\TIFF/Original/212.tif,,ClinicDB_212,sequence,train
CVC-ClinicDB,C:\VISKOM\CVC-ClinicDB\PNG\TIFF/Original/213.tif,,ClinicDB_213,sequence,train
CVC-ClinicDB,C:\VISKOM\CVC-ClinicDB\PNG\TIFF/Original/214.tif,,ClinicDB_214,sequence,train
CVC-ClinicDB,C:\VISKOM\CVC-ClinicDB\PNG\TIFF/Original/215.tif,,ClinicDB_215,sequence,train
CVC-ClinicDB,C:\VISKOM\CVC-ClinicDB\PNG\TIFF/Original/216.tif,,ClinicDB_216,sequence,train
CVC-ClinicDB,C:\VISKOM\CVC-ClinicDB\PNG\TIFF/Original/217.tif,,ClinicDB_217,sequence,test
CVC-ClinicDB,C:\VISKOM\CVC-ClinicDB\PNG\TIFF/Original/218.tif,,ClinicDB_218,sequence,val
CVC-ClinicDB,C:\VISKOM\CVC-ClinicDB\PNG\TIFF/Original/219.tif,,ClinicDB_219,sequence,train
CVC-ClinicDB,C:\VISKOM\CVC-ClinicDB\PNG\TIFF/Original/22.tif,,ClinicDB_22,sequence,train
CVC-ClinicDB,C:\VISKOM\CVC-ClinicDB\PNG\TIFF/Original/220.tif,,ClinicDB_220,sequence,test
CVC-ClinicDB,C:\VISKOM\CVC-ClinicDB\PNG\TIFF/Original/221.tif,,ClinicDB_221,sequence,train
CVC-ClinicDB,C:\VISKOM\CVC-ClinicDB\PNG\TIFF/Original/222.tif,,ClinicDB_222,sequence,val
CVC-ClinicDB,C:\VISKOM\CVC-ClinicDB\PNG\TIFF/Original/223.tif,,ClinicDB_223,sequence,train
CVC-ClinicDB,C:\VISKOM\CVC-ClinicDB\PNG\TIFF/Original/224.tif,,ClinicDB_224,sequence,train
CVC-ClinicDB,C:\VISKOM\CVC-ClinicDB\PNG\TIFF/Original/225.tif,,ClinicDB_225,sequence,test
CVC-ClinicDB,C:\VISKOM\CVC-ClinicDB\PNG\TIFF/Original/226.tif,,ClinicDB_226,sequence,train
CVC-ClinicDB,C:\VISKOM\CVC-ClinicDB\PNG\TIFF/Original/227.tif,,ClinicDB_227,sequence,train
CVC-ClinicDB,C:\VISKOM\CVC-ClinicDB\PNG\TIFF/Original/228.tif,,ClinicDB_228,sequence,train
CVC-ClinicDB,C:\VISKOM\CVC-ClinicDB\PNG\TIFF/Original/229.tif,,ClinicDB_229,sequence,val
CVC-ClinicDB,C:\VISKOM\CVC-ClinicDB\PNG\TIFF/Original/23.tif,,ClinicDB_23,sequence,test
CVC-ClinicDB,C:\VISKOM\CVC-ClinicDB\PNG\TIFF/Original/230.tif,,ClinicDB_230,sequence,train
CVC-ClinicDB,C:\VISKOM\CVC-ClinicDB\PNG\TIFF/Original/231.tif,,ClinicDB_231,sequence,train
CVC-ClinicDB,C:\VISKOM\CVC-ClinicDB\PNG\TIFF/Original/232.tif,,ClinicDB_232,sequence,test
CVC-ClinicDB,C:\VISKOM\CVC-ClinicDB\PNG\TIFF/Original/233.tif,,ClinicDB_233,sequence,train
CVC-ClinicDB,C:\VISKOM\CVC-ClinicDB\PNG\TIFF/Original/234.tif,,ClinicDB_234,sequence,train
CVC-ClinicDB,C:\VISKOM\CVC-ClinicDB\PNG\TIFF/Original/235.tif,,ClinicDB_235,sequence,train
CVC-ClinicDB,C:\VISKOM\CVC-ClinicDB\PNG\TIFF/Original/236.tif,,ClinicDB_236,sequence,train
CVC-ClinicDB,C:\VISKOM\CVC-ClinicDB\PNG\TIFF/Original/237.tif,,ClinicDB_237,sequence,test
CVC-ClinicDB,C:\VISKOM\CVC-ClinicDB\PNG\TIFF/Original/238.tif,,ClinicDB_238,sequence,train
CVC-ClinicDB,C:\VISKOM\CVC-ClinicDB\PNG\TIFF/Original/239.tif,,ClinicDB_239,sequence,test
CVC-ClinicDB,C:\VISKOM\CVC-ClinicDB\PNG\TIFF/Original/24.tif,,ClinicDB_24,sequence,train
CVC-ClinicDB,C:\VISKOM\CVC-ClinicDB\PNG\TIFF/Original/240.tif,,ClinicDB_240,sequence,train
CVC-ClinicDB,C:\VISKOM\CVC-ClinicDB\PNG\TIFF/Original/241.tif,,ClinicDB_241,sequence,val
CVC-ClinicDB,C:\VISKOM\CVC-ClinicDB\PNG\TIFF/Original/242.tif,,ClinicDB_242,sequence,train
CVC-ClinicDB,C:\VISKOM\CVC-ClinicDB\PNG\TIFF/Original/243.tif,,ClinicDB_243,sequence,train
CVC-ClinicDB,C:\VISKOM\CVC-ClinicDB\PNG\TIFF/Original/244.tif,,ClinicDB_244,sequence,train
CVC-ClinicDB,C:\VISKOM\CVC-ClinicDB\PNG\TIFF/Original/245.tif,,ClinicDB_245,sequence,train
CVC-ClinicDB,C:\VISKOM\CVC-ClinicDB\PNG\TIFF/Original/246.tif,,ClinicDB_246,sequence,test
CVC-ClinicDB,C:\VISKOM\CVC-ClinicDB\PNG\TIFF/Original/247.tif,,ClinicDB_247,sequence,train
CVC-ClinicDB,C:\VISKOM\CVC-ClinicDB\PNG\TIFF/Original/248.tif,,ClinicDB_248,sequence,test
CVC-ClinicDB,C:\VISKOM\CVC-ClinicDB\PNG\TIFF/Original/249.tif,,ClinicDB_249,sequence,train
CVC-ClinicDB,C:\VISKOM\CVC-ClinicDB\PNG\TIFF/Original/25.tif,,ClinicDB_25,sequence,train
CVC-ClinicDB,C:\VISKOM\CVC-ClinicDB\PNG\TIFF/Original/250.tif,,ClinicDB_250,sequence,train
CVC-ClinicDB,C:\VISKOM\CVC-ClinicDB\PNG\TIFF/Original/251.tif,,ClinicDB_251,sequence,train
CVC-ClinicDB,C:\VISKOM\CVC-ClinicDB\PNG\TIFF/Original/252.tif,,ClinicDB_252,sequence,train
CVC-ClinicDB,C:\VISKOM\CVC-ClinicDB\PNG\TIFF/Original/253.tif,,ClinicDB_253,sequence,train
CVC-ClinicDB,C:\VISKOM\CVC-ClinicDB\PNG\TIFF/Original/254.tif,,ClinicDB_254,sequence,train
CVC-ClinicDB,C:\VISKOM\CVC-ClinicDB\PNG\TIFF/Original/255.tif,,ClinicDB_255,sequence,train
CVC-ClinicDB,C:\VISKOM\CVC-ClinicDB\PNG\TIFF/Original/256.tif,,ClinicDB_256,sequence,val
CVC-ClinicDB,C:\VISKOM\CVC-ClinicDB\PNG\TIFF/Original/257.tif,,ClinicDB_257,sequence,train
CVC-ClinicDB,C:\VISKOM\CVC-ClinicDB\PNG\TIFF/Original/258.tif,,ClinicDB_258,sequence,test
CVC-ClinicDB,C:\VISKOM\CVC-ClinicDB\PNG\TIFF/Original/259.tif,,ClinicDB_259,sequence,val
CVC-ClinicDB,C:\VISKOM\CVC-ClinicDB\PNG\TIFF/Original/26.tif,,ClinicDB_26,sequence,train
CVC-ClinicDB,C:\VISKOM\CVC-ClinicDB\PNG\TIFF/Original/260.tif,,ClinicDB_260,sequence,train
CVC-ClinicDB,C:\VISKOM\CVC-ClinicDB\PNG\TIFF/Original/261.tif,,ClinicDB_261,sequence,train
CVC-ClinicDB,C:\VISKOM\CVC-ClinicDB\PNG\TIFF/Original/262.tif,,ClinicDB_262,sequence,test
CVC-ClinicDB,C:\VISKOM\CVC-ClinicDB\PNG\TIFF/Original/263.tif,,ClinicDB_263,sequence,val
CVC-ClinicDB,C:\VISKOM\CVC-ClinicDB\PNG\TIFF/Original/264.tif,,ClinicDB_264,sequence,train
CVC-ClinicDB,C:\VISKOM\CVC-ClinicDB\PNG\TIFF/Original/265.tif,,ClinicDB_265,sequence,test
CVC-ClinicDB,C:\VISKOM\CVC-ClinicDB\PNG\TIFF/Original/266.tif,,ClinicDB_266,sequence,train
CVC-ClinicDB,C:\VISKOM\CVC-ClinicDB\PNG\TIFF/Original/267.tif,,ClinicDB_267,sequence,train
CVC-ClinicDB,C:\VISKOM\CVC-ClinicDB\PNG\TIFF/Original/268.tif,,ClinicDB_268,sequence,train
CVC-ClinicDB,C:\VISKOM\CVC-ClinicDB\PNG\TIFF/Original/269.tif,,ClinicDB_269,sequence,val
CVC-ClinicDB,C:\VISKOM\CVC-ClinicDB\PNG\TIFF/Original/27.tif,,ClinicDB_27,sequence,train
CVC-ClinicDB,C:\VISKOM\CVC-ClinicDB\PNG\TIFF/Original/270.tif,,ClinicDB_270,sequence,train
CVC-ClinicDB,C:\VISKOM\CVC-ClinicDB\PNG\TIFF/Original/271.tif,,ClinicDB_271,sequence,train
CVC-ClinicDB,C:\VISKOM\CVC-ClinicDB\PNG\TIFF/Original/272.tif,,ClinicDB_272,sequence,test
CVC-ClinicDB,C:\VISKOM\CVC-ClinicDB\PNG\TIFF/Original/273.tif,,ClinicDB_273,sequence,train
CVC-ClinicDB,C:\VISKOM\CVC-ClinicDB\PNG\TIFF/Original/274.tif,,ClinicDB_274,sequence,train
CVC-ClinicDB,C:\VISKOM\CVC-ClinicDB\PNG\TIFF/Original/275.tif,,ClinicDB_275,sequence,test
CVC-ClinicDB,C:\VISKOM\CVC-ClinicDB\PNG\TIFF/Original/276.tif,,ClinicDB_276,sequence,test
CVC-ClinicDB,C:\VISKOM\CVC-ClinicDB\PNG\TIFF/Original/277.tif,,ClinicDB_277,sequence,train
CVC-ClinicDB,C:\VISKOM\CVC-ClinicDB\PNG\TIFF/Original/278.tif,,ClinicDB_278,sequence,train
CVC-ClinicDB,C:\VISKOM\CVC-ClinicDB\PNG\TIFF/Original/279.tif,,ClinicDB_279,sequence,val
CVC-ClinicDB,C:\VISKOM\CVC-ClinicDB\PNG\TIFF/Original/28.tif,,ClinicDB_28,sequence,train
CVC-ClinicDB,C:\VISKOM\CVC-ClinicDB\PNG\TIFF/Original/280.tif,,ClinicDB_280,sequence,train
CVC-ClinicDB,C:\VISKOM\CVC-ClinicDB\PNG\TIFF/Original/281.tif,,ClinicDB_281,sequence,train
CVC-ClinicDB,C:\VISKOM\CVC-ClinicDB\PNG\TIFF/Original/282.tif,,ClinicDB_282,sequence,train
CVC-ClinicDB,C:\VISKOM\CVC-ClinicDB\PNG\TIFF/Original/283.tif,,ClinicDB_283,sequence,test
CVC-ClinicDB,C:\VISKOM\CVC-ClinicDB\PNG\TIFF/Original/284.tif,,ClinicDB_284,sequence,train
CVC-ClinicDB,C:\VISKOM\CVC-ClinicDB\PNG\TIFF/Original/285.tif,,ClinicDB_285,sequence,train
CVC-ClinicDB,C:\VISKOM\CVC-ClinicDB\PNG\TIFF/Original/286.tif,,ClinicDB_286,sequence,train
CVC-ClinicDB,C:\VISKOM\CVC-ClinicDB\PNG\TIFF/Original/287.tif,,ClinicDB_287,sequence,train
CVC-ClinicDB,C:\VISKOM\CVC-ClinicDB\PNG\TIFF/Original/288.tif,,ClinicDB_288,sequence,val
CVC-ClinicDB,C:\VISKOM\CVC-ClinicDB\PNG\TIFF/Original/289.tif,,ClinicDB_289,sequence,test
CVC-ClinicDB,C:\VISKOM\CVC-ClinicDB\PNG\TIFF/Original/29.tif,,ClinicDB_29,sequence,test
CVC-ClinicDB,C:\VISKOM\CVC-ClinicDB\PNG\TIFF/Original/290.tif,,ClinicDB_290,sequence,val
CVC-ClinicDB,C:\VISKOM\CVC-ClinicDB\PNG\TIFF/Original/291.tif,,ClinicDB_291,sequence,train
CVC-ClinicDB,C:\VISKOM\CVC-ClinicDB\PNG\TIFF/Original/292.tif,,ClinicDB_292,sequence,train
CVC-ClinicDB,C:\VISKOM\CVC-ClinicDB\PNG\TIFF/Original/293.tif,,ClinicDB_293,sequence,train
CVC-ClinicDB,C:\VISKOM\CVC-ClinicDB\PNG\TIFF/Original/294.tif,,ClinicDB_294,sequence,train
CVC-ClinicDB,C:\VISKOM\CVC-ClinicDB\PNG\TIFF/Original/295.tif,,ClinicDB_295,sequence,train
CVC-ClinicDB,C:\VISKOM\CVC-ClinicDB\PNG\TIFF/Original/296.tif,,ClinicDB_296,sequence,test
CVC-ClinicDB,C:\VISKOM\CVC-ClinicDB\PNG\TIFF/Original/297.tif,,ClinicDB_297,sequence,train
CVC-ClinicDB,C:\VISKOM\CVC-ClinicDB\PNG\TIFF/Original/298.tif,,ClinicDB_298,sequence,train
CVC-ClinicDB,C:\VISKOM\CVC-ClinicDB\PNG\TIFF/Original/299.tif,,ClinicDB_299,sequence,train
CVC-ClinicDB,C:\VISKOM\CVC-ClinicDB\PNG\TIFF/Original/3.tif,,ClinicDB_3,sequence,train
CVC-ClinicDB,C:\VISKOM\CVC-ClinicDB\PNG\TIFF/Original/30.tif,,ClinicDB_30,sequence,train
CVC-ClinicDB,C:\VISKOM\CVC-ClinicDB\PNG\TIFF/Original/300.tif,,ClinicDB_300,sequence,train
CVC-ClinicDB,C:\VISKOM\CVC-ClinicDB\PNG\TIFF/Original/301.tif,,ClinicDB_301,sequence,train
CVC-ClinicDB,C:\VISKOM\CVC-ClinicDB\PNG\TIFF/Original/302.tif,,ClinicDB_302,sequence,train
CVC-ClinicDB,C:\VISKOM\CVC-ClinicDB\PNG\TIFF/Original/303.tif,,ClinicDB_303,sequence,test
CVC-ClinicDB,C:\VISKOM\CVC-ClinicDB\PNG\TIFF/Original/304.tif,,ClinicDB_304,sequence,val
CVC-ClinicDB,C:\VISKOM\CVC-ClinicDB\PNG\TIFF/Original/305.tif,,ClinicDB_305,sequence,train
CVC-ClinicDB,C:\VISKOM\CVC-ClinicDB\PNG\TIFF/Original/306.tif,,ClinicDB_306,sequence,train
CVC-ClinicDB,C:\VISKOM\CVC-ClinicDB\PNG\TIFF/Original/307.tif,,ClinicDB_307,sequence,test
CVC-ClinicDB,C:\VISKOM\CVC-ClinicDB\PNG\TIFF/Original/308.tif,,ClinicDB_308,sequence,train
CVC-ClinicDB,C:\VISKOM\CVC-ClinicDB\PNG\TIFF/Original/309.tif,,ClinicDB_309,sequence,train
CVC-ClinicDB,C:\VISKOM\CVC-ClinicDB\PNG\TIFF/Original/31.tif,,ClinicDB_31,sequence,test
CVC-ClinicDB,C:\VISKOM\CVC-ClinicDB\PNG\TIFF/Original/310.tif,,ClinicDB_310,sequence,test
CVC-ClinicDB,C:\VISKOM\CVC-ClinicDB\PNG\TIFF/Original/311.tif,,ClinicDB_311,sequence,train
CVC-ClinicDB,C:\VISKOM\CVC-ClinicDB\PNG\TIFF/Original/312.tif,,ClinicDB_312,sequence,train
CVC-ClinicDB,C:\VISKOM\CVC-ClinicDB\PNG\TIFF/Original/313.tif,,ClinicDB_313,sequence,test
CVC-ClinicDB,C:\VISKOM\CVC-ClinicDB\PNG\TIFF/Original/314.tif,,ClinicDB_314,sequence,train
CVC-ClinicDB,C:\VISKOM\CVC-ClinicDB\PNG\TIFF/Original/315.tif,,ClinicDB_315,sequence,train
CVC-ClinicDB,C:\VISKOM\CVC-ClinicDB\PNG\TIFF/Original/316.tif,,ClinicDB_316,sequence,train
CVC-ClinicDB,C:\VISKOM\CVC-ClinicDB\PNG\TIFF/Original/317.tif,,ClinicDB_317,sequence,train
CVC-ClinicDB,C:\VISKOM\CVC-ClinicDB\PNG\TIFF/Original/318.tif,,ClinicDB_318,sequence,train
CVC-ClinicDB,C:\VISKOM\CVC-ClinicDB\PNG\TIFF/Original/319.tif,,ClinicDB_319,sequence,test
CVC-ClinicDB,C:\VISKOM\CVC-ClinicDB\PNG\TIFF/Original/32.tif,,ClinicDB_32,sequence,train
CVC-ClinicDB,C:\VISKOM\CVC-ClinicDB\PNG\TIFF/Original/320.tif,,ClinicDB_320,sequence,train
CVC-ClinicDB,C:\VISKOM\CVC-ClinicDB\PNG\TIFF/Original/321.tif,,ClinicDB_321,sequence,val
CVC-ClinicDB,C:\VISKOM\CVC-ClinicDB\PNG\TIFF/Original/322.tif,,ClinicDB_322,sequence,test
CVC-ClinicDB,C:\VISKOM\CVC-ClinicDB\PNG\TIFF/Original/323.tif,,ClinicDB_323,sequence,val
CVC-ClinicDB,C:\VISKOM\CVC-ClinicDB\PNG\TIFF/Original/324.tif,,ClinicDB_324,sequence,test
CVC-ClinicDB,C:\VISKOM\CVC-ClinicDB\PNG\TIFF/Original/325.tif,,ClinicDB_325,sequence,train
CVC-ClinicDB,C:\VISKOM\CVC-ClinicDB\PNG\TIFF/Original/326.tif,,ClinicDB_326,sequence,train
CVC-ClinicDB,C:\VISKOM\CVC-ClinicDB\PNG\TIFF/Original/327.tif,,ClinicDB_327,sequence,train
CVC-ClinicDB,C:\VISKOM\CVC-ClinicDB\PNG\TIFF/Original/328.tif,,ClinicDB_328,sequence,train
CVC-ClinicDB,C:\VISKOM\CVC-ClinicDB\PNG\TIFF/Original/329.tif,,ClinicDB_329,sequence,train
CVC-ClinicDB,C:\VISKOM\CVC-ClinicDB\PNG\TIFF/Original/33.tif,,ClinicDB_33,sequence,train
CVC-ClinicDB,C:\VISKOM\CVC-ClinicDB\PNG\TIFF/Original/330.tif,,ClinicDB_330,sequence,val
CVC-ClinicDB,C:\VISKOM\CVC-ClinicDB\PNG\TIFF/Original/331.tif,,ClinicDB_331,sequence,train
CVC-ClinicDB,C:\VISKOM\CVC-ClinicDB\PNG\TIFF/Original/332.tif,,ClinicDB_332,sequence,val
CVC-ClinicDB,C:\VISKOM\CVC-ClinicDB\PNG\TIFF/Original/333.tif,,ClinicDB_333,sequence,test
CVC-ClinicDB,C:\VISKOM\CVC-ClinicDB\PNG\TIFF/Original/334.tif,,ClinicDB_334,sequence,train
CVC-ClinicDB,C:\VISKOM\CVC-ClinicDB\PNG\TIFF/Original/335.tif,,ClinicDB_335,sequence,train
CVC-ClinicDB,C:\VISKOM\CVC-ClinicDB\PNG\TIFF/Original/336.tif,,ClinicDB_336,sequence,train
CVC-ClinicDB,C:\VISKOM\CVC-ClinicDB\PNG\TIFF/Original/337.tif,,ClinicDB_337,sequence,test
CVC-ClinicDB,C:\VISKOM\CVC-ClinicDB\PNG\TIFF/Original/338.tif,,ClinicDB_338,sequence,test
CVC-ClinicDB,C:\VISKOM\CVC-ClinicDB\PNG\TIFF/Original/339.tif,,ClinicDB_339,sequence,train
CVC-ClinicDB,C:\VISKOM\CVC-ClinicDB\PNG\TIFF/Original/34.tif,,ClinicDB_34,sequence,train
CVC-ClinicDB,C:\VISKOM\CVC-ClinicDB\PNG\TIFF/Original/340.tif,,ClinicDB_340,sequence,test
CVC-ClinicDB,C:\VISKOM\CVC-ClinicDB\PNG\TIFF/Original/341.tif,,ClinicDB_341,sequence,train
CVC-ClinicDB,C:\VISKOM\CVC-ClinicDB\PNG\TIFF/Original/342.tif,,ClinicDB_342,sequence,train
CVC-ClinicDB,C:\VISKOM\CVC-ClinicDB\PNG\TIFF/Original/343.tif,,ClinicDB_343,sequence,train
CVC-ClinicDB,C:\VISKOM\CVC-ClinicDB\PNG\TIFF/Original/344.tif,,ClinicDB_344,sequence,train
CVC-ClinicDB,C:\VISKOM\CVC-ClinicDB\PNG\TIFF/Original/345.tif,,ClinicDB_345,sequence,train
CVC-ClinicDB,C:\VISKOM\CVC-ClinicDB\PNG\TIFF/Original/346.tif,,ClinicDB_346,sequence,test
CVC-ClinicDB,C:\VISKOM\CVC-ClinicDB\PNG\TIFF/Original/347.tif,,ClinicDB_347,sequence,test
CVC-ClinicDB,C:\VISKOM\CVC-ClinicDB\PNG\TIFF/Original/348.tif,,ClinicDB_348,sequence,train
CVC-ClinicDB,C:\VISKOM\CVC-ClinicDB\PNG\TIFF/Original/349.tif,,ClinicDB_349,sequence,train
CVC-ClinicDB,C:\VISKOM\CVC-ClinicDB\PNG\TIFF/Original/35.tif,,ClinicDB_35,sequence,train
CVC-ClinicDB,C:\VISKOM\CVC-ClinicDB\PNG\TIFF/Original/350.tif,,ClinicDB_350,sequence,train
CVC-ClinicDB,C:\VISKOM\CVC-ClinicDB\PNG\TIFF/Original/351.tif,,ClinicDB_351,sequence,val
CVC-ClinicDB,C:\VISKOM\CVC-ClinicDB\PNG\TIFF/Original/352.tif,,ClinicDB_352,sequence,test
CVC-ClinicDB,C:\VISKOM\CVC-ClinicDB\PNG\TIFF/Original/353.tif,,ClinicDB_353,sequence,train
CVC-ClinicDB,C:\VISKOM\CVC-ClinicDB\PNG\TIFF/Original/354.tif,,ClinicDB_354,sequence,train
CVC-ClinicDB,C:\VISKOM\CVC-ClinicDB\PNG\TIFF/Original/355.tif,,ClinicDB_355,sequence,train
CVC-ClinicDB,C:\VISKOM\CVC-ClinicDB\PNG\TIFF/Original/356.tif,,ClinicDB_356,sequence,train
CVC-ClinicDB,C:\VISKOM\CVC-ClinicDB\PNG\TIFF/Original/357.tif,,ClinicDB_357,sequence,test
CVC-ClinicDB,C:\VISKOM\CVC-ClinicDB\PNG\TIFF/Original/358.tif,,ClinicDB_358,sequence,val
CVC-ClinicDB,C:\VISKOM\CVC-ClinicDB\PNG\TIFF/Original/359.tif,,ClinicDB_359,sequence,train
CVC-ClinicDB,C:\VISKOM\CVC-ClinicDB\PNG\TIFF/Original/36.tif,,ClinicDB_36,sequence,train
CVC-ClinicDB,C:\VISKOM\CVC-ClinicDB\PNG\TIFF/Original/360.tif,,ClinicDB_360,sequence,test
CVC-ClinicDB,C:\VISKOM\CVC-ClinicDB\PNG\TIFF/Original/361.tif,,ClinicDB_361,sequence,test
CVC-ClinicDB,C:\VISKOM\CVC-ClinicDB\PNG\TIFF/Original/362.tif,,ClinicDB_362,sequence,train
CVC-ClinicDB,C:\VISKOM\CVC-ClinicDB\PNG\TIFF/Original/363.tif,,ClinicDB_363,sequence,train
CVC-ClinicDB,C:\VISKOM\CVC-ClinicDB\PNG\TIFF/Original/364.tif,,ClinicDB_364,sequence,train
CVC-ClinicDB,C:\VISKOM\CVC-ClinicDB\PNG\TIFF/Original/365.tif,,ClinicDB_365,sequence,train
CVC-ClinicDB,C:\VISKOM\CVC-ClinicDB\PNG\TIFF/Original/366.tif,,ClinicDB_366,sequence,val
CVC-ClinicDB,C:\VISKOM\CVC-ClinicDB\PNG\TIFF/Original/367.tif,,ClinicDB_367,sequence,train
CVC-ClinicDB,C:\VISKOM\CVC-ClinicDB\PNG\TIFF/Original/368.tif,,ClinicDB_368,sequence,train
CVC-ClinicDB,C:\VISKOM\CVC-ClinicDB\PNG\TIFF/Original/369.tif,,ClinicDB_369,sequence,test
CVC-ClinicDB,C:\VISKOM\CVC-ClinicDB\PNG\TIFF/Original/37.tif,,ClinicDB_37,sequence,train
CVC-ClinicDB,C:\VISKOM\CVC-ClinicDB\PNG\TIFF/Original/370.tif,,ClinicDB_370,sequence,val
CVC-ClinicDB,C:\VISKOM\CVC-ClinicDB\PNG\TIFF/Original/371.tif,,ClinicDB_371,sequence,val
CVC-ClinicDB,C:\VISKOM\CVC-ClinicDB\PNG\TIFF/Original/372.tif,,ClinicDB_372,sequence,train
CVC-ClinicDB,C:\VISKOM\CVC-ClinicDB\PNG\TIFF/Original/373.tif,,ClinicDB_373,sequence,val
CVC-ClinicDB,C:\VISKOM\CVC-ClinicDB\PNG\TIFF/Original/374.tif,,ClinicDB_374,sequence,train
CVC-ClinicDB,C:\VISKOM\CVC-ClinicDB\PNG\TIFF/Original/375.tif,,ClinicDB_375,sequence,train
CVC-ClinicDB,C:\VISKOM\CVC-ClinicDB\PNG\TIFF/Original/376.tif,,ClinicDB_376,sequence,train
CVC-ClinicDB,C:\VISKOM\CVC-ClinicDB\PNG\TIFF/Original/377.tif,,ClinicDB_377,sequence,train
CVC-ClinicDB,C:\VISKOM\CVC-ClinicDB\PNG\TIFF/Original/378.tif,,ClinicDB_378,sequence,train
CVC-ClinicDB,C:\VISKOM\CVC-ClinicDB\PNG\TIFF/Original/379.tif,,ClinicDB_379,sequence,val
CVC-ClinicDB,C:\VISKOM\CVC-ClinicDB\PNG\TIFF/Original/38.tif,,ClinicDB_38,sequence,test
CVC-ClinicDB,C:\VISKOM\CVC-ClinicDB\PNG\TIFF/Original/380.tif,,ClinicDB_380,sequence,train
CVC-ClinicDB,C:\VISKOM\CVC-ClinicDB\PNG\TIFF/Original/381.tif,,ClinicDB_381,sequence,train
CVC-ClinicDB,C:\VISKOM\CVC-ClinicDB\PNG\TIFF/Original/382.tif,,ClinicDB_382,sequence,train
CVC-ClinicDB,C:\VISKOM\CVC-ClinicDB\PNG\TIFF/Original/383.tif,,ClinicDB_383,sequence,train
CVC-ClinicDB,C:\VISKOM\CVC-ClinicDB\PNG\TIFF/Original/384.tif,,ClinicDB_384,sequence,train
CVC-ClinicDB,C:\VISKOM\CVC-ClinicDB\PNG\TIFF/Original/385.tif,,ClinicDB_385,sequence,train
CVC-ClinicDB,C:\VISKOM\CVC-ClinicDB\PNG\TIFF/Original/386.tif,,ClinicDB_386,sequence,train
CVC-ClinicDB,C:\VISKOM\CVC-ClinicDB\PNG\TIFF/Original/387.tif,,ClinicDB_387,sequence,train
CVC-ClinicDB,C:\VISKOM\CVC-ClinicDB\PNG\TIFF/Original/388.tif,,ClinicDB_388,sequence,test
CVC-ClinicDB,C:\VISKOM\CVC-ClinicDB\PNG\TIFF/Original/389.tif,,ClinicDB_389,sequence,test
CVC-ClinicDB,C:\VISKOM\CVC-ClinicDB\PNG\TIFF/Original/39.tif,,ClinicDB_39,sequence,val
CVC-ClinicDB,C:\VISKOM\CVC-ClinicDB\PNG\TIFF/Original/390.tif,,ClinicDB_390,sequence,train
CVC-ClinicDB,C:\VISKOM\CVC-ClinicDB\PNG\TIFF/Original/391.tif,,ClinicDB_391,sequence,train
CVC-ClinicDB,C:\VISKOM\CVC-ClinicDB\PNG\TIFF/Original/392.tif,,ClinicDB_392,sequence,train
CVC-ClinicDB,C:\VISKOM\CVC-ClinicDB\PNG\TIFF/Original/393.tif,,ClinicDB_393,sequence,train
CVC-ClinicDB,C:\VISKOM\CVC-ClinicDB\PNG\TIFF/Original/394.tif,,ClinicDB_394,sequence,train
CVC-ClinicDB,C:\VISKOM\CVC-ClinicDB\PNG\TIFF/Original/395.tif,,ClinicDB_395,sequence,val
CVC-ClinicDB,C:\VISKOM\CVC-ClinicDB\PNG\TIFF/Original/396.tif,,ClinicDB_396,sequence,train
CVC-ClinicDB,C:\VISKOM\CVC-ClinicDB\PNG\TIFF/Original/397.tif,,ClinicDB_397,sequence,train
CVC-ClinicDB,C:\VISKOM\CVC-ClinicDB\PNG\TIFF/Original/398.tif,,ClinicDB_398,sequence,test
CVC-ClinicDB,C:\VISKOM\CVC-ClinicDB\PNG\TIFF/Original/399.tif,,ClinicDB_399,sequence,train
CVC-ClinicDB,C:\VISKOM\CVC-ClinicDB\PNG\TIFF/Original/4.tif,,ClinicDB_4,sequence,train
CVC-ClinicDB,C:\VISKOM\CVC-ClinicDB\PNG\TIFF/Original/40.tif,,ClinicDB_40,sequence,train
CVC-ClinicDB,C:\VISKOM\CVC-ClinicDB\PNG\TIFF/Original/400.tif,,ClinicDB_400,sequence,train
CVC-ClinicDB,C:\VISKOM\CVC-ClinicDB\PNG\TIFF/Original/401.tif,,ClinicDB_401,sequence,train
CVC-ClinicDB,C:\VISKOM\CVC-ClinicDB\PNG\TIFF/Original/402.tif,,ClinicDB_402,sequence,train
CVC-ClinicDB,C:\VISKOM\CVC-ClinicDB\PNG\TIFF/Original/403.tif,,ClinicDB_403,sequence,val
CVC-ClinicDB,C:\VISKOM\CVC-ClinicDB\PNG\TIFF/Original/404.tif,,ClinicDB_404,sequence,train
CVC-ClinicDB,C:\VISKOM\CVC-ClinicDB\PNG\TIFF/Original/405.tif,,ClinicDB_405,sequence,val
CVC-ClinicDB,C:\VISKOM\CVC-ClinicDB\PNG\TIFF/Original/406.tif,,ClinicDB_406,sequence,train
CVC-ClinicDB,C:\VISKOM\CVC-ClinicDB\PNG\TIFF/Original/407.tif,,ClinicDB_407,sequence,train
CVC-ClinicDB,C:\VISKOM\CVC-ClinicDB\PNG\TIFF/Original/408.tif,,ClinicDB_408,sequence,train
CVC-ClinicDB,C:\VISKOM\CVC-ClinicDB\PNG\TIFF/Original/409.tif,,ClinicDB_409,sequence,train
CVC-ClinicDB,C:\VISKOM\CVC-ClinicDB\PNG\TIFF/Original/41.tif,,ClinicDB_41,sequence,train
CVC-ClinicDB,C:\VISKOM\CVC-ClinicDB\PNG\TIFF/Original/410.tif,,ClinicDB_410,sequence,train
CVC-ClinicDB,C:\VISKOM\CVC-ClinicDB\PNG\TIFF/Original/411.tif,,ClinicDB_411,sequence,train
CVC-ClinicDB,C:\VISKOM\CVC-ClinicDB\PNG\TIFF/Original/412.tif,,ClinicDB_412,sequence,train
CVC-ClinicDB,C:\VISKOM\CVC-ClinicDB\PNG\TIFF/Original/413.tif,,ClinicDB_413,sequence,train
CVC-ClinicDB,C:\VISKOM\CVC-ClinicDB\PNG\TIFF/Original/414.tif,,ClinicDB_414,sequence,train
CVC-ClinicDB,C:\VISKOM\CVC-ClinicDB\PNG\TIFF/Original/415.tif,,ClinicDB_415,sequence,train
CVC-ClinicDB,C:\VISKOM\CVC-ClinicDB\PNG\TIFF/Original/416.tif,,ClinicDB_416,sequence,train
CVC-ClinicDB,C:\VISKOM\CVC-ClinicDB\PNG\TIFF/Original/417.tif,,ClinicDB_417,sequence,test
CVC-ClinicDB,C:\VISKOM\CVC-ClinicDB\PNG\TIFF/Original/418.tif,,ClinicDB_418,sequence,val
CVC-ClinicDB,C:\VISKOM\CVC-ClinicDB\PNG\TIFF/Original/419.tif,,ClinicDB_419,sequence,test
CVC-ClinicDB,C:\VISKOM\CVC-ClinicDB\PNG\TIFF/Original/42.tif,,ClinicDB_42,sequence,train
CVC-ClinicDB,C:\VISKOM\CVC-ClinicDB\PNG\TIFF/Original/420.tif,,ClinicDB_420,sequence,train
CVC-ClinicDB,C:\VISKOM\CVC-ClinicDB\PNG\TIFF/Original/421.tif,,ClinicDB_421,sequence,train
CVC-ClinicDB,C:\VISKOM\CVC-ClinicDB\PNG\TIFF/Original/422.tif,,ClinicDB_422,sequence,train
CVC-ClinicDB,C:\VISKOM\CVC-ClinicDB\PNG\TIFF/Original/423.tif,,ClinicDB_423,sequence,train
CVC-ClinicDB,C:\VISKOM\CVC-ClinicDB\PNG\TIFF/Original/424.tif,,ClinicDB_424,sequence,test
CVC-ClinicDB,C:\VISKOM\CVC-ClinicDB\PNG\TIFF/Original/425.tif,,ClinicDB_425,sequence,train
CVC-ClinicDB,C:\VISKOM\CVC-ClinicDB\PNG\TIFF/Original/426.tif,,ClinicDB_426,sequence,train
CVC-ClinicDB,C:\VISKOM\CVC-ClinicDB\PNG\TIFF/Original/427.tif,,ClinicDB_427,sequence,train
CVC-ClinicDB,C:\VISKOM\CVC-ClinicDB\PNG\TIFF/Original/428.tif,,ClinicDB_428,sequence,train
CVC-ClinicDB,C:\VISKOM\CVC-ClinicDB\PNG\TIFF/Original/429.tif,,ClinicDB_429,sequence,train
CVC-ClinicDB,C:\VISKOM\CVC-ClinicDB\PNG\TIFF/Original/43.tif,,ClinicDB_43,sequence,test
CVC-ClinicDB,C:\VISKOM\CVC-ClinicDB\PNG\TIFF/Original/430.tif,,ClinicDB_430,sequence,test
CVC-ClinicDB,C:\VISKOM\CVC-ClinicDB\PNG\TIFF/Original/431.tif,,ClinicDB_431,sequence,test
CVC-ClinicDB,C:\VISKOM\CVC-ClinicDB\PNG\TIFF/Original/432.tif,,ClinicDB_432,sequence,val
CVC-ClinicDB,C:\VISKOM\CVC-ClinicDB\PNG\TIFF/Original/433.tif,,ClinicDB_433,sequence,train
CVC-ClinicDB,C:\VISKOM\CVC-ClinicDB\PNG\TIFF/Original/434.tif,,ClinicDB_434,sequence,train
CVC-ClinicDB,C:\VISKOM\CVC-ClinicDB\PNG\TIFF/Original/435.tif,,ClinicDB_435,sequence,train
CVC-ClinicDB,C:\VISKOM\CVC-ClinicDB\PNG\TIFF/Original/436.tif,,ClinicDB_436,sequence,train
CVC-ClinicDB,C:\VISKOM\CVC-ClinicDB\PNG\TIFF/Original/437.tif,,ClinicDB_437,sequence,test
CVC-ClinicDB,C:\VISKOM\CVC-ClinicDB\PNG\TIFF/Original/438.tif,,ClinicDB_438,sequence,train
CVC-ClinicDB,C:\VISKOM\CVC-ClinicDB\PNG\TIFF/Original/439.tif,,ClinicDB_439,sequence,test
CVC-ClinicDB,C:\VISKOM\CVC-ClinicDB\PNG\TIFF/Original/44.tif,,ClinicDB_44,sequence,train
CVC-ClinicDB,C:\VISKOM\CVC-ClinicDB\PNG\TIFF/Original/440.tif,,ClinicDB_440,sequence,train
CVC-ClinicDB,C:\VISKOM\CVC-ClinicDB\PNG\TIFF/Original/441.tif,,ClinicDB_441,sequence,test
CVC-ClinicDB,C:\VISKOM\CVC-ClinicDB\PNG\TIFF/Original/442.tif,,ClinicDB_442,sequence,test
CVC-ClinicDB,C:\VISKOM\CVC-ClinicDB\PNG\TIFF/Original/443.tif,,ClinicDB_443,sequence,test
CVC-ClinicDB,C:\VISKOM\CVC-ClinicDB\PNG\TIFF/Original/444.tif,,ClinicDB_444,sequence,test
CVC-ClinicDB,C:\VISKOM\CVC-ClinicDB\PNG\TIFF/Original/445.tif,,ClinicDB_445,sequence,train
CVC-ClinicDB,C:\VISKOM\CVC-ClinicDB\PNG\TIFF/Original/446.tif,,ClinicDB_446,sequence,train
CVC-ClinicDB,C:\VISKOM\CVC-ClinicDB\PNG\TIFF/Original/447.tif,,ClinicDB_447,sequence,train
CVC-ClinicDB,C:\VISKOM\CVC-ClinicDB\PNG\TIFF/Original/448.tif,,ClinicDB_448,sequence,train
CVC-ClinicDB,C:\VISKOM\CVC-ClinicDB\PNG\TIFF/Original/449.tif,,ClinicDB_449,sequence,train
CVC-ClinicDB,C:\VISKOM\CVC-ClinicDB\PNG\TIFF/Original/45.tif,,ClinicDB_45,sequence,train
CVC-ClinicDB,C:\VISKOM\CVC-ClinicDB\PNG\TIFF/Original/450.tif,,ClinicDB_450,sequence,train
CVC-ClinicDB,C:\VISKOM\CVC-ClinicDB\PNG\TIFF/Original/451.tif,,ClinicDB_451,sequence,train
CVC-ClinicDB,C:\VISKOM\CVC-ClinicDB\PNG\TIFF/Original/452.tif,,ClinicDB_452,sequence,train
CVC-ClinicDB,C:\VISKOM\CVC-ClinicDB\PNG\TIFF/Original/453.tif,,ClinicDB_453,sequence,val
CVC-ClinicDB,C:\VISKOM\CVC-ClinicDB\PNG\TIFF/Original/454.tif,,ClinicDB_454,sequence,test
CVC-ClinicDB,C:\VISKOM\CVC-ClinicDB\PNG\TIFF/Original/455.tif,,ClinicDB_455,sequence,train
CVC-ClinicDB,C:\VISKOM\CVC-ClinicDB\PNG\TIFF/Original/456.tif,,ClinicDB_456,sequence,val
CVC-ClinicDB,C:\VISKOM\CVC-ClinicDB\PNG\TIFF/Original/457.tif,,ClinicDB_457,sequence,train
CVC-ClinicDB,C:\VISKOM\CVC-ClinicDB\PNG\TIFF/Original/458.tif,,ClinicDB_458,sequence,train
CVC-ClinicDB,C:\VISKOM\CVC-ClinicDB\PNG\TIFF/Original/459.tif,,ClinicDB_459,sequence,train
CVC-ClinicDB,C:\VISKOM\CVC-ClinicDB\PNG\TIFF/Original/46.tif,,ClinicDB_46,sequence,train
CVC-ClinicDB,C:\VISKOM\CVC-ClinicDB\PNG\TIFF/Original/460.tif,,ClinicDB_460,sequence,train
CVC-ClinicDB,C:\VISKOM\CVC-ClinicDB\PNG\TIFF/Original/461.tif,,ClinicDB_461,sequence,train
CVC-ClinicDB,C:\VISKOM\CVC-ClinicDB\PNG\TIFF/Original/462.tif,,ClinicDB_462,sequence,train
CVC-ClinicDB,C:\VISKOM\CVC-ClinicDB\PNG\TIFF/Original/463.tif,,ClinicDB_463,sequence,test
CVC-ClinicDB,C:\VISKOM\CVC-ClinicDB\PNG\TIFF/Original/464.tif,,ClinicDB_464,sequence,train
CVC-ClinicDB,C:\VISKOM\CVC-ClinicDB\PNG\TIFF/Original/465.tif,,ClinicDB_465,sequence,train
CVC-ClinicDB,C:\VISKOM\CVC-ClinicDB\PNG\TIFF/Original/466.tif,,ClinicDB_466,sequence,train
CVC-ClinicDB,C:\VISKOM\CVC-ClinicDB\PNG\TIFF/Original/467.tif,,ClinicDB_467,sequence,test
CVC-ClinicDB,C:\VISKOM\CVC-ClinicDB\PNG\TIFF/Original/468.tif,,ClinicDB_468,sequence,train
CVC-ClinicDB,C:\VISKOM\CVC-ClinicDB\PNG\TIFF/Original/469.tif,,ClinicDB_469,sequence,train
CVC-ClinicDB,C:\VISKOM\CVC-ClinicDB\PNG\TIFF/Original/47.tif,,ClinicDB_47,sequence,train
CVC-ClinicDB,C:\VISKOM\CVC-ClinicDB\PNG\TIFF/Original/470.tif,,ClinicDB_470,sequence,train
CVC-ClinicDB,C:\VISKOM\CVC-ClinicDB\PNG\TIFF/Original/471.tif,,ClinicDB_471,sequence,train
CVC-ClinicDB,C:\VISKOM\CVC-ClinicDB\PNG\TIFF/Original/472.tif,,ClinicDB_472,sequence,train
CVC-ClinicDB,C:\VISKOM\CVC-ClinicDB\PNG\TIFF/Original/473.tif,,ClinicDB_473,sequence,train
CVC-ClinicDB,C:\VISKOM\CVC-ClinicDB\PNG\TIFF/Original/474.tif,,ClinicDB_474,sequence,train
CVC-ClinicDB,C:\VISKOM\CVC-ClinicDB\PNG\TIFF/Original/475.tif,,ClinicDB_475,sequence,val
CVC-ClinicDB,C:\VISKOM\CVC-ClinicDB\PNG\TIFF/Original/476.tif,,ClinicDB_476,sequence,train
CVC-ClinicDB,C:\VISKOM\CVC-ClinicDB\PNG\TIFF/Original/477.tif,,ClinicDB_477,sequence,train
CVC-ClinicDB,C:\VISKOM\CVC-ClinicDB\PNG\TIFF/Original/478.tif,,ClinicDB_478,sequence,val
CVC-ClinicDB,C:\VISKOM\CVC-ClinicDB\PNG\TIFF/Original/479.tif,,ClinicDB_479,sequence,train
CVC-ClinicDB,C:\VISKOM\CVC-ClinicDB\PNG\TIFF/Original/48.tif,,ClinicDB_48,sequence,train
CVC-ClinicDB,C:\VISKOM\CVC-ClinicDB\PNG\TIFF/Original/480.tif,,ClinicDB_480,sequence,train
CVC-ClinicDB,C:\VISKOM\CVC-ClinicDB\PNG\TIFF/Original/481.tif,,ClinicDB_481,sequence,test
CVC-ClinicDB,C:\VISKOM\CVC-ClinicDB\PNG\TIFF/Original/482.tif,,ClinicDB_482,sequence,train
CVC-ClinicDB,C:\VISKOM\CVC-ClinicDB\PNG\TIFF/Original/483.tif,,ClinicDB_483,sequence,test
CVC-ClinicDB,C:\VISKOM\CVC-ClinicDB\PNG\TIFF/Original/484.tif,,ClinicDB_484,sequence,train
CVC-ClinicDB,C:\VISKOM\CVC-ClinicDB\PNG\TIFF/Original/485.tif,,ClinicDB_485,sequence,train
CVC-ClinicDB,C:\VISKOM\CVC-ClinicDB\PNG\TIFF/Original/486.tif,,ClinicDB_486,sequence,test
CVC-ClinicDB,C:\VISKOM\CVC-ClinicDB\PNG\TIFF/Original/487.tif,,ClinicDB_487,sequence,train
CVC-ClinicDB,C:\VISKOM\CVC-ClinicDB\PNG\TIFF/Original/488.tif,,ClinicDB_488,sequence,train
CVC-ClinicDB,C:\VISKOM\CVC-ClinicDB\PNG\TIFF/Original/489.tif,,ClinicDB_489,sequence,train
CVC-ClinicDB,C:\VISKOM\CVC-ClinicDB\PNG\TIFF/Original/49.tif,,ClinicDB_49,sequence,train
CVC-ClinicDB,C:\VISKOM\CVC-ClinicDB\PNG\TIFF/Original/490.tif,,ClinicDB_490,sequence,train
CVC-ClinicDB,C:\VISKOM\CVC-ClinicDB\PNG\TIFF/Original/491.tif,,ClinicDB_491,sequence,train
CVC-ClinicDB,C:\VISKOM\CVC-ClinicDB\PNG\TIFF/Original/492.tif,,ClinicDB_492,sequence,train
CVC-ClinicDB,C:\VISKOM\CVC-ClinicDB\PNG\TIFF/Original/493.tif,,ClinicDB_493,sequence,train
CVC-ClinicDB,C:\VISKOM\CVC-ClinicDB\PNG\TIFF/Original/494.tif,,ClinicDB_494,sequence,train
CVC-ClinicDB,C:\VISKOM\CVC-ClinicDB\PNG\TIFF/Original/495.tif,,ClinicDB_495,sequence,train
CVC-ClinicDB,C:\VISKOM\CVC-ClinicDB\PNG\TIFF/Original/496.tif,,ClinicDB_496,sequence,train
CVC-ClinicDB,C:\VISKOM\CVC-ClinicDB\PNG\TIFF/Original/497.tif,,ClinicDB_497,sequence,test
CVC-ClinicDB,C:\VISKOM\CVC-ClinicDB\PNG\TIFF/Original/498.tif,,ClinicDB_498,sequence,train
CVC-ClinicDB,C:\VISKOM\CVC-ClinicDB\PNG\TIFF/Original/499.tif,,ClinicDB_499,sequence,train
CVC-ClinicDB,C:\VISKOM\CVC-ClinicDB\PNG\TIFF/Original/5.tif,,ClinicDB_5,sequence,train
CVC-ClinicDB,C:\VISKOM\CVC-ClinicDB\PNG\TIFF/Original/50.tif,,ClinicDB_50,sequence,train
CVC-ClinicDB,C:\VISKOM\CVC-ClinicDB\PNG\TIFF/Original/500.tif,,ClinicDB_500,sequence,train
CVC-ClinicDB,C:\VISKOM\CVC-ClinicDB\PNG\TIFF/Original/501.tif,,ClinicDB_501,sequence,train
CVC-ClinicDB,C:\VISKOM\CVC-ClinicDB\PNG\TIFF/Original/502.tif,,ClinicDB_502,sequence,train
CVC-ClinicDB,C:\VISKOM\CVC-ClinicDB\PNG\TIFF/Original/503.tif,,ClinicDB_503,sequence,train
CVC-ClinicDB,C:\VISKOM\CVC-ClinicDB\PNG\TIFF/Original/504.tif,,ClinicDB_504,sequence,test
CVC-ClinicDB,C:\VISKOM\CVC-ClinicDB\PNG\TIFF/Original/505.tif,,ClinicDB_505,sequence,train
CVC-ClinicDB,C:\VISKOM\CVC-ClinicDB\PNG\TIFF/Original/506.tif,,ClinicDB_506,sequence,test
CVC-ClinicDB,C:\VISKOM\CVC-ClinicDB\PNG\TIFF/Original/507.tif,,ClinicDB_507,sequence,train
CVC-ClinicDB,C:\VISKOM\CVC-ClinicDB\PNG\TIFF/Original/508.tif,,ClinicDB_508,sequence,train
CVC-ClinicDB,C:\VISKOM\CVC-ClinicDB\PNG\TIFF/Original/509.tif,,ClinicDB_509,sequence,train
CVC-ClinicDB,C:\VISKOM\CVC-ClinicDB\PNG\TIFF/Original/51.tif,,ClinicDB_51,sequence,train
CVC-ClinicDB,C:\VISKOM\CVC-ClinicDB\PNG\TIFF/Original/510.tif,,ClinicDB_510,sequence,train
CVC-ClinicDB,C:\VISKOM\CVC-ClinicDB\PNG\TIFF/Original/511.tif,,ClinicDB_511,sequence,train
CVC-ClinicDB,C:\VISKOM\CVC-ClinicDB\PNG\TIFF/Original/512.tif,,ClinicDB_512,sequence,train
CVC-ClinicDB,C:\VISKOM\CVC-ClinicDB\PNG\TIFF/Original/513.tif,,ClinicDB_513,sequence,train
CVC-ClinicDB,C:\VISKOM\CVC-ClinicDB\PNG\TIFF/Original/514.tif,,ClinicDB_514,sequence,train
CVC-ClinicDB,C:\VISKOM\CVC-ClinicDB\PNG\TIFF/Original/515.tif,,ClinicDB_515,sequence,train
CVC-ClinicDB,C:\VISKOM\CVC-ClinicDB\PNG\TIFF/Original/516.tif,,ClinicDB_516,sequence,train
CVC-ClinicDB,C:\VISKOM\CVC-ClinicDB\PNG\TIFF/Original/517.tif,,ClinicDB_517,sequence,train
CVC-ClinicDB,C:\VISKOM\CVC-ClinicDB\PNG\TIFF/Original/518.tif,,ClinicDB_518,sequence,train
CVC-ClinicDB,C:\VISKOM\CVC-ClinicDB\PNG\TIFF/Original/519.tif,,ClinicDB_519,sequence,train
CVC-ClinicDB,C:\VISKOM\CVC-ClinicDB\PNG\TIFF/Original/52.tif,,ClinicDB_52,sequence,val
CVC-ClinicDB,C:\VISKOM\CVC-ClinicDB\PNG\TIFF/Original/520.tif,,ClinicDB_520,sequence,train
CVC-ClinicDB,C:\VISKOM\CVC-ClinicDB\PNG\TIFF/Original/521.tif,,ClinicDB_521,sequence,train
CVC-ClinicDB,C:\VISKOM\CVC-ClinicDB\PNG\TIFF/Original/522.tif,,ClinicDB_522,sequence,train
CVC-ClinicDB,C:\VISKOM\CVC-ClinicDB\PNG\TIFF/Original/523.tif,,ClinicDB_523,sequence,train
CVC-ClinicDB,C:\VISKOM\CVC-ClinicDB\PNG\TIFF/Original/524.tif,,ClinicDB_524,sequence,test
CVC-ClinicDB,C:\VISKOM\CVC-ClinicDB\PNG\TIFF/Original/525.tif,,ClinicDB_525,sequence,train
CVC-ClinicDB,C:\VISKOM\CVC-ClinicDB\PNG\TIFF/Original/526.tif,,ClinicDB_526,sequence,train
CVC-ClinicDB,C:\VISKOM\CVC-ClinicDB\PNG\TIFF/Original/527.tif,,ClinicDB_527,sequence,train
CVC-ClinicDB,C:\VISKOM\CVC-ClinicDB\PNG\TIFF/Original/528.tif,,ClinicDB_528,sequence,train
CVC-ClinicDB,C:\VISKOM\CVC-ClinicDB\PNG\TIFF/Original/529.tif,,ClinicDB_529,sequence,train
CVC-ClinicDB,C:\VISKOM\CVC-ClinicDB\PNG\TIFF/Original/53.tif,,ClinicDB_53,sequence,train
CVC-ClinicDB,C:\VISKOM\CVC-ClinicDB\PNG\TIFF/Original/530.tif,,ClinicDB_530,sequence,train
CVC-ClinicDB,C:\VISKOM\CVC-ClinicDB\PNG\TIFF/Original/531.tif,,ClinicDB_531,sequence,test
CVC-ClinicDB,C:\VISKOM\CVC-ClinicDB\PNG\TIFF/Original/532.tif,,ClinicDB_532,sequence,test
CVC-ClinicDB,C:\VISKOM\CVC-ClinicDB\PNG\TIFF/Original/533.tif,,ClinicDB_533,sequence,test
CVC-ClinicDB,C:\VISKOM\CVC-ClinicDB\PNG\TIFF/Original/534.tif,,ClinicDB_534,sequence,test
CVC-ClinicDB,C:\VISKOM\CVC-ClinicDB\PNG\TIFF/Original/535.tif,,ClinicDB_535,sequence,train
CVC-ClinicDB,C:\VISKOM\CVC-ClinicDB\PNG\TIFF/Original/536.tif,,ClinicDB_536,sequence,train
CVC-ClinicDB,C:\VISKOM\CVC-ClinicDB\PNG\TIFF/Original/537.tif,,ClinicDB_537,sequence,val
CVC-ClinicDB,C:\VISKOM\CVC-ClinicDB\PNG\TIFF/Original/538.tif,,ClinicDB_538,sequence,train
CVC-ClinicDB,C:\VISKOM\CVC-ClinicDB\PNG\TIFF/Original/539.tif,,ClinicDB_539,sequence,train
CVC-ClinicDB,C:\VISKOM\CVC-ClinicDB\PNG\TIFF/Original/54.tif,,ClinicDB_54,sequence,train
CVC-ClinicDB,C:\VISKOM\CVC-ClinicDB\PNG\TIFF/Original/540.tif,,ClinicDB_540,sequence,train
CVC-ClinicDB,C:\VISKOM\CVC-ClinicDB\PNG\TIFF/Original/541.tif,,ClinicDB_541,sequence,train
CVC-ClinicDB,C:\VISKOM\CVC-ClinicDB\PNG\TIFF/Original/542.tif,,ClinicDB_542,sequence,train
CVC-ClinicDB,C:\VISKOM\CVC-ClinicDB\PNG\TIFF/Original/543.tif,,ClinicDB_543,sequence,train
CVC-ClinicDB,C:\VISKOM\CVC-ClinicDB\PNG\TIFF/Original/544.tif,,ClinicDB_544,sequence,test
CVC-ClinicDB,C:\VISKOM\CVC-ClinicDB\PNG\TIFF/Original/545.tif,,ClinicDB_545,sequence,train
CVC-ClinicDB,C:\VISKOM\CVC-ClinicDB\PNG\TIFF/Original/546.tif,,ClinicDB_546,sequence,train
CVC-ClinicDB,C:\VISKOM\CVC-ClinicDB\PNG\TIFF/Original/547.tif,,ClinicDB_547,sequence,train
CVC-ClinicDB,C:\VISKOM\CVC-ClinicDB\PNG\TIFF/Original/548.tif,,ClinicDB_548,sequence,train
CVC-ClinicDB,C:\VISKOM\CVC-ClinicDB\PNG\TIFF/Original/549.tif,,ClinicDB_549,sequence,train
CVC-ClinicDB,C:\VISKOM\CVC-ClinicDB\PNG\TIFF/Original/55.tif,,ClinicDB_55,sequence,test
CVC-ClinicDB,C:\VISKOM\CVC-ClinicDB\PNG\TIFF/Original/550.tif,,ClinicDB_550,sequence,train
CVC-ClinicDB,C:\VISKOM\CVC-ClinicDB\PNG\TIFF/Original/551.tif,,ClinicDB_551,sequence,train
CVC-ClinicDB,C:\VISKOM\CVC-ClinicDB\PNG\TIFF/Original/552.tif,,ClinicDB_552,sequence,test
CVC-ClinicDB,C:\VISKOM\CVC-ClinicDB\PNG\TIFF/Original/553.tif,,ClinicDB_553,sequence,train
CVC-ClinicDB,C:\VISKOM\CVC-ClinicDB\PNG\TIFF/Original/554.tif,,ClinicDB_554,sequence,train
CVC-ClinicDB,C:\VISKOM\CVC-ClinicDB\PNG\TIFF/Original/555.tif,,ClinicDB_555,sequence,train
CVC-ClinicDB,C:\VISKOM\CVC-ClinicDB\PNG\TIFF/Original/556.tif,,ClinicDB_556,sequence,test
CVC-ClinicDB,C:\VISKOM\CVC-ClinicDB\PNG\TIFF/Original/557.tif,,ClinicDB_557,sequence,train
CVC-ClinicDB,C:\VISKOM\CVC-ClinicDB\PNG\TIFF/Original/558.tif,,ClinicDB_558,sequence,train
CVC-ClinicDB,C:\VISKOM\CVC-ClinicDB\PNG\TIFF/Original/559.tif,,ClinicDB_559,sequence,train
CVC-ClinicDB,C:\VISKOM\CVC-ClinicDB\PNG\TIFF/Original/56.tif,,ClinicDB_56,sequence,train
CVC-ClinicDB,C:\VISKOM\CVC-ClinicDB\PNG\TIFF/Original/560.tif,,ClinicDB_560,sequence,val
CVC-ClinicDB,C:\VISKOM\CVC-ClinicDB\PNG\TIFF/Original/561.tif,,ClinicDB_561,sequence,train
CVC-ClinicDB,C:\VISKOM\CVC-ClinicDB\PNG\TIFF/Original/562.tif,,ClinicDB_562,sequence,train
CVC-ClinicDB,C:\VISKOM\CVC-ClinicDB\PNG\TIFF/Original/563.tif,,ClinicDB_563,sequence,train
CVC-ClinicDB,C:\VISKOM\CVC-ClinicDB\PNG\TIFF/Original/564.tif,,ClinicDB_564,sequence,train
CVC-ClinicDB,C:\VISKOM\CVC-ClinicDB\PNG\TIFF/Original/565.tif,,ClinicDB_565,sequence,test
CVC-ClinicDB,C:\VISKOM\CVC-ClinicDB\PNG\TIFF/Original/566.tif,,ClinicDB_566,sequence,train
CVC-ClinicDB,C:\VISKOM\CVC-ClinicDB\PNG\TIFF/Original/567.tif,,ClinicDB_567,sequence,train
CVC-ClinicDB,C:\VISKOM\CVC-ClinicDB\PNG\TIFF/Original/568.tif,,ClinicDB_568,sequence,train
CVC-ClinicDB,C:\VISKOM\CVC-ClinicDB\PNG\TIFF/Original/569.tif,,ClinicDB_569,sequence,train
CVC-ClinicDB,C:\VISKOM\CVC-ClinicDB\PNG\TIFF/Original/57.tif,,ClinicDB_57,sequence,train
CVC-ClinicDB,C:\VISKOM\CVC-ClinicDB\PNG\TIFF/Original/570.tif,,ClinicDB_570,sequence,train
CVC-ClinicDB,C:\VISKOM\CVC-ClinicDB\PNG\TIFF/Original/571.tif,,ClinicDB_571,sequence,train
CVC-ClinicDB,C:\VISKOM\CVC-ClinicDB\PNG\TIFF/Original/572.tif,,ClinicDB_572,sequence,test
CVC-ClinicDB,C:\VISKOM\CVC-ClinicDB\PNG\TIFF/Original/573.tif,,ClinicDB_573,sequence,train
CVC-ClinicDB,C:\VISKOM\CVC-ClinicDB\PNG\TIFF/Original/574.tif,,ClinicDB_574,sequence,train
CVC-ClinicDB,C:\VISKOM\CVC-ClinicDB\PNG\TIFF/Original/575.tif,,ClinicDB_575,sequence,train
CVC-ClinicDB,C:\VISKOM\CVC-ClinicDB\PNG\TIFF/Original/576.tif,,ClinicDB_576,sequence,test
CVC-ClinicDB,C:\VISKOM\CVC-ClinicDB\PNG\TIFF/Original/577.tif,,ClinicDB_577,sequence,test
CVC-ClinicDB,C:\VISKOM\CVC-ClinicDB\PNG\TIFF/Original/578.tif,,ClinicDB_578,sequence,train
CVC-ClinicDB,C:\VISKOM\CVC-ClinicDB\PNG\TIFF/Original/579.tif,,ClinicDB_579,sequence,train
CVC-ClinicDB,C:\VISKOM\CVC-ClinicDB\PNG\TIFF/Original/58.tif,,ClinicDB_58,sequence,test
CVC-ClinicDB,C:\VISKOM\CVC-ClinicDB\PNG\TIFF/Original/580.tif,,ClinicDB_580,sequence,train
CVC-ClinicDB,C:\VISKOM\CVC-ClinicDB\PNG\TIFF/Original/581.tif,,ClinicDB_581,sequence,train
CVC-ClinicDB,C:\VISKOM\CVC-ClinicDB\PNG\TIFF/Original/582.tif,,ClinicDB_582,sequence,train
CVC-ClinicDB,C:\VISKOM\CVC-ClinicDB\PNG\TIFF/Original/583.tif,,ClinicDB_583,sequence,train
CVC-ClinicDB,C:\VISKOM\CVC-ClinicDB\PNG\TIFF/Original/584.tif,,ClinicDB_584,sequence,train
CVC-ClinicDB,C:\VISKOM\CVC-ClinicDB\PNG\TIFF/Original/585.tif,,ClinicDB_585,sequence,train
CVC-ClinicDB,C:\VISKOM\CVC-ClinicDB\PNG\TIFF/Original/586.tif,,ClinicDB_586,sequence,train
CVC-ClinicDB,C:\VISKOM\CVC-ClinicDB\PNG\TIFF/Original/587.tif,,ClinicDB_587,sequence,test
CVC-ClinicDB,C:\VISKOM\CVC-ClinicDB\PNG\TIFF/Original/588.tif,,ClinicDB_588,sequence,train
CVC-ClinicDB,C:\VISKOM\CVC-ClinicDB\PNG\TIFF/Original/589.tif,,ClinicDB_589,sequence,train
CVC-ClinicDB,C:\VISKOM\CVC-ClinicDB\PNG\TIFF/Original/59.tif,,ClinicDB_59,sequence,test
CVC-ClinicDB,C:\VISKOM\CVC-ClinicDB\PNG\TIFF/Original/590.tif,,ClinicDB_590,sequence,train
CVC-ClinicDB,C:\VISKOM\CVC-ClinicDB\PNG\TIFF/Original/591.tif,,ClinicDB_591,sequence,train
CVC-ClinicDB,C:\VISKOM\CVC-ClinicDB\PNG\TIFF/Original/592.tif,,ClinicDB_592,sequence,test
CVC-ClinicDB,C:\VISKOM\CVC-ClinicDB\PNG\TIFF/Original/593.tif,,ClinicDB_593,sequence,test
CVC-ClinicDB,C:\VISKOM\CVC-ClinicDB\PNG\TIFF/Original/594.tif,,ClinicDB_594,sequence,train
CVC-ClinicDB,C:\VISKOM\CVC-ClinicDB\PNG\TIFF/Original/595.tif,,ClinicDB_595,sequence,test
CVC-ClinicDB,C:\VISKOM\CVC-ClinicDB\PNG\TIFF/Original/596.tif,,ClinicDB_596,sequence,val
CVC-ClinicDB,C:\VISKOM\CVC-ClinicDB\PNG\TIFF/Original/597.tif,,ClinicDB_597,sequence,train
CVC-ClinicDB,C:\VISKOM\CVC-ClinicDB\PNG\TIFF/Original/598.tif,,ClinicDB_598,sequence,train
CVC-ClinicDB,C:\VISKOM\CVC-ClinicDB\PNG\TIFF/Original/599.tif,,ClinicDB_599,sequence,train
CVC-ClinicDB,C:\VISKOM\CVC-ClinicDB\PNG\TIFF/Original/6.tif,,ClinicDB_6,sequence,train
CVC-ClinicDB,C:\VISKOM\CVC-ClinicDB\PNG\TIFF/Original/60.tif,,ClinicDB_60,sequence,test
CVC-ClinicDB,C:\VISKOM\CVC-ClinicDB\PNG\TIFF/Original/600.tif,,ClinicDB_600,sequence,train
CVC-ClinicDB,C:\VISKOM\CVC-ClinicDB\PNG\TIFF/Original/601.tif,,ClinicDB_601,sequence,test
CVC-ClinicDB,C:\VISKOM\CVC-ClinicDB\PNG\TIFF/Original/602.tif,,ClinicDB_602,sequence,train
CVC-ClinicDB,C:\VISKOM\CVC-ClinicDB\PNG\TIFF/Original/603.tif,,ClinicDB_603,sequence,train
CVC-ClinicDB,C:\VISKOM\CVC-ClinicDB\PNG\TIFF/Original/604.tif,,ClinicDB_604,sequence,val
CVC-ClinicDB,C:\VISKOM\CVC-ClinicDB\PNG\TIFF/Original/605.tif,,ClinicDB_605,sequence,train
CVC-ClinicDB,C:\VISKOM\CVC-ClinicDB\PNG\TIFF/Original/606.tif,,ClinicDB_606,sequence,train
CVC-ClinicDB,C:\VISKOM\CVC-ClinicDB\PNG\TIFF/Original/607.tif,,ClinicDB_607,sequence,train
CVC-ClinicDB,C:\VISKOM\CVC-ClinicDB\PNG\TIFF/Original/608.tif,,ClinicDB_608,sequence,train
CVC-ClinicDB,C:\VISKOM\CVC-ClinicDB\PNG\TIFF/Original/609.tif,,ClinicDB_609,sequence,train
CVC-ClinicDB,C:\VISKOM\CVC-ClinicDB\PNG\TIFF/Original/61.tif,,ClinicDB_61,sequence,test
CVC-ClinicDB,C:\VISKOM\CVC-ClinicDB\PNG\TIFF/Original/610.tif,,ClinicDB_610,sequence,val
CVC-ClinicDB,C:\VISKOM\CVC-ClinicDB\PNG\TIFF/Original/611.tif,,ClinicDB_611,sequence,train
CVC-ClinicDB,C:\VISKOM\CVC-ClinicDB\PNG\TIFF/Original/612.tif,,ClinicDB_612,sequence,test
CVC-ClinicDB,C:\VISKOM\CVC-ClinicDB\PNG\TIFF/Original/62.tif,,ClinicDB_62,sequence,val
CVC-ClinicDB,C:\VISKOM\CVC-ClinicDB\PNG\TIFF/Original/63.tif,,ClinicDB_63,sequence,test
CVC-ClinicDB,C:\VISKOM\CVC-ClinicDB\PNG\TIFF/Original/64.tif,,ClinicDB_64,sequence,train
CVC-ClinicDB,C:\VISKOM\CVC-ClinicDB\PNG\TIFF/Original/65.tif,,ClinicDB_65,sequence,train
CVC-ClinicDB,C:\VISKOM\CVC-ClinicDB\PNG\TIFF/Original/66.tif,,ClinicDB_66,sequence,val
CVC-ClinicDB,C:\VISKOM\CVC-ClinicDB\PNG\TIFF/Original/67.tif,,ClinicDB_67,sequence,train
CVC-ClinicDB,C:\VISKOM\CVC-ClinicDB\PNG\TIFF/Original/68.tif,,ClinicDB_68,sequence,train
CVC-ClinicDB,C:\VISKOM\CVC-ClinicDB\PNG\TIFF/Original/69.tif,,ClinicDB_69,sequence,train
CVC-ClinicDB,C:\VISKOM\CVC-ClinicDB\PNG\TIFF/Original/7.tif,,ClinicDB_7,sequence,train
CVC-ClinicDB,C:\VISKOM\CVC-ClinicDB\PNG\TIFF/Original/70.tif,,ClinicDB_70,sequence,train
CVC-ClinicDB,C:\VISKOM\CVC-ClinicDB\PNG\TIFF/Original/71.tif,,ClinicDB_71,sequence,train
CVC-ClinicDB,C:\VISKOM\CVC-ClinicDB\PNG\TIFF/Original/72.tif,,ClinicDB_72,sequence,test
CVC-ClinicDB,C:\VISKOM\CVC-ClinicDB\PNG\TIFF/Original/73.tif,,ClinicDB_73,sequence,train
CVC-ClinicDB,C:\VISKOM\CVC-ClinicDB\PNG\TIFF/Original/74.tif,,ClinicDB_74,sequence,val
CVC-ClinicDB,C:\VISKOM\CVC-ClinicDB\PNG\TIFF/Original/75.tif,,ClinicDB_75,sequence,train
CVC-ClinicDB,C:\VISKOM\CVC-ClinicDB\PNG\TIFF/Original/76.tif,,ClinicDB_76,sequence,train
CVC-ClinicDB,C:\VISKOM\CVC-ClinicDB\PNG\TIFF/Original/77.tif,,ClinicDB_77,sequence,val
CVC-ClinicDB,C:\VISKOM\CVC-ClinicDB\PNG\TIFF/Original/78.tif,,ClinicDB_78,sequence,train
CVC-ClinicDB,C:\VISKOM\CVC-ClinicDB\PNG\TIFF/Original/79.tif,,ClinicDB_79,sequence,train
CVC-ClinicDB,C:\VISKOM\CVC-ClinicDB\PNG\TIFF/Original/8.tif,,ClinicDB_8,sequence,train
CVC-ClinicDB,C:\VISKOM\CVC-ClinicDB\PNG\TIFF/Original/80.tif,,ClinicDB_80,sequence,train
CVC-ClinicDB,C:\VISKOM\CVC-ClinicDB\PNG\TIFF/Original/81.tif,,ClinicDB_81,sequence,train
CVC-ClinicDB,C:\VISKOM\CVC-ClinicDB\PNG\TIFF/Original/82.tif,,ClinicDB_82,sequence,test
CVC-ClinicDB,C:\VISKOM\CVC-ClinicDB\PNG\TIFF/Original/83.tif,,ClinicDB_83,sequence,train
CVC-ClinicDB,C:\VISKOM\CVC-ClinicDB\PNG\TIFF/Original/84.tif,,ClinicDB_84,sequence,train
CVC-ClinicDB,C:\VISKOM\CVC-ClinicDB\PNG\TIFF/Original/85.tif,,ClinicDB_85,sequence,train
CVC-ClinicDB,C:\VISKOM\CVC-ClinicDB\PNG\TIFF/Original/86.tif,,ClinicDB_86,sequence,train
CVC-ClinicDB,C:\VISKOM\CVC-ClinicDB\PNG\TIFF/Original/87.tif,,ClinicDB_87,sequence,val
CVC-ClinicDB,C:\VISKOM\CVC-ClinicDB\PNG\TIFF/Original/88.tif,,ClinicDB_88,sequence,train
CVC-ClinicDB,C:\VISKOM\CVC-ClinicDB\PNG\TIFF/Original/89.tif,,ClinicDB_89,sequence,test
CVC-ClinicDB,C:\VISKOM\CVC-ClinicDB\PNG\TIFF/Original/9.tif,,ClinicDB_9,sequence,train
CVC-ClinicDB,C:\VISKOM\CVC-ClinicDB\PNG\TIFF/Original/90.tif,,ClinicDB_90,sequence,train
CVC-ClinicDB,C:\VISKOM\CVC-ClinicDB\PNG\TIFF/Original/91.tif,,ClinicDB_91,sequence,train
CVC-ClinicDB,C:\VISKOM\CVC-ClinicDB\PNG\TIFF/Original/92.tif,,ClinicDB_92,sequence,val
CVC-ClinicDB,C:\VISKOM\CVC-ClinicDB\PNG\TIFF/Original/93.tif,,ClinicDB_93,sequence,val
CVC-ClinicDB,C:\VISKOM\CVC-ClinicDB\PNG\TIFF/Original/94.tif,,ClinicDB_94,sequence,train
CVC-ClinicDB,C:\VISKOM\CVC-ClinicDB\PNG\TIFF/Original/95.tif,,ClinicDB_95,sequence,test
CVC-ClinicDB,C:\VISKOM\CVC-ClinicDB\PNG\TIFF/Original/96.tif,,ClinicDB_96,sequence,test
CVC-ClinicDB,C:\VISKOM\CVC-ClinicDB\PNG\TIFF/Original/97.tif,,ClinicDB_97,sequence,train
CVC-ClinicDB,C:\VISKOM\CVC-ClinicDB\PNG\TIFF/Original/98.tif,,ClinicDB_98,sequence,test
CVC-ClinicDB,C:\VISKOM\CVC-ClinicDB\PNG\TIFF/Original/99.tif,,ClinicDB_99,sequence,train
