dataset,image,group_id,polyp_idx,xmin,ymin,xmax,ymax,img_h,img_w,seg_area_native,seg_area_640,bbox_area_640,rel_area_pct,size_coco,size_coco_native,size_clinical,diam_px_640
CVC-ClinicDB,/home/samsul/Documents/Polyp Detection/CVC-ClinicDB/PNG/Original/1.png,cvc_seq_1,0,40,155,263,279,288,384,16978,47161,77778,15.352,large,large,large,245.0
CVC-ClinicDB,/home/samsul/Documents/Polyp Detection/CVC-ClinicDB/PNG/Original/10.png,cvc_seq_1,0,40,13,133,266,288,384,18261,50725,66322,16.512,large,large,large,254.1
CVC-ClinicDB,/home/samsul/Documents/Polyp Detection/CVC-ClinicDB/PNG/Original/100.png,cvc_seq_5,0,68,102,173,188,288,384,7215,20042,25617,6.524,large,medium,medium,159.7
CVC-ClinicDB,/home/samsul/Documents/Polyp Detection/CVC-ClinicDB/PNG/Original/101.png,cvc_seq_5,0,165,140,276,237,288,384,7827,21742,30489,7.077,large,medium,medium,166.4
CVC-ClinicDB,/home/samsul/Documents/Polyp Detection/CVC-ClinicDB/PNG/Original/102.png,cvc_seq_5,0,166,123,273,221,288,384,7843,21786,29700,7.092,large,medium,medium,166.5
CVC-ClinicDB,/home/samsul/Documents/Polyp Detection/CVC-ClinicDB/PNG/Original/103.png,cvc_seq_5,0,123,95,242,195,288,384,9466,26294,33667,8.559,large,large,medium,183.0
CVC-ClinicDB,/home/samsul/Documents/Polyp Detection/CVC-ClinicDB/PNG/Original/104.png,cvc_seq_6,0,252,34,355,216,288,384,13263,36842,52867,11.993,large,large,large,216.6
CVC-ClinicDB,/home/samsul/Documents/Polyp Detection/CVC-ClinicDB/PNG/Original/105.png,cvc_seq_6,0,230,32,356,215,288,384,16259,45164,64911,14.702,large,large,large,239.8
CVC-ClinicDB,/home/samsul/Documents/Polyp Detection/CVC-ClinicDB/PNG/Original/106.png,cvc_seq_6,0,222,40,355,261,288,384,14437,40103,82633,13.054,large,large,large,226.0
CVC-ClinicDB,/home/samsul/Documents/Polyp Detection/CVC-ClinicDB/PNG/Original/107.png,cvc_seq_6,0,115,12,243,226,288,384,20798,57772,77042,18.806,large,large,large,271.2
CVC-ClinicDB,/home/samsul/Documents/Polyp Detection/CVC-ClinicDB/PNG/Original/108.png,cvc_seq_6,0,133,12,254,230,288,384,19789,54969,74217,17.894,large,large,large,264.6
CVC-ClinicDB,/home/samsul/Documents/Polyp Detection/CVC-ClinicDB/PNG/Original/109.png,cvc_seq_6,0,141,12,255,230,288,384,18187,50519,69958,16.445,large,large,large,253.6
CVC-ClinicDB,/home/samsul/Documents/Polyp Detection/CVC-ClinicDB/PNG/Original/11.png,cvc_seq_1,0,40,12,160,216,288,384,17619,48942,68903,15.932,large,large,large,249.6
CVC-ClinicDB,/home/samsul/Documents/Polyp Detection/CVC-ClinicDB/PNG/Original/110.png,cvc_seq_6,0,137,13,279,250,288,384,25371,70475,94539,22.941,large,large,large,299.6
CVC-ClinicDB,/home/samsul/Documents/Polyp Detection/CVC-ClinicDB/PNG/Original/111.png,cvc_seq_6,0,150,12,287,253,288,384,25628,71189,92767,23.173,large,large,large,301.1
CVC-ClinicDB,/home/samsul/Documents/Polyp Detection/CVC-ClinicDB/PNG/Original/112.png,cvc_seq_6,0,158,13,302,256,288,384,25744,71511,98278,23.278,large,large,large,301.7
CVC-ClinicDB,/home/samsul/Documents/Polyp Detection/CVC-ClinicDB/PNG/Original/113.png,cvc_seq_6,0,157,12,300,257,288,384,25929,72025,98400,23.446,large,large,large,302.8
CVC-ClinicDB,/home/samsul/Documents/Polyp Detection/CVC-ClinicDB/PNG/Original/114.png,cvc_seq_6,0,197,13,350,261,288,384,27007,75019,106517,24.42,large,large,large,309.1
CVC-ClinicDB,/home/samsul/Documents/Polyp Detection/CVC-ClinicDB/PNG/Original/115.png,cvc_seq_6,0,229,11,343,280,288,384,14861,41281,86250,13.438,large,large,large,229.3
CVC-ClinicDB,/home/samsul/Documents/Polyp Detection/CVC-ClinicDB/PNG/Original/116.png,cvc_seq_6,0,196,12,330,273,288,384,15701,43614,98250,14.197,large,large,large,235.7
CVC-ClinicDB,/home/samsul/Documents/Polyp Detection/CVC-ClinicDB/PNG/Original/117.png,cvc_seq_6,0,167,12,311,259,288,384,13632,37867,99889,12.326,large,large,large,219.6
CVC-ClinicDB,/home/samsul/Documents/Polyp Detection/CVC-ClinicDB/PNG/Original/118.png,cvc_seq_6,0,156,11,318,271,288,384,15539,43164,118175,14.051,large,large,large,234.4
CVC-ClinicDB,/home/samsul/Documents/Polyp Detection/CVC-ClinicDB/PNG/Original/119.png,cvc_seq_6,0,259,12,355,276,288,384,12854,35706,71403,11.623,large,large,large,213.2
CVC-ClinicDB,/home/samsul/Documents/Polyp Detection/CVC-ClinicDB/PNG/Original/12.png,cvc_seq_1,0,40,43,212,278,288,384,25549,70969,113411,23.102,large,large,large,300.6
CVC-ClinicDB,/home/samsul/Documents/Polyp Detection/CVC-ClinicDB/PNG/Original/120.png,cvc_seq_6,0,242,13,336,279,288,384,16916,46989,70458,15.296,large,large,large,244.6
CVC-ClinicDB,/home/samsul/Documents/Polyp Detection/CVC-ClinicDB/PNG/Original/121.png,cvc_seq_6,0,239,12,339,280,288,384,17093,47481,75469,15.456,large,large,large,245.9
CVC-ClinicDB,/home/samsul/Documents/Polyp Detection/CVC-ClinicDB/PNG/Original/122.png,cvc_seq_6,0,251,11,356,280,288,384,16859,46831,79500,15.244,large,large,large,244.2
CVC-ClinicDB,/home/samsul/Documents/Polyp Detection/CVC-ClinicDB/PNG/Original/123.png,cvc_seq_6,0,256,12,355,279,288,384,15367,42686,74444,13.895,large,large,large,233.1
CVC-ClinicDB,/home/samsul/Documents/Polyp Detection/CVC-ClinicDB/PNG/Original/124.png,cvc_seq_6,0,245,13,355,278,288,384,16894,46928,82017,15.276,large,large,large,244.4
CVC-ClinicDB,/home/samsul/Documents/Polyp Detection/CVC-ClinicDB/PNG/Original/125.png,cvc_seq_6,0,254,14,339,190,288,384,10385,28847,42283,9.39,large,large,large,191.6
CVC-ClinicDB,/home/samsul/Documents/Polyp Detection/CVC-ClinicDB/PNG/Original/126.png,cvc_seq_6,0,256,11,336,190,288,384,10540,29278,40500,9.531,large,large,large,193.1
CVC-ClinicDB,/home/samsul/Documents/Polyp Detection/CVC-ClinicDB/PNG/Original/127.png,cvc_seq_7,0,219,200,315,271,288,384,5122,14228,19400,4.631,large,medium,medium,134.6
CVC-ClinicDB,/home/samsul/Documents/Polyp Detection/CVC-ClinicDB/PNG/Original/128.png,cvc_seq_7,0,213,182,318,258,288,384,6174,17150,22672,5.583,large,medium,medium,147.8
CVC-ClinicDB,/home/samsul/Documents/Polyp Detection/CVC-ClinicDB/PNG/Original/129.png,cvc_seq_7,0,206,137,322,226,288,384,7910,21972,29250,7.152,large,medium,medium,167.3
CVC-ClinicDB,/home/samsul/Documents/Polyp Detection/CVC-ClinicDB/PNG/Original/13.png,cvc_seq_1,0,40,151,221,279,288,384,13995,38875,65217,12.655,large,large,large,222.5
CVC-ClinicDB,/home/samsul/Documents/Polyp Detection/CVC-ClinicDB/PNG/Original/130.png,cvc_seq_7,0,126,79,260,179,288,384,10263,28508,37875,9.28,large,large,medium,190.5
CVC-ClinicDB,/home/samsul/Documents/Polyp Detection/CVC-ClinicDB/PNG/Original/131.png,cvc_seq_7,0,115,66,250,165,288,384,10576,29378,37778,9.563,large,large,medium,193.4
CVC-ClinicDB,/home/samsul/Documents/Polyp Detection/CVC-ClinicDB/PNG/Original/132.png,cvc_seq_7,0,61,179,153,248,288,384,5361,14892,18083,4.848,large,medium,medium,137.7
CVC-ClinicDB,/home/samsul/Documents/Polyp Detection/CVC-ClinicDB/PNG/Original/133.png,cvc_seq_7,0,102,173,219,253,288,384,7692,21367,26550,6.955,large,medium,medium,164.9
CVC-ClinicDB,/home/samsul/Documents/Polyp Detection/CVC-ClinicDB/PNG/Original/134.png,cvc_seq_7,0,172,192,287,270,288,384,7122,19783,25456,6.44,large,medium,medium,158.7
CVC-ClinicDB,/home/samsul/Documents/Polyp Detection/CVC-ClinicDB/PNG/Original/135.png,cvc_seq_7,0,207,117,355,279,288,384,15832,43978,67464,14.316,large,large,large,236.6
CVC-ClinicDB,/home/samsul/Documents/Polyp Detection/CVC-ClinicDB/PNG/Original/136.png,cvc_seq_7,0,150,183,312,279,288,384,13410,37250,43919,12.126,large,large,large,217.8
CVC-ClinicDB,/home/samsul/Documents/Polyp Detection/CVC-ClinicDB/PNG/Original/137.png,cvc_seq_7,0,184,187,338,279,288,384,11670,32417,40042,10.552,large,large,large,203.2
CVC-ClinicDB,/home/samsul/Documents/Polyp Detection/CVC-ClinicDB/PNG/Original/138.png,cvc_seq_7,0,190,130,352,270,288,384,17963,49897,63842,16.243,large,large,large,252.1
CVC-ClinicDB,/home/samsul/Documents/Polyp Detection/CVC-ClinicDB/PNG/Original/139.png,cvc_seq_7,0,173,100,345,248,288,384,20378,56606,71603,18.426,large,large,large,268.5
CVC-ClinicDB,/home/samsul/Documents/Polyp Detection/CVC-ClinicDB/PNG/Original/14.png,cvc_seq_1,0,42,149,329,279,288,384,23198,64439,104800,20.976,large,large,large,286.4
CVC-ClinicDB,/home/samsul/Documents/Polyp Detection/CVC-ClinicDB/PNG/Original/140.png,cvc_seq_7,0,150,62,336,217,288,384,22799,63331,81033,20.615,large,large,large,284.0
CVC-ClinicDB,/home/samsul/Documents/Polyp Detection/CVC-ClinicDB/PNG/Original/141.png,cvc_seq_7,0,145,12,354,186,288,384,29183,81064,102083,26.388,large,large,large,321.3
CVC-ClinicDB,/home/samsul/Documents/Polyp Detection/CVC-ClinicDB/PNG/Original/142.png,cvc_seq_7,0,43,40,218,224,288,384,24563,68231,90444,22.21,large,large,large,294.7
CVC-ClinicDB,/home/samsul/Documents/Polyp Detection/CVC-ClinicDB/PNG/Original/143.png,cvc_seq_7,0,295,153,355,253,288,384,4556,12656,17114,4.12,large,medium,medium,126.9
CVC-ClinicDB,/home/samsul/Documents/Polyp Detection/CVC-ClinicDB/PNG/Original/144.png,cvc_seq_7,0,197,105,350,241,288,384,16500,45833,58606,14.92,large,large,large,241.6
CVC-ClinicDB,/home/samsul/Documents/Polyp Detection/CVC-ClinicDB/PNG/Original/145.png,cvc_seq_7,0,64,47,251,202,288,384,22541,62614,81467,20.382,large,large,large,282.4
CVC-ClinicDB,/home/samsul/Documents/Polyp Detection/CVC-ClinicDB/PNG/Original/146.png,cvc_seq_7,0,52,14,238,171,288,384,22442,62339,82072,20.293,large,large,large,281.7
CVC-ClinicDB,/home/samsul/Documents/Polyp Detection/CVC-ClinicDB/PNG/Original/147.png,cvc_seq_7,0,94,102,238,219,288,384,13509,37525,47528,12.215,large,large,large,218.6
CVC-ClinicDB,/home/samsul/Documents/Polyp Detection/CVC-ClinicDB/PNG/Original/148.png,cvc_seq_7,0,134,133,265,228,288,384,9913,27536,35200,8.964,large,large,medium,187.2
CVC-ClinicDB,/home/samsul/Documents/Polyp Detection/CVC-ClinicDB/PNG/Original/149.png,cvc_seq_7,0,130,154,258,242,288,384,9192,25533,31892,8.312,large,medium,medium,180.3
CVC-ClinicDB,/home/samsul/Documents/Polyp Detection/CVC-ClinicDB/PNG/Original/15.png,cvc_seq_1,0,40,96,307,279,288,384,36222,100617,136978,32.753,large,large,large,357.9
CVC-ClinicDB,/home/samsul/Documents/Polyp Detection/CVC-ClinicDB/PNG/Original/150.png,cvc_seq_7,0,114,162,236,246,288,384,8495,23597,29042,7.681,large,medium,medium,173.3
CVC-ClinicDB,/home/samsul/Documents/Polyp Detection/CVC-ClinicDB/PNG/Original/151.png,cvc_seq_7,0,85,176,190,256,288,384,6858,19050,23850,6.201,large,medium,medium,155.7
CVC-ClinicDB,/home/samsul/Documents/Polyp Detection/CVC-ClinicDB/PNG/Original/152.png,cvc_seq_8,0,132,126,329,259,288,384,20696,57489,73700,18.714,large,large,large,270.5
CVC-ClinicDB,/home/samsul/Documents/Polyp Detection/CVC-ClinicDB/PNG/Original/153.png,cvc_seq_8,0,117,63,231,133,288,384,6318,17550,22681,5.713,large,medium,medium,149.5
CVC-ClinicDB,/home/samsul/Documents/Polyp Detection/CVC-ClinicDB/PNG/Original/154.png,cvc_seq_8,0,141,112,165,149,288,384,600,1667,2639,0.543,medium,small,small,46.1
CVC-ClinicDB,/home/samsul/Documents/Polyp Detection/CVC-ClinicDB/PNG/Original/155.png,cvc_seq_8,0,151,81,191,145,288,384,1680,4667,7403,1.519,medium,medium,small,77.1
CVC-ClinicDB,/home/samsul/Documents/Polyp Detection/CVC-ClinicDB/PNG/Original/156.png,cvc_seq_8,0,122,43,191,148,288,384,4693,13036,20611,4.244,large,medium,medium,128.8
CVC-ClinicDB,/home/samsul/Documents/Polyp Detection/CVC-ClinicDB/PNG/Original/157.png,cvc_seq_8,0,121,14,211,144,288,384,7502,20839,33114,6.783,large,medium,medium,162.9
CVC-ClinicDB,/home/samsul/Documents/Polyp Detection/CVC-ClinicDB/PNG/Original/158.png,cvc_seq_8,0,94,33,160,135,288,384,4493,12481,19169,4.063,large,medium,medium,126.1
CVC-ClinicDB,/home/samsul/Documents/Polyp Detection/CVC-ClinicDB/PNG/Original/159.png,cvc_seq_8,0,95,70,137,134,288,384,1808,5022,7764,1.635,medium,medium,small,80.0
CVC-ClinicDB,/home/samsul/Documents/Polyp Detection/CVC-ClinicDB/PNG/Original/16.png,cvc_seq_1,0,229,171,356,279,288,384,7893,21925,38756,7.137,large,medium,medium,167.1
CVC-ClinicDB,/home/samsul/Documents/Polyp Detection/CVC-ClinicDB/PNG/Original/160.png,cvc_seq_8,0,115,20,207,150,288,384,8216,22822,33842,7.429,large,medium,medium,170.5
CVC-ClinicDB,/home/samsul/Documents/Polyp Detection/CVC-ClinicDB/PNG/Original/161.png,cvc_seq_8,0,106,58,161,137,288,384,3163,8786,12444,2.86,medium,medium,medium,105.8
CVC-ClinicDB,/home/samsul/Documents/Polyp Detection/CVC-ClinicDB/PNG/Original/162.png,cvc_seq_8,0,141,34,220,131,288,384,5105,14181,21778,4.616,large,medium,medium,134.4
CVC-ClinicDB,/home/samsul/Documents/Polyp Detection/CVC-ClinicDB/PNG/Original/163.png,cvc_seq_8,0,159,18,249,121,288,384,5162,14339,26289,4.668,large,medium,medium,135.1
CVC-ClinicDB,/home/samsul/Documents/Polyp Detection/CVC-ClinicDB/PNG/Original/164.png,cvc_seq_8,0,48,66,99,148,288,384,3163,8786,11989,2.86,medium,medium,medium,105.8
CVC-ClinicDB,/home/samsul/Documents/Polyp Detection/CVC-ClinicDB/PNG/Original/165.png,cvc_seq_8,0,68,61,152,185,288,384,7347,20408,29514,6.643,large,medium,medium,161.2
CVC-ClinicDB,/home/samsul/Documents/Polyp Detection/CVC-ClinicDB/PNG/Original/166.png,cvc_seq_8,0,59,69,157,187,288,384,7332,20367,32725,6.63,large,medium,medium,161.0
CVC-ClinicDB,/home/samsul/Documents/Polyp Detection/CVC-ClinicDB/PNG/Original/167.png,cvc_seq_8,0,113,30,180,102,288,384,3503,9731,13789,3.167,large,medium,medium,111.3
CVC-ClinicDB,/home/samsul/Documents/Polyp Detection/CVC-ClinicDB/PNG/Original/168.png,cvc_seq_8,0,138,64,226,145,288,384,4954,13761,20272,4.48,large,medium,medium,132.4
CVC-ClinicDB,/home/samsul/Documents/Polyp Detection/CVC-ClinicDB/PNG/Original/169.png,cvc_seq_8,0,161,40,262,136,288,384,6614,18372,27483,5.981,large,medium,medium,152.9
CVC-ClinicDB,/home/samsul/Documents/Polyp Detection/CVC-ClinicDB/PNG/Original/17.png,cvc_seq_1,0,158,166,356,279,288,384,14942,41506,63017,13.511,large,large,large,229.9
CVC-ClinicDB,/home/samsul/Documents/Polyp Detection/CVC-ClinicDB/PNG/Original/170.png,cvc_seq_8,0,168,27,251,104,288,384,4667,12964,18200,4.22,large,medium,medium,128.5
CVC-ClinicDB,/home/samsul/Documents/Polyp Detection/CVC-ClinicDB/PNG/Original/171.png,cvc_seq_8,0,179,21,266,105,288,384,5203,14453,20778,4.705,large,medium,medium,135.7
CVC-ClinicDB,/home/samsul/Documents/Polyp Detection/CVC-ClinicDB/PNG/Original/172.png,cvc_seq_8,0,189,12,259,67,288,384,3113,8647,11044,2.815,medium,medium,medium,104.9
CVC-ClinicDB,/home/samsul/Documents/Polyp Detection/CVC-ClinicDB/PNG/Original/173.png,cvc_seq_8,0,86,79,194,217,288,384,10891,30253,42086,9.848,large,large,large,196.3
CVC-ClinicDB,/home/samsul/Documents/Polyp Detection/CVC-ClinicDB/PNG/Original/174.png,cvc_seq_8,0,109,106,261,239,288,384,11569,32136,56950,10.461,large,large,large,202.3
CVC-ClinicDB,/home/samsul/Documents/Polyp Detection/CVC-ClinicDB/PNG/Original/175.png,cvc_seq_8,0,85,157,238,280,288,384,15186,42183,53044,13.732,large,large,large,231.8
CVC-ClinicDB,/home/samsul/Documents/Polyp Detection/CVC-ClinicDB/PNG/Original/176.png,cvc_seq_8,0,87,127,237,264,288,384,12779,35497,57883,11.555,large,large,large,212.6
CVC-ClinicDB,/home/samsul/Documents/Polyp Detection/CVC-ClinicDB/PNG/Original/177.png,cvc_seq_8,0,87,188,211,279,288,384,8205,22792,31944,7.419,large,medium,medium,170.4
CVC-ClinicDB,/home/samsul/Documents/Polyp Detection/CVC-ClinicDB/PNG/Original/178.png,cvc_seq_9,0,233,90,259,111,288,384,424,1178,1650,0.383,medium,small,small,38.7
CVC-ClinicDB,/home/samsul/Documents/Polyp Detection/CVC-ClinicDB/PNG/Original/179.png,cvc_seq_9,0,268,127,336,184,288,384,2998,8328,11117,2.711,medium,medium,medium,103.0
CVC-ClinicDB,/home/samsul/Documents/Polyp Detection/CVC-ClinicDB/PNG/Original/18.png,cvc_seq_1,0,149,201,350,279,288,384,11657,32381,44328,10.541,large,large,large,203.0
CVC-ClinicDB,/home/samsul/Documents/Polyp Detection/CVC-ClinicDB/PNG/Original/180.png,cvc_seq_9,0,227,142,299,202,288,384,3392,9422,12369,3.067,large,medium,medium,109.5
CVC-ClinicDB,/home/samsul/Documents/Polyp Detection/CVC-ClinicDB/PNG/Original/181.png,cvc_seq_9,0,232,138,300,198,288,384,3214,8928,11692,2.906,medium,medium,medium,106.6
CVC-ClinicDB,/home/samsul/Documents/Polyp Detection/CVC-ClinicDB/PNG/Original/182.png,cvc_seq_9,0,220,134,293,193,288,384,3509,9747,12333,3.173,large,medium,medium,111.4
CVC-ClinicDB,/home/samsul/Documents/Polyp Detection/CVC-ClinicDB/PNG/Original/183.png,cvc_seq_9,0,217,132,288,190,288,384,3267,9075,11800,2.954,medium,medium,medium,107.5
CVC-ClinicDB,/home/samsul/Documents/Polyp Detection/CVC-ClinicDB/PNG/Original/184.png,cvc_seq_9,0,192,120,260,176,288,384,3160,8778,10925,2.857,medium,medium,medium,105.7
CVC-ClinicDB,/home/samsul/Documents/Polyp Detection/CVC-ClinicDB/PNG/Original/185.png,cvc_seq_9,0,184,120,271,190,288,384,4893,13592,17356,4.424,large,medium,medium,131.6
CVC-ClinicDB,/home/samsul/Documents/Polyp Detection/CVC-ClinicDB/PNG/Original/186.png,cvc_seq_9,0,169,112,284,201,288,384,8145,22625,29000,7.365,large,medium,medium,169.7
CVC-ClinicDB,/home/samsul/Documents/Polyp Detection/CVC-ClinicDB/PNG/Original/187.png,cvc_seq_9,0,138,80,283,193,288,384,13122,36450,46233,11.865,large,large,large,215.4
CVC-ClinicDB,/home/samsul/Documents/Polyp Detection/CVC-ClinicDB/PNG/Original/188.png,cvc_seq_9,0,132,70,277,189,288,384,13230,36750,48667,11.963,large,large,large,216.3
CVC-ClinicDB,/home/samsul/Documents/Polyp Detection/CVC-ClinicDB/PNG/Original/189.png,cvc_seq_9,0,135,93,225,165,288,384,5153,14314,18453,4.659,large,medium,medium,135.0
CVC-ClinicDB,/home/samsul/Documents/Polyp Detection/CVC-ClinicDB/PNG/Original/19.png,cvc_seq_1,0,60,164,325,279,288,384,18092,50256,85711,16.359,large,large,large,253.0
CVC-ClinicDB,/home/samsul/Documents/Polyp Detection/CVC-ClinicDB/PNG/Original/190.png,cvc_seq_9,0,153,125,225,186,288,384,3382,9394,12572,3.058,large,medium,medium,109.4
CVC-ClinicDB,/home/samsul/Documents/Polyp Detection/CVC-ClinicDB/PNG/Original/191.png,cvc_seq_9,0,216,123,260,157,288,384,1267,3519,4375,1.146,medium,medium,small,66.9
CVC-ClinicDB,/home/samsul/Documents/Polyp Detection/CVC-ClinicDB/PNG/Original/192.png,cvc_seq_9,0,220,89,265,128,288,384,1441,4003,5111,1.303,medium,medium,small,71.4
CVC-ClinicDB,/home/samsul/Documents/Polyp Detection/CVC-ClinicDB/PNG/Original/193.png,cvc_seq_9,0,254,120,312,172,288,384,2368,6578,8686,2.141,medium,medium,small,91.5
CVC-ClinicDB,/home/samsul/Documents/Polyp Detection/CVC-ClinicDB/PNG/Original/194.png,cvc_seq_9,0,188,129,271,203,288,384,4791,13308,17500,4.332,large,medium,medium,130.2
CVC-ClinicDB,/home/samsul/Documents/Polyp Detection/CVC-ClinicDB/PNG/Original/195.png,cvc_seq_9,0,191,126,272,196,288,384,4349,12081,16172,3.932,large,medium,medium,124.0
CVC-ClinicDB,/home/samsul/Documents/Polyp Detection/CVC-ClinicDB/PNG/Original/196.png,cvc_seq_9,0,195,123,276,192,288,384,4381,12169,15944,3.961,large,medium,medium,124.5
CVC-ClinicDB,/home/samsul/Documents/Polyp Detection/CVC-ClinicDB/PNG/Original/197.png,cvc_seq_9,0,206,110,290,183,288,384,4713,13092,17472,4.262,large,medium,medium,129.1
CVC-ClinicDB,/home/samsul/Documents/Polyp Detection/CVC-ClinicDB/PNG/Original/198.png,cvc_seq_9,0,222,97,301,168,288,384,4463,12397,16000,4.036,large,medium,medium,125.6
CVC-ClinicDB,/home/samsul/Documents/Polyp Detection/CVC-ClinicDB/PNG/Original/199.png,cvc_seq_9,0,224,96,307,166,288,384,4370,12139,16567,3.951,large,medium,medium,124.3
CVC-ClinicDB,/home/samsul/Documents/Polyp Detection/CVC-ClinicDB/PNG/Original/2.png,cvc_seq_1,0,40,127,268,279,288,384,20532,57033,97325,18.566,large,large,large,269.5
CVC-ClinicDB,/home/samsul/Documents/Polyp Detection/CVC-ClinicDB/PNG/Original/20.png,cvc_seq_1,0,50,162,304,279,288,384,18086,50239,83583,16.354,large,large,large,252.9
CVC-ClinicDB,/home/samsul/Documents/Polyp Detection/CVC-ClinicDB/PNG/Original/200.png,cvc_seq_10,0,147,135,235,218,288,384,5819,16164,20767,5.262,large,medium,medium,143.5
CVC-ClinicDB,/home/samsul/Documents/Polyp Detection/CVC-ClinicDB/PNG/Original/201.png,cvc_seq_10,0,150,145,242,228,288,384,5889,16358,21700,5.325,large,medium,medium,144.3
CVC-ClinicDB,/home/samsul/Documents/Polyp Detection/CVC-ClinicDB/PNG/Original/202.png,cvc_seq_10,0,146,140,239,220,288,384,5457,15158,21150,4.934,large,medium,medium,138.9
CVC-ClinicDB,/home/samsul/Documents/Polyp Detection/CVC-ClinicDB/PNG/Original/203.png,cvc_seq_10,0,261,137,332,220,288,384,4994,13872,16800,4.516,large,medium,medium,132.9
CVC-ClinicDB,/home/samsul/Documents/Polyp Detection/CVC-ClinicDB/PNG/Original/204.png,cvc_seq_10,0,257,146,319,216,288,384,3519,9775,12425,3.182,large,medium,medium,111.6
CVC-ClinicDB,/home/samsul/Documents/Polyp Detection/CVC-ClinicDB/PNG/Original/205.png,cvc_seq_10,0,193,203,256,262,288,384,3027,8408,10667,2.737,medium,medium,medium,103.5
CVC-ClinicDB,/home/samsul/Documents/Polyp Detection/CVC-ClinicDB/PNG/Original/206.png,cvc_seq_11,0,43,183,315,261,288,384,8644,24011,59908,7.816,large,medium,large,174.8
CVC-ClinicDB,/home/samsul/Documents/Polyp Detection/CVC-ClinicDB/PNG/Original/207.png,cvc_seq_11,0,43,176,327,254,288,384,8722,24228,62542,7.887,large,medium,large,175.6
CVC-ClinicDB,/home/samsul/Documents/Polyp Detection/CVC-ClinicDB/PNG/Original/208.png,cvc_seq_11,0,122,163,308,229,288,384,4154,11539,34803,3.756,large,medium,medium,121.2
CVC-ClinicDB,/home/samsul/Documents/Polyp Detection/CVC-ClinicDB/PNG/Original/209.png,cvc_seq_11,0,188,210,325,268,288,384,2830,7861,22617,2.559,medium,medium,medium,100.0
CVC-ClinicDB,/home/samsul/Documents/Polyp Detection/CVC-ClinicDB/PNG/Original/21.png,cvc_seq_1,0,40,123,285,279,288,384,29873,82981,107283,27.012,large,large,large,325.0
CVC-ClinicDB,/home/samsul/Documents/Polyp Detection/CVC-ClinicDB/PNG/Original/210.png,cvc_seq_11,0,43,82,354,273,288,384,28064,77956,166400,25.376,large,large,large,315.1
CVC-ClinicDB,/home/samsul/Documents/Polyp Detection/CVC-ClinicDB/PNG/Original/211.png,cvc_seq_11,0,43,69,352,246,288,384,21724,60344,153278,19.643,large,large,large,277.2
CVC-ClinicDB,/home/samsul/Documents/Polyp Detection/CVC-ClinicDB/PNG/Original/212.png,cvc_seq_11,0,43,83,341,259,288,384,17050,47361,147008,15.417,large,large,large,245.6
CVC-ClinicDB,/home/samsul/Documents/Polyp Detection/CVC-ClinicDB/PNG/Original/213.png,cvc_seq_11,0,52,99,334,219,288,384,16191,44975,95119,14.64,large,large,large,239.3
CVC-ClinicDB,/home/samsul/Documents/Polyp Detection/CVC-ClinicDB/PNG/Original/214.png,cvc_seq_11,0,68,175,313,265,288,384,10604,29456,62183,9.588,large,large,large,193.7
CVC-ClinicDB,/home/samsul/Documents/Polyp Detection/CVC-ClinicDB/PNG/Original/215.png,cvc_seq_11,0,137,191,304,279,288,384,10240,28444,41533,9.259,large,large,large,190.3
CVC-ClinicDB,/home/samsul/Documents/Polyp Detection/CVC-ClinicDB/PNG/Original/216.png,cvc_seq_11,0,57,171,287,271,288,384,12285,34125,64808,11.108,large,large,large,208.4
CVC-ClinicDB,/home/samsul/Documents/Polyp Detection/CVC-ClinicDB/PNG/Original/217.png,cvc_seq_11,0,148,106,295,215,288,384,11071,30753,45222,10.011,large,large,large,197.9
CVC-ClinicDB,/home/samsul/Documents/Polyp Detection/CVC-ClinicDB/PNG/Original/218.png,cvc_seq_11,0,163,151,290,257,288,384,8619,23942,38044,7.794,large,medium,medium,174.6
CVC-ClinicDB,/home/samsul/Documents/Polyp Detection/CVC-ClinicDB/PNG/Original/219.png,cvc_seq_11,0,113,164,288,249,288,384,7059,19608,42044,6.383,large,medium,large,158.0
CVC-ClinicDB,/home/samsul/Documents/Polyp Detection/CVC-ClinicDB/PNG/Original/22.png,cvc_seq_1,0,40,20,343,279,288,384,53583,148842,219556,48.451,large,large,large,435.3
CVC-ClinicDB,/home/samsul/Documents/Polyp Detection/CVC-ClinicDB/PNG/Original/220.png,cvc_seq_11,0,182,187,282,264,288,384,4939,13719,21883,4.466,large,medium,medium,132.2
CVC-ClinicDB,/home/samsul/Documents/Polyp Detection/CVC-ClinicDB/PNG/Original/221.png,cvc_seq_11,0,151,188,277,259,288,384,4055,11264,25400,3.667,large,medium,medium,119.8
CVC-ClinicDB,/home/samsul/Documents/Polyp Detection/CVC-ClinicDB/PNG/Original/222.png,cvc_seq_11,0,190,195,278,257,288,384,3450,9583,15575,3.12,large,medium,medium,110.5
CVC-ClinicDB,/home/samsul/Documents/Polyp Detection/CVC-ClinicDB/PNG/Original/223.png,cvc_seq_11,0,173,188,253,257,288,384,3348,9300,15750,3.027,large,medium,medium,108.8
CVC-ClinicDB,/home/samsul/Documents/Polyp Detection/CVC-ClinicDB/PNG/Original/224.png,cvc_seq_11,0,183,203,254,262,288,384,2680,7444,12000,2.423,medium,medium,medium,97.4
CVC-ClinicDB,/home/samsul/Documents/Polyp Detection/CVC-ClinicDB/PNG/Original/225.png,cvc_seq_11,0,149,223,241,268,288,384,3343,9286,11883,3.023,large,medium,medium,108.7
CVC-ClinicDB,/home/samsul/Documents/Polyp Detection/CVC-ClinicDB/PNG/Original/226.png,cvc_seq_11,0,87,215,196,278,288,384,5227,14519,19556,4.726,large,medium,medium,136.0
CVC-ClinicDB,/home/samsul/Documents/Polyp Detection/CVC-ClinicDB/PNG/Original/227.png,cvc_seq_11,0,141,219,231,268,288,384,3005,8347,12639,2.717,medium,medium,medium,103.1
CVC-ClinicDB,/home/samsul/Documents/Polyp Detection/CVC-ClinicDB/PNG/Original/228.png,cvc_seq_12,0,172,80,258,228,288,384,8445,23458,36008,7.636,large,medium,medium,172.8
CVC-ClinicDB,/home/samsul/Documents/Polyp Detection/CVC-ClinicDB/PNG/Original/229.png,cvc_seq_12,0,163,95,247,250,288,384,8445,23458,36833,7.636,large,medium,medium,172.8
CVC-ClinicDB,/home/samsul/Documents/Polyp Detection/CVC-ClinicDB/PNG/Original/23.png,cvc_seq_1,0,77,154,356,279,288,384,26915,74764,98000,24.337,large,large,large,308.5
CVC-ClinicDB,/home/samsul/Documents/Polyp Detection/CVC-ClinicDB/PNG/Original/230.png,cvc_seq_12,0,133,53,280,263,288,384,22231,61753,86744,20.102,large,large,large,280.4
CVC-ClinicDB,/home/samsul/Documents/Polyp Detection/CVC-ClinicDB/PNG/Original/231.png,cvc_seq_12,0,124,57,264,252,288,384,19209,53358,76767,17.369,large,large,large,260.6
CVC-ClinicDB,/home/samsul/Documents/Polyp Detection/CVC-ClinicDB/PNG/Original/232.png,cvc_seq_12,0,159,92,278,279,288,384,17871,49642,62667,16.159,large,large,large,251.4
CVC-ClinicDB,/home/samsul/Documents/Polyp Detection/CVC-ClinicDB/PNG/Original/233.png,cvc_seq_12,0,171,92,293,279,288,384,18324,50900,64233,16.569,large,large,large,254.6
CVC-ClinicDB,/home/samsul/Documents/Polyp Detection/CVC-ClinicDB/PNG/Original/234.png,cvc_seq_12,0,184,99,292,279,288,384,16173,44925,54803,14.624,large,large,large,239.2
CVC-ClinicDB,/home/samsul/Documents/Polyp Detection/CVC-ClinicDB/PNG/Original/235.png,cvc_seq_12,0,180,114,285,280,288,384,14277,39658,49172,12.91,large,large,large,224.7
CVC-ClinicDB,/home/samsul/Documents/Polyp Detection/CVC-ClinicDB/PNG/Original/236.png,cvc_seq_12,0,166,148,269,279,288,384,11581,32169,38133,10.472,large,large,medium,202.4
CVC-ClinicDB,/home/samsul/Documents/Polyp Detection/CVC-ClinicDB/PNG/Original/237.png,cvc_seq_12,0,170,56,269,266,288,384,13789,38303,58611,12.468,large,large,large,220.8
CVC-ClinicDB,/home/samsul/Documents/Polyp Detection/CVC-ClinicDB/PNG/Original/238.png,cvc_seq_12,0,161,50,260,264,288,384,13183,36619,59722,11.92,large,large,large,215.9
CVC-ClinicDB,/home/samsul/Documents/Polyp Detection/CVC-ClinicDB/PNG/Original/239.png,cvc_seq_12,0,149,44,247,246,288,384,13293,36925,55825,12.02,large,large,large,216.8
CVC-ClinicDB,/home/samsul/Documents/Polyp Detection/CVC-ClinicDB/PNG/Original/24.png,cvc_seq_1,0,41,187,346,279,288,384,22692,63033,79050,20.519,large,large,large,283.3
CVC-ClinicDB,/home/samsul/Documents/Polyp Detection/CVC-ClinicDB/PNG/Original/240.png,cvc_seq_12,0,141,54,239,250,288,384,12643,35119,54175,11.432,large,large,large,211.5
CVC-ClinicDB,/home/samsul/Documents/Polyp Detection/CVC-ClinicDB/PNG/Original/241.png,cvc_seq_12,0,112,44,216,246,288,384,13919,38664,59208,12.586,large,large,large,221.9
CVC-ClinicDB,/home/samsul/Documents/Polyp Detection/CVC-ClinicDB/PNG/Original/242.png,cvc_seq_12,0,76,108,190,279,288,384,13155,36542,54944,11.895,large,large,large,215.7
CVC-ClinicDB,/home/samsul/Documents/Polyp Detection/CVC-ClinicDB/PNG/Original/243.png,cvc_seq_12,0,132,17,218,218,288,384,10134,28150,48817,9.163,large,large,large,189.3
CVC-ClinicDB,/home/samsul/Documents/Polyp Detection/CVC-ClinicDB/PNG/Original/244.png,cvc_seq_12,0,146,52,227,245,288,384,9414,26150,44189,8.512,large,large,large,182.5
CVC-ClinicDB,/home/samsul/Documents/Polyp Detection/CVC-ClinicDB/PNG/Original/245.png,cvc_seq_12,0,153,71,227,237,288,384,7860,21833,34792,7.107,large,medium,medium,166.7
CVC-ClinicDB,/home/samsul/Documents/Polyp Detection/CVC-ClinicDB/PNG/Original/246.png,cvc_seq_12,0,65,84,151,279,288,384,12300,34167,47367,11.122,large,large,large,208.6
CVC-ClinicDB,/home/samsul/Documents/Polyp Detection/CVC-ClinicDB/PNG/Original/247.png,cvc_seq_12,0,92,64,196,279,288,384,15002,41672,63000,13.565,large,large,large,230.3
CVC-ClinicDB,/home/samsul/Documents/Polyp Detection/CVC-ClinicDB/PNG/Original/248.png,cvc_seq_12,0,100,78,191,279,288,384,13368,37133,51622,12.088,large,large,large,217.4
CVC-ClinicDB,/home/samsul/Documents/Polyp Detection/CVC-ClinicDB/PNG/Original/249.png,cvc_seq_12,0,134,102,214,279,288,384,10674,29650,40050,9.652,large,large,large,194.3
CVC-ClinicDB,/home/samsul/Documents/Polyp Detection/CVC-ClinicDB/PNG/Original/25.png,cvc_seq_1,0,45,17,347,274,288,384,50740,140944,217150,45.88,large,large,large,423.6
CVC-ClinicDB,/home/samsul/Documents/Polyp Detection/CVC-ClinicDB/PNG/Original/250.png,cvc_seq_12,0,142,94,215,279,288,384,10176,28267,38233,9.201,large,large,medium,189.7
CVC-ClinicDB,/home/samsul/Documents/Polyp Detection/CVC-ClinicDB/PNG/Original/251.png,cvc_seq_12,0,146,80,210,249,288,384,7983,22175,30694,7.218,large,medium,medium,168.0
CVC-ClinicDB,/home/samsul/Documents/Polyp Detection/CVC-ClinicDB/PNG/Original/252.png,cvc_seq_12,0,133,65,207,273,288,384,11345,31514,43542,10.258,large,large,large,200.3
CVC-ClinicDB,/home/samsul/Documents/Polyp Detection/CVC-ClinicDB/PNG/Original/253.png,cvc_seq_13,0,43,71,303,234,288,384,24680,68556,118900,22.316,large,large,large,295.4
CVC-ClinicDB,/home/samsul/Documents/Polyp Detection/CVC-ClinicDB/PNG/Original/254.png,cvc_seq_13,0,43,105,274,279,288,384,23452,65144,112778,21.206,large,large,large,288.0
CVC-ClinicDB,/home/samsul/Documents/Polyp Detection/CVC-ClinicDB/PNG/Original/255.png,cvc_seq_13,0,43,150,284,279,288,384,21148,58744,87389,19.123,large,large,large,273.5
CVC-ClinicDB,/home/samsul/Documents/Polyp Detection/CVC-ClinicDB/PNG/Original/256.png,cvc_seq_13,0,43,130,270,279,288,384,22484,62456,95000,20.331,large,large,large,282.0
CVC-ClinicDB,/home/samsul/Documents/Polyp Detection/CVC-ClinicDB/PNG/Original/257.png,cvc_seq_13,0,43,90,284,269,288,384,26837,74547,121000,24.267,large,large,large,308.1
CVC-ClinicDB,/home/samsul/Documents/Polyp Detection/CVC-ClinicDB/PNG/Original/258.png,cvc_seq_13,0,43,80,288,249,288,384,23729,65914,116167,21.456,large,large,large,289.7
CVC-ClinicDB,/home/samsul/Documents/Polyp Detection/CVC-ClinicDB/PNG/Original/259.png,cvc_seq_13,0,44,100,308,269,288,384,24281,67447,125139,21.955,large,large,large,293.0
CVC-ClinicDB,/home/samsul/Documents/Polyp Detection/CVC-ClinicDB/PNG/Original/26.png,cvc_seq_2,0,149,69,201,104,288,384,1458,4050,5300,1.318,medium,medium,small,71.8
CVC-ClinicDB,/home/samsul/Documents/Polyp Detection/CVC-ClinicDB/PNG/Original/260.png,cvc_seq_13,0,57,111,338,279,288,384,23970,66583,132383,21.674,large,large,large,291.2
CVC-ClinicDB,/home/samsul/Documents/Polyp Detection/CVC-ClinicDB/PNG/Original/261.png,cvc_seq_13,0,78,118,334,279,288,384,21448,59578,115650,19.394,large,large,large,275.4
CVC-ClinicDB,/home/samsul/Documents/Polyp Detection/CVC-ClinicDB/PNG/Original/262.png,cvc_seq_13,0,107,157,344,279,288,384,15162,42117,81317,13.71,large,large,large,231.6
CVC-ClinicDB,/home/samsul/Documents/Polyp Detection/CVC-ClinicDB/PNG/Original/263.png,cvc_seq_13,0,43,166,309,279,288,384,11311,31419,84550,10.228,large,large,large,200.0
CVC-ClinicDB,/home/samsul/Documents/Polyp Detection/CVC-ClinicDB/PNG/Original/264.png,cvc_seq_13,0,43,123,325,279,288,384,25352,70422,123419,22.924,large,large,large,299.4
CVC-ClinicDB,/home/samsul/Documents/Polyp Detection/CVC-ClinicDB/PNG/Original/265.png,cvc_seq_13,0,43,114,329,279,288,384,25575,71042,132339,23.126,large,large,large,300.8
CVC-ClinicDB,/home/samsul/Documents/Polyp Detection/CVC-ClinicDB/PNG/Original/266.png,cvc_seq_13,0,43,100,314,279,288,384,26697,74158,136000,24.14,large,large,large,307.3
CVC-ClinicDB,/home/samsul/Documents/Polyp Detection/CVC-ClinicDB/PNG/Original/267.png,cvc_seq_13,0,52,64,299,215,288,384,19120,53111,104711,17.289,large,large,large,260.0
CVC-ClinicDB,/home/samsul/Documents/Polyp Detection/CVC-ClinicDB/PNG/Original/268.png,cvc_seq_13,0,46,70,355,242,288,384,24760,68778,148972,22.389,large,large,large,295.9
CVC-ClinicDB,/home/samsul/Documents/Polyp Detection/CVC-ClinicDB/PNG/Original/269.png,cvc_seq_13,0,43,156,309,279,288,384,18086,50239,91967,16.354,large,large,large,252.9
CVC-ClinicDB,/home/samsul/Documents/Polyp Detection/CVC-ClinicDB/PNG/Original/27.png,cvc_seq_2,0,186,108,234,145,288,384,1490,4139,5172,1.347,medium,medium,small,72.6
CVC-ClinicDB,/home/samsul/Documents/Polyp Detection/CVC-ClinicDB/PNG/Original/270.png,cvc_seq_13,0,43,135,290,279,288,384,21209,58914,99889,19.178,large,large,large,273.9
CVC-ClinicDB,/home/samsul/Documents/Polyp Detection/CVC-ClinicDB/PNG/Original/271.png,cvc_seq_13,0,43,123,299,279,288,384,29453,81814,112081,26.632,large,large,large,322.8
CVC-ClinicDB,/home/samsul/Documents/Polyp Detection/CVC-ClinicDB/PNG/Original/272.png,cvc_seq_13,0,43,72,355,246,288,384,35211,97808,152153,31.839,large,large,large,352.9
CVC-ClinicDB,/home/samsul/Documents/Polyp Detection/CVC-ClinicDB/PNG/Original/273.png,cvc_seq_13,0,43,42,354,208,288,384,30893,85814,144733,27.934,large,large,large,330.5
CVC-ClinicDB,/home/samsul/Documents/Polyp Detection/CVC-ClinicDB/PNG/Original/274.png,cvc_seq_13,0,43,60,355,249,288,384,32509,90303,165194,29.395,large,large,large,339.1
CVC-ClinicDB,/home/samsul/Documents/Polyp Detection/CVC-ClinicDB/PNG/Original/275.png,cvc_seq_13,0,43,107,321,279,288,384,25966,72128,134075,23.479,large,large,large,303.0
CVC-ClinicDB,/home/samsul/Documents/Polyp Detection/CVC-ClinicDB/PNG/Original/276.png,cvc_seq_13,0,43,116,318,279,288,384,22053,61258,125733,19.941,large,large,large,279.3
CVC-ClinicDB,/home/samsul/Documents/Polyp Detection/CVC-ClinicDB/PNG/Original/277.png,cvc_seq_13,0,73,130,312,279,288,384,15201,42225,100000,13.745,large,large,large,231.9
CVC-ClinicDB,/home/samsul/Documents/Polyp Detection/CVC-ClinicDB/PNG/Original/278.png,cvc_seq_14,0,181,183,251,227,288,384,2375,6597,8875,2.148,medium,medium,small,91.6
CVC-ClinicDB,/home/samsul/Documents/Polyp Detection/CVC-ClinicDB/PNG/Original/279.png,cvc_seq_14,0,188,155,259,205,288,384,2740,7611,10200,2.478,medium,medium,medium,98.4
CVC-ClinicDB,/home/samsul/Documents/Polyp Detection/CVC-ClinicDB/PNG/Original/28.png,cvc_seq_2,0,201,96,278,154,288,384,3683,10231,12783,3.33,large,medium,medium,114.1
CVC-ClinicDB,/home/samsul/Documents/Polyp Detection/CVC-ClinicDB/PNG/Original/280.png,cvc_seq_14,0,176,138,251,194,288,384,3184,8844,12033,2.879,medium,medium,medium,106.1
CVC-ClinicDB,/home/samsul/Documents/Polyp Detection/CVC-ClinicDB/PNG/Original/281.png,cvc_seq_14,0,165,125,240,186,288,384,3652,10144,13089,3.302,large,medium,medium,113.6
CVC-ClinicDB,/home/samsul/Documents/Polyp Detection/CVC-ClinicDB/PNG/Original/282.png,cvc_seq_14,0,139,101,219,165,288,384,4098,11383,14625,3.706,large,medium,medium,120.4
CVC-ClinicDB,/home/samsul/Documents/Polyp Detection/CVC-ClinicDB/PNG/Original/283.png,cvc_seq_14,0,158,82,242,142,288,384,4068,11300,14403,3.678,large,medium,medium,119.9
CVC-ClinicDB,/home/samsul/Documents/Polyp Detection/CVC-ClinicDB/PNG/Original/284.png,cvc_seq_14,0,201,123,282,171,288,384,3089,8581,11161,2.793,medium,medium,medium,104.5
CVC-ClinicDB,/home/samsul/Documents/Polyp Detection/CVC-ClinicDB/PNG/Original/285.png,cvc_seq_14,0,210,92,291,143,288,384,3393,9425,11844,3.068,large,medium,medium,109.5
CVC-ClinicDB,/home/samsul/Documents/Polyp Detection/CVC-ClinicDB/PNG/Original/286.png,cvc_seq_14,0,156,151,249,198,288,384,3726,10350,12533,3.369,large,medium,medium,114.8
CVC-ClinicDB,/home/samsul/Documents/Polyp Detection/CVC-ClinicDB/PNG/Original/287.png,cvc_seq_14,0,93,138,180,190,288,384,3507,9742,12956,3.171,large,medium,medium,111.4
CVC-ClinicDB,/home/samsul/Documents/Polyp Detection/CVC-ClinicDB/PNG/Original/288.png,cvc_seq_14,0,72,124,153,180,288,384,3708,10300,12983,3.353,large,medium,medium,114.5
CVC-ClinicDB,/home/samsul/Documents/Polyp Detection/CVC-ClinicDB/PNG/Original/289.png,cvc_seq_14,0,55,90,124,150,288,384,3243,9008,11861,2.932,medium,medium,medium,107.1
CVC-ClinicDB,/home/samsul/Documents/Polyp Detection/CVC-ClinicDB/PNG/Original/29.png,cvc_seq_2,0,181,158,265,227,288,384,4432,12311,16528,4.008,large,medium,medium,125.2
CVC-ClinicDB,/home/samsul/Documents/Polyp Detection/CVC-ClinicDB/PNG/Original/290.png,cvc_seq_14,0,128,102,178,151,288,384,1888,5244,7083,1.707,medium,medium,small,81.7
CVC-ClinicDB,/home/samsul/Documents/Polyp Detection/CVC-ClinicDB/PNG/Original/291.png,cvc_seq_14,0,188,134,239,174,288,384,1651,4586,5922,1.493,medium,medium,small,76.4
CVC-ClinicDB,/home/samsul/Documents/Polyp Detection/CVC-ClinicDB/PNG/Original/292.png,cvc_seq_14,0,201,102,267,146,288,384,2409,6692,8375,2.178,medium,medium,small,92.3
CVC-ClinicDB,/home/samsul/Documents/Polyp Detection/CVC-ClinicDB/PNG/Original/293.png,cvc_seq_14,0,159,130,243,184,288,384,3637,10103,12986,3.289,large,medium,medium,113.4
CVC-ClinicDB,/home/samsul/Documents/Polyp Detection/CVC-ClinicDB/PNG/Original/294.png,cvc_seq_14,0,155,95,235,154,288,384,3793,10536,13500,3.43,large,medium,medium,115.8
CVC-ClinicDB,/home/samsul/Documents/Polyp Detection/CVC-ClinicDB/PNG/Original/295.png,cvc_seq_14,0,130,70,207,127,288,384,3570,9917,12567,3.228,large,medium,medium,112.4
CVC-ClinicDB,/home/samsul/Documents/Polyp Detection/CVC-ClinicDB/PNG/Original/296.png,cvc_seq_14,0,187,112,260,161,288,384,2739,7608,10278,2.477,medium,medium,medium,98.4
CVC-ClinicDB,/home/samsul/Documents/Polyp Detection/CVC-ClinicDB/PNG/Original/297.png,cvc_seq_14,0,173,196,257,240,288,384,2831,7864,10625,2.56,medium,medium,medium,100.1
CVC-ClinicDB,/home/samsul/Documents/Polyp Detection/CVC-ClinicDB/PNG/Original/298.png,cvc_seq_15,0,223,107,296,244,288,384,6777,18825,28367,6.128,large,medium,medium,154.8
CVC-ClinicDB,/home/samsul/Documents/Polyp Detection/CVC-ClinicDB/PNG/Original/299.png,cvc_seq_15,0,224,115,271,206,288,384,3293,9147,12267,2.978,medium,medium,medium,107.9
CVC-ClinicDB,/home/samsul/Documents/Polyp Detection/CVC-ClinicDB/PNG/Original/3.png,cvc_seq_1,0,40,130,269,279,288,384,19996,55544,95833,18.081,large,large,large,265.9
CVC-ClinicDB,/home/samsul/Documents/Polyp Detection/CVC-ClinicDB/PNG/Original/30.png,cvc_seq_2,0,98,92,227,180,288,384,9030,25083,32139,8.165,large,medium,medium,178.7
CVC-ClinicDB,/home/samsul/Documents/Polyp Detection/CVC-ClinicDB/PNG/Original/300.png,cvc_seq_15,0,210,130,290,278,288,384,8355,23208,33525,7.555,large,medium,medium,171.9
CVC-ClinicDB,/home/samsul/Documents/Polyp Detection/CVC-ClinicDB/PNG/Original/301.png,cvc_seq_15,0,193,159,262,279,288,384,5988,16633,23528,5.414,large,medium,medium,145.5
CVC-ClinicDB,/home/samsul/Documents/Polyp Detection/CVC-ClinicDB/PNG/Original/302.png,cvc_seq_15,0,211,75,298,229,288,384,8882,24672,37889,8.031,large,medium,medium,177.2
CVC-ClinicDB,/home/samsul/Documents/Polyp Detection/CVC-ClinicDB/PNG/Original/303.png,cvc_seq_15,0,220,30,308,211,288,384,10425,28958,44994,9.427,large,large,large,192.0
CVC-ClinicDB,/home/samsul/Documents/Polyp Detection/CVC-ClinicDB/PNG/Original/304.png,cvc_seq_15,0,263,74,351,236,288,384,9730,27028,40297,8.798,large,large,large,185.5
CVC-ClinicDB,/home/samsul/Documents/Polyp Detection/CVC-ClinicDB/PNG/Original/305.png,cvc_seq_15,0,231,70,342,260,288,384,14312,39756,59422,12.941,large,large,large,225.0
CVC-ClinicDB,/home/samsul/Documents/Polyp Detection/CVC-ClinicDB/PNG/Original/306.png,cvc_seq_15,0,113,74,277,279,288,384,25729,71469,94417,23.265,large,large,large,301.7
CVC-ClinicDB,/home/samsul/Documents/Polyp Detection/CVC-ClinicDB/PNG/Original/307.png,cvc_seq_15,0,90,105,206,235,288,384,11026,30628,42575,9.97,large,large,large,197.5
CVC-ClinicDB,/home/samsul/Documents/Polyp Detection/CVC-ClinicDB/PNG/Original/308.png,cvc_seq_15,0,111,140,225,276,288,384,11526,32017,43764,10.422,large,large,large,201.9
CVC-ClinicDB,/home/samsul/Documents/Polyp Detection/CVC-ClinicDB/PNG/Original/309.png,cvc_seq_15,0,99,193,177,277,288,384,5168,14356,18653,4.673,large,medium,medium,135.2
CVC-ClinicDB,/home/samsul/Documents/Polyp Detection/CVC-ClinicDB/PNG/Original/31.png,cvc_seq_2,0,115,142,236,227,288,384,8349,23192,29144,7.549,large,medium,medium,171.8
CVC-ClinicDB,/home/samsul/Documents/Polyp Detection/CVC-ClinicDB/PNG/Original/310.png,cvc_seq_15,0,238,204,292,270,288,384,2540,7056,10236,2.297,medium,medium,medium,94.8
CVC-ClinicDB,/home/samsul/Documents/Polyp Detection/CVC-ClinicDB/PNG/Original/311.png,cvc_seq_15,0,171,199,234,269,288,384,2869,7969,12622,2.594,medium,medium,medium,100.7
CVC-ClinicDB,/home/samsul/Documents/Polyp Detection/CVC-ClinicDB/PNG/Original/312.png,cvc_seq_15,0,247,191,283,245,288,384,1277,3547,5653,1.155,medium,medium,small,67.2
CVC-ClinicDB,/home/samsul/Documents/Polyp Detection/CVC-ClinicDB/PNG/Original/313.png,cvc_seq_15,0,227,188,336,279,288,384,6655,18486,28111,6.018,large,medium,medium,153.4
CVC-ClinicDB,/home/samsul/Documents/Polyp Detection/CVC-ClinicDB/PNG/Original/314.png,cvc_seq_15,0,239,136,337,276,288,384,8654,24039,38775,7.825,large,medium,medium,174.9
CVC-ClinicDB,/home/samsul/Documents/Polyp Detection/CVC-ClinicDB/PNG/Original/315.png,cvc_seq_15,0,184,140,356,279,288,384,20111,55864,67278,18.185,large,large,large,266.7
CVC-ClinicDB,/home/samsul/Documents/Polyp Detection/CVC-ClinicDB/PNG/Original/316.png,cvc_seq_15,0,149,81,355,279,288,384,31831,88419,114425,28.782,large,large,large,335.5
CVC-ClinicDB,/home/samsul/Documents/Polyp Detection/CVC-ClinicDB/PNG/Original/317.png,cvc_seq_15,0,179,86,322,260,288,384,15988,44411,70000,14.457,large,large,large,237.8
CVC-ClinicDB,/home/samsul/Documents/Polyp Detection/CVC-ClinicDB/PNG/Original/318.png,cvc_seq_16,0,167,178,233,222,288,384,2410,6694,8375,2.179,medium,medium,small,92.3
CVC-ClinicDB,/home/samsul/Documents/Polyp Detection/CVC-ClinicDB/PNG/Original/319.png,cvc_seq_16,0,168,157,234,207,288,384,2747,7631,9492,2.484,medium,medium,small,98.6
CVC-ClinicDB,/home/samsul/Documents/Polyp Detection/CVC-ClinicDB/PNG/Original/32.png,cvc_seq_2,0,123,170,257,265,288,384,9549,26525,36000,8.634,large,large,medium,183.8
CVC-ClinicDB,/home/samsul/Documents/Polyp Detection/CVC-ClinicDB/PNG/Original/320.png,cvc_seq_16,0,177,193,266,252,288,384,4322,12006,15000,3.908,large,medium,medium,123.6
CVC-ClinicDB,/home/samsul/Documents/Polyp Detection/CVC-ClinicDB/PNG/Original/321.png,cvc_seq_16,0,170,120,268,197,288,384,5984,16622,21450,5.411,large,medium,medium,145.5
CVC-ClinicDB,/home/samsul/Documents/Polyp Detection/CVC-ClinicDB/PNG/Original/322.png,cvc_seq_16,0,160,86,275,174,288,384,8072,22422,28678,7.299,large,medium,medium,169.0
CVC-ClinicDB,/home/samsul/Documents/Polyp Detection/CVC-ClinicDB/PNG/Original/323.png,cvc_seq_16,0,143,117,265,216,288,384,9873,27425,34167,8.927,large,large,medium,186.9
CVC-ClinicDB,/home/samsul/Documents/Polyp Detection/CVC-ClinicDB/PNG/Original/324.png,cvc_seq_16,0,148,151,251,230,288,384,6400,17778,23111,5.787,large,medium,medium,150.5
CVC-ClinicDB,/home/samsul/Documents/Polyp Detection/CVC-ClinicDB/PNG/Original/325.png,cvc_seq_16,0,146,114,227,184,288,384,4551,12642,16172,4.115,large,medium,medium,126.9
CVC-ClinicDB,/home/samsul/Documents/Polyp Detection/CVC-ClinicDB/PNG/Original/326.png,cvc_seq_16,0,137,137,211,207,288,384,4029,11192,14792,3.643,large,medium,medium,119.4
CVC-ClinicDB,/home/samsul/Documents/Polyp Detection/CVC-ClinicDB/PNG/Original/327.png,cvc_seq_16,0,129,164,197,231,288,384,3491,9697,13033,3.157,large,medium,medium,111.1
CVC-ClinicDB,/home/samsul/Documents/Polyp Detection/CVC-ClinicDB/PNG/Original/328.png,cvc_seq_16,0,79,153,153,226,288,384,4368,12133,15417,3.95,large,medium,medium,124.3
CVC-ClinicDB,/home/samsul/Documents/Polyp Detection/CVC-ClinicDB/PNG/Original/329.png,cvc_seq_16,0,29,166,96,251,288,384,4611,12808,16244,4.169,large,medium,medium,127.7
CVC-ClinicDB,/home/samsul/Documents/Polyp Detection/CVC-ClinicDB/PNG/Original/33.png,cvc_seq_2,0,144,158,285,254,288,384,11217,31158,38261,10.143,large,large,medium,199.2
CVC-ClinicDB,/home/samsul/Documents/Polyp Detection/CVC-ClinicDB/PNG/Original/330.png,cvc_seq_16,0,39,72,122,161,288,384,5850,16250,21000,5.29,large,medium,medium,143.8
CVC-ClinicDB,/home/samsul/Documents/Polyp Detection/CVC-ClinicDB/PNG/Original/331.png,cvc_seq_16,0,56,83,158,176,288,384,7736,21489,26894,6.995,large,medium,medium,165.4
CVC-ClinicDB,/home/samsul/Documents/Polyp Detection/CVC-ClinicDB/PNG/Original/332.png,cvc_seq_16,0,86,121,178,198,288,384,5690,15806,20150,5.145,large,medium,medium,141.9
CVC-ClinicDB,/home/samsul/Documents/Polyp Detection/CVC-ClinicDB/PNG/Original/333.png,cvc_seq_16,0,100,141,189,213,288,384,5126,14239,18250,4.635,large,medium,medium,134.6
CVC-ClinicDB,/home/samsul/Documents/Polyp Detection/CVC-ClinicDB/PNG/Original/334.png,cvc_seq_16,0,114,157,215,230,288,384,5510,15306,20967,4.982,large,medium,medium,139.6
CVC-ClinicDB,/home/samsul/Documents/Polyp Detection/CVC-ClinicDB/PNG/Original/335.png,cvc_seq_16,0,128,176,228,253,288,384,5878,16328,21883,5.315,large,medium,medium,144.2
CVC-ClinicDB,/home/samsul/Documents/Polyp Detection/CVC-ClinicDB/PNG/Original/336.png,cvc_seq_16,0,127,150,216,226,288,384,5336,14822,19250,4.825,large,medium,medium,137.4
CVC-ClinicDB,/home/samsul/Documents/Polyp Detection/CVC-ClinicDB/PNG/Original/337.png,cvc_seq_16,0,120,172,208,257,288,384,5795,16097,21261,5.24,large,medium,medium,143.2
CVC-ClinicDB,/home/samsul/Documents/Polyp Detection/CVC-ClinicDB/PNG/Original/338.png,cvc_seq_16,0,74,55,215,172,288,384,12965,36014,46544,11.723,large,large,large,214.1
CVC-ClinicDB,/home/samsul/Documents/Polyp Detection/CVC-ClinicDB/PNG/Original/339.png,cvc_seq_16,0,148,209,222,262,288,384,3055,8486,11250,2.762,medium,medium,medium,103.9
CVC-ClinicDB,/home/samsul/Documents/Polyp Detection/CVC-ClinicDB/PNG/Original/34.png,cvc_seq_2,0,163,171,273,252,288,384,6577,18269,25283,5.947,large,medium,medium,152.5
CVC-ClinicDB,/home/samsul/Documents/Polyp Detection/CVC-ClinicDB/PNG/Original/340.png,cvc_seq_16,0,172,181,228,221,288,384,1870,5194,6492,1.691,medium,medium,small,81.3
CVC-ClinicDB,/home/samsul/Documents/Polyp Detection/CVC-ClinicDB/PNG/Original/341.png,cvc_seq_16,0,156,194,218,241,288,384,2419,6719,8400,2.187,medium,medium,small,92.5
CVC-ClinicDB,/home/samsul/Documents/Polyp Detection/CVC-ClinicDB/PNG/Original/342.png,cvc_seq_16,0,80,89,191,186,288,384,7980,22167,30489,7.216,large,medium,medium,168.0
CVC-ClinicDB,/home/samsul/Documents/Polyp Detection/CVC-ClinicDB/PNG/Original/343.png,cvc_seq_17,0,107,216,261,280,288,384,7360,20444,27986,6.655,large,medium,medium,161.3
CVC-ClinicDB,/home/samsul/Documents/Polyp Detection/CVC-ClinicDB/PNG/Original/344.png,cvc_seq_17,0,99,181,277,280,288,384,13632,37867,49722,12.326,large,large,large,219.6
CVC-ClinicDB,/home/samsul/Documents/Polyp Detection/CVC-ClinicDB/PNG/Original/345.png,cvc_seq_17,0,150,156,297,281,288,384,12712,35311,51800,11.495,large,large,large,212.0
CVC-ClinicDB,/home/samsul/Documents/Polyp Detection/CVC-ClinicDB/PNG/Original/346.png,cvc_seq_17,0,143,201,207,279,288,384,3863,10731,14264,3.493,large,medium,medium,116.9
CVC-ClinicDB,/home/samsul/Documents/Polyp Detection/CVC-ClinicDB/PNG/Original/347.png,cvc_seq_17,0,92,223,215,280,288,384,5019,13942,19978,4.538,large,medium,medium,133.2
CVC-ClinicDB,/home/samsul/Documents/Polyp Detection/CVC-ClinicDB/PNG/Original/348.png,cvc_seq_17,0,42,143,249,281,288,384,23021,63947,80311,20.816,large,large,large,285.3
CVC-ClinicDB,/home/samsul/Documents/Polyp Detection/CVC-ClinicDB/PNG/Original/349.png,cvc_seq_17,0,43,92,224,280,288,384,23718,65883,95550,21.446,large,large,large,289.6
CVC-ClinicDB,/home/samsul/Documents/Polyp Detection/CVC-ClinicDB/PNG/Original/35.png,cvc_seq_2,0,156,104,267,184,288,384,7210,20028,25200,6.519,large,medium,medium,159.7
CVC-ClinicDB,/home/samsul/Documents/Polyp Detection/CVC-ClinicDB/PNG/Original/350.png,cvc_seq_17,0,42,80,198,276,288,384,13923,38675,85914,12.59,large,large,large,221.9
CVC-ClinicDB,/home/samsul/Documents/Polyp Detection/CVC-ClinicDB/PNG/Original/351.png,cvc_seq_17,0,92,154,152,264,288,384,4182,11617,18808,3.781,large,medium,medium,121.6
CVC-ClinicDB,/home/samsul/Documents/Polyp Detection/CVC-ClinicDB/PNG/Original/352.png,cvc_seq_17,0,75,240,234,281,288,384,4068,11300,18667,3.678,large,medium,medium,119.9
CVC-ClinicDB,/home/samsul/Documents/Polyp Detection/CVC-ClinicDB/PNG/Original/353.png,cvc_seq_17,0,49,199,199,281,288,384,7930,22028,34814,7.171,large,medium,medium,167.5
CVC-ClinicDB,/home/samsul/Documents/Polyp Detection/CVC-ClinicDB/PNG/Original/354.png,cvc_seq_17,0,64,199,202,280,288,384,7691,21364,31661,6.954,large,medium,medium,164.9
CVC-ClinicDB,/home/samsul/Documents/Polyp Detection/CVC-ClinicDB/PNG/Original/355.png,cvc_seq_17,0,190,42,278,244,288,384,9833,27314,50186,8.891,large,large,large,186.5
CVC-ClinicDB,/home/samsul/Documents/Polyp Detection/CVC-ClinicDB/PNG/Original/356.png,cvc_seq_17,0,194,36,279,238,288,384,9753,27092,48494,8.819,large,large,large,185.7
CVC-ClinicDB,/home/samsul/Documents/Polyp Detection/CVC-ClinicDB/PNG/Original/357.png,cvc_seq_17,0,42,171,279,281,288,384,21356,59322,73383,19.311,large,large,large,274.8
CVC-ClinicDB,/home/samsul/Documents/Polyp Detection/CVC-ClinicDB/PNG/Original/358.png,cvc_seq_17,0,42,224,274,281,288,384,8805,24458,37539,7.962,large,medium,medium,176.5
CVC-ClinicDB,/home/samsul/Documents/Polyp Detection/CVC-ClinicDB/PNG/Original/359.png,cvc_seq_17,0,42,201,235,281,288,384,11308,31411,43650,10.225,large,large,large,200.0
CVC-ClinicDB,/home/samsul/Documents/Polyp Detection/CVC-ClinicDB/PNG/Original/36.png,cvc_seq_2,0,156,75,241,137,288,384,3984,11067,15050,3.602,large,medium,medium,118.7
CVC-ClinicDB,/home/samsul/Documents/Polyp Detection/CVC-ClinicDB/PNG/Original/360.png,cvc_seq_17,0,81,141,252,281,288,384,13409,37247,67367,12.125,large,large,large,217.8
CVC-ClinicDB,/home/samsul/Documents/Polyp Detection/CVC-ClinicDB/PNG/Original/361.png,cvc_seq_17,0,114,157,251,279,288,384,11006,30572,47150,9.952,large,large,large,197.3
CVC-ClinicDB,/home/samsul/Documents/Polyp Detection/CVC-ClinicDB/PNG/Original/362.png,cvc_seq_17,0,155,142,258,279,288,384,9043,25119,39867,8.177,large,medium,medium,178.8
CVC-ClinicDB,/home/samsul/Documents/Polyp Detection/CVC-ClinicDB/PNG/Original/363.png,cvc_seq_17,0,157,184,187,251,288,384,1455,4042,5856,1.316,medium,medium,small,71.7
CVC-ClinicDB,/home/samsul/Documents/Polyp Detection/CVC-ClinicDB/PNG/Original/364.png,cvc_seq_18,0,216,180,276,228,288,384,2359,6553,8303,2.133,medium,medium,small,91.3
CVC-ClinicDB,/home/samsul/Documents/Polyp Detection/CVC-ClinicDB/PNG/Original/365.png,cvc_seq_18,0,219,181,275,223,288,384,1986,5517,6808,1.796,medium,medium,small,83.8
CVC-ClinicDB,/home/samsul/Documents/Polyp Detection/CVC-ClinicDB/PNG/Original/366.png,cvc_seq_18,0,228,182,285,226,288,384,1969,5469,7250,1.78,medium,medium,small,83.4
CVC-ClinicDB,/home/samsul/Documents/Polyp Detection/CVC-ClinicDB/PNG/Original/367.png,cvc_seq_18,0,221,179,280,227,288,384,2244,6233,8167,2.029,medium,medium,small,89.1
CVC-ClinicDB,/home/samsul/Documents/Polyp Detection/CVC-ClinicDB/PNG/Original/368.png,cvc_seq_18,0,201,174,258,222,288,384,2064,5733,7894,1.866,medium,medium,small,85.4
CVC-ClinicDB,/home/samsul/Documents/Polyp Detection/CVC-ClinicDB/PNG/Original/369.png,cvc_seq_18,0,201,172,250,215,288,384,1678,4661,6111,1.517,medium,medium,small,77.0
CVC-ClinicDB,/home/samsul/Documents/Polyp Detection/CVC-ClinicDB/PNG/Original/37.png,cvc_seq_2,0,139,118,254,202,288,384,7907,21964,27389,7.15,large,medium,medium,167.2
CVC-ClinicDB,/home/samsul/Documents/Polyp Detection/CVC-ClinicDB/PNG/Original/370.png,cvc_seq_18,0,181,172,230,212,288,384,1613,4481,5694,1.459,medium,medium,small,75.5
CVC-ClinicDB,/home/samsul/Documents/Polyp Detection/CVC-ClinicDB/PNG/Original/371.png,cvc_seq_18,0,178,172,220,207,288,384,1092,3033,4300,0.987,medium,medium,small,62.1
CVC-ClinicDB,/home/samsul/Documents/Polyp Detection/CVC-ClinicDB/PNG/Original/372.png,cvc_seq_18,0,180,170,220,203,288,384,1008,2800,3872,0.911,medium,small,small,59.7
CVC-ClinicDB,/home/samsul/Documents/Polyp Detection/CVC-ClinicDB/PNG/Original/373.png,cvc_seq_18,0,178,180,223,209,288,384,1060,2944,3833,0.958,medium,medium,small,61.2
CVC-ClinicDB,/home/samsul/Documents/Polyp Detection/CVC-ClinicDB/PNG/Original/374.png,cvc_seq_18,0,164,155,212,188,288,384,1298,3606,4628,1.174,medium,medium,small,67.8
CVC-ClinicDB,/home/samsul/Documents/Polyp Detection/CVC-ClinicDB/PNG/Original/375.png,cvc_seq_18,0,166,139,208,167,288,384,953,2647,3464,0.862,medium,small,small,58.1
CVC-ClinicDB,/home/samsul/Documents/Polyp Detection/CVC-ClinicDB/PNG/Original/376.png,cvc_seq_18,0,171,123,244,167,288,384,2587,7186,9250,2.339,medium,medium,small,95.7
CVC-ClinicDB,/home/samsul/Documents/Polyp Detection/CVC-ClinicDB/PNG/Original/377.png,cvc_seq_18,0,153,141,216,185,288,384,2176,6044,8000,1.968,medium,medium,small,87.7
CVC-ClinicDB,/home/samsul/Documents/Polyp Detection/CVC-ClinicDB/PNG/Original/378.png,cvc_seq_18,0,160,139,219,179,288,384,1898,5272,6833,1.716,medium,medium,small,81.9
CVC-ClinicDB,/home/samsul/Documents/Polyp Detection/CVC-ClinicDB/PNG/Original/379.png,cvc_seq_18,0,156,230,203,263,288,384,1374,3817,4533,1.242,medium,medium,small,69.7
CVC-ClinicDB,/home/samsul/Documents/Polyp Detection/CVC-ClinicDB/PNG/Original/38.png,cvc_seq_2,0,107,113,199,174,288,384,4607,12797,16017,4.166,large,medium,medium,127.6
CVC-ClinicDB,/home/samsul/Documents/Polyp Detection/CVC-ClinicDB/PNG/Original/380.png,cvc_seq_18,0,184,213,240,253,288,384,1824,5067,6492,1.649,medium,medium,small,80.3
CVC-ClinicDB,/home/samsul/Documents/Polyp Detection/CVC-ClinicDB/PNG/Original/381.png,cvc_seq_18,0,159,220,228,268,288,384,2684,7456,9528,2.427,medium,medium,small,97.4
CVC-ClinicDB,/home/samsul/Documents/Polyp Detection/CVC-ClinicDB/PNG/Original/382.png,cvc_seq_18,0,160,205,233,258,288,384,3173,8814,11100,2.869,medium,medium,medium,105.9
CVC-ClinicDB,/home/samsul/Documents/Polyp Detection/CVC-ClinicDB/PNG/Original/383.png,cvc_seq_18,0,195,176,267,225,288,384,2947,8186,10139,2.665,medium,medium,medium,102.1
CVC-ClinicDB,/home/samsul/Documents/Polyp Detection/CVC-ClinicDB/PNG/Original/384.png,cvc_seq_19,0,144,14,311,271,288,384,29959,83219,120400,27.09,large,large,large,325.5
CVC-ClinicDB,/home/samsul/Documents/Polyp Detection/CVC-ClinicDB/PNG/Original/385.png,cvc_seq_19,0,148,14,303,272,288,384,26189,72747,112233,23.681,large,large,large,304.3
CVC-ClinicDB,/home/samsul/Documents/Polyp Detection/CVC-ClinicDB/PNG/Original/386.png,cvc_seq_19,0,130,14,299,264,288,384,28236,78433,118528,25.532,large,large,large,316.0
CVC-ClinicDB,/home/samsul/Documents/Polyp Detection/CVC-ClinicDB/PNG/Original/387.png,cvc_seq_19,0,121,14,284,264,288,384,27717,76992,114344,25.062,large,large,large,313.1
CVC-ClinicDB,/home/samsul/Documents/Polyp Detection/CVC-ClinicDB/PNG/Original/388.png,cvc_seq_19,0,151,14,323,258,288,384,25647,71242,117736,23.191,large,large,large,301.2
CVC-ClinicDB,/home/samsul/Documents/Polyp Detection/CVC-ClinicDB/PNG/Original/389.png,cvc_seq_19,0,195,65,341,280,288,384,21404,59456,88200,19.354,large,large,large,275.1
CVC-ClinicDB,/home/samsul/Documents/Polyp Detection/CVC-ClinicDB/PNG/Original/39.png,cvc_seq_2,0,118,123,207,180,288,384,4244,11789,14500,3.838,large,medium,medium,122.5
CVC-ClinicDB,/home/samsul/Documents/Polyp Detection/CVC-ClinicDB/PNG/Original/390.png,cvc_seq_19,0,227,79,341,280,288,384,18146,50406,64528,16.408,large,large,large,253.3
CVC-ClinicDB,/home/samsul/Documents/Polyp Detection/CVC-ClinicDB/PNG/Original/391.png,cvc_seq_19,0,279,56,341,170,288,384,5398,14994,20125,4.881,large,medium,medium,138.2
CVC-ClinicDB,/home/samsul/Documents/Polyp Detection/CVC-ClinicDB/PNG/Original/392.png,cvc_seq_19,0,254,49,341,175,288,384,8254,22928,31044,7.463,large,medium,medium,170.9
CVC-ClinicDB,/home/samsul/Documents/Polyp Detection/CVC-ClinicDB/PNG/Original/393.png,cvc_seq_19,0,243,62,331,177,288,384,7465,20736,28678,6.75,large,medium,medium,162.5
CVC-ClinicDB,/home/samsul/Documents/Polyp Detection/CVC-ClinicDB/PNG/Original/394.png,cvc_seq_19,0,203,62,296,179,288,384,7846,21794,30811,7.095,large,medium,medium,166.6
CVC-ClinicDB,/home/samsul/Documents/Polyp Detection/CVC-ClinicDB/PNG/Original/395.png,cvc_seq_19,0,180,52,287,188,288,384,11212,31144,41100,10.138,large,large,large,199.1
CVC-ClinicDB,/home/samsul/Documents/Polyp Detection/CVC-ClinicDB/PNG/Original/396.png,cvc_seq_19,0,201,47,310,190,288,384,11380,31611,44000,10.29,large,large,large,200.6
CVC-ClinicDB,/home/samsul/Documents/Polyp Detection/CVC-ClinicDB/PNG/Original/397.png,cvc_seq_19,0,209,47,331,208,288,384,14896,41378,55350,13.469,large,large,large,229.5
CVC-ClinicDB,/home/samsul/Documents/Polyp Detection/CVC-ClinicDB/PNG/Original/398.png,cvc_seq_19,0,165,56,299,240,288,384,18205,50569,69375,16.461,large,large,large,253.7
CVC-ClinicDB,/home/samsul/Documents/Polyp Detection/CVC-ClinicDB/PNG/Original/399.png,cvc_seq_19,0,197,55,309,199,288,384,11952,33200,45514,10.807,large,large,large,205.6
CVC-ClinicDB,/home/samsul/Documents/Polyp Detection/CVC-ClinicDB/PNG/Original/4.png,cvc_seq_1,0,40,120,270,279,288,384,21180,58833,102667,19.151,large,large,large,273.7
CVC-ClinicDB,/home/samsul/Documents/Polyp Detection/CVC-ClinicDB/PNG/Original/40.png,cvc_seq_2,0,126,113,247,199,288,384,7924,22011,29483,7.165,large,medium,medium,167.4
CVC-ClinicDB,/home/samsul/Documents/Polyp Detection/CVC-ClinicDB/PNG/Original/400.png,cvc_seq_19,0,251,68,333,181,288,384,6796,18878,26283,6.145,large,medium,medium,155.0
CVC-ClinicDB,/home/samsul/Documents/Polyp Detection/CVC-ClinicDB/PNG/Original/401.png,cvc_seq_19,0,189,89,286,212,288,384,9366,26017,33756,8.469,large,large,medium,182.0
CVC-ClinicDB,/home/samsul/Documents/Polyp Detection/CVC-ClinicDB/PNG/Original/402.png,cvc_seq_19,0,195,61,321,211,288,384,13992,38867,53269,12.652,large,large,large,222.5
CVC-ClinicDB,/home/samsul/Documents/Polyp Detection/CVC-ClinicDB/PNG/Original/403.png,cvc_seq_19,0,227,59,326,189,288,384,9436,26211,36389,8.532,large,large,medium,182.7
CVC-ClinicDB,/home/samsul/Documents/Polyp Detection/CVC-ClinicDB/PNG/Original/404.png,cvc_seq_19,0,247,56,341,200,288,384,10879,30219,38264,9.837,large,large,medium,196.2
CVC-ClinicDB,/home/samsul/Documents/Polyp Detection/CVC-ClinicDB/PNG/Original/405.png,cvc_seq_19,0,219,65,312,194,288,384,9051,25142,33944,8.184,large,medium,medium,178.9
CVC-ClinicDB,/home/samsul/Documents/Polyp Detection/CVC-ClinicDB/PNG/Original/406.png,cvc_seq_19,0,252,66,341,205,288,384,9657,26825,35000,8.732,large,large,medium,184.8
CVC-ClinicDB,/home/samsul/Documents/Polyp Detection/CVC-ClinicDB/PNG/Original/407.png,cvc_seq_19,0,199,68,297,217,288,384,10814,30039,41250,9.778,large,large,large,195.6
CVC-ClinicDB,/home/samsul/Documents/Polyp Detection/CVC-ClinicDB/PNG/Original/408.png,cvc_seq_19,0,205,111,282,250,288,384,7963,22119,30333,7.2,large,medium,medium,167.8
CVC-ClinicDB,/home/samsul/Documents/Polyp Detection/CVC-ClinicDB/PNG/Original/409.png,cvc_seq_20,0,43,14,295,156,288,384,28687,79686,100497,25.939,large,large,large,318.5
CVC-ClinicDB,/home/samsul/Documents/Polyp Detection/CVC-ClinicDB/PNG/Original/41.png,cvc_seq_2,0,159,113,250,181,288,384,4717,13103,17633,4.265,large,medium,medium,129.2
CVC-ClinicDB,/home/samsul/Documents/Polyp Detection/CVC-ClinicDB/PNG/Original/410.png,cvc_seq_20,0,124,46,257,149,288,384,8883,24675,38711,8.032,large,medium,medium,177.2
CVC-ClinicDB,/home/samsul/Documents/Polyp Detection/CVC-ClinicDB/PNG/Original/411.png,cvc_seq_20,0,51,36,146,132,288,384,6430,17861,25867,5.814,large,medium,medium,150.8
CVC-ClinicDB,/home/samsul/Documents/Polyp Detection/CVC-ClinicDB/PNG/Original/412.png,cvc_seq_20,0,47,39,140,141,288,384,6847,19019,26894,6.191,large,medium,medium,155.6
CVC-ClinicDB,/home/samsul/Documents/Polyp Detection/CVC-ClinicDB/PNG/Original/413.png,cvc_seq_20,0,48,69,135,176,288,384,6787,18853,26400,6.137,large,medium,medium,154.9
CVC-ClinicDB,/home/samsul/Documents/Polyp Detection/CVC-ClinicDB/PNG/Original/414.png,cvc_seq_20,0,43,14,240,218,288,384,31654,87928,112750,28.622,large,large,large,334.6
CVC-ClinicDB,/home/samsul/Documents/Polyp Detection/CVC-ClinicDB/PNG/Original/415.png,cvc_seq_20,0,52,45,214,191,288,384,15422,42839,66558,13.945,large,large,large,233.5
CVC-ClinicDB,/home/samsul/Documents/Polyp Detection/CVC-ClinicDB/PNG/Original/416.png,cvc_seq_20,0,71,18,230,158,288,384,14349,39858,62667,12.975,large,large,large,225.3
CVC-ClinicDB,/home/samsul/Documents/Polyp Detection/CVC-ClinicDB/PNG/Original/417.png,cvc_seq_20,0,44,48,159,181,288,384,10305,28625,43178,9.318,large,large,large,190.9
CVC-ClinicDB,/home/samsul/Documents/Polyp Detection/CVC-ClinicDB/PNG/Original/418.png,cvc_seq_20,0,71,45,167,133,288,384,5306,14739,23981,4.798,large,medium,medium,137.0
CVC-ClinicDB,/home/samsul/Documents/Polyp Detection/CVC-ClinicDB/PNG/Original/419.png,cvc_seq_20,0,45,22,212,158,288,384,15115,41986,63933,13.667,large,large,large,231.2
CVC-ClinicDB,/home/samsul/Documents/Polyp Detection/CVC-ClinicDB/PNG/Original/42.png,cvc_seq_2,0,142,93,252,177,288,384,6873,19092,26208,6.215,large,medium,medium,155.9
CVC-ClinicDB,/home/samsul/Documents/Polyp Detection/CVC-ClinicDB/PNG/Original/420.png,cvc_seq_20,0,51,33,221,183,288,384,17949,49858,71725,16.23,large,large,large,252.0
CVC-ClinicDB,/home/samsul/Documents/Polyp Detection/CVC-ClinicDB/PNG/Original/421.png,cvc_seq_20,0,56,14,222,144,288,384,15335,42597,60769,13.866,large,large,large,232.9
CVC-ClinicDB,/home/samsul/Documents/Polyp Detection/CVC-ClinicDB/PNG/Original/422.png,cvc_seq_20,0,46,36,270,237,288,384,34386,95517,126250,31.093,large,large,large,348.7
CVC-ClinicDB,/home/samsul/Documents/Polyp Detection/CVC-ClinicDB/PNG/Original/423.png,cvc_seq_20,0,43,18,200,161,288,384,16510,45861,63200,14.929,large,large,large,241.6
CVC-ClinicDB,/home/samsul/Documents/Polyp Detection/CVC-ClinicDB/PNG/Original/424.png,cvc_seq_20,0,105,196,165,247,288,384,2568,7133,8811,2.322,medium,medium,small,95.3
CVC-ClinicDB,/home/samsul/Documents/Polyp Detection/CVC-ClinicDB/PNG/Original/425.png,cvc_seq_20,0,103,120,168,176,288,384,2726,7572,10450,2.465,medium,medium,medium,98.2
CVC-ClinicDB,/home/samsul/Documents/Polyp Detection/CVC-ClinicDB/PNG/Original/426.png,cvc_seq_20,0,71,50,196,164,288,384,9630,26750,40250,8.708,large,large,large,184.6
CVC-ClinicDB,/home/samsul/Documents/Polyp Detection/CVC-ClinicDB/PNG/Original/427.png,cvc_seq_20,0,153,14,321,107,288,384,12402,34450,44128,11.214,large,large,large,209.4
CVC-ClinicDB,/home/samsul/Documents/Polyp Detection/CVC-ClinicDB/PNG/Original/428.png,cvc_seq_20,0,82,14,219,107,288,384,11180,31056,36033,10.109,large,large,medium,198.9
CVC-ClinicDB,/home/samsul/Documents/Polyp Detection/CVC-ClinicDB/PNG/Original/429.png,cvc_seq_21,0,172,82,263,197,288,384,7673,21314,29644,6.938,large,medium,medium,164.7
CVC-ClinicDB,/home/samsul/Documents/Polyp Detection/CVC-ClinicDB/PNG/Original/43.png,cvc_seq_2,0,70,146,172,215,288,384,5532,15367,20028,5.002,large,medium,medium,139.9
CVC-ClinicDB,/home/samsul/Documents/Polyp Detection/CVC-ClinicDB/PNG/Original/430.png,cvc_seq_21,0,191,86,281,196,288,384,7237,20103,28058,6.544,large,medium,medium,160.0
CVC-ClinicDB,/home/samsul/Documents/Polyp Detection/CVC-ClinicDB/PNG/Original/431.png,cvc_seq_21,0,167,107,253,209,288,384,6314,17539,24892,5.709,large,medium,medium,149.4
CVC-ClinicDB,/home/samsul/Documents/Polyp Detection/CVC-ClinicDB/PNG/Original/432.png,cvc_seq_21,0,157,97,261,216,288,384,8914,24761,35000,8.06,large,medium,medium,177.6
CVC-ClinicDB,/home/samsul/Documents/Polyp Detection/CVC-ClinicDB/PNG/Original/433.png,cvc_seq_21,0,118,73,221,196,288,384,9286,25794,35822,8.397,large,large,medium,181.2
CVC-ClinicDB,/home/samsul/Documents/Polyp Detection/CVC-ClinicDB/PNG/Original/434.png,cvc_seq_21,0,113,68,217,196,288,384,9966,27683,37625,9.012,large,large,medium,187.7
CVC-ClinicDB,/home/samsul/Documents/Polyp Detection/CVC-ClinicDB/PNG/Original/435.png,cvc_seq_21,0,132,52,225,162,288,384,7774,21594,28983,7.029,large,medium,medium,165.8
CVC-ClinicDB,/home/samsul/Documents/Polyp Detection/CVC-ClinicDB/PNG/Original/436.png,cvc_seq_21,0,164,79,258,188,288,384,7401,20558,29028,6.692,large,medium,medium,161.8
CVC-ClinicDB,/home/samsul/Documents/Polyp Detection/CVC-ClinicDB/PNG/Original/437.png,cvc_seq_21,0,183,63,276,172,288,384,7269,20192,28722,6.573,large,medium,medium,160.3
CVC-ClinicDB,/home/samsul/Documents/Polyp Detection/CVC-ClinicDB/PNG/Original/438.png,cvc_seq_21,0,169,39,307,204,288,384,17055,47375,64094,15.422,large,large,large,245.6
CVC-ClinicDB,/home/samsul/Documents/Polyp Detection/CVC-ClinicDB/PNG/Original/439.png,cvc_seq_21,0,56,159,139,276,288,384,7604,21122,27533,6.876,large,medium,medium,164.0
CVC-ClinicDB,/home/samsul/Documents/Polyp Detection/CVC-ClinicDB/PNG/Original/44.png,cvc_seq_2,0,55,91,186,178,288,384,8775,24375,32267,7.935,large,medium,medium,176.2
CVC-ClinicDB,/home/samsul/Documents/Polyp Detection/CVC-ClinicDB/PNG/Original/440.png,cvc_seq_21,0,49,160,118,280,288,384,5907,16408,23528,5.341,large,medium,medium,144.5
CVC-ClinicDB,/home/samsul/Documents/Polyp Detection/CVC-ClinicDB/PNG/Original/441.png,cvc_seq_21,0,205,122,262,184,288,384,2453,6814,10150,2.218,medium,medium,medium,93.1
CVC-ClinicDB,/home/samsul/Documents/Polyp Detection/CVC-ClinicDB/PNG/Original/442.png,cvc_seq_21,0,223,80,284,164,288,384,4065,11292,14639,3.676,large,medium,medium,119.9
CVC-ClinicDB,/home/samsul/Documents/Polyp Detection/CVC-ClinicDB/PNG/Original/443.png,cvc_seq_21,0,213,122,295,228,288,384,6323,17564,24669,5.717,large,medium,medium,149.5
CVC-ClinicDB,/home/samsul/Documents/Polyp Detection/CVC-ClinicDB/PNG/Original/444.png,cvc_seq_21,0,169,175,264,279,288,384,7374,20483,28000,6.668,large,medium,medium,161.5
CVC-ClinicDB,/home/samsul/Documents/Polyp Detection/CVC-ClinicDB/PNG/Original/445.png,cvc_seq_21,0,142,88,264,241,288,384,14110,39194,52617,12.759,large,large,large,223.4
CVC-ClinicDB,/home/samsul/Documents/Polyp Detection/CVC-ClinicDB/PNG/Original/446.png,cvc_seq_21,0,111,83,228,233,288,384,13201,36669,49494,11.937,large,large,large,216.1
CVC-ClinicDB,/home/samsul/Documents/Polyp Detection/CVC-ClinicDB/PNG/Original/447.png,cvc_seq_21,0,157,138,218,209,288,384,3045,8458,12400,2.753,medium,medium,medium,103.8
CVC-ClinicDB,/home/samsul/Documents/Polyp Detection/CVC-ClinicDB/PNG/Original/448.png,cvc_seq_22,0,172,15,265,112,288,384,6343,17619,25589,5.735,large,medium,medium,149.8
CVC-ClinicDB,/home/samsul/Documents/Polyp Detection/CVC-ClinicDB/PNG/Original/449.png,cvc_seq_22,0,152,79,231,163,288,384,4882,13561,18889,4.414,large,medium,medium,131.4
CVC-ClinicDB,/home/samsul/Documents/Polyp Detection/CVC-ClinicDB/PNG/Original/45.png,cvc_seq_2,0,173,172,278,247,288,384,6285,17458,22378,5.683,large,medium,medium,149.1
CVC-ClinicDB,/home/samsul/Documents/Polyp Detection/CVC-ClinicDB/PNG/Original/450.png,cvc_seq_22,0,201,69,259,130,288,384,2759,7664,10161,2.495,medium,medium,medium,98.8
CVC-ClinicDB,/home/samsul/Documents/Polyp Detection/CVC-ClinicDB/PNG/Original/451.png,cvc_seq_22,0,219,70,269,124,288,384,2158,5994,7792,1.951,medium,medium,small,87.4
CVC-ClinicDB,/home/samsul/Documents/Polyp Detection/CVC-ClinicDB/PNG/Original/452.png,cvc_seq_22,0,184,124,255,193,288,384,3682,10228,14000,3.329,large,medium,medium,114.1
CVC-ClinicDB,/home/samsul/Documents/Polyp Detection/CVC-ClinicDB/PNG/Original/453.png,cvc_seq_22,0,174,77,242,153,288,384,4054,11261,14758,3.666,large,medium,medium,119.7
CVC-ClinicDB,/home/samsul/Documents/Polyp Detection/CVC-ClinicDB/PNG/Original/454.png,cvc_seq_22,0,155,27,243,124,288,384,6497,18047,24228,5.875,large,medium,medium,151.6
CVC-ClinicDB,/home/samsul/Documents/Polyp Detection/CVC-ClinicDB/PNG/Original/455.png,cvc_seq_22,0,178,67,279,173,288,384,8402,23339,30317,7.597,large,medium,medium,172.4
CVC-ClinicDB,/home/samsul/Documents/Polyp Detection/CVC-ClinicDB/PNG/Original/456.png,cvc_seq_22,0,166,49,279,179,288,384,10900,30278,41483,9.856,large,large,large,196.3
CVC-ClinicDB,/home/samsul/Documents/Polyp Detection/CVC-ClinicDB/PNG/Original/457.png,cvc_seq_22,0,102,76,225,196,288,384,9764,27122,41678,8.829,large,large,large,185.8
CVC-ClinicDB,/home/samsul/Documents/Polyp Detection/CVC-ClinicDB/PNG/Original/458.png,cvc_seq_22,0,161,132,252,214,288,384,4612,12811,21211,4.17,large,medium,medium,127.7
CVC-ClinicDB,/home/samsul/Documents/Polyp Detection/CVC-ClinicDB/PNG/Original/459.png,cvc_seq_22,0,219,74,287,150,288,384,4190,11639,14758,3.789,large,medium,medium,121.7
CVC-ClinicDB,/home/samsul/Documents/Polyp Detection/CVC-ClinicDB/PNG/Original/46.png,cvc_seq_2,0,108,84,223,154,288,384,6339,17608,22878,5.732,large,medium,medium,149.7
CVC-ClinicDB,/home/samsul/Documents/Polyp Detection/CVC-ClinicDB/PNG/Original/460.png,cvc_seq_22,0,208,117,289,201,288,384,5364,14900,19361,4.85,large,medium,medium,137.7
CVC-ClinicDB,/home/samsul/Documents/Polyp Detection/CVC-ClinicDB/PNG/Original/461.png,cvc_seq_22,0,196,58,282,153,288,384,6585,18292,23200,5.954,large,medium,medium,152.6
CVC-ClinicDB,/home/samsul/Documents/Polyp Detection/CVC-ClinicDB/PNG/Original/462.png,cvc_seq_22,0,143,91,245,188,288,384,7591,21086,28039,6.864,large,medium,medium,163.9
CVC-ClinicDB,/home/samsul/Documents/Polyp Detection/CVC-ClinicDB/PNG/Original/463.png,cvc_seq_22,0,145,95,266,225,288,384,11680,32444,44394,10.561,large,large,large,203.2
CVC-ClinicDB,/home/samsul/Documents/Polyp Detection/CVC-ClinicDB/PNG/Original/464.png,cvc_seq_22,0,171,40,268,153,288,384,8512,23644,31033,7.697,large,medium,medium,173.5
CVC-ClinicDB,/home/samsul/Documents/Polyp Detection/CVC-ClinicDB/PNG/Original/465.png,cvc_seq_22,0,129,121,259,247,288,384,12053,33481,46214,10.899,large,large,large,206.5
CVC-ClinicDB,/home/samsul/Documents/Polyp Detection/CVC-ClinicDB/PNG/Original/466.png,cvc_seq_22,0,158,49,269,182,288,384,11347,31519,41689,10.26,large,large,large,200.3
CVC-ClinicDB,/home/samsul/Documents/Polyp Detection/CVC-ClinicDB/PNG/Original/467.png,cvc_seq_23,0,128,48,286,236,288,384,9826,27294,83475,8.885,large,large,large,186.4
CVC-ClinicDB,/home/samsul/Documents/Polyp Detection/CVC-ClinicDB/PNG/Original/468.png,cvc_seq_23,0,102,28,284,189,288,384,11824,32844,82350,10.692,large,large,large,204.5
CVC-ClinicDB,/home/samsul/Documents/Polyp Detection/CVC-ClinicDB/PNG/Original/469.png,cvc_seq_23,0,146,29,311,214,288,384,13356,37100,85767,12.077,large,large,large,217.3
CVC-ClinicDB,/home/samsul/Documents/Polyp Detection/CVC-ClinicDB/PNG/Original/47.png,cvc_seq_2,0,123,119,258,217,288,384,10397,28881,37400,9.401,large,large,medium,191.8
CVC-ClinicDB,/home/samsul/Documents/Polyp Detection/CVC-ClinicDB/PNG/Original/470.png,cvc_seq_23,0,82,92,271,281,288,384,9953,27647,100278,9.0,large,large,large,187.6
CVC-ClinicDB,/home/samsul/Documents/Polyp Detection/CVC-ClinicDB/PNG/Original/471.png,cvc_seq_23,0,106,27,304,258,288,384,21515,59764,128244,19.454,large,large,large,275.9
CVC-ClinicDB,/home/samsul/Documents/Polyp Detection/CVC-ClinicDB/PNG/Original/472.png,cvc_seq_23,0,60,26,319,236,288,384,22982,63839,152389,20.781,large,large,large,285.1
CVC-ClinicDB,/home/samsul/Documents/Polyp Detection/CVC-ClinicDB/PNG/Original/473.png,cvc_seq_23,0,107,27,300,185,288,384,16813,46703,85683,15.203,large,large,large,243.9
CVC-ClinicDB,/home/samsul/Documents/Polyp Detection/CVC-ClinicDB/PNG/Original/474.png,cvc_seq_23,0,88,27,302,203,288,384,18848,52356,105708,17.043,large,large,large,258.2
CVC-ClinicDB,/home/samsul/Documents/Polyp Detection/CVC-ClinicDB/PNG/Original/475.png,cvc_seq_23,0,60,26,309,217,288,384,23771,66031,133333,21.494,large,large,large,290.0
CVC-ClinicDB,/home/samsul/Documents/Polyp Detection/CVC-ClinicDB/PNG/Original/476.png,cvc_seq_23,0,89,27,314,271,288,384,19763,54897,153806,17.87,large,large,large,264.4
CVC-ClinicDB,/home/samsul/Documents/Polyp Detection/CVC-ClinicDB/PNG/Original/477.png,cvc_seq_23,0,84,28,314,274,288,384,19698,54717,158492,17.811,large,large,large,263.9
CVC-ClinicDB,/home/samsul/Documents/Polyp Detection/CVC-ClinicDB/PNG/Original/478.png,cvc_seq_23,0,78,26,318,279,288,384,22694,63039,170039,20.52,large,large,large,283.3
CVC-ClinicDB,/home/samsul/Documents/Polyp Detection/CVC-ClinicDB/PNG/Original/479.png,cvc_seq_24,0,94,86,243,242,288,384,17316,48100,65417,15.658,large,large,large,247.5
CVC-ClinicDB,/home/samsul/Documents/Polyp Detection/CVC-ClinicDB/PNG/Original/48.png,cvc_seq_2,0,65,53,166,120,288,384,5046,14017,19267,4.563,large,medium,medium,133.6
CVC-ClinicDB,/home/samsul/Documents/Polyp Detection/CVC-ClinicDB/PNG/Original/480.png,cvc_seq_24,0,98,86,246,227,288,384,15712,43644,58772,14.207,large,large,large,235.7
CVC-ClinicDB,/home/samsul/Documents/Polyp Detection/CVC-ClinicDB/PNG/Original/481.png,cvc_seq_24,0,106,83,250,225,288,384,15015,41708,57597,13.577,large,large,large,230.4
CVC-ClinicDB,/home/samsul/Documents/Polyp Detection/CVC-ClinicDB/PNG/Original/482.png,cvc_seq_24,0,84,86,252,254,288,384,21633,60092,79336,19.561,large,large,large,276.6
CVC-ClinicDB,/home/samsul/Documents/Polyp Detection/CVC-ClinicDB/PNG/Original/483.png,cvc_seq_24,0,91,78,258,251,288,384,22022,61172,81200,19.913,large,large,large,279.1
CVC-ClinicDB,/home/samsul/Documents/Polyp Detection/CVC-ClinicDB/PNG/Original/484.png,cvc_seq_24,0,113,85,267,243,288,384,18480,51333,68458,16.71,large,large,large,255.7
CVC-ClinicDB,/home/samsul/Documents/Polyp Detection/CVC-ClinicDB/PNG/Original/485.png,cvc_seq_24,0,125,97,263,244,288,384,14550,40417,57144,13.156,large,large,large,226.8
CVC-ClinicDB,/home/samsul/Documents/Polyp Detection/CVC-ClinicDB/PNG/Original/486.png,cvc_seq_24,0,148,162,242,248,288,384,5709,15858,22958,5.162,large,medium,medium,142.1
CVC-ClinicDB,/home/samsul/Documents/Polyp Detection/CVC-ClinicDB/PNG/Original/487.png,cvc_seq_24,0,109,183,246,280,288,384,11517,31992,37567,10.414,large,large,medium,201.8
CVC-ClinicDB,/home/samsul/Documents/Polyp Detection/CVC-ClinicDB/PNG/Original/488.png,cvc_seq_24,0,95,181,236,280,288,384,11974,33261,39444,10.827,large,large,medium,205.8
CVC-ClinicDB,/home/samsul/Documents/Polyp Detection/CVC-ClinicDB/PNG/Original/489.png,cvc_seq_24,0,61,79,272,280,288,384,32065,89069,118956,28.994,large,large,large,336.8
CVC-ClinicDB,/home/samsul/Documents/Polyp Detection/CVC-ClinicDB/PNG/Original/49.png,cvc_seq_2,0,95,187,229,270,288,384,8882,24672,31500,8.031,large,medium,medium,177.2
CVC-ClinicDB,/home/samsul/Documents/Polyp Detection/CVC-ClinicDB/PNG/Original/490.png,cvc_seq_24,0,76,26,349,280,288,384,54148,150411,194083,48.962,large,large,large,437.6
CVC-ClinicDB,/home/samsul/Documents/Polyp Detection/CVC-ClinicDB/PNG/Original/491.png,cvc_seq_24,0,134,27,296,208,288,384,20733,57592,82406,18.747,large,large,large,270.8
CVC-ClinicDB,/home/samsul/Documents/Polyp Detection/CVC-ClinicDB/PNG/Original/492.png,cvc_seq_24,0,137,104,322,259,288,384,22665,62958,80600,20.494,large,large,large,283.1
CVC-ClinicDB,/home/samsul/Documents/Polyp Detection/CVC-ClinicDB/PNG/Original/493.png,cvc_seq_24,0,142,130,318,274,288,384,20898,58050,71292,18.896,large,large,large,271.9
CVC-ClinicDB,/home/samsul/Documents/Polyp Detection/CVC-ClinicDB/PNG/Original/494.png,cvc_seq_24,0,153,144,326,280,288,384,17980,49944,66217,16.258,large,large,large,252.2
CVC-ClinicDB,/home/samsul/Documents/Polyp Detection/CVC-ClinicDB/PNG/Original/495.png,cvc_seq_24,0,112,122,279,280,288,384,20606,57239,74200,18.632,large,large,large,270.0
CVC-ClinicDB,/home/samsul/Documents/Polyp Detection/CVC-ClinicDB/PNG/Original/496.png,cvc_seq_24,0,107,131,270,280,288,384,18881,52447,68333,17.073,large,large,large,258.4
CVC-ClinicDB,/home/samsul/Documents/Polyp Detection/CVC-ClinicDB/PNG/Original/497.png,cvc_seq_24,0,61,57,293,280,288,384,39545,109847,144978,35.758,large,large,large,374.0
CVC-ClinicDB,/home/samsul/Documents/Polyp Detection/CVC-ClinicDB/PNG/Original/498.png,cvc_seq_24,0,100,80,291,278,288,384,28690,79694,106133,25.942,large,large,large,318.5
CVC-ClinicDB,/home/samsul/Documents/Polyp Detection/CVC-ClinicDB/PNG/Original/499.png,cvc_seq_24,0,110,86,295,278,288,384,26694,74150,99717,24.137,large,large,large,307.3
CVC-ClinicDB,/home/samsul/Documents/Polyp Detection/CVC-ClinicDB/PNG/Original/5.png,cvc_seq_1,0,40,135,259,279,288,384,18721,52003,88611,16.928,large,large,large,257.3
CVC-ClinicDB,/home/samsul/Documents/Polyp Detection/CVC-ClinicDB/PNG/Original/50.png,cvc_seq_2,0,155,97,226,156,288,384,2944,8178,12000,2.662,medium,medium,medium,102.0
CVC-ClinicDB,/home/samsul/Documents/Polyp Detection/CVC-ClinicDB/PNG/Original/500.png,cvc_seq_24,0,151,103,295,249,288,384,14733,40925,59208,13.322,large,large,large,228.3
CVC-ClinicDB,/home/samsul/Documents/Polyp Detection/CVC-ClinicDB/PNG/Original/501.png,cvc_seq_24,0,153,128,307,279,288,384,16924,47011,65444,15.303,large,large,large,244.7
CVC-ClinicDB,/home/samsul/Documents/Polyp Detection/CVC-ClinicDB/PNG/Original/502.png,cvc_seq_24,0,136,115,296,278,288,384,19603,54453,73344,17.726,large,large,large,263.3
CVC-ClinicDB,/home/samsul/Documents/Polyp Detection/CVC-ClinicDB/PNG/Original/503.png,cvc_seq_24,0,117,110,288,280,288,384,22955,63764,81700,20.756,large,large,large,284.9
CVC-ClinicDB,/home/samsul/Documents/Polyp Detection/CVC-ClinicDB/PNG/Original/504.png,cvc_seq_25,0,105,141,204,267,288,384,10090,28028,35278,9.124,large,large,medium,188.9
CVC-ClinicDB,/home/samsul/Documents/Polyp Detection/CVC-ClinicDB/PNG/Original/505.png,cvc_seq_25,0,72,79,194,239,288,384,15216,42267,55008,13.759,large,large,large,232.0
CVC-ClinicDB,/home/samsul/Documents/Polyp Detection/CVC-ClinicDB/PNG/Original/506.png,cvc_seq_25,0,43,46,255,280,288,384,44695,124153,139042,40.414,large,large,large,397.6
CVC-ClinicDB,/home/samsul/Documents/Polyp Detection/CVC-ClinicDB/PNG/Original/507.png,cvc_seq_25,0,44,83,302,280,288,384,41092,114144,142450,37.156,large,large,large,381.2
CVC-ClinicDB,/home/samsul/Documents/Polyp Detection/CVC-ClinicDB/PNG/Original/508.png,cvc_seq_25,0,149,101,279,260,288,384,16435,45653,58222,14.861,large,large,large,241.1
CVC-ClinicDB,/home/samsul/Documents/Polyp Detection/CVC-ClinicDB/PNG/Original/509.png,cvc_seq_25,0,173,77,286,227,288,384,12498,34717,47817,11.301,large,large,large,210.2
CVC-ClinicDB,/home/samsul/Documents/Polyp Detection/CVC-ClinicDB/PNG/Original/51.png,cvc_seq_3,0,169,153,202,195,288,384,1081,3003,4061,0.977,medium,medium,small,61.8
CVC-ClinicDB,/home/samsul/Documents/Polyp Detection/CVC-ClinicDB/PNG/Original/510.png,cvc_seq_25,0,191,63,295,205,288,384,11543,32064,41708,10.437,large,large,large,202.1
CVC-ClinicDB,/home/samsul/Documents/Polyp Detection/CVC-ClinicDB/PNG/Original/511.png,cvc_seq_25,0,106,77,187,186,288,384,6983,19397,25056,6.314,large,medium,medium,157.2
CVC-ClinicDB,/home/samsul/Documents/Polyp Detection/CVC-ClinicDB/PNG/Original/512.png,cvc_seq_25,0,146,143,244,239,288,384,6611,18364,26675,5.978,large,medium,medium,152.9
CVC-ClinicDB,/home/samsul/Documents/Polyp Detection/CVC-ClinicDB/PNG/Original/513.png,cvc_seq_25,0,118,99,229,200,288,384,7785,21625,31733,7.039,large,medium,medium,165.9
CVC-ClinicDB,/home/samsul/Documents/Polyp Detection/CVC-ClinicDB/PNG/Original/514.png,cvc_seq_25,0,173,136,325,232,288,384,10401,28892,41225,9.405,large,large,large,191.8
CVC-ClinicDB,/home/samsul/Documents/Polyp Detection/CVC-ClinicDB/PNG/Original/515.png,cvc_seq_25,0,146,129,283,221,288,384,8534,23706,35650,7.717,large,medium,medium,173.7
CVC-ClinicDB,/home/samsul/Documents/Polyp Detection/CVC-ClinicDB/PNG/Original/516.png,cvc_seq_25,0,134,115,253,257,288,384,13278,36883,47667,12.006,large,large,large,216.7
CVC-ClinicDB,/home/samsul/Documents/Polyp Detection/CVC-ClinicDB/PNG/Original/517.png,cvc_seq_25,0,72,172,184,273,288,384,8382,23283,32017,7.579,large,medium,medium,172.2
CVC-ClinicDB,/home/samsul/Documents/Polyp Detection/CVC-ClinicDB/PNG/Original/518.png,cvc_seq_25,0,91,167,194,257,288,384,6944,19289,26289,6.279,large,medium,medium,156.7
CVC-ClinicDB,/home/samsul/Documents/Polyp Detection/CVC-ClinicDB/PNG/Original/519.png,cvc_seq_25,0,154,115,314,265,288,384,17452,48478,67531,15.781,large,large,large,248.4
CVC-ClinicDB,/home/samsul/Documents/Polyp Detection/CVC-ClinicDB/PNG/Original/52.png,cvc_seq_3,0,221,98,254,136,288,384,1050,2917,3683,0.949,medium,medium,small,60.9
CVC-ClinicDB,/home/samsul/Documents/Polyp Detection/CVC-ClinicDB/PNG/Original/520.png,cvc_seq_25,0,72,137,267,279,288,384,21827,60631,77856,19.737,large,large,large,277.8
CVC-ClinicDB,/home/samsul/Documents/Polyp Detection/CVC-ClinicDB/PNG/Original/521.png,cvc_seq_25,0,105,121,237,226,288,384,10150,28194,39161,9.178,large,large,medium,189.5
CVC-ClinicDB,/home/samsul/Documents/Polyp Detection/CVC-ClinicDB/PNG/Original/522.png,cvc_seq_25,0,80,121,193,206,288,384,7477,20769,27233,6.761,large,medium,medium,162.6
CVC-ClinicDB,/home/samsul/Documents/Polyp Detection/CVC-ClinicDB/PNG/Original/523.png,cvc_seq_25,0,66,178,155,248,288,384,4861,13503,17750,4.395,large,medium,medium,131.1
CVC-ClinicDB,/home/samsul/Documents/Polyp Detection/CVC-ClinicDB/PNG/Original/524.png,cvc_seq_25,0,104,147,290,280,288,384,19764,54900,69606,17.871,large,large,large,264.4
CVC-ClinicDB,/home/samsul/Documents/Polyp Detection/CVC-ClinicDB/PNG/Original/525.png,cvc_seq_25,0,110,176,243,280,288,384,10931,30364,39083,9.884,large,large,medium,196.6
CVC-ClinicDB,/home/samsul/Documents/Polyp Detection/CVC-ClinicDB/PNG/Original/526.png,cvc_seq_25,0,117,104,234,202,288,384,8567,23797,32450,7.746,large,medium,medium,174.1
CVC-ClinicDB,/home/samsul/Documents/Polyp Detection/CVC-ClinicDB/PNG/Original/527.png,cvc_seq_25,0,155,199,279,280,288,384,8483,23564,28472,7.671,large,medium,medium,173.2
CVC-ClinicDB,/home/samsul/Documents/Polyp Detection/CVC-ClinicDB/PNG/Original/528.png,cvc_seq_25,0,159,109,292,210,288,384,10623,29508,37967,9.606,large,large,medium,193.8
CVC-ClinicDB,/home/samsul/Documents/Polyp Detection/CVC-ClinicDB/PNG/Original/529.png,cvc_seq_26,0,187,120,230,197,288,384,2610,7250,9533,2.36,medium,medium,small,96.1
CVC-ClinicDB,/home/samsul/Documents/Polyp Detection/CVC-ClinicDB/PNG/Original/53.png,cvc_seq_3,0,279,148,310,181,288,384,819,2275,3022,0.741,medium,small,small,53.8
CVC-ClinicDB,/home/samsul/Documents/Polyp Detection/CVC-ClinicDB/PNG/Original/530.png,cvc_seq_26,0,152,65,194,139,288,384,2533,7036,8958,2.29,medium,medium,small,94.6
CVC-ClinicDB,/home/samsul/Documents/Polyp Detection/CVC-ClinicDB/PNG/Original/531.png,cvc_seq_26,0,183,131,232,207,288,384,2916,8100,10694,2.637,medium,medium,medium,101.6
CVC-ClinicDB,/home/samsul/Documents/Polyp Detection/CVC-ClinicDB/PNG/Original/532.png,cvc_seq_26,0,223,44,278,130,288,384,3527,9797,13533,3.189,large,medium,medium,111.7
CVC-ClinicDB,/home/samsul/Documents/Polyp Detection/CVC-ClinicDB/PNG/Original/533.png,cvc_seq_26,0,211,49,268,157,288,384,4749,13192,17561,4.294,large,medium,medium,129.6
CVC-ClinicDB,/home/samsul/Documents/Polyp Detection/CVC-ClinicDB/PNG/Original/534.png,cvc_seq_26,0,211,86,274,207,288,384,6125,17014,21689,5.538,large,medium,medium,147.2
CVC-ClinicDB,/home/samsul/Documents/Polyp Detection/CVC-ClinicDB/PNG/Original/535.png,cvc_seq_26,0,205,85,275,204,288,384,6495,18042,23667,5.873,large,medium,medium,151.6
CVC-ClinicDB,/home/samsul/Documents/Polyp Detection/CVC-ClinicDB/PNG/Original/536.png,cvc_seq_26,0,84,125,151,247,288,384,6836,18989,23233,6.181,large,medium,medium,155.5
CVC-ClinicDB,/home/samsul/Documents/Polyp Detection/CVC-ClinicDB/PNG/Original/537.png,cvc_seq_26,0,206,65,268,158,288,384,4375,12153,16450,3.956,large,medium,medium,124.4
CVC-ClinicDB,/home/samsul/Documents/Polyp Detection/CVC-ClinicDB/PNG/Original/538.png,cvc_seq_26,0,222,76,284,177,288,384,4543,12619,17850,4.108,large,medium,medium,126.8
CVC-ClinicDB,/home/samsul/Documents/Polyp Detection/CVC-ClinicDB/PNG/Original/539.png,cvc_seq_26,0,242,64,323,195,288,384,7401,20558,30067,6.692,large,medium,medium,161.8
CVC-ClinicDB,/home/samsul/Documents/Polyp Detection/CVC-ClinicDB/PNG/Original/54.png,cvc_seq_3,0,272,128,296,152,288,384,444,1233,1736,0.401,medium,small,small,39.6
CVC-ClinicDB,/home/samsul/Documents/Polyp Detection/CVC-ClinicDB/PNG/Original/540.png,cvc_seq_26,0,84,52,185,229,288,384,13663,37953,50433,12.354,large,large,large,219.8
CVC-ClinicDB,/home/samsul/Documents/Polyp Detection/CVC-ClinicDB/PNG/Original/541.png,cvc_seq_26,0,143,50,205,161,288,384,5463,15175,19600,4.94,large,medium,medium,139.0
CVC-ClinicDB,/home/samsul/Documents/Polyp Detection/CVC-ClinicDB/PNG/Original/542.png,cvc_seq_26,0,119,71,185,190,288,384,6357,17658,22333,5.748,large,medium,medium,149.9
CVC-ClinicDB,/home/samsul/Documents/Polyp Detection/CVC-ClinicDB/PNG/Original/543.png,cvc_seq_26,0,189,34,276,174,288,384,9204,25567,34467,8.322,large,medium,medium,180.4
CVC-ClinicDB,/home/samsul/Documents/Polyp Detection/CVC-ClinicDB/PNG/Original/544.png,cvc_seq_26,0,94,44,199,213,288,384,14066,39072,50056,12.719,large,large,large,223.0
CVC-ClinicDB,/home/samsul/Documents/Polyp Detection/CVC-ClinicDB/PNG/Original/545.png,cvc_seq_26,0,113,66,182,183,288,384,6278,17439,22944,5.677,large,medium,medium,149.0
CVC-ClinicDB,/home/samsul/Documents/Polyp Detection/CVC-ClinicDB/PNG/Original/546.png,cvc_seq_26,0,134,50,207,160,288,384,6015,16708,22817,5.439,large,medium,medium,145.9
CVC-ClinicDB,/home/samsul/Documents/Polyp Detection/CVC-ClinicDB/PNG/Original/547.png,cvc_seq_27,0,187,134,230,177,288,384,1429,3969,5378,1.292,medium,medium,small,71.1
CVC-ClinicDB,/home/samsul/Documents/Polyp Detection/CVC-ClinicDB/PNG/Original/547.png,cvc_seq_27,1,49,176,120,237,288,384,3386,9406,12400,3.062,large,medium,medium,109.4
CVC-ClinicDB,/home/samsul/Documents/Polyp Detection/CVC-ClinicDB/PNG/Original/548.png,cvc_seq_27,0,192,140,247,197,288,384,2483,6897,9022,2.245,medium,medium,small,93.7
CVC-ClinicDB,/home/samsul/Documents/Polyp Detection/CVC-ClinicDB/PNG/Original/548.png,cvc_seq_27,1,46,193,120,263,288,384,3987,11075,14792,3.605,large,medium,medium,118.7
CVC-ClinicDB,/home/samsul/Documents/Polyp Detection/CVC-ClinicDB/PNG/Original/549.png,cvc_seq_27,0,117,120,155,164,288,384,1172,3256,4875,1.06,medium,medium,small,64.4
CVC-ClinicDB,/home/samsul/Documents/Polyp Detection/CVC-ClinicDB/PNG/Original/549.png,cvc_seq_27,1,42,156,64,211,288,384,825,2292,3578,0.746,medium,small,small,54.0
CVC-ClinicDB,/home/samsul/Documents/Polyp Detection/CVC-ClinicDB/PNG/Original/55.png,cvc_seq_3,0,301,110,330,138,288,384,665,1847,2417,0.601,medium,small,small,48.5
CVC-ClinicDB,/home/samsul/Documents/Polyp Detection/CVC-ClinicDB/PNG/Original/550.png,cvc_seq_27,0,256,154,298,195,288,384,1414,3928,5017,1.279,medium,medium,small,70.7
CVC-ClinicDB,/home/samsul/Documents/Polyp Detection/CVC-ClinicDB/PNG/Original/550.png,cvc_seq_27,1,105,199,202,262,288,384,4714,13094,17422,4.263,large,medium,medium,129.1
CVC-ClinicDB,/home/samsul/Documents/Polyp Detection/CVC-ClinicDB/PNG/Original/551.png,cvc_seq_27,0,255,152,296,194,288,384,1353,3758,5017,1.223,medium,medium,small,69.2
CVC-ClinicDB,/home/samsul/Documents/Polyp Detection/CVC-ClinicDB/PNG/Original/551.png,cvc_seq_27,1,106,199,203,260,288,384,4830,13417,16878,4.367,large,medium,medium,130.7
CVC-ClinicDB,/home/samsul/Documents/Polyp Detection/CVC-ClinicDB/PNG/Original/552.png,cvc_seq_27,0,252,99,285,136,288,384,972,2700,3589,0.879,medium,small,small,58.6
CVC-ClinicDB,/home/samsul/Documents/Polyp Detection/CVC-ClinicDB/PNG/Original/552.png,cvc_seq_27,1,90,136,192,200,288,384,5255,14597,18597,4.752,large,medium,medium,136.3
CVC-ClinicDB,/home/samsul/Documents/Polyp Detection/CVC-ClinicDB/PNG/Original/553.png,cvc_seq_27,0,255,115,294,159,288,384,1366,3794,5000,1.235,medium,medium,small,69.5
CVC-ClinicDB,/home/samsul/Documents/Polyp Detection/CVC-ClinicDB/PNG/Original/553.png,cvc_seq_27,1,80,168,185,247,288,384,6526,18128,23556,5.901,large,medium,medium,151.9
CVC-ClinicDB,/home/samsul/Documents/Polyp Detection/CVC-ClinicDB/PNG/Original/554.png,cvc_seq_27,0,260,107,301,155,288,384,1566,4350,5717,1.416,medium,medium,small,74.4
CVC-ClinicDB,/home/samsul/Documents/Polyp Detection/CVC-ClinicDB/PNG/Original/554.png,cvc_seq_27,1,79,163,186,247,288,384,7276,20211,25500,6.579,large,medium,medium,160.4
CVC-ClinicDB,/home/samsul/Documents/Polyp Detection/CVC-ClinicDB/PNG/Original/555.png,cvc_seq_27,0,243,87,282,129,288,384,1211,3364,4778,1.095,medium,medium,small,65.4
CVC-ClinicDB,/home/samsul/Documents/Polyp Detection/CVC-ClinicDB/PNG/Original/555.png,cvc_seq_27,1,68,128,172,204,288,384,6149,17081,22458,5.56,large,medium,medium,147.5
CVC-ClinicDB,/home/samsul/Documents/Polyp Detection/CVC-ClinicDB/PNG/Original/556.png,cvc_seq_27,0,267,96,301,134,288,384,996,2767,3792,0.901,medium,small,small,59.4
CVC-ClinicDB,/home/samsul/Documents/Polyp Detection/CVC-ClinicDB/PNG/Original/556.png,cvc_seq_27,1,99,132,206,207,288,384,6175,17153,22800,5.584,large,medium,medium,147.8
CVC-ClinicDB,/home/samsul/Documents/Polyp Detection/CVC-ClinicDB/PNG/Original/557.png,cvc_seq_27,0,219,93,256,135,288,384,1213,3369,4539,1.097,medium,medium,small,65.5
CVC-ClinicDB,/home/samsul/Documents/Polyp Detection/CVC-ClinicDB/PNG/Original/557.png,cvc_seq_27,1,63,133,154,202,288,384,4596,12767,17889,4.156,large,medium,medium,127.5
CVC-ClinicDB,/home/samsul/Documents/Polyp Detection/CVC-ClinicDB/PNG/Original/558.png,cvc_seq_27,0,232,96,266,132,288,384,991,2753,3597,0.896,medium,small,small,59.2
CVC-ClinicDB,/home/samsul/Documents/Polyp Detection/CVC-ClinicDB/PNG/Original/558.png,cvc_seq_27,1,81,131,178,196,288,384,4716,13100,17967,4.264,large,medium,medium,129.1
CVC-ClinicDB,/home/samsul/Documents/Polyp Detection/CVC-ClinicDB/PNG/Original/559.png,cvc_seq_27,0,86,99,108,122,288,384,372,1033,1533,0.336,medium,small,small,36.3
CVC-ClinicDB,/home/samsul/Documents/Polyp Detection/CVC-ClinicDB/PNG/Original/56.png,cvc_seq_3,0,215,200,273,259,288,384,2826,7850,9833,2.555,medium,medium,small,100.0
CVC-ClinicDB,/home/samsul/Documents/Polyp Detection/CVC-ClinicDB/PNG/Original/560.png,cvc_seq_27,0,188,95,222,128,288,384,830,2306,3306,0.751,medium,small,small,54.2
CVC-ClinicDB,/home/samsul/Documents/Polyp Detection/CVC-ClinicDB/PNG/Original/560.png,cvc_seq_27,1,68,122,141,175,288,384,3120,8667,11100,2.821,medium,medium,medium,105.0
CVC-ClinicDB,/home/samsul/Documents/Polyp Detection/CVC-ClinicDB/PNG/Original/561.png,cvc_seq_27,0,183,110,227,152,288,384,1450,4028,5375,1.311,medium,medium,small,71.6
CVC-ClinicDB,/home/samsul/Documents/Polyp Detection/CVC-ClinicDB/PNG/Original/561.png,cvc_seq_27,1,54,144,136,213,288,384,4278,11883,16139,3.868,large,medium,medium,123.0
CVC-ClinicDB,/home/samsul/Documents/Polyp Detection/CVC-ClinicDB/PNG/Original/562.png,cvc_seq_27,0,191,128,240,176,288,384,1840,5111,6806,1.664,medium,medium,small,80.7
CVC-ClinicDB,/home/samsul/Documents/Polyp Detection/CVC-ClinicDB/PNG/Original/562.png,cvc_seq_27,1,52,171,134,249,288,384,5262,14617,18214,4.758,large,medium,medium,136.4
CVC-ClinicDB,/home/samsul/Documents/Polyp Detection/CVC-ClinicDB/PNG/Original/563.png,cvc_seq_27,0,209,169,356,281,288,384,12350,34306,46456,11.167,large,large,large,209.0
CVC-ClinicDB,/home/samsul/Documents/Polyp Detection/CVC-ClinicDB/PNG/Original/564.png,cvc_seq_27,0,186,106,358,247,288,384,13382,37172,68239,12.1,large,large,large,217.6
CVC-ClinicDB,/home/samsul/Documents/Polyp Detection/CVC-ClinicDB/PNG/Original/565.png,cvc_seq_27,0,224,112,268,158,288,384,1667,4631,5875,1.507,medium,medium,small,76.8
CVC-ClinicDB,/home/samsul/Documents/Polyp Detection/CVC-ClinicDB/PNG/Original/565.png,cvc_seq_27,1,82,167,187,251,288,384,7713,21425,25028,6.974,large,medium,medium,165.2
CVC-ClinicDB,/home/samsul/Documents/Polyp Detection/CVC-ClinicDB/PNG/Original/566.png,cvc_seq_27,0,157,85,194,118,288,384,842,2339,3589,0.761,medium,small,small,54.6
CVC-ClinicDB,/home/samsul/Documents/Polyp Detection/CVC-ClinicDB/PNG/Original/566.png,cvc_seq_27,1,42,102,107,156,288,384,2630,7306,10083,2.378,medium,medium,medium,96.4
CVC-ClinicDB,/home/samsul/Documents/Polyp Detection/CVC-ClinicDB/PNG/Original/567.png,cvc_seq_27,0,174,96,210,128,288,384,831,2308,3392,0.751,medium,small,small,54.2
CVC-ClinicDB,/home/samsul/Documents/Polyp Detection/CVC-ClinicDB/PNG/Original/567.png,cvc_seq_27,1,59,112,133,162,288,384,2795,7764,10625,2.527,medium,medium,medium,99.4
CVC-ClinicDB,/home/samsul/Documents/Polyp Detection/CVC-ClinicDB/PNG/Original/568.png,cvc_seq_27,0,198,122,226,148,288,384,567,1575,2175,0.513,medium,small,small,44.8
CVC-ClinicDB,/home/samsul/Documents/Polyp Detection/CVC-ClinicDB/PNG/Original/568.png,cvc_seq_27,1,122,145,164,179,288,384,788,2189,4181,0.713,medium,small,small,52.8
CVC-ClinicDB,/home/samsul/Documents/Polyp Detection/CVC-ClinicDB/PNG/Original/569.png,cvc_seq_27,0,140,126,168,154,288,384,581,1614,2336,0.525,medium,small,small,45.3
CVC-ClinicDB,/home/samsul/Documents/Polyp Detection/CVC-ClinicDB/PNG/Original/569.png,cvc_seq_27,1,52,142,103,188,288,384,1960,5444,6789,1.772,medium,medium,small,83.3
CVC-ClinicDB,/home/samsul/Documents/Polyp Detection/CVC-ClinicDB/PNG/Original/57.png,cvc_seq_3,0,231,176,269,218,288,384,1354,3761,4658,1.224,medium,medium,small,69.2
CVC-ClinicDB,/home/samsul/Documents/Polyp Detection/CVC-ClinicDB/PNG/Original/570.png,cvc_seq_27,0,102,131,146,176,288,384,1428,3967,5750,1.291,medium,medium,small,71.1
CVC-ClinicDB,/home/samsul/Documents/Polyp Detection/CVC-ClinicDB/PNG/Original/570.png,cvc_seq_27,1,42,157,60,212,288,384,575,1597,2956,0.52,medium,small,small,45.1
CVC-ClinicDB,/home/samsul/Documents/Polyp Detection/CVC-ClinicDB/PNG/Original/571.png,cvc_seq_27,0,189,108,223,156,288,384,966,2683,4764,0.873,medium,small,small,58.4
CVC-ClinicDB,/home/samsul/Documents/Polyp Detection/CVC-ClinicDB/PNG/Original/571.png,cvc_seq_27,1,74,125,149,180,288,384,3172,8811,11822,2.868,medium,medium,medium,105.9
CVC-ClinicDB,/home/samsul/Documents/Polyp Detection/CVC-ClinicDB/PNG/Original/572.png,cvc_seq_28,0,261,85,352,153,288,384,4436,12322,17633,4.011,large,medium,medium,125.3
CVC-ClinicDB,/home/samsul/Documents/Polyp Detection/CVC-ClinicDB/PNG/Original/573.png,cvc_seq_28,0,279,93,345,147,288,384,2464,6844,10236,2.228,medium,medium,medium,93.3
CVC-ClinicDB,/home/samsul/Documents/Polyp Detection/CVC-ClinicDB/PNG/Original/574.png,cvc_seq_28,0,270,108,341,158,288,384,2261,6281,10200,2.044,medium,medium,medium,89.4
CVC-ClinicDB,/home/samsul/Documents/Polyp Detection/CVC-ClinicDB/PNG/Original/575.png,cvc_seq_28,0,169,27,280,113,288,384,4562,12672,27067,4.125,large,medium,medium,127.0
CVC-ClinicDB,/home/samsul/Documents/Polyp Detection/CVC-ClinicDB/PNG/Original/576.png,cvc_seq_28,0,59,23,274,109,288,384,5649,15692,52200,5.108,large,medium,large,141.3
CVC-ClinicDB,/home/samsul/Documents/Polyp Detection/CVC-ClinicDB/PNG/Original/577.png,cvc_seq_28,0,77,13,293,103,288,384,5574,15483,54853,5.04,large,medium,large,140.4
CVC-ClinicDB,/home/samsul/Documents/Polyp Detection/CVC-ClinicDB/PNG/Original/578.png,cvc_seq_28,0,126,14,299,88,288,384,5522,15339,36250,4.993,large,medium,medium,139.8
CVC-ClinicDB,/home/samsul/Documents/Polyp Detection/CVC-ClinicDB/PNG/Original/579.png,cvc_seq_28,0,73,13,332,117,288,384,12943,35953,75833,11.703,large,large,large,214.0
CVC-ClinicDB,/home/samsul/Documents/Polyp Detection/CVC-ClinicDB/PNG/Original/58.png,cvc_seq_3,0,247,138,285,183,288,384,1341,3725,4983,1.213,medium,medium,small,68.9
CVC-ClinicDB,/home/samsul/Documents/Polyp Detection/CVC-ClinicDB/PNG/Original/580.png,cvc_seq_28,0,59,13,328,126,288,384,15644,43456,85500,14.146,large,large,large,235.2
CVC-ClinicDB,/home/samsul/Documents/Polyp Detection/CVC-ClinicDB/PNG/Original/581.png,cvc_seq_28,0,43,13,303,135,288,384,18509,51414,89175,16.736,large,large,large,255.9
CVC-ClinicDB,/home/samsul/Documents/Polyp Detection/CVC-ClinicDB/PNG/Original/582.png,cvc_seq_28,0,189,86,305,184,288,384,8712,24200,32175,7.878,large,medium,medium,175.5
CVC-ClinicDB,/home/samsul/Documents/Polyp Detection/CVC-ClinicDB/PNG/Original/583.png,cvc_seq_28,0,232,102,311,184,288,384,5130,14250,18444,4.639,large,medium,medium,134.7
CVC-ClinicDB,/home/samsul/Documents/Polyp Detection/CVC-ClinicDB/PNG/Original/584.png,cvc_seq_28,0,250,128,320,186,288,384,3078,8550,11636,2.783,medium,medium,medium,104.3
CVC-ClinicDB,/home/samsul/Documents/Polyp Detection/CVC-ClinicDB/PNG/Original/585.png,cvc_seq_28,0,263,120,332,178,288,384,2415,6708,11472,2.184,medium,medium,medium,92.4
CVC-ClinicDB,/home/samsul/Documents/Polyp Detection/CVC-ClinicDB/PNG/Original/586.png,cvc_seq_28,0,232,96,318,166,288,384,4440,12333,17158,4.015,large,medium,medium,125.3
CVC-ClinicDB,/home/samsul/Documents/Polyp Detection/CVC-ClinicDB/PNG/Original/587.png,cvc_seq_28,0,252,103,315,157,288,384,2559,7108,9778,2.314,medium,medium,small,95.1
CVC-ClinicDB,/home/samsul/Documents/Polyp Detection/CVC-ClinicDB/PNG/Original/588.png,cvc_seq_28,0,255,105,311,155,288,384,2184,6067,8075,1.975,medium,medium,small,87.9
CVC-ClinicDB,/home/samsul/Documents/Polyp Detection/CVC-ClinicDB/PNG/Original/589.png,cvc_seq_28,0,251,75,309,129,288,384,2450,6806,9014,2.215,medium,medium,small,93.1
CVC-ClinicDB,/home/samsul/Documents/Polyp Detection/CVC-ClinicDB/PNG/Original/59.png,cvc_seq_3,0,251,194,285,237,288,384,1155,3208,4278,1.044,medium,medium,small,63.9
CVC-ClinicDB,/home/samsul/Documents/Polyp Detection/CVC-ClinicDB/PNG/Original/590.png,cvc_seq_28,0,211,87,268,135,288,384,2147,5964,7894,1.941,medium,medium,small,87.1
CVC-ClinicDB,/home/samsul/Documents/Polyp Detection/CVC-ClinicDB/PNG/Original/591.png,cvc_seq_28,0,210,85,265,130,288,384,1963,5453,7156,1.775,medium,medium,small,83.3
CVC-ClinicDB,/home/samsul/Documents/Polyp Detection/CVC-ClinicDB/PNG/Original/592.png,cvc_seq_29,0,173,214,286,272,288,384,4798,13328,18683,4.338,large,medium,medium,130.3
CVC-ClinicDB,/home/samsul/Documents/Polyp Detection/CVC-ClinicDB/PNG/Original/593.png,cvc_seq_29,0,179,206,285,265,288,384,4523,12564,17833,4.09,large,medium,medium,126.5
CVC-ClinicDB,/home/samsul/Documents/Polyp Detection/CVC-ClinicDB/PNG/Original/594.png,cvc_seq_29,0,182,185,289,241,288,384,4399,12219,17100,3.978,large,medium,medium,124.7
CVC-ClinicDB,/home/samsul/Documents/Polyp Detection/CVC-ClinicDB/PNG/Original/595.png,cvc_seq_29,0,171,167,264,211,288,384,2816,7822,11750,2.546,medium,medium,medium,99.8
CVC-ClinicDB,/home/samsul/Documents/Polyp Detection/CVC-ClinicDB/PNG/Original/596.png,cvc_seq_29,0,168,194,245,231,288,384,2101,5836,8233,1.9,medium,medium,small,86.2
CVC-ClinicDB,/home/samsul/Documents/Polyp Detection/CVC-ClinicDB/PNG/Original/597.png,cvc_seq_29,0,176,188,239,214,288,384,1114,3094,4800,1.007,medium,medium,small,62.8
CVC-ClinicDB,/home/samsul/Documents/Polyp Detection/CVC-ClinicDB/PNG/Original/598.png,cvc_seq_29,0,175,214,260,254,288,384,2590,7194,9794,2.342,medium,medium,small,95.7
CVC-ClinicDB,/home/samsul/Documents/Polyp Detection/CVC-ClinicDB/PNG/Original/599.png,cvc_seq_29,0,176,204,267,256,288,384,3690,10250,13544,3.337,large,medium,medium,114.2
CVC-ClinicDB,/home/samsul/Documents/Polyp Detection/CVC-ClinicDB/PNG/Original/6.png,cvc_seq_1,0,40,101,215,279,288,384,20355,56542,87511,18.405,large,large,large,268.3
CVC-ClinicDB,/home/samsul/Documents/Polyp Detection/CVC-ClinicDB/PNG/Original/60.png,cvc_seq_3,0,242,81,294,148,288,384,2734,7594,10011,2.472,medium,medium,medium,98.3
CVC-ClinicDB,/home/samsul/Documents/Polyp Detection/CVC-ClinicDB/PNG/Original/600.png,cvc_seq_29,0,105,201,243,279,288,384,8216,22822,30503,7.429,large,medium,medium,170.5
CVC-ClinicDB,/home/samsul/Documents/Polyp Detection/CVC-ClinicDB/PNG/Original/601.png,cvc_seq_29,0,117,200,238,265,288,384,5975,16597,22367,5.403,large,medium,medium,145.4
CVC-ClinicDB,/home/samsul/Documents/Polyp Detection/CVC-ClinicDB/PNG/Original/602.png,cvc_seq_29,0,112,186,240,252,288,384,6334,17594,24008,5.727,large,medium,medium,149.7
CVC-ClinicDB,/home/samsul/Documents/Polyp Detection/CVC-ClinicDB/PNG/Original/603.png,cvc_seq_29,0,107,155,249,224,288,384,7524,20900,27806,6.803,large,medium,medium,163.1
CVC-ClinicDB,/home/samsul/Documents/Polyp Detection/CVC-ClinicDB/PNG/Original/604.png,cvc_seq_29,0,102,160,245,224,288,384,6577,18269,26000,5.947,large,medium,medium,152.5
CVC-ClinicDB,/home/samsul/Documents/Polyp Detection/CVC-ClinicDB/PNG/Original/605.png,cvc_seq_29,0,130,80,176,169,288,384,2823,7842,11750,2.553,medium,medium,medium,99.9
CVC-ClinicDB,/home/samsul/Documents/Polyp Detection/CVC-ClinicDB/PNG/Original/606.png,cvc_seq_29,0,106,115,164,208,288,384,3496,9711,15406,3.161,large,medium,medium,111.2
CVC-ClinicDB,/home/samsul/Documents/Polyp Detection/CVC-ClinicDB/PNG/Original/607.png,cvc_seq_29,0,115,131,149,200,288,384,1955,5431,6806,1.768,medium,medium,small,83.2
CVC-ClinicDB,/home/samsul/Documents/Polyp Detection/CVC-ClinicDB/PNG/Original/608.png,cvc_seq_29,0,147,170,240,208,288,384,2792,7756,10183,2.525,medium,medium,medium,99.4
CVC-ClinicDB,/home/samsul/Documents/Polyp Detection/CVC-ClinicDB/PNG/Original/609.png,cvc_seq_29,0,139,176,249,227,288,384,4095,11375,16033,3.703,large,medium,medium,120.3
CVC-ClinicDB,/home/samsul/Documents/Polyp Detection/CVC-ClinicDB/PNG/Original/61.png,cvc_seq_3,0,286,57,335,112,288,384,2189,6081,7778,1.979,medium,medium,small,88.0
CVC-ClinicDB,/home/samsul/Documents/Polyp Detection/CVC-ClinicDB/PNG/Original/610.png,cvc_seq_29,0,177,203,286,252,288,384,4264,11844,15278,3.856,large,medium,medium,122.8
CVC-ClinicDB,/home/samsul/Documents/Polyp Detection/CVC-ClinicDB/PNG/Original/611.png,cvc_seq_29,0,147,203,253,249,288,384,3978,11050,13969,3.597,large,medium,medium,118.6
CVC-ClinicDB,/home/samsul/Documents/Polyp Detection/CVC-ClinicDB/PNG/Original/612.png,cvc_seq_29,0,155,194,233,227,288,384,2136,5933,7461,1.931,medium,medium,small,86.9
CVC-ClinicDB,/home/samsul/Documents/Polyp Detection/CVC-ClinicDB/PNG/Original/62.png,cvc_seq_3,0,261,139,299,191,288,384,1391,3864,5742,1.258,medium,medium,small,70.1
CVC-ClinicDB,/home/samsul/Documents/Polyp Detection/CVC-ClinicDB/PNG/Original/63.png,cvc_seq_3,0,261,140,302,185,288,384,1497,4158,5367,1.354,medium,medium,small,72.8
CVC-ClinicDB,/home/samsul/Documents/Polyp Detection/CVC-ClinicDB/PNG/Original/64.png,cvc_seq_3,0,283,150,319,193,288,384,1261,3503,4522,1.14,medium,medium,small,66.8
CVC-ClinicDB,/home/samsul/Documents/Polyp Detection/CVC-ClinicDB/PNG/Original/65.png,cvc_seq_3,0,287,149,326,191,288,384,1368,3800,4778,1.237,medium,medium,small,69.6
CVC-ClinicDB,/home/samsul/Documents/Polyp Detection/CVC-ClinicDB/PNG/Original/66.png,cvc_seq_3,0,289,177,329,224,288,384,1601,4447,5467,1.448,medium,medium,small,75.2
CVC-ClinicDB,/home/samsul/Documents/Polyp Detection/CVC-ClinicDB/PNG/Original/67.png,cvc_seq_3,0,300,163,346,208,288,384,1715,4764,6006,1.551,medium,medium,small,77.9
CVC-ClinicDB,/home/samsul/Documents/Polyp Detection/CVC-ClinicDB/PNG/Original/68.png,cvc_seq_4,0,104,195,235,277,288,384,6589,18303,30433,5.958,large,medium,medium,152.7
CVC-ClinicDB,/home/samsul/Documents/Polyp Detection/CVC-ClinicDB/PNG/Original/69.png,cvc_seq_4,0,136,173,173,217,288,384,1357,3769,4750,1.227,medium,medium,small,69.3
CVC-ClinicDB,/home/samsul/Documents/Polyp Detection/CVC-ClinicDB/PNG/Original/7.png,cvc_seq_1,0,40,100,236,279,288,384,23387,64964,98500,21.147,large,large,large,287.6
CVC-ClinicDB,/home/samsul/Documents/Polyp Detection/CVC-ClinicDB/PNG/Original/70.png,cvc_seq_4,0,152,143,199,178,288,384,1165,3236,4800,1.053,medium,medium,small,64.2
CVC-ClinicDB,/home/samsul/Documents/Polyp Detection/CVC-ClinicDB/PNG/Original/70.png,cvc_seq_4,1,79,207,142,249,288,384,1884,5233,7644,1.704,medium,medium,small,81.6
CVC-ClinicDB,/home/samsul/Documents/Polyp Detection/CVC-ClinicDB/PNG/Original/71.png,cvc_seq_4,0,111,165,130,182,288,384,270,750,1000,0.244,small,small,small,30.9
CVC-ClinicDB,/home/samsul/Documents/Polyp Detection/CVC-ClinicDB/PNG/Original/71.png,cvc_seq_4,1,80,203,118,224,288,384,603,1675,2383,0.545,medium,small,small,46.2
CVC-ClinicDB,/home/samsul/Documents/Polyp Detection/CVC-ClinicDB/PNG/Original/72.png,cvc_seq_4,0,131,110,151,126,288,384,289,803,992,0.261,small,small,small,32.0
CVC-ClinicDB,/home/samsul/Documents/Polyp Detection/CVC-ClinicDB/PNG/Original/72.png,cvc_seq_4,1,96,142,141,170,288,384,993,2758,3706,0.898,medium,small,small,59.3
CVC-ClinicDB,/home/samsul/Documents/Polyp Detection/CVC-ClinicDB/PNG/Original/72.png,cvc_seq_4,2,232,208,292,242,288,384,1582,4394,5931,1.43,medium,medium,small,74.8
CVC-ClinicDB,/home/samsul/Documents/Polyp Detection/CVC-ClinicDB/PNG/Original/73.png,cvc_seq_4,0,144,73,171,99,288,384,516,1433,2100,0.467,medium,small,small,42.7
CVC-ClinicDB,/home/samsul/Documents/Polyp Detection/CVC-ClinicDB/PNG/Original/73.png,cvc_seq_4,1,127,114,175,155,288,384,1267,3519,5717,1.146,medium,medium,small,66.9
CVC-ClinicDB,/home/samsul/Documents/Polyp Detection/CVC-ClinicDB/PNG/Original/73.png,cvc_seq_4,2,296,213,341,251,288,384,1334,3706,4983,1.206,medium,medium,small,68.7
CVC-ClinicDB,/home/samsul/Documents/Polyp Detection/CVC-ClinicDB/PNG/Original/74.png,cvc_seq_4,0,84,94,99,109,288,384,190,528,711,0.172,small,small,small,25.9
CVC-ClinicDB,/home/samsul/Documents/Polyp Detection/CVC-ClinicDB/PNG/Original/74.png,cvc_seq_4,1,61,122,96,158,288,384,816,2267,3700,0.738,medium,small,small,53.7
CVC-ClinicDB,/home/samsul/Documents/Polyp Detection/CVC-ClinicDB/PNG/Original/74.png,cvc_seq_4,2,188,223,254,256,288,384,1738,4828,6328,1.572,medium,medium,small,78.4
CVC-ClinicDB,/home/samsul/Documents/Polyp Detection/CVC-ClinicDB/PNG/Original/75.png,cvc_seq_4,0,83,93,98,108,288,384,197,547,711,0.178,small,small,small,26.4
CVC-ClinicDB,/home/samsul/Documents/Polyp Detection/CVC-ClinicDB/PNG/Original/75.png,cvc_seq_4,1,59,120,96,152,288,384,748,2078,3483,0.676,medium,small,small,51.4
CVC-ClinicDB,/home/samsul/Documents/Polyp Detection/CVC-ClinicDB/PNG/Original/75.png,cvc_seq_4,2,187,217,265,248,288,384,1772,4922,7022,1.602,medium,medium,small,79.2
CVC-ClinicDB,/home/samsul/Documents/Polyp Detection/CVC-ClinicDB/PNG/Original/76.png,cvc_seq_4,0,181,171,206,203,288,384,704,1956,2383,0.637,medium,small,small,49.9
CVC-ClinicDB,/home/samsul/Documents/Polyp Detection/CVC-ClinicDB/PNG/Original/76.png,cvc_seq_4,1,133,228,175,265,288,384,1206,3350,4539,1.09,medium,medium,small,65.3
CVC-ClinicDB,/home/samsul/Documents/Polyp Detection/CVC-ClinicDB/PNG/Original/77.png,cvc_seq_4,0,204,140,228,168,288,384,583,1619,2014,0.527,medium,small,small,45.4
CVC-ClinicDB,/home/samsul/Documents/Polyp Detection/CVC-ClinicDB/PNG/Original/77.png,cvc_seq_4,1,144,196,193,237,288,384,1563,4342,5833,1.413,medium,medium,small,74.4
CVC-ClinicDB,/home/samsul/Documents/Polyp Detection/CVC-ClinicDB/PNG/Original/78.png,cvc_seq_4,0,223,221,280,263,288,384,1945,5403,6928,1.759,medium,medium,small,82.9
CVC-ClinicDB,/home/samsul/Documents/Polyp Detection/CVC-ClinicDB/PNG/Original/79.png,cvc_seq_5,0,72,151,111,214,288,384,2031,5642,7111,1.836,medium,medium,small,84.8
CVC-ClinicDB,/home/samsul/Documents/Polyp Detection/CVC-ClinicDB/PNG/Original/8.png,cvc_seq_1,0,40,132,334,279,288,384,24805,68903,121278,22.429,large,large,large,296.2
CVC-ClinicDB,/home/samsul/Documents/Polyp Detection/CVC-ClinicDB/PNG/Original/80.png,cvc_seq_5,0,97,197,133,242,288,384,1290,3583,4728,1.166,medium,medium,small,67.5
CVC-ClinicDB,/home/samsul/Documents/Polyp Detection/CVC-ClinicDB/PNG/Original/81.png,cvc_seq_5,0,68,83,198,187,288,384,7399,20553,38208,6.69,large,medium,medium,161.8
CVC-ClinicDB,/home/samsul/Documents/Polyp Detection/CVC-ClinicDB/PNG/Original/82.png,cvc_seq_5,0,46,136,100,217,288,384,3625,10069,12528,3.278,large,medium,medium,113.2
CVC-ClinicDB,/home/samsul/Documents/Polyp Detection/CVC-ClinicDB/PNG/Original/83.png,cvc_seq_5,0,68,121,182,227,288,384,8063,22397,34181,7.291,large,medium,medium,168.9
CVC-ClinicDB,/home/samsul/Documents/Polyp Detection/CVC-ClinicDB/PNG/Original/84.png,cvc_seq_5,0,81,77,151,168,288,384,5250,14583,18144,4.747,large,medium,medium,136.3
CVC-ClinicDB,/home/samsul/Documents/Polyp Detection/CVC-ClinicDB/PNG/Original/85.png,cvc_seq_5,0,78,43,158,135,288,384,5832,16200,20925,5.273,large,medium,medium,143.6
CVC-ClinicDB,/home/samsul/Documents/Polyp Detection/CVC-ClinicDB/PNG/Original/86.png,cvc_seq_5,0,76,105,159,202,288,384,6107,16964,22867,5.522,large,medium,medium,147.0
CVC-ClinicDB,/home/samsul/Documents/Polyp Detection/CVC-ClinicDB/PNG/Original/87.png,cvc_seq_5,0,83,29,169,130,288,384,6394,17761,24650,5.782,large,medium,medium,150.4
CVC-ClinicDB,/home/samsul/Documents/Polyp Detection/CVC-ClinicDB/PNG/Original/88.png,cvc_seq_5,0,78,104,150,181,288,384,4514,12539,15817,4.082,large,medium,medium,126.4
CVC-ClinicDB,/home/samsul/Documents/Polyp Detection/CVC-ClinicDB/PNG/Original/89.png,cvc_seq_5,0,87,67,161,151,288,384,4856,13489,17708,4.391,large,medium,medium,131.1
CVC-ClinicDB,/home/samsul/Documents/Polyp Detection/CVC-ClinicDB/PNG/Original/9.png,cvc_seq_1,0,40,175,306,279,288,384,14241,39558,77875,12.877,large,large,large,224.4
CVC-ClinicDB,/home/samsul/Documents/Polyp Detection/CVC-ClinicDB/PNG/Original/90.png,cvc_seq_5,0,100,62,178,148,288,384,5098,14161,19092,4.61,large,medium,medium,134.3
CVC-ClinicDB,/home/samsul/Documents/Polyp Detection/CVC-ClinicDB/PNG/Original/91.png,cvc_seq_5,0,117,53,193,136,288,384,4747,13186,17967,4.292,large,medium,medium,129.6
CVC-ClinicDB,/home/samsul/Documents/Polyp Detection/CVC-ClinicDB/PNG/Original/92.png,cvc_seq_5,0,179,40,241,121,288,384,3957,10992,14350,3.578,large,medium,medium,118.3
CVC-ClinicDB,/home/samsul/Documents/Polyp Detection/CVC-ClinicDB/PNG/Original/93.png,cvc_seq_5,0,84,131,146,210,288,384,3912,10867,14000,3.537,large,medium,medium,117.6
CVC-ClinicDB,/home/samsul/Documents/Polyp Detection/CVC-ClinicDB/PNG/Original/94.png,cvc_seq_5,0,108,60,173,152,288,384,4437,12325,17050,4.012,large,medium,medium,125.3
CVC-ClinicDB,/home/samsul/Documents/Polyp Detection/CVC-ClinicDB/PNG/Original/95.png,cvc_seq_5,0,122,35,186,124,288,384,4552,12644,16250,4.116,large,medium,medium,126.9
CVC-ClinicDB,/home/samsul/Documents/Polyp Detection/CVC-ClinicDB/PNG/Original/96.png,cvc_seq_5,0,135,27,198,111,288,384,4236,11767,15111,3.83,large,medium,medium,122.4
CVC-ClinicDB,/home/samsul/Documents/Polyp Detection/CVC-ClinicDB/PNG/Original/97.png,cvc_seq_5,0,100,64,180,127,288,384,3380,9389,14400,3.056,large,medium,medium,109.3
CVC-ClinicDB,/home/samsul/Documents/Polyp Detection/CVC-ClinicDB/PNG/Original/98.png,cvc_seq_5,0,110,95,230,199,288,384,9920,27556,35292,8.97,large,large,medium,187.3
CVC-ClinicDB,/home/samsul/Documents/Polyp Detection/CVC-ClinicDB/PNG/Original/99.png,cvc_seq_5,0,71,106,172,195,288,384,7304,20289,25500,6.604,large,medium,medium,160.7
ETIS-Larib,/home/samsul/Documents/Polyp Detection/ETIS-LaribPolypDB/images/118.png,etis,0,514,427,1066,881,966,1225,184801,50442,68679,15.617,large,large,large,253.4
ETIS-Larib,/home/samsul/Documents/Polyp Detection/ETIS-LaribPolypDB/images/151.png,etis,0,690,147,851,267,966,1225,11942,3260,5350,1.009,medium,large,small,64.4
ETIS-Larib,/home/samsul/Documents/Polyp Detection/ETIS-LaribPolypDB/images/106.png,etis,0,8,364,305,756,966,1225,95009,25933,31967,8.029,large,large,medium,181.7
ETIS-Larib,/home/samsul/Documents/Polyp Detection/ETIS-LaribPolypDB/images/114.png,etis,0,511,407,1092,886,966,1225,203966,55673,76252,17.236,large,large,large,266.2
ETIS-Larib,/home/samsul/Documents/Polyp Detection/ETIS-LaribPolypDB/images/108.png,etis,0,82,470,397,837,966,1225,94603,25822,31741,7.995,large,large,medium,181.3
ETIS-Larib,/home/samsul/Documents/Polyp Detection/ETIS-LaribPolypDB/images/13.png,etis,0,529,226,841,838,966,1225,92739,25313,52371,7.837,large,large,large,179.5
ETIS-Larib,/home/samsul/Documents/Polyp Detection/ETIS-LaribPolypDB/images/191.png,etis,0,799,351,829,404,966,1225,1257,343,457,0.106,small,medium,small,20.9
ETIS-Larib,/home/samsul/Documents/Polyp Detection/ETIS-LaribPolypDB/images/134.png,etis,0,459,415,607,627,966,1225,23259,6349,8663,1.966,medium,large,small,89.9
ETIS-Larib,/home/samsul/Documents/Polyp Detection/ETIS-LaribPolypDB/images/72.png,etis,0,409,748,495,841,966,1225,5885,1606,2232,0.497,medium,medium,small,45.2
ETIS-Larib,/home/samsul/Documents/Polyp Detection/ETIS-LaribPolypDB/images/66.png,etis,0,292,265,842,761,966,1225,207611,56668,74747,17.544,large,large,large,268.6
ETIS-Larib,/home/samsul/Documents/Polyp Detection/ETIS-LaribPolypDB/images/117.png,etis,0,511,413,1074,880,966,1225,194589,53114,72046,16.444,large,large,large,260.1
ETIS-Larib,/home/samsul/Documents/Polyp Detection/ETIS-LaribPolypDB/images/10.png,etis,0,332,510,426,657,966,1225,10299,2811,3838,0.87,medium,large,small,59.8
ETIS-Larib,/home/samsul/Documents/Polyp Detection/ETIS-LaribPolypDB/images/153.png,etis,0,381,175,562,352,966,1225,24404,6661,8843,2.062,medium,large,small,92.1
ETIS-Larib,/home/samsul/Documents/Polyp Detection/ETIS-LaribPolypDB/images/177.png,etis,0,261,142,1035,763,966,1225,291232,79493,131577,24.611,large,large,large,318.1
ETIS-Larib,/home/samsul/Documents/Polyp Detection/ETIS-LaribPolypDB/images/24.png,etis,0,762,427,834,512,966,1225,4702,1283,1714,0.397,medium,medium,small,40.4
ETIS-Larib,/home/samsul/Documents/Polyp Detection/ETIS-LaribPolypDB/images/135.png,etis,0,553,339,654,475,966,1225,9217,2516,3814,0.779,medium,large,small,56.6
ETIS-Larib,/home/samsul/Documents/Polyp Detection/ETIS-LaribPolypDB/images/8.png,etis,0,331,509,426,662,966,1225,10684,2916,4035,0.903,medium,large,small,60.9
ETIS-Larib,/home/samsul/Documents/Polyp Detection/ETIS-LaribPolypDB/images/158.png,etis,0,435,133,589,250,966,1225,13753,3754,4992,1.162,medium,large,small,69.1
ETIS-Larib,/home/samsul/Documents/Polyp Detection/ETIS-LaribPolypDB/images/164.png,etis,0,178,535,482,785,966,1225,49146,13415,20896,4.153,large,large,medium,130.7
ETIS-Larib,/home/samsul/Documents/Polyp Detection/ETIS-LaribPolypDB/images/186.png,etis,0,563,463,761,623,966,1225,23494,6413,8745,1.985,medium,large,small,90.4
ETIS-Larib,/home/samsul/Documents/Polyp Detection/ETIS-LaribPolypDB/images/9.png,etis,0,355,561,426,687,966,1225,6849,1869,2496,0.579,medium,medium,small,48.8
ETIS-Larib,/home/samsul/Documents/Polyp Detection/ETIS-LaribPolypDB/images/4.png,etis,0,478,344,572,509,966,1225,10088,2754,4304,0.852,medium,large,small,59.2
ETIS-Larib,/home/samsul/Documents/Polyp Detection/ETIS-LaribPolypDB/images/52.png,etis,0,525,371,891,896,966,1225,149058,40686,52691,12.596,large,large,large,227.6
ETIS-Larib,/home/samsul/Documents/Polyp Detection/ETIS-LaribPolypDB/images/141.png,etis,0,807,447,923,585,966,1225,8891,2427,4439,0.751,medium,medium,small,55.6
ETIS-Larib,/home/samsul/Documents/Polyp Detection/ETIS-LaribPolypDB/images/74.png,etis,0,346,811,456,893,966,1225,6839,1867,2515,0.578,medium,medium,small,48.8
ETIS-Larib,/home/samsul/Documents/Polyp Detection/ETIS-LaribPolypDB/images/36.png,etis,0,427,688,608,780,966,1225,11224,3064,4620,0.948,medium,large,small,62.5
ETIS-Larib,/home/samsul/Documents/Polyp Detection/ETIS-LaribPolypDB/images/96.png,etis,0,281,502,371,591,966,1225,6092,1663,2235,0.515,medium,medium,small,46.0
ETIS-Larib,/home/samsul/Documents/Polyp Detection/ETIS-LaribPolypDB/images/1.png,etis,0,476,360,571,528,966,1225,10509,2868,4428,0.888,medium,large,small,60.4
ETIS-Larib,/home/samsul/Documents/Polyp Detection/ETIS-LaribPolypDB/images/174.png,etis,0,408,518,860,797,966,1225,92801,25330,34621,7.842,large,large,medium,179.6
ETIS-Larib,/home/samsul/Documents/Polyp Detection/ETIS-LaribPolypDB/images/70.png,etis,0,484,498,553,563,966,1225,2784,760,1261,0.235,small,medium,small,31.1
ETIS-Larib,/home/samsul/Documents/Polyp Detection/ETIS-LaribPolypDB/images/71.png,etis,0,347,819,456,913,966,1225,7883,2152,2852,0.666,medium,medium,small,52.3
ETIS-Larib,/home/samsul/Documents/Polyp Detection/ETIS-LaribPolypDB/images/137.png,etis,0,474,407,624,640,966,1225,23771,6488,9645,2.009,medium,large,small,90.9
ETIS-Larib,/home/samsul/Documents/Polyp Detection/ETIS-LaribPolypDB/images/61.png,etis,0,638,257,929,617,966,1225,56009,15288,28773,4.733,large,large,medium,139.5
ETIS-Larib,/home/samsul/Documents/Polyp Detection/ETIS-LaribPolypDB/images/130.png,etis,0,367,364,504,468,966,1225,11136,3040,3955,0.941,medium,large,small,62.2
ETIS-Larib,/home/samsul/Documents/Polyp Detection/ETIS-LaribPolypDB/images/100.png,etis,0,777,270,904,495,966,1225,22071,6024,7896,1.865,medium,large,small,87.6
ETIS-Larib,/home/samsul/Documents/Polyp Detection/ETIS-LaribPolypDB/images/125.png,etis,0,144,3,540,369,966,1225,115910,31638,39769,9.795,large,large,medium,200.7
ETIS-Larib,/home/samsul/Documents/Polyp Detection/ETIS-LaribPolypDB/images/119.png,etis,0,217,327,795,814,966,1225,216984,59226,77123,18.336,large,large,large,274.6
ETIS-Larib,/home/samsul/Documents/Polyp Detection/ETIS-LaribPolypDB/images/156.png,etis,0,54,628,167,743,966,1225,9414,2570,3610,0.796,medium,large,small,57.2
ETIS-Larib,/home/samsul/Documents/Polyp Detection/ETIS-LaribPolypDB/images/150.png,etis,0,402,292,794,465,966,1225,49745,13578,18665,4.204,large,large,medium,131.5
ETIS-Larib,/home/samsul/Documents/Polyp Detection/ETIS-LaribPolypDB/images/77.png,etis,0,792,359,857,453,966,1225,4403,1202,1711,0.372,medium,medium,small,39.1
ETIS-Larib,/home/samsul/Documents/Polyp Detection/ETIS-LaribPolypDB/images/127.png,etis,0,463,720,596,835,966,1225,11919,3253,4243,1.007,medium,large,small,64.4
ETIS-Larib,/home/samsul/Documents/Polyp Detection/ETIS-LaribPolypDB/images/38.png,etis,0,735,604,898,774,966,1225,21107,5761,7655,1.784,medium,large,small,85.6
ETIS-Larib,/home/samsul/Documents/Polyp Detection/ETIS-LaribPolypDB/images/73.png,etis,0,467,618,540,684,966,1225,3636,992,1353,0.307,small,medium,small,35.5
ETIS-Larib,/home/samsul/Documents/Polyp Detection/ETIS-LaribPolypDB/images/43.png,etis,0,302,234,481,549,966,1225,43695,11927,15526,3.692,large,large,medium,123.2
ETIS-Larib,/home/samsul/Documents/Polyp Detection/ETIS-LaribPolypDB/images/43.png,etis,1,102,374,271,603,966,1225,30140,8227,10672,2.547,medium,large,medium,102.3
ETIS-Larib,/home/samsul/Documents/Polyp Detection/ETIS-LaribPolypDB/images/43.png,etis,2,1050,464,1091,513,966,1225,1743,476,573,0.147,small,medium,small,24.6
ETIS-Larib,/home/samsul/Documents/Polyp Detection/ETIS-LaribPolypDB/images/147.png,etis,0,560,291,781,405,966,1225,19123,5220,6968,1.616,medium,large,small,81.5
ETIS-Larib,/home/samsul/Documents/Polyp Detection/ETIS-LaribPolypDB/images/62.png,etis,0,634,291,891,623,966,1225,49362,13474,23450,4.171,large,large,medium,131.0
ETIS-Larib,/home/samsul/Documents/Polyp Detection/ETIS-LaribPolypDB/images/6.png,etis,0,476,342,574,501,966,1225,10198,2784,4324,0.862,medium,large,small,59.5
ETIS-Larib,/home/samsul/Documents/Polyp Detection/ETIS-LaribPolypDB/images/39.png,etis,0,754,611,926,774,966,1225,21902,5978,7744,1.851,medium,large,small,87.2
ETIS-Larib,/home/samsul/Documents/Polyp Detection/ETIS-LaribPolypDB/images/138.png,etis,0,551,339,652,490,966,1225,10810,2951,4232,0.914,medium,large,small,61.3
ETIS-Larib,/home/samsul/Documents/Polyp Detection/ETIS-LaribPolypDB/images/173.png,etis,0,197,362,807,781,966,1225,181732,49604,70045,15.357,large,large,large,251.3
ETIS-Larib,/home/samsul/Documents/Polyp Detection/ETIS-LaribPolypDB/images/60.png,etis,0,607,779,664,880,966,1225,3827,1045,1615,0.323,medium,medium,small,36.5
ETIS-Larib,/home/samsul/Documents/Polyp Detection/ETIS-LaribPolypDB/images/3.png,etis,0,481,481,573,650,966,1225,9741,2659,4315,0.823,medium,large,small,58.2
ETIS-Larib,/home/samsul/Documents/Polyp Detection/ETIS-LaribPolypDB/images/178.png,etis,0,409,66,1055,603,966,1225,235360,64242,95011,19.889,large,large,large,286.0
ETIS-Larib,/home/samsul/Documents/Polyp Detection/ETIS-LaribPolypDB/images/21.png,etis,0,320,242,592,486,966,1225,49446,13496,18256,4.178,large,large,medium,131.1
ETIS-Larib,/home/samsul/Documents/Polyp Detection/ETIS-LaribPolypDB/images/194.png,etis,0,998,485,1042,553,966,1225,2326,635,848,0.197,small,medium,small,28.4
ETIS-Larib,/home/samsul/Documents/Polyp Detection/ETIS-LaribPolypDB/images/83.png,etis,0,867,252,1215,582,966,1225,81825,22334,31531,6.915,large,large,medium,168.6
ETIS-Larib,/home/samsul/Documents/Polyp Detection/ETIS-LaribPolypDB/images/27.png,etis,0,284,474,616,776,966,1225,51592,14082,27541,4.36,large,large,medium,133.9
ETIS-Larib,/home/samsul/Documents/Polyp Detection/ETIS-LaribPolypDB/images/175.png,etis,0,296,278,780,665,966,1225,140903,38460,51364,11.907,large,large,large,221.3
ETIS-Larib,/home/samsul/Documents/Polyp Detection/ETIS-LaribPolypDB/images/192.png,etis,0,888,513,924,568,966,1225,1584,432,566,0.134,small,medium,small,23.5
ETIS-Larib,/home/samsul/Documents/Polyp Detection/ETIS-LaribPolypDB/images/46.png,etis,0,220,228,399,455,966,1225,33333,9098,11202,2.817,medium,large,medium,107.6
ETIS-Larib,/home/samsul/Documents/Polyp Detection/ETIS-LaribPolypDB/images/46.png,etis,1,36,294,183,495,966,1225,24299,6632,8160,2.053,medium,large,small,91.9
ETIS-Larib,/home/samsul/Documents/Polyp Detection/ETIS-LaribPolypDB/images/46.png,etis,2,1030,434,1077,481,966,1225,1863,509,629,0.157,small,medium,small,25.5
ETIS-Larib,/home/samsul/Documents/Polyp Detection/ETIS-LaribPolypDB/images/79.png,etis,0,665,496,732,576,966,1225,3641,994,1503,0.308,small,medium,small,35.6
ETIS-Larib,/home/samsul/Documents/Polyp Detection/ETIS-LaribPolypDB/images/26.png,etis,0,286,497,612,785,966,1225,49111,13405,25795,4.15,large,large,medium,130.6
ETIS-Larib,/home/samsul/Documents/Polyp Detection/ETIS-LaribPolypDB/images/183.png,etis,0,641,125,841,282,966,1225,23585,6438,8668,1.993,medium,large,small,90.5
ETIS-Larib,/home/samsul/Documents/Polyp Detection/ETIS-LaribPolypDB/images/19.png,etis,0,868,668,1034,881,966,1225,26144,7136,9755,2.209,medium,large,small,95.3
ETIS-Larib,/home/samsul/Documents/Polyp Detection/ETIS-LaribPolypDB/images/50.png,etis,0,841,483,990,701,966,1225,23218,6337,8967,1.962,medium,large,small,89.8
ETIS-Larib,/home/samsul/Documents/Polyp Detection/ETIS-LaribPolypDB/images/90.png,etis,0,446,109,536,190,966,1225,5948,1624,2037,0.503,medium,medium,small,45.5
ETIS-Larib,/home/samsul/Documents/Polyp Detection/ETIS-LaribPolypDB/images/136.png,etis,0,622,470,834,725,966,1225,41227,11253,14884,3.484,large,large,medium,119.7
ETIS-Larib,/home/samsul/Documents/Polyp Detection/ETIS-LaribPolypDB/images/16.png,etis,0,731,120,1110,729,966,1225,110876,30264,63270,9.37,large,large,large,196.3
ETIS-Larib,/home/samsul/Documents/Polyp Detection/ETIS-LaribPolypDB/images/179.png,etis,0,218,66,834,666,966,1225,305236,83315,101216,25.794,large,large,large,325.7
ETIS-Larib,/home/samsul/Documents/Polyp Detection/ETIS-LaribPolypDB/images/88.png,etis,0,139,338,435,688,966,1225,62281,17000,28455,5.263,large,large,medium,147.1
ETIS-Larib,/home/samsul/Documents/Polyp Detection/ETIS-LaribPolypDB/images/2.png,etis,0,474,336,574,503,966,1225,10579,2888,4631,0.894,medium,large,small,60.6
ETIS-Larib,/home/samsul/Documents/Polyp Detection/ETIS-LaribPolypDB/images/161.png,etis,0,121,541,400,791,966,1225,41102,11219,19183,3.473,large,large,medium,119.5
ETIS-Larib,/home/samsul/Documents/Polyp Detection/ETIS-LaribPolypDB/images/123.png,etis,0,81,636,184,762,966,1225,7105,1939,3605,0.6,medium,medium,small,49.7
ETIS-Larib,/home/samsul/Documents/Polyp Detection/ETIS-LaribPolypDB/images/180.png,etis,0,359,222,940,841,966,1225,276533,75480,98492,23.369,large,large,large,310.0
ETIS-Larib,/home/samsul/Documents/Polyp Detection/ETIS-LaribPolypDB/images/67.png,etis,0,341,191,625,391,966,1225,42874,11703,15636,3.623,large,large,medium,122.1
ETIS-Larib,/home/samsul/Documents/Polyp Detection/ETIS-LaribPolypDB/images/30.png,etis,0,295,486,616,781,966,1225,48686,13289,26016,4.114,large,large,medium,130.1
ETIS-Larib,/home/samsul/Documents/Polyp Detection/ETIS-LaribPolypDB/images/189.png,etis,0,461,346,669,544,966,1225,29974,8181,11352,2.533,medium,large,medium,102.1
ETIS-Larib,/home/samsul/Documents/Polyp Detection/ETIS-LaribPolypDB/images/157.png,etis,0,65,646,197,764,966,1225,11657,3182,4320,0.985,medium,large,small,63.7
ETIS-Larib,/home/samsul/Documents/Polyp Detection/ETIS-LaribPolypDB/images/168.png,etis,0,189,755,410,863,966,1225,16201,4422,6605,1.369,medium,large,small,75.0
ETIS-Larib,/home/samsul/Documents/Polyp Detection/ETIS-LaribPolypDB/images/18.png,etis,0,752,460,1091,955,966,1225,77828,21243,46031,6.577,large,large,large,164.5
ETIS-Larib,/home/samsul/Documents/Polyp Detection/ETIS-LaribPolypDB/images/172.png,etis,0,270,274,801,663,966,1225,149520,40812,56632,12.635,large,large,large,228.0
ETIS-Larib,/home/samsul/Documents/Polyp Detection/ETIS-LaribPolypDB/images/76.png,etis,0,798,303,870,410,966,1225,5293,1445,2152,0.447,medium,medium,small,42.9
ETIS-Larib,/home/samsul/Documents/Polyp Detection/ETIS-LaribPolypDB/images/37.png,etis,0,533,614,712,777,966,1225,21999,6005,8058,1.859,medium,large,small,87.4
ETIS-Larib,/home/samsul/Documents/Polyp Detection/ETIS-LaribPolypDB/images/69.png,etis,0,448,634,533,710,966,1225,5123,1398,1807,0.433,medium,medium,small,42.2
ETIS-Larib,/home/samsul/Documents/Polyp Detection/ETIS-LaribPolypDB/images/98.png,etis,0,416,253,524,379,966,1225,9812,2678,3778,0.829,medium,large,small,58.4
ETIS-Larib,/home/samsul/Documents/Polyp Detection/ETIS-LaribPolypDB/images/59.png,etis,0,631,307,922,637,966,1225,48845,13332,26381,4.128,large,large,medium,130.3
ETIS-Larib,/home/samsul/Documents/Polyp Detection/ETIS-LaribPolypDB/images/166.png,etis,0,193,781,466,918,966,1225,27594,7532,10321,2.332,medium,large,medium,97.9
ETIS-Larib,/home/samsul/Documents/Polyp Detection/ETIS-LaribPolypDB/images/84.png,etis,0,728,225,1126,567,966,1225,95803,26150,37356,8.096,large,large,medium,182.5
ETIS-Larib,/home/samsul/Documents/Polyp Detection/ETIS-LaribPolypDB/images/111.png,etis,0,272,405,490,643,966,1225,38144,10412,14287,3.223,large,large,medium,115.1
ETIS-Larib,/home/samsul/Documents/Polyp Detection/ETIS-LaribPolypDB/images/35.png,etis,0,333,626,714,847,966,1225,52045,14206,23148,4.398,large,large,medium,134.5
ETIS-Larib,/home/samsul/Documents/Polyp Detection/ETIS-LaribPolypDB/images/12.png,etis,0,327,477,413,643,966,1225,10428,2846,3966,0.881,medium,large,small,60.2
ETIS-Larib,/home/samsul/Documents/Polyp Detection/ETIS-LaribPolypDB/images/28.png,etis,0,404,539,694,862,966,1225,54696,14929,25735,4.622,large,large,medium,137.9
ETIS-Larib,/home/samsul/Documents/Polyp Detection/ETIS-LaribPolypDB/images/89.png,etis,0,217,315,292,382,966,1225,3918,1069,1411,0.331,medium,medium,small,36.9
ETIS-Larib,/home/samsul/Documents/Polyp Detection/ETIS-LaribPolypDB/images/107.png,etis,0,18,377,327,756,966,1225,92351,25207,32154,7.804,large,large,medium,179.1
ETIS-Larib,/home/samsul/Documents/Polyp Detection/ETIS-LaribPolypDB/images/176.png,etis,0,289,367,790,749,966,1225,143470,39161,52480,12.124,large,large,large,223.3
ETIS-Larib,/home/samsul/Documents/Polyp Detection/ETIS-LaribPolypDB/images/120.png,etis,0,227,295,819,805,966,1225,236274,64492,82711,19.967,large,large,large,286.6
ETIS-Larib,/home/samsul/Documents/Polyp Detection/ETIS-LaribPolypDB/images/75.png,etis,0,906,266,997,395,966,1225,8775,2395,3265,0.742,medium,medium,small,55.2
ETIS-Larib,/home/samsul/Documents/Polyp Detection/ETIS-LaribPolypDB/images/33.png,etis,0,266,465,639,788,966,1225,74790,20414,33075,6.32,large,large,medium,161.2
ETIS-Larib,/home/samsul/Documents/Polyp Detection/ETIS-LaribPolypDB/images/15.png,etis,0,687,166,1096,809,966,1225,115670,31572,72070,9.775,large,large,large,200.5
ETIS-Larib,/home/samsul/Documents/Polyp Detection/ETIS-LaribPolypDB/images/42.png,etis,0,500,732,668,882,966,1225,19501,5323,6965,1.648,medium,large,small,82.3
ETIS-Larib,/home/samsul/Documents/Polyp Detection/ETIS-LaribPolypDB/images/121.png,etis,0,48,694,180,859,966,1225,12848,3507,6026,1.086,medium,large,small,66.8
ETIS-Larib,/home/samsul/Documents/Polyp Detection/ETIS-LaribPolypDB/images/193.png,etis,0,904,810,936,865,966,1225,1327,362,504,0.112,small,medium,small,21.5
ETIS-Larib,/home/samsul/Documents/Polyp Detection/ETIS-LaribPolypDB/images/56.png,etis,0,697,327,852,528,966,1225,24285,6629,8601,2.052,medium,large,small,91.9
ETIS-Larib,/home/samsul/Documents/Polyp Detection/ETIS-LaribPolypDB/images/11.png,etis,0,364,616,434,734,966,1225,6450,1761,2306,0.545,medium,medium,small,47.4
ETIS-Larib,/home/samsul/Documents/Polyp Detection/ETIS-LaribPolypDB/images/163.png,etis,0,308,485,627,777,966,1225,61287,16728,25592,5.179,large,large,medium,145.9
ETIS-Larib,/home/samsul/Documents/Polyp Detection/ETIS-LaribPolypDB/images/144.png,etis,0,949,317,1134,463,966,1225,15658,4274,7463,1.323,medium,large,small,73.8
ETIS-Larib,/home/samsul/Documents/Polyp Detection/ETIS-LaribPolypDB/images/171.png,etis,0,396,596,889,917,966,1225,114996,31388,43418,9.718,large,large,large,199.9
ETIS-Larib,/home/samsul/Documents/Polyp Detection/ETIS-LaribPolypDB/images/23.png,etis,0,767,339,838,425,966,1225,4974,1358,1710,0.42,medium,medium,small,41.6
ETIS-Larib,/home/samsul/Documents/Polyp Detection/ETIS-LaribPolypDB/images/5.png,etis,0,493,475,570,645,966,1225,8767,2393,3641,0.741,medium,medium,small,55.2
ETIS-Larib,/home/samsul/Documents/Polyp Detection/ETIS-LaribPolypDB/images/139.png,etis,0,879,196,1076,342,966,1225,16368,4468,7945,1.383,medium,large,small,75.4
ETIS-Larib,/home/samsul/Documents/Polyp Detection/ETIS-LaribPolypDB/images/63.png,etis,0,535,2,1088,492,966,1225,197558,53924,74247,16.695,large,large,large,262.0
ETIS-Larib,/home/samsul/Documents/Polyp Detection/ETIS-LaribPolypDB/images/185.png,etis,0,654,401,855,568,966,1225,24544,6699,9263,2.074,medium,large,small,92.4
ETIS-Larib,/home/samsul/Documents/Polyp Detection/ETIS-LaribPolypDB/images/131.png,etis,0,462,720,594,829,966,1225,11412,3115,3993,0.964,medium,large,small,63.0
ETIS-Larib,/home/samsul/Documents/Polyp Detection/ETIS-LaribPolypDB/images/102.png,etis,0,753,328,866,529,966,1225,17169,4686,6286,1.451,medium,large,small,77.2
ETIS-Larib,/home/samsul/Documents/Polyp Detection/ETIS-LaribPolypDB/images/126.png,etis,0,41,708,189,881,966,1225,14353,3918,7077,1.213,medium,large,small,70.6
ETIS-Larib,/home/samsul/Documents/Polyp Detection/ETIS-LaribPolypDB/images/25.png,etis,0,295,490,617,779,966,1225,51014,13924,25568,4.311,large,large,medium,133.1
ETIS-Larib,/home/samsul/Documents/Polyp Detection/ETIS-LaribPolypDB/images/81.png,etis,0,696,497,1060,913,966,1225,104269,28461,41545,8.811,large,large,large,190.4
ETIS-Larib,/home/samsul/Documents/Polyp Detection/ETIS-LaribPolypDB/images/82.png,etis,0,855,373,1066,613,966,1225,34367,9381,13946,2.904,large,large,medium,109.3
ETIS-Larib,/home/samsul/Documents/Polyp Detection/ETIS-LaribPolypDB/images/110.png,etis,0,409,461,594,683,966,1225,32035,8744,11322,2.707,medium,large,medium,105.5
ETIS-Larib,/home/samsul/Documents/Polyp Detection/ETIS-LaribPolypDB/images/109.png,etis,0,11,378,321,753,966,1225,92876,25351,31918,7.849,large,large,medium,179.7
ETIS-Larib,/home/samsul/Documents/Polyp Detection/ETIS-LaribPolypDB/images/124.png,etis,0,161,2,552,365,966,1225,116484,31795,38947,9.844,large,large,medium,201.2
ETIS-Larib,/home/samsul/Documents/Polyp Detection/ETIS-LaribPolypDB/images/154.png,etis,0,61,644,191,760,966,1225,11124,3036,4184,0.94,medium,large,small,62.2
ETIS-Larib,/home/samsul/Documents/Polyp Detection/ETIS-LaribPolypDB/images/146.png,etis,0,788,553,907,690,966,1225,9347,2551,4520,0.79,medium,large,small,57.0
ETIS-Larib,/home/samsul/Documents/Polyp Detection/ETIS-LaribPolypDB/images/93.png,etis,0,402,234,511,381,966,1225,11538,3149,4444,0.975,medium,large,small,63.3
ETIS-Larib,/home/samsul/Documents/Polyp Detection/ETIS-LaribPolypDB/images/97.png,etis,0,334,301,433,407,966,1225,7702,2102,2921,0.651,medium,medium,small,51.7
ETIS-Larib,/home/samsul/Documents/Polyp Detection/ETIS-LaribPolypDB/images/152.png,etis,0,430,289,708,382,966,1225,13723,3746,7158,1.16,medium,large,small,69.1
ETIS-Larib,/home/samsul/Documents/Polyp Detection/ETIS-LaribPolypDB/images/184.png,etis,0,637,182,862,334,966,1225,26934,7352,9438,2.276,medium,large,small,96.8
ETIS-Larib,/home/samsul/Documents/Polyp Detection/ETIS-LaribPolypDB/images/165.png,etis,0,223,729,457,827,966,1225,15227,4156,6350,1.287,medium,large,small,72.7
ETIS-Larib,/home/samsul/Documents/Polyp Detection/ETIS-LaribPolypDB/images/132.png,etis,0,431,445,551,539,966,1225,8595,2346,3138,0.726,medium,medium,small,54.7
ETIS-Larib,/home/samsul/Documents/Polyp Detection/ETIS-LaribPolypDB/images/64.png,etis,0,302,312,829,782,966,1225,188331,51405,67880,15.915,large,large,large,255.8
ETIS-Larib,/home/samsul/Documents/Polyp Detection/ETIS-LaribPolypDB/images/22.png,etis,0,866,666,983,903,966,1225,19367,5286,7666,1.637,medium,large,small,82.0
ETIS-Larib,/home/samsul/Documents/Polyp Detection/ETIS-LaribPolypDB/images/85.png,etis,0,814,404,1134,688,966,1225,67763,18496,24971,5.726,large,large,medium,153.5
ETIS-Larib,/home/samsul/Documents/Polyp Detection/ETIS-LaribPolypDB/images/103.png,etis,0,780,287,903,518,966,1225,21403,5842,7852,1.809,medium,large,small,86.2
ETIS-Larib,/home/samsul/Documents/Polyp Detection/ETIS-LaribPolypDB/images/195.png,etis,0,887,523,919,579,966,1225,1339,365,513,0.113,small,medium,small,21.6
ETIS-Larib,/home/samsul/Documents/Polyp Detection/ETIS-LaribPolypDB/images/116.png,etis,0,447,360,1131,924,966,1225,274670,74972,105640,23.211,large,large,large,309.0
ETIS-Larib,/home/samsul/Documents/Polyp Detection/ETIS-LaribPolypDB/images/104.png,etis,0,752,324,868,530,966,1225,17747,4844,6611,1.5,medium,large,small,78.5
ETIS-Larib,/home/samsul/Documents/Polyp Detection/ETIS-LaribPolypDB/images/182.png,etis,0,396,138,1062,825,966,1225,343815,93845,125257,29.054,large,large,large,345.7
ETIS-Larib,/home/samsul/Documents/Polyp Detection/ETIS-LaribPolypDB/images/167.png,etis,0,473,631,734,792,966,1225,29835,8144,11585,2.521,medium,large,medium,101.8
ETIS-Larib,/home/samsul/Documents/Polyp Detection/ETIS-LaribPolypDB/images/113.png,etis,0,510,401,1067,869,966,1225,191678,52319,71432,16.198,large,large,large,258.1
ETIS-Larib,/home/samsul/Documents/Polyp Detection/ETIS-LaribPolypDB/images/101.png,etis,0,752,323,863,528,966,1225,18213,4971,6298,1.539,medium,large,small,79.6
ETIS-Larib,/home/samsul/Documents/Polyp Detection/ETIS-LaribPolypDB/images/45.png,etis,0,270,286,443,509,966,1225,29208,7972,10639,2.468,medium,large,medium,100.7
ETIS-Larib,/home/samsul/Documents/Polyp Detection/ETIS-LaribPolypDB/images/45.png,etis,1,56,344,223,567,966,1225,28476,7773,10272,2.406,medium,large,medium,99.5
ETIS-Larib,/home/samsul/Documents/Polyp Detection/ETIS-LaribPolypDB/images/45.png,etis,2,1040,446,1085,499,966,1225,2116,578,678,0.179,small,medium,small,27.1
ETIS-Larib,/home/samsul/Documents/Polyp Detection/ETIS-LaribPolypDB/images/149.png,etis,0,505,428,726,509,966,1225,13963,3811,4969,1.18,medium,large,small,69.7
ETIS-Larib,/home/samsul/Documents/Polyp Detection/ETIS-LaribPolypDB/images/155.png,etis,0,429,114,601,254,966,1225,19290,5265,6658,1.63,medium,large,small,81.9
ETIS-Larib,/home/samsul/Documents/Polyp Detection/ETIS-LaribPolypDB/images/91.png,etis,0,382,286,696,651,966,1225,68642,18736,31469,5.801,large,large,medium,154.5
ETIS-Larib,/home/samsul/Documents/Polyp Detection/ETIS-LaribPolypDB/images/55.png,etis,0,893,503,1050,734,966,1225,25538,6971,10005,2.158,medium,large,medium,94.2
ETIS-Larib,/home/samsul/Documents/Polyp Detection/ETIS-LaribPolypDB/images/54.png,etis,0,177,398,313,586,966,1225,17018,4645,7068,1.438,medium,large,small,76.9
ETIS-Larib,/home/samsul/Documents/Polyp Detection/ETIS-LaribPolypDB/images/142.png,etis,0,836,398,995,559,966,1225,15324,4183,7075,1.295,medium,large,small,73.0
ETIS-Larib,/home/samsul/Documents/Polyp Detection/ETIS-LaribPolypDB/images/148.png,etis,0,684,57,881,235,966,1225,20981,5727,9674,1.773,medium,large,small,85.4
ETIS-Larib,/home/samsul/Documents/Polyp Detection/ETIS-LaribPolypDB/images/51.png,etis,0,700,331,844,539,966,1225,23136,6315,8272,1.955,medium,large,small,89.7
ETIS-Larib,/home/samsul/Documents/Polyp Detection/ETIS-LaribPolypDB/images/58.png,etis,0,575,673,667,802,966,1225,8819,2407,3300,0.745,medium,medium,small,55.4
ETIS-Larib,/home/samsul/Documents/Polyp Detection/ETIS-LaribPolypDB/images/169.png,etis,0,651,598,792,686,966,1225,7334,2002,3450,0.62,medium,medium,small,50.5
ETIS-Larib,/home/samsul/Documents/Polyp Detection/ETIS-LaribPolypDB/images/105.png,etis,0,6,380,322,757,966,1225,94164,25702,32707,7.957,large,large,medium,180.9
ETIS-Larib,/home/samsul/Documents/Polyp Detection/ETIS-LaribPolypDB/images/112.png,etis,0,292,428,434,606,966,1225,18829,5139,6987,1.591,medium,large,small,80.9
ETIS-Larib,/home/samsul/Documents/Polyp Detection/ETIS-LaribPolypDB/images/48.png,etis,0,258,288,443,537,966,1225,35300,9635,12692,2.983,large,large,medium,110.8
ETIS-Larib,/home/samsul/Documents/Polyp Detection/ETIS-LaribPolypDB/images/48.png,etis,1,52,346,215,577,966,1225,30475,8318,10385,2.575,medium,large,medium,102.9
ETIS-Larib,/home/samsul/Documents/Polyp Detection/ETIS-LaribPolypDB/images/48.png,etis,2,1032,466,1081,513,966,1225,2048,559,655,0.173,small,medium,small,26.7
ETIS-Larib,/home/samsul/Documents/Polyp Detection/ETIS-LaribPolypDB/images/140.png,etis,0,814,395,950,531,966,1225,11733,3203,5123,0.992,medium,large,small,63.9
ETIS-Larib,/home/samsul/Documents/Polyp Detection/ETIS-LaribPolypDB/images/170.png,etis,0,703,741,838,820,966,1225,6495,1773,2970,0.549,medium,medium,small,47.5
ETIS-Larib,/home/samsul/Documents/Polyp Detection/ETIS-LaribPolypDB/images/40.png,etis,0,600,544,859,773,966,1225,42898,11709,16323,3.625,large,large,medium,122.1
ETIS-Larib,/home/samsul/Documents/Polyp Detection/ETIS-LaribPolypDB/images/41.png,etis,0,525,578,787,822,966,1225,49260,13446,17588,4.163,large,large,medium,130.8
ETIS-Larib,/home/samsul/Documents/Polyp Detection/ETIS-LaribPolypDB/images/94.png,etis,0,440,264,544,391,966,1225,8673,2367,3668,0.733,medium,medium,small,54.9
ETIS-Larib,/home/samsul/Documents/Polyp Detection/ETIS-LaribPolypDB/images/143.png,etis,0,1036,224,1222,395,966,1225,18574,5070,8779,1.57,medium,large,small,80.3
ETIS-Larib,/home/samsul/Documents/Polyp Detection/ETIS-LaribPolypDB/images/187.png,etis,0,650,168,831,325,966,1225,22737,6206,7849,1.921,medium,large,small,88.9
ETIS-Larib,/home/samsul/Documents/Polyp Detection/ETIS-LaribPolypDB/images/160.png,etis,0,298,491,610,781,966,1225,57964,15821,24861,4.898,large,large,medium,141.9
ETIS-Larib,/home/samsul/Documents/Polyp Detection/ETIS-LaribPolypDB/images/133.png,etis,0,618,421,793,644,966,1225,29446,8037,10761,2.488,medium,large,medium,101.2
ETIS-Larib,/home/samsul/Documents/Polyp Detection/ETIS-LaribPolypDB/images/32.png,etis,0,254,342,637,667,966,1225,81658,22289,34169,6.901,large,large,medium,168.5
ETIS-Larib,/home/samsul/Documents/Polyp Detection/ETIS-LaribPolypDB/images/128.png,etis,0,436,424,556,517,966,1225,8385,2289,3105,0.709,medium,medium,small,54.0
ETIS-Larib,/home/samsul/Documents/Polyp Detection/ETIS-LaribPolypDB/images/53.png,etis,0,157,436,242,580,966,1225,8926,2436,3404,0.754,medium,medium,small,55.7
ETIS-Larib,/home/samsul/Documents/Polyp Detection/ETIS-LaribPolypDB/images/65.png,etis,0,349,184,637,395,966,1225,46171,12603,16723,3.902,large,large,medium,126.7
ETIS-Larib,/home/samsul/Documents/Polyp Detection/ETIS-LaribPolypDB/images/162.png,etis,0,348,433,658,735,966,1225,61462,16776,25721,5.194,large,large,medium,146.2
ETIS-Larib,/home/samsul/Documents/Polyp Detection/ETIS-LaribPolypDB/images/47.png,etis,0,176,170,333,385,966,1225,27945,7628,9315,2.362,medium,large,small,98.6
ETIS-Larib,/home/samsul/Documents/Polyp Detection/ETIS-LaribPolypDB/images/47.png,etis,1,0,206,115,431,966,1225,20627,5630,7156,1.743,medium,large,small,84.7
ETIS-Larib,/home/samsul/Documents/Polyp Detection/ETIS-LaribPolypDB/images/47.png,etis,2,1036,420,1093,465,966,1225,2188,597,728,0.185,small,medium,small,27.6
ETIS-Larib,/home/samsul/Documents/Polyp Detection/ETIS-LaribPolypDB/images/129.png,etis,0,438,404,562,495,966,1225,8684,2370,3139,0.734,medium,medium,small,54.9
ETIS-Larib,/home/samsul/Documents/Polyp Detection/ETIS-LaribPolypDB/images/14.png,etis,0,554,77,885,771,966,1225,106062,28950,62981,8.963,large,large,large,192.0
ETIS-Larib,/home/samsul/Documents/Polyp Detection/ETIS-LaribPolypDB/images/86.png,etis,0,865,370,1070,613,966,1225,34828,9506,13720,2.943,large,large,medium,110.0
ETIS-Larib,/home/samsul/Documents/Polyp Detection/ETIS-LaribPolypDB/images/196.png,etis,0,970,645,1004,705,966,1225,1588,433,583,0.134,small,medium,small,23.5
ETIS-Larib,/home/samsul/Documents/Polyp Detection/ETIS-LaribPolypDB/images/80.png,etis,0,1029,344,1136,495,966,1225,11769,3212,4481,0.995,medium,large,small,64.0
ETIS-Larib,/home/samsul/Documents/Polyp Detection/ETIS-LaribPolypDB/images/57.png,etis,0,583,767,681,890,966,1225,9203,2512,3351,0.778,medium,medium,small,56.6
ETIS-Larib,/home/samsul/Documents/Polyp Detection/ETIS-LaribPolypDB/images/190.png,etis,0,390,347,639,611,966,1225,48662,13282,18083,4.112,large,large,medium,130.0
ETIS-Larib,/home/samsul/Documents/Polyp Detection/ETIS-LaribPolypDB/images/159.png,etis,0,341,440,657,740,966,1225,60718,16573,26044,5.131,large,large,medium,145.3
ETIS-Larib,/home/samsul/Documents/Polyp Detection/ETIS-LaribPolypDB/images/34.png,etis,0,186,477,624,832,966,1225,101520,27710,42658,8.579,large,large,large,187.8
ETIS-Larib,/home/samsul/Documents/Polyp Detection/ETIS-LaribPolypDB/images/122.png,etis,0,65,665,200,812,966,1225,10912,2978,5494,0.922,medium,large,small,61.6
ETIS-Larib,/home/samsul/Documents/Polyp Detection/ETIS-LaribPolypDB/images/92.png,etis,0,434,194,672,471,966,1225,40976,11185,18136,3.463,large,large,medium,119.3
ETIS-Larib,/home/samsul/Documents/Polyp Detection/ETIS-LaribPolypDB/images/188.png,etis,0,627,128,840,280,966,1225,25749,7028,8937,2.176,medium,large,small,94.6
ETIS-Larib,/home/samsul/Documents/Polyp Detection/ETIS-LaribPolypDB/images/181.png,etis,0,443,233,1134,883,966,1225,335882,91680,122963,28.384,large,large,large,341.7
ETIS-Larib,/home/samsul/Documents/Polyp Detection/ETIS-LaribPolypDB/images/7.png,etis,0,348,537,433,684,966,1225,9766,2666,3474,0.825,medium,large,small,58.3
ETIS-Larib,/home/samsul/Documents/Polyp Detection/ETIS-LaribPolypDB/images/49.png,etis,0,883,509,1033,734,966,1225,23906,6525,9315,2.02,medium,large,small,91.1
ETIS-Larib,/home/samsul/Documents/Polyp Detection/ETIS-LaribPolypDB/images/44.png,etis,0,268,320,459,541,966,1225,33608,9173,11634,2.84,medium,large,medium,108.1
ETIS-Larib,/home/samsul/Documents/Polyp Detection/ETIS-LaribPolypDB/images/44.png,etis,1,64,364,235,595,966,1225,30551,8339,10892,2.582,medium,large,medium,103.0
ETIS-Larib,/home/samsul/Documents/Polyp Detection/ETIS-LaribPolypDB/images/44.png,etis,2,1044,468,1081,509,966,1225,1322,361,436,0.112,small,medium,small,21.4
ETIS-Larib,/home/samsul/Documents/Polyp Detection/ETIS-LaribPolypDB/images/99.png,etis,0,759,318,889,543,966,1225,22004,6006,8081,1.859,medium,large,small,87.4
ETIS-Larib,/home/samsul/Documents/Polyp Detection/ETIS-LaribPolypDB/images/31.png,etis,0,220,562,533,800,966,1225,39187,10696,20484,3.312,large,large,medium,116.7
ETIS-Larib,/home/samsul/Documents/Polyp Detection/ETIS-LaribPolypDB/images/78.png,etis,0,694,472,749,546,966,1225,2960,808,1146,0.25,small,medium,small,32.1
ETIS-Larib,/home/samsul/Documents/Polyp Detection/ETIS-LaribPolypDB/images/95.png,etis,0,456,325,545,425,966,1225,6594,1800,2481,0.557,medium,medium,small,47.9
ETIS-Larib,/home/samsul/Documents/Polyp Detection/ETIS-LaribPolypDB/images/145.png,etis,0,968,202,1188,359,966,1225,20952,5719,9531,1.771,medium,large,small,85.3
ETIS-Larib,/home/samsul/Documents/Polyp Detection/ETIS-LaribPolypDB/images/115.png,etis,0,504,402,1077,873,966,1225,195441,53346,73951,16.516,large,large,large,260.6
ETIS-Larib,/home/samsul/Documents/Polyp Detection/ETIS-LaribPolypDB/images/20.png,etis,0,867,705,996,899,966,1225,18171,4960,6919,1.536,medium,large,small,79.5
ETIS-Larib,/home/samsul/Documents/Polyp Detection/ETIS-LaribPolypDB/images/29.png,etis,0,306,486,619,775,966,1225,49173,13422,24855,4.155,large,large,medium,130.7
ETIS-Larib,/home/samsul/Documents/Polyp Detection/ETIS-LaribPolypDB/images/68.png,etis,0,203,280,419,412,966,1225,20451,5582,7878,1.728,medium,large,small,84.3
ETIS-Larib,/home/samsul/Documents/Polyp Detection/ETIS-LaribPolypDB/images/17.png,etis,0,723,335,1088,866,966,1225,97716,26672,53147,8.258,large,large,large,184.3
ETIS-Larib,/home/samsul/Documents/Polyp Detection/ETIS-LaribPolypDB/images/87.png,etis,0,337,369,686,762,966,1225,82547,22531,37640,6.976,large,large,medium,169.4
Kvasir-SEG,/home/samsul/Documents/Polyp Detection/kvasir-seg/images/cju7g7ba42z310987bqzbi2bq.jpg,kvasir,0,235,16,586,529,530,588,114830,136038,214344,36.847,large,large,large,416.2
Kvasir-SEG,/home/samsul/Documents/Polyp Detection/kvasir-seg/images/cju5chrxxawka0871qcj171yz.jpg,kvasir,0,213,147,431,426,528,601,48287,54757,69537,15.217,large,large,large,264.0
Kvasir-SEG,/home/samsul/Documents/Polyp Detection/kvasir-seg/images/cju5wi6bqlxy90755bu227nvb.jpg,kvasir,0,221,130,401,347,530,622,29375,31100,41775,8.911,large,large,large,199.0
Kvasir-SEG,/home/samsul/Documents/Polyp Detection/kvasir-seg/images/cju2zy1e49pqk0878t6ncqn12.jpg,kvasir,0,354,365,492,475,529,622,10688,11316,16335,3.248,large,large,medium,120.0
Kvasir-SEG,/home/samsul/Documents/Polyp Detection/kvasir-seg/images/cju7cq6su27qv075574dir0r3.jpg,kvasir,0,120,112,437,327,530,622,43060,45588,72721,13.062,large,large,large,240.9
Kvasir-SEG,/home/samsul/Documents/Polyp Detection/kvasir-seg/images/cju7787c5yy3l080159mwqsnj.jpg,kvasir,0,419,178,571,362,530,622,18633,19727,29967,5.652,large,large,medium,158.5
Kvasir-SEG,/home/samsul/Documents/Polyp Detection/kvasir-seg/images/cju8aeei7q8k308173n9y4klv.jpg,kvasir,0,111,330,269,513,528,606,21184,23628,32631,6.621,large,large,medium,173.4
Kvasir-SEG,/home/samsul/Documents/Polyp Detection/kvasir-seg/images/cju77bvg0yv4r0987yh60xmjo.jpg,kvasir,0,221,121,422,284,546,616,25907,27965,35760,7.703,large,large,medium,188.7
Kvasir-SEG,/home/samsul/Documents/Polyp Detection/kvasir-seg/images/cju7d1tvt25bu08019dvw3uff.jpg,kvasir,0,28,192,403,530,531,571,84324,105935,160131,27.811,large,large,large,367.3
Kvasir-SEG,/home/samsul/Documents/Polyp Detection/kvasir-seg/images/cju7fmvpk2q170987v6i3ola8.jpg,kvasir,0,52,104,292,433,531,620,60551,64521,84744,18.392,large,large,large,286.6
Kvasir-SEG,/home/samsul/Documents/Polyp Detection/kvasir-seg/images/cju7cue9b232j0801qdzk1ykj.jpg,kvasir,0,161,89,362,265,528,613,28031,30555,38973,8.661,large,large,medium,197.2
Kvasir-SEG,/home/samsul/Documents/Polyp Detection/kvasir-seg/images/cju3ul8dogf1z09872y2ecowp.jpg,kvasir,0,392,176,505,360,531,609,15372,16977,23292,4.754,large,large,medium,147.0
Kvasir-SEG,/home/samsul/Documents/Polyp Detection/kvasir-seg/images/cju84aoa3ktwn0755pfl4gfwd.jpg,kvasir,0,143,221,612,546,547,626,117741,123066,160150,34.385,large,large,large,395.8
Kvasir-SEG,/home/samsul/Documents/Polyp Detection/kvasir-seg/images/cju2yyhsp933j0855hp32e012.jpg,kvasir,0,372,63,583,378,435,593,51475,59958,78032,19.955,large,large,large,276.3
Kvasir-SEG,/home/samsul/Documents/Polyp Detection/kvasir-seg/images/cju8bzzy2s66m08016z6mouqt.jpg,kvasir,0,395,145,561,319,529,622,22430,23747,30941,6.817,large,large,medium,173.9
Kvasir-SEG,/home/samsul/Documents/Polyp Detection/kvasir-seg/images/cju2qu37qobl50993aw7ghcfq.jpg,kvasir,0,189,199,342,322,528,543,13137,18250,26528,4.582,large,large,medium,152.4
Kvasir-SEG,/home/samsul/Documents/Polyp Detection/kvasir-seg/images/cju2r11x7sdgx0988o8ule0wl.jpg,kvasir,0,309,223,594,465,528,622,45594,48271,73579,13.883,large,large,large,247.9
Kvasir-SEG,/home/samsul/Documents/Polyp Detection/kvasir-seg/images/cju83vvmik9wa08710yeh7cuk.jpg,kvasir,0,258,182,417,376,530,570,21752,27423,39334,7.2,large,large,medium,186.9
Kvasir-SEG,/home/samsul/Documents/Polyp Detection/kvasir-seg/images/cju1bm8063nmh07996rsjjemq.jpg,kvasir,0,207,16,525,365,530,607,78412,87170,124120,24.374,large,large,large,333.1
Kvasir-SEG,/home/samsul/Documents/Polyp Detection/kvasir-seg/images/cju5ktjwofed70817eg58ef7u.jpg,kvasir,0,260,126,495,354,547,625,36489,38261,56669,10.673,large,large,large,220.7
Kvasir-SEG,/home/samsul/Documents/Polyp Detection/kvasir-seg/images/cju6x4t13vyw60755gtcf9ndu.jpg,kvasir,0,355,50,592,431,529,621,69473,73789,96564,21.148,large,large,large,306.5
Kvasir-SEG,/home/samsul/Documents/Polyp Detection/kvasir-seg/images/cju7eueum2oqn0850rodmx8zo.jpg,kvasir,0,200,43,388,219,530,562,25204,32686,43383,8.462,large,large,large,204.0
Kvasir-SEG,/home/samsul/Documents/Polyp Detection/kvasir-seg/images/cju5vutu7ll8w0871dfp92n9p.jpg,kvasir,0,135,105,389,361,528,605,50838,56890,73337,15.915,large,large,large,269.1
Kvasir-SEG,/home/samsul/Documents/Polyp Detection/kvasir-seg/images/cju2ij9uiic2l09933ljiv6gm.jpg,kvasir,0,186,249,384,370,530,617,11910,12814,26122,3.642,large,large,medium,127.7
Kvasir-SEG,/home/samsul/Documents/Polyp Detection/kvasir-seg/images/cju1h89h6xbnx08352k2790o9.jpg,kvasir,0,179,228,358,409,531,570,25412,32037,41300,8.396,large,large,large,202.0
Kvasir-SEG,/home/samsul/Documents/Polyp Detection/kvasir-seg/images/cju5ukkg6kv7u08011x2b6zl5.jpg,kvasir,0,119,223,401,463,510,622,51726,54763,72208,16.306,large,large,large,264.1
Kvasir-SEG,/home/samsul/Documents/Polyp Detection/kvasir-seg/images/cju89y9h0puti0818i5yw29e6.jpg,kvasir,0,0,102,346,533,547,626,98402,102853,156684,28.737,large,large,large,361.9
Kvasir-SEG,/home/samsul/Documents/Polyp Detection/kvasir-seg/images/cju7b4mtw1n9n080186209f3d.jpg,kvasir,0,162,106,302,245,528,600,13502,15362,22460,4.262,large,large,medium,139.9
Kvasir-SEG,/home/samsul/Documents/Polyp Detection/kvasir-seg/images/cju8a84g0q76m0818hwiggkod.jpg,kvasir,0,125,9,540,467,529,554,135265,180520,254828,46.155,large,large,large,479.4
Kvasir-SEG,/home/samsul/Documents/Polyp Detection/kvasir-seg/images/cju5fs6j6d8350801vglraq4u.jpg,kvasir,0,73,147,414,449,547,626,77827,81347,108313,22.728,large,large,large,321.8
Kvasir-SEG,/home/samsul/Documents/Polyp Detection/kvasir-seg/images/cju5waeduln160817w0agirve.jpg,kvasir,0,197,250,380,431,528,540,25428,35718,47039,8.918,large,large,large,213.3
Kvasir-SEG,/home/samsul/Documents/Polyp Detection/kvasir-seg/images/cju2yw4s7z7p20988lmf2gdgd.jpg,kvasir,0,414,93,569,286,530,571,23323,29300,38020,7.707,large,large,medium,193.1
Kvasir-SEG,/home/samsul/Documents/Polyp Detection/kvasir-seg/images/cju1f320ewfyu0988ndz6blh5.jpg,kvasir,0,172,300,476,512,530,571,32898,41329,81614,10.871,large,large,large,229.4
Kvasir-SEG,/home/samsul/Documents/Polyp Detection/kvasir-seg/images/cju8b4ja9r2s808509d45ma86.jpg,kvasir,0,81,9,357,371,529,623,72614,76631,106113,22.033,large,large,large,312.4
Kvasir-SEG,/home/samsul/Documents/Polyp Detection/kvasir-seg/images/cju1f8w0t65en0799m9oacq0q.jpg,kvasir,0,346,80,531,357,528,622,30346,32128,54744,9.24,large,large,large,202.3
Kvasir-SEG,/home/samsul/Documents/Polyp Detection/kvasir-seg/images/cju8b5p40r2c60987ofa0mu03.jpg,kvasir,0,186,255,337,385,531,598,14604,16727,22807,4.599,large,large,medium,145.9
Kvasir-SEG,/home/samsul/Documents/Polyp Detection/kvasir-seg/images/cju5x15djm7ae0755h8czf6nt.jpg,kvasir,0,316,36,504,275,531,622,31166,32996,48023,9.436,large,large,large,205.0
Kvasir-SEG,/home/samsul/Documents/Polyp Detection/kvasir-seg/images/cju8c6hnxsdvr0801wn0vrsa6.jpg,kvasir,0,328,203,418,260,531,617,3628,3904,5679,1.107,medium,medium,small,70.5
Kvasir-SEG,/home/samsul/Documents/Polyp Detection/kvasir-seg/images/cju88fpm4o0tl0871w1i6a4ds.jpg,kvasir,0,312,74,407,166,423,611,6008,6592,9796,2.325,medium,medium,small,91.6
Kvasir-SEG,/home/samsul/Documents/Polyp Detection/kvasir-seg/images/cju8aw9n1qyg10801jkjlmors.jpg,kvasir,0,259,110,574,492,530,622,85497,90517,128134,25.935,large,large,large,339.5
Kvasir-SEG,/home/samsul/Documents/Polyp Detection/kvasir-seg/images/cju7dwe282dc309876rco45ts.jpg,kvasir,0,18,69,439,461,530,622,104976,111140,175584,31.844,large,large,large,376.2
Kvasir-SEG,/home/samsul/Documents/Polyp Detection/kvasir-seg/images/cju8567gdlcbq0801dwwyo2jt.jpg,kvasir,0,112,213,486,529,530,570,90909,114609,149865,30.092,large,large,large,382.0
Kvasir-SEG,/home/samsul/Documents/Polyp Detection/kvasir-seg/images/cju1b0y2e396p08558ois175d.jpg,kvasir,0,249,146,379,307,546,626,13801,14425,22182,4.038,large,large,medium,135.5
Kvasir-SEG,/home/samsul/Documents/Polyp Detection/kvasir-seg/images/cju3x9lttikfb0818a0g104zn.jpg,kvasir,0,242,93,379,302,530,622,17721,18761,30682,5.376,large,large,medium,154.6
Kvasir-SEG,/home/samsul/Documents/Polyp Detection/kvasir-seg/images/cju0t4oil7vzk099370nun5h9.jpg,kvasir,0,204,116,572,525,530,622,112048,118627,160173,33.989,large,large,large,388.6
Kvasir-SEG,/home/samsul/Documents/Polyp Detection/kvasir-seg/images/cju7deifq2fzn0755lc8idyh8.jpg,kvasir,0,345,204,539,399,547,626,26814,28027,39949,7.831,large,large,medium,188.9
Kvasir-SEG,/home/samsul/Documents/Polyp Detection/kvasir-seg/images/cju2s9g11pnra0993gn4eh793.jpg,kvasir,0,134,60,616,529,530,622,156191,165362,240339,47.379,large,large,large,458.9
Kvasir-SEG,/home/samsul/Documents/Polyp Detection/kvasir-seg/images/cju310f6val1v0855xo8tc3gu.jpg,kvasir,0,31,0,596,455,531,622,190386,201565,273250,57.643,large,large,large,506.6
Kvasir-SEG,/home/samsul/Documents/Polyp Detection/kvasir-seg/images/cju5c5xc7algd0817pb1ej5yo.jpg,kvasir,0,223,125,495,418,528,599,48609,55491,91625,15.369,large,large,large,265.8
Kvasir-SEG,/home/samsul/Documents/Polyp Detection/kvasir-seg/images/cju7dizi82h2i0755doucgnt3.jpg,kvasir,0,125,178,328,355,529,622,24830,26288,38444,7.546,large,large,medium,183.0
Kvasir-SEG,/home/samsul/Documents/Polyp Detection/kvasir-seg/images/cju2rga4psq9n09881z519xx0.jpg,kvasir,0,311,212,481,363,529,622,18014,19072,27518,5.475,large,large,medium,155.8
Kvasir-SEG,/home/samsul/Documents/Polyp Detection/kvasir-seg/images/cju424hy5lckr085073fva1ok.jpg,kvasir,0,213,249,434,441,530,576,33828,41763,52896,11.081,large,large,large,230.6
Kvasir-SEG,/home/samsul/Documents/Polyp Detection/kvasir-seg/images/cju8ando2qqdo0818ck7i1be1.jpg,kvasir,0,354,131,505,363,530,570,25349,31957,44649,8.391,large,large,large,201.7
Kvasir-SEG,/home/samsul/Documents/Polyp Detection/kvasir-seg/images/cju5cetivauok0987ok3e5bre.jpg,kvasir,0,238,210,463,476,529,623,45077,47571,63680,13.678,large,large,large,246.1
Kvasir-SEG,/home/samsul/Documents/Polyp Detection/kvasir-seg/images/cju7arvfe1ldu0850erdmphgj.jpg,kvasir,0,131,170,424,429,529,622,50011,52947,80928,15.199,large,large,large,259.6
Kvasir-SEG,/home/samsul/Documents/Polyp Detection/kvasir-seg/images/cju5bj926aiec07559rshy4wa.jpg,kvasir,0,369,271,467,445,529,612,13068,14291,18947,4.036,large,large,medium,134.9
Kvasir-SEG,/home/samsul/Documents/Polyp Detection/kvasir-seg/images/cju2zpw4q9vzr0801p0lysjdl.jpg,kvasir,0,237,151,338,283,546,605,10513,11765,15181,3.183,large,large,medium,122.4
Kvasir-SEG,/home/samsul/Documents/Polyp Detection/kvasir-seg/images/cju7da88w2eod0755wejzynvt.jpg,kvasir,0,268,86,384,199,484,622,10402,11013,14121,3.455,large,large,medium,118.4
Kvasir-SEG,/home/samsul/Documents/Polyp Detection/kvasir-seg/images/cju6x35ervu2808015c7eoqe4.jpg,kvasir,0,49,95,391,427,530,622,66223,70111,120925,20.088,large,large,large,298.8
Kvasir-SEG,/home/samsul/Documents/Polyp Detection/kvasir-seg/images/cju7d2q1k27nf08715zshsckt.jpg,kvasir,0,219,210,591,505,530,620,71956,76673,117646,21.898,large,large,large,312.4
Kvasir-SEG,/home/samsul/Documents/Polyp Detection/kvasir-seg/images/cju8buos5rz9b08715lfr0f4f.jpg,kvasir,0,169,44,575,289,530,576,65787,81219,123607,21.55,large,large,large,321.6
Kvasir-SEG,/home/samsul/Documents/Polyp Detection/kvasir-seg/images/cju847pxykriq0755268ktrk2.jpg,kvasir,0,155,1,551,416,531,606,68479,76379,184204,21.281,large,large,large,311.8
Kvasir-SEG,/home/samsul/Documents/Polyp Detection/kvasir-seg/images/cju5wtdu4m0im0871mix0yvc0.jpg,kvasir,0,360,48,529,305,509,610,31005,34130,48280,9.986,large,large,large,208.5
Kvasir-SEG,/home/samsul/Documents/Polyp Detection/kvasir-seg/images/cju8b542nr81x0871uxnkm9ih.jpg,kvasir,0,244,314,348,396,531,622,6419,6796,9227,1.943,medium,medium,small,93.0
Kvasir-SEG,/home/samsul/Documents/Polyp Detection/kvasir-seg/images/cju2mfjndoz700988b9lc3zeq.jpg,kvasir,0,278,100,488,320,531,622,31580,33434,49369,9.562,large,large,large,206.3
Kvasir-SEG,/home/samsul/Documents/Polyp Detection/kvasir-seg/images/cju1c4fcu40hl07992b8gj0c8.jpg,kvasir,0,292,200,456,357,546,626,18591,19432,27249,5.439,large,large,medium,157.3
Kvasir-SEG,/home/samsul/Documents/Polyp Detection/kvasir-seg/images/cju7ctvqn25dy08186g442m1r.jpg,kvasir,0,228,16,480,330,531,622,45649,48329,84374,13.821,large,large,large,248.1
Kvasir-SEG,/home/samsul/Documents/Polyp Detection/kvasir-seg/images/cju85mpuglq8k0818d2it6hzb.jpg,kvasir,0,133,16,374,351,546,615,60506,65525,88057,18.019,large,large,large,288.8
Kvasir-SEG,/home/samsul/Documents/Polyp Detection/kvasir-seg/images/cju7ev2b12owa08500bpfpwyw.jpg,kvasir,0,6,202,338,529,530,622,63165,66874,115637,19.161,large,large,large,291.8
Kvasir-SEG,/home/samsul/Documents/Polyp Detection/kvasir-seg/images/cju5hi52odyf90817prvcwg45.jpg,kvasir,0,125,96,381,307,352,568,42496,53952,69172,21.255,large,large,large,262.1
Kvasir-SEG,/home/samsul/Documents/Polyp Detection/kvasir-seg/images/cju8cdeazsm8h0801jxifmzur.jpg,kvasir,0,216,202,444,449,547,626,43563,45533,59361,12.722,large,large,large,240.8
Kvasir-SEG,/home/samsul/Documents/Polyp Detection/kvasir-seg/images/cju2wtwj87kys0855kx6mddzw.jpg,kvasir,0,33,0,466,545,547,626,140881,147253,247682,41.143,large,large,large,433.0
Kvasir-SEG,/home/samsul/Documents/Polyp Detection/kvasir-seg/images/cju783tmkzkqu081803g7q5vk.jpg,kvasir,0,177,184,435,368,494,618,34901,37430,51387,11.432,large,large,large,218.3
Kvasir-SEG,/home/samsul/Documents/Polyp Detection/kvasir-seg/images/cju2zp89k9q1g0855k1x0f1xa.jpg,kvasir,0,321,244,436,349,530,622,8866,9387,13018,2.689,large,medium,medium,109.3
Kvasir-SEG,/home/samsul/Documents/Polyp Detection/kvasir-seg/images/cju5vcmrqla7i0817x4sp4pqw.jpg,kvasir,0,285,111,449,266,482,612,19547,21377,28149,6.626,large,large,medium,165.0
Kvasir-SEG,/home/samsul/Documents/Polyp Detection/kvasir-seg/images/cju7amjna1ly40871ugiokehb.jpg,kvasir,0,256,201,457,484,531,552,41566,55875,77117,14.181,large,large,large,266.7
Kvasir-SEG,/home/samsul/Documents/Polyp Detection/kvasir-seg/images/cju7cufm7298k0755j09uf3of.jpg,kvasir,0,158,175,392,390,531,614,38536,41869,55150,11.82,large,large,large,230.9
Kvasir-SEG,/home/samsul/Documents/Polyp Detection/kvasir-seg/images/cju2hugv9vget0799hhk7ksvg.jpg,kvasir,0,306,151,390,231,529,613,5195,5663,7505,1.602,medium,medium,small,84.9
Kvasir-SEG,/home/samsul/Documents/Polyp Detection/kvasir-seg/images/cju7d7aut2a2p0818z4uxc6cd.jpg,kvasir,0,322,312,399,417,530,621,5581,5928,8782,1.696,medium,medium,small,86.9
Kvasir-SEG,/home/samsul/Documents/Polyp Detection/kvasir-seg/images/cju87xn2snfmv0987sc3d9xnq.jpg,kvasir,0,44,185,350,529,530,604,52793,59274,118917,16.492,large,large,large,274.7
Kvasir-SEG,/home/samsul/Documents/Polyp Detection/kvasir-seg/images/cju40w3hbkwpn08015rbs3wko.jpg,kvasir,0,479,51,618,283,528,621,22284,23668,34647,6.796,large,large,medium,173.6
Kvasir-SEG,/home/samsul/Documents/Polyp Detection/kvasir-seg/images/cju2z9vlp9j0w0801oag91sy9.jpg,kvasir,0,113,226,328,410,531,622,22387,23701,42306,6.778,large,large,large,173.7
Kvasir-SEG,/home/samsul/Documents/Polyp Detection/kvasir-seg/images/cju1expq45zst0855rjqwwj4m.jpg,kvasir,0,273,67,597,441,529,622,92859,98311,129031,28.221,large,large,large,353.8
Kvasir-SEG,/home/samsul/Documents/Polyp Detection/kvasir-seg/images/cju8bgdmqrksy0801tozdmraa.jpg,kvasir,0,291,36,437,157,529,622,14029,14853,18987,4.264,large,large,medium,137.5
Kvasir-SEG,/home/samsul/Documents/Polyp Detection/kvasir-seg/images/cju7eotqi2qea0871y8yc7tqh.jpg,kvasir,0,19,0,603,545,546,626,222662,232733,333856,65.145,large,large,large,544.4
Kvasir-SEG,/home/samsul/Documents/Polyp Detection/kvasir-seg/images/cju88itqbny720987hxizbj5y.jpg,kvasir,0,138,160,442,476,530,570,64319,81087,121890,21.291,large,large,large,321.3
Kvasir-SEG,/home/samsul/Documents/Polyp Detection/kvasir-seg/images/cju16ach3m1da0993r1dq3sn2.jpg,kvasir,0,79,161,422,498,528,616,86688,93574,125509,26.653,large,large,large,345.2
Kvasir-SEG,/home/samsul/Documents/Polyp Detection/kvasir-seg/images/cju2xyd9vyi7m098831qcucse.jpg,kvasir,0,193,57,439,457,528,622,73178,77475,104863,22.282,large,large,large,314.1
Kvasir-SEG,/home/samsul/Documents/Polyp Detection/kvasir-seg/images/cju5hqz50e7o90850e0prlpa0.jpg,kvasir,0,137,120,422,467,528,595,64658,74808,115152,20.581,large,large,large,308.6
Kvasir-SEG,/home/samsul/Documents/Polyp Detection/kvasir-seg/images/cju2zxja9w1eh09933609ho9z.jpg,kvasir,0,315,246,428,389,530,584,11691,14041,19715,3.777,large,large,medium,133.7
Kvasir-SEG,/home/samsul/Documents/Polyp Detection/kvasir-seg/images/cju3xeexgii1j0817zs68tb4g.jpg,kvasir,0,114,58,612,415,528,622,111189,117717,189131,33.856,large,large,large,387.1
Kvasir-SEG,/home/samsul/Documents/Polyp Detection/kvasir-seg/images/cju2wxv0hxs2f09884w48v8fi.jpg,kvasir,0,317,272,392,377,529,622,5619,5949,8529,1.708,medium,medium,small,87.0
Kvasir-SEG,/home/samsul/Documents/Polyp Detection/kvasir-seg/images/cju5y84q3mdv50817eyp82xf3.jpg,kvasir,0,315,231,439,355,530,611,11354,12457,17143,3.506,large,large,medium,125.9
Kvasir-SEG,/home/samsul/Documents/Polyp Detection/kvasir-seg/images/cju6wt9jvvn500871hjn3t3g0.jpg,kvasir,0,236,99,515,403,530,622,60644,64205,90414,18.396,large,large,large,285.9
Kvasir-SEG,/home/samsul/Documents/Polyp Detection/kvasir-seg/images/cju2y0z6g87p10878fpk5d3rq.jpg,kvasir,0,93,57,422,357,530,554,68694,91677,132563,23.396,large,large,large,341.7
Kvasir-SEG,/home/samsul/Documents/Polyp Detection/kvasir-seg/images/cju2z6ez69g4u0801qwt088lw.jpg,kvasir,0,77,0,385,441,538,626,103069,107731,142755,30.604,large,large,large,370.4
Kvasir-SEG,/home/samsul/Documents/Polyp Detection/kvasir-seg/images/cju45v0pungu40871acnwtmu5.jpg,kvasir,0,91,84,369,376,530,606,46154,51478,91177,14.37,large,large,large,256.0
Kvasir-SEG,/home/samsul/Documents/Polyp Detection/kvasir-seg/images/cju353d1eda8c07992afde611.jpg,kvasir,0,448,72,621,273,528,622,30077,31843,37212,9.158,large,large,medium,201.4
Kvasir-SEG,/home/samsul/Documents/Polyp Detection/kvasir-seg/images/cju2syxa93yw40799x2iuwabz.jpg,kvasir,0,246,201,344,290,474,602,6105,6900,10070,2.139,medium,medium,medium,93.7
Kvasir-SEG,/home/samsul/Documents/Polyp Detection/kvasir-seg/images/cju8c3xs7sauj0801ieyzezr5.jpg,kvasir,0,68,73,364,401,546,626,77527,81033,102132,22.682,large,large,large,321.2
Kvasir-SEG,/home/samsul/Documents/Polyp Detection/kvasir-seg/images/cju5jz5fff8c50871hbe6108f.jpg,kvasir,0,150,98,425,291,530,552,41661,56003,71977,14.24,large,large,large,267.0
Kvasir-SEG,/home/samsul/Documents/Polyp Detection/kvasir-seg/images/cju2t3ibkuecr0835o7si16zv.jpg,kvasir,0,248,213,380,340,530,613,12410,13527,18557,3.82,large,large,medium,131.2
Kvasir-SEG,/home/samsul/Documents/Polyp Detection/kvasir-seg/images/cju1cqc7n4gpy0855jt246k68.jpg,kvasir,0,227,353,383,465,529,616,11245,12138,19150,3.451,large,large,medium,124.3
Kvasir-SEG,/home/samsul/Documents/Polyp Detection/kvasir-seg/images/cju35oyvd3y850988km12hdz1.jpg,kvasir,0,49,164,277,332,506,590,26570,31264,45538,8.9,large,large,large,199.5
Kvasir-SEG,/home/samsul/Documents/Polyp Detection/kvasir-seg/images/cju1hmff8tkp809931jps6fbr.jpg,kvasir,0,138,149,583,529,530,587,121529,144465,201996,39.063,large,large,large,428.9
Kvasir-SEG,/home/samsul/Documents/Polyp Detection/kvasir-seg/images/cju2y8s56ymqr083541ggdsml.jpg,kvasir,0,328,218,499,473,530,615,30253,32763,47685,9.281,large,large,large,204.2
Kvasir-SEG,/home/samsul/Documents/Polyp Detection/kvasir-seg/images/cju34repocy5208780gswillm.jpg,kvasir,0,46,282,457,528,529,622,73737,78066,107739,22.41,large,large,large,315.3
Kvasir-SEG,/home/samsul/Documents/Polyp Detection/kvasir-seg/images/cju2z1nxlzaj40835wj81s1iy.jpg,kvasir,0,126,57,426,408,531,622,72916,77197,112173,22.077,large,large,large,313.5
Kvasir-SEG,/home/samsul/Documents/Polyp Detection/kvasir-seg/images/cju5vxuc5loxw0818u8xgf45p.jpg,kvasir,0,280,156,482,407,546,626,36151,37786,53470,10.577,large,large,large,219.3
Kvasir-SEG,/home/samsul/Documents/Polyp Detection/kvasir-seg/images/cju3x2s11ibzi0817kk284k0j.jpg,kvasir,0,61,200,303,446,530,622,33138,35084,63545,10.052,large,large,large,211.4
Kvasir-SEG,/home/samsul/Documents/Polyp Detection/kvasir-seg/images/cju5ddda9bkkt0850enzwatb1.jpg,kvasir,0,233,75,416,165,530,618,11238,12052,17957,3.431,large,large,medium,123.9
Kvasir-SEG,/home/samsul/Documents/Polyp Detection/kvasir-seg/images/cju8czvnztbf40871b4m7t78w.jpg,kvasir,0,118,208,400,471,546,626,45636,47700,78091,13.352,large,large,large,246.4
Kvasir-SEG,/home/samsul/Documents/Polyp Detection/kvasir-seg/images/cju2nyc5f02m40801ojqbtiea.jpg,kvasir,0,229,327,440,530,531,622,32124,34010,45787,9.726,large,large,large,208.1
Kvasir-SEG,/home/samsul/Documents/Polyp Detection/kvasir-seg/images/cju7dmlgf2ebw0871ieqas5fh.jpg,kvasir,0,81,35,151,135,529,608,4836,5358,7946,1.504,medium,medium,small,82.6
Kvasir-SEG,/home/samsul/Documents/Polyp Detection/kvasir-seg/images/cju7dmlgf2ebw0871ieqas5fh.jpg,kvasir,1,342,148,398,207,529,608,2260,2504,3789,0.703,medium,medium,small,56.5
Kvasir-SEG,/home/samsul/Documents/Polyp Detection/kvasir-seg/images/cju7dmlgf2ebw0871ieqas5fh.jpg,kvasir,2,122,155,308,307,529,608,20924,23184,31702,6.506,large,large,medium,171.8
Kvasir-SEG,/home/samsul/Documents/Polyp Detection/kvasir-seg/images/cju2yg5ht8i4p087800js8hp4.jpg,kvasir,0,312,48,528,421,546,626,59278,61959,84829,17.343,large,large,large,280.9
Kvasir-SEG,/home/samsul/Documents/Polyp Detection/kvasir-seg/images/cju428k5fldt108177s6g6f45.jpg,kvasir,0,45,8,331,341,530,622,70386,74519,101486,21.351,large,large,large,308.0
Kvasir-SEG,/home/samsul/Documents/Polyp Detection/kvasir-seg/images/cju6uy20suzbl0987rzuhz7z9.jpg,kvasir,0,209,146,447,469,546,626,59189,61866,80938,17.317,large,large,large,280.7
Kvasir-SEG,/home/samsul/Documents/Polyp Detection/kvasir-seg/images/cju2spdagu1l50835da1f46fr.jpg,kvasir,0,128,209,245,348,525,465,10555,15686,24550,4.324,large,large,medium,141.3
Kvasir-SEG,/home/samsul/Documents/Polyp Detection/kvasir-seg/images/cju35fxqyzt5p0993vusm54qz.jpg,kvasir,0,172,168,391,510,531,613,51819,56484,82254,15.92,large,large,large,268.2
Kvasir-SEG,/home/samsul/Documents/Polyp Detection/kvasir-seg/images/cju8d4jgatgpj0871q2ophhkm.jpg,kvasir,0,342,127,572,404,531,622,48115,50940,67989,14.568,large,large,large,254.7
Kvasir-SEG,/home/samsul/Documents/Polyp Detection/kvasir-seg/images/cju6xlygpw7bs0818n691jsq4.jpg,kvasir,0,210,0,548,434,531,570,94233,118799,185908,31.134,large,large,large,388.9
Kvasir-SEG,/home/samsul/Documents/Polyp Detection/kvasir-seg/images/cju1c6yfz42md08550zgoz3pw.jpg,kvasir,0,100,0,431,278,530,536,76039,108409,132060,26.767,large,large,large,371.5
Kvasir-SEG,/home/samsul/Documents/Polyp Detection/kvasir-seg/images/cju2sggy13na70855tbeoqgha.jpg,kvasir,0,196,79,477,519,530,559,74940,98231,163014,25.294,large,large,large,353.7
Kvasir-SEG,/home/samsul/Documents/Polyp Detection/kvasir-seg/images/cju2tqfgw4oat0799rn0g5b2z.jpg,kvasir,0,264,102,519,312,529,614,39652,43081,58688,12.208,large,large,large,234.2
Kvasir-SEG,/home/samsul/Documents/Polyp Detection/kvasir-seg/images/cju30nyxe0gfb0835p256yoju.jpg,kvasir,0,101,0,610,446,530,622,167702,177549,241355,50.871,large,large,large,475.5
Kvasir-SEG,/home/samsul/Documents/Polyp Detection/kvasir-seg/images/cju8b0jr0r2oi0801jiquetd5.jpg,kvasir,0,391,286,536,463,528,621,18801,19969,27603,5.734,large,large,medium,159.5
Kvasir-SEG,/home/samsul/Documents/Polyp Detection/kvasir-seg/images/cju1haab178i70799tk9z8y8x.jpg,kvasir,0,214,271,405,482,531,525,28913,42001,59130,10.371,large,large,large,231.3
Kvasir-SEG,/home/samsul/Documents/Polyp Detection/kvasir-seg/images/cju2y26c588bo07993ksd8eoz.jpg,kvasir,0,356,339,537,526,530,621,24203,25707,36342,7.354,large,large,medium,180.9
Kvasir-SEG,/home/samsul/Documents/Polyp Detection/kvasir-seg/images/cju87mrypnb1e0818scv1mxxg.jpg,kvasir,0,225,176,349,335,530,615,13294,14397,21659,4.079,large,large,medium,135.4
Kvasir-SEG,/home/samsul/Documents/Polyp Detection/kvasir-seg/images/cju2sxf3iqbpv09937iksn8ep.jpg,kvasir,0,60,73,362,351,529,622,57668,61054,89501,17.526,large,large,large,278.8
Kvasir-SEG,/home/samsul/Documents/Polyp Detection/kvasir-seg/images/cju787jnjzjuj0871p94nck9g.jpg,kvasir,0,333,2,540,285,546,626,43108,45058,61744,12.612,large,large,large,239.5
Kvasir-SEG,/home/samsul/Documents/Polyp Detection/kvasir-seg/images/cju17v6ih0u7808783zcbg1jy.jpg,kvasir,0,26,0,360,444,528,622,115217,121982,157828,35.083,large,large,large,394.1
Kvasir-SEG,/home/samsul/Documents/Polyp Detection/kvasir-seg/images/cju5hyi9yegob0755ho3do8en.jpg,kvasir,0,158,74,224,146,529,623,3850,4063,5162,1.168,medium,medium,small,71.9
Kvasir-SEG,/home/samsul/Documents/Polyp Detection/kvasir-seg/images/cju5hyi9yegob0755ho3do8en.jpg,kvasir,1,317,201,470,425,529,623,25342,26744,36567,7.689,large,large,medium,184.5
Kvasir-SEG,/home/samsul/Documents/Polyp Detection/kvasir-seg/images/cju30qbm1ad3x0855znuhpz9u.jpg,kvasir,0,74,156,430,528,529,622,101257,107202,140980,30.774,large,large,large,369.5
Kvasir-SEG,/home/samsul/Documents/Polyp Detection/kvasir-seg/images/cju2zblxw9848087853csbrx1.jpg,kvasir,0,282,127,460,358,530,586,28730,34269,49534,9.25,large,large,large,208.9
Kvasir-SEG,/home/samsul/Documents/Polyp Detection/kvasir-seg/images/cju410dnfl0960755y8lu8d79.jpg,kvasir,0,18,73,357,493,546,626,71552,74788,149614,20.934,large,large,large,308.6
Kvasir-SEG,/home/samsul/Documents/Polyp Detection/kvasir-seg/images/cju5yjq1pmlgc0801z0t24bly.jpg,kvasir,0,246,229,458,514,530,570,37571,47366,76799,12.437,large,large,large,245.6
Kvasir-SEG,/home/samsul/Documents/Polyp Detection/kvasir-seg/images/cju5bycdkalkb09875f7bfrvx.jpg,kvasir,0,81,0,387,412,530,603,80719,90929,142828,25.257,large,large,large,340.3
Kvasir-SEG,/home/samsul/Documents/Polyp Detection/kvasir-seg/images/cju1alwgo30z60855fm3y23sm.jpg,kvasir,0,305,64,490,314,529,622,27943,29584,49427,8.492,large,large,large,194.1
Kvasir-SEG,/home/samsul/Documents/Polyp Detection/kvasir-seg/images/cju2lz8vqktne0993fuym6drw.jpg,kvasir,0,245,340,417,497,531,613,19321,21060,29795,5.936,large,large,medium,163.8
Kvasir-SEG,/home/samsul/Documents/Polyp Detection/kvasir-seg/images/cju45qbf3n9sa0987oonbkly9.jpg,kvasir,0,343,194,539,385,531,621,27428,29132,40174,8.318,large,large,large,192.6
Kvasir-SEG,/home/samsul/Documents/Polyp Detection/kvasir-seg/images/cju32upim1z7u0988l883nqp6.jpg,kvasir,0,211,113,442,338,479,570,36669,46228,66101,13.43,large,large,large,242.6
Kvasir-SEG,/home/samsul/Documents/Polyp Detection/kvasir-seg/images/cju5vbo6jldrt0871jf6f1700.jpg,kvasir,0,472,144,605,375,530,619,23979,25634,33233,7.309,large,large,medium,180.7
Kvasir-SEG,/home/samsul/Documents/Polyp Detection/kvasir-seg/images/cju32zhbnc1oy0801iyv1ix6p.jpg,kvasir,0,300,44,615,479,531,622,83402,88299,145866,25.252,large,large,large,335.3
Kvasir-SEG,/home/samsul/Documents/Polyp Detection/kvasir-seg/images/cju858eswlepn0871pzvdrhj1.jpg,kvasir,0,276,217,569,529,530,570,68317,86127,116012,22.614,large,large,large,331.1
Kvasir-SEG,/home/samsul/Documents/Polyp Detection/kvasir-seg/images/cju30xqmh0ni00835ix3batv1.jpg,kvasir,0,57,119,351,481,529,622,66656,70570,113373,20.258,large,large,large,299.8
Kvasir-SEG,/home/samsul/Documents/Polyp Detection/kvasir-seg/images/cju2p91qir00k08350ddfif0w.jpg,kvasir,0,349,386,771,647,1070,1348,73464,16560,24982,5.093,large,large,medium,145.2
Kvasir-SEG,/home/samsul/Documents/Polyp Detection/kvasir-seg/images/cju83ipu3jwpx0801z5pvguf8.jpg,kvasir,0,201,388,377,472,529,622,10004,10591,15928,3.04,large,large,medium,116.1
Kvasir-SEG,/home/samsul/Documents/Polyp Detection/kvasir-seg/images/cju8clorgsuwn08714toqb7v6.jpg,kvasir,0,59,212,270,468,531,570,37668,47488,68688,12.445,large,large,large,245.9
Kvasir-SEG,/home/samsul/Documents/Polyp Detection/kvasir-seg/images/cju77g99iyxc00817zqi2ppor.jpg,kvasir,0,203,155,606,489,531,620,88864,94690,144212,26.992,large,large,large,347.2
Kvasir-SEG,/home/samsul/Documents/Polyp Detection/kvasir-seg/images/cju8418jhkf7d0818ga2v0xq0.jpg,kvasir,0,151,3,541,499,546,626,141347,147740,203116,41.354,large,large,large,433.7
Kvasir-SEG,/home/samsul/Documents/Polyp Detection/kvasir-seg/images/cju5w7xn0lrkq0801f9k0htgx.jpg,kvasir,0,205,208,382,439,530,622,30889,32703,43721,9.37,large,large,large,204.1
Kvasir-SEG,/home/samsul/Documents/Polyp Detection/kvasir-seg/images/cju6z9a9kwsl007552s49rx6i.jpg,kvasir,0,294,225,352,280,528,622,2360,2499,3498,0.719,medium,medium,small,56.4
Kvasir-SEG,/home/samsul/Documents/Polyp Detection/kvasir-seg/images/cju6z9a9kwsl007552s49rx6i.jpg,kvasir,1,127,313,406,527,528,622,48785,51649,63735,14.855,large,large,large,256.4
Kvasir-SEG,/home/samsul/Documents/Polyp Detection/kvasir-seg/images/cju8at3s1qqqx0850hcq8nmnq.jpg,kvasir,0,390,302,507,429,529,593,8337,9711,17593,2.658,large,medium,medium,111.2
Kvasir-SEG,/home/samsul/Documents/Polyp Detection/kvasir-seg/images/cju2lberzkdzm09938cl40pog.jpg,kvasir,0,64,193,460,456,528,605,67174,75171,117285,21.029,large,large,large,309.4
Kvasir-SEG,/home/samsul/Documents/Polyp Detection/kvasir-seg/images/cju3tvffffx5f0818t5ov22al.jpg,kvasir,0,94,11,395,321,530,622,75073,79481,99437,22.773,large,large,large,318.1
Kvasir-SEG,/home/samsul/Documents/Polyp Detection/kvasir-seg/images/cju2r7h21sj9608354gzks3ae.jpg,kvasir,0,264,306,400,402,530,614,10789,11722,14438,3.315,large,large,medium,122.2
Kvasir-SEG,/home/samsul/Documents/Polyp Detection/kvasir-seg/images/cju5nyu31gv8e0871zpk74a2n.jpg,kvasir,0,350,208,504,340,529,616,15840,17098,22253,4.861,large,large,medium,147.5
Kvasir-SEG,/home/samsul/Documents/Polyp Detection/kvasir-seg/images/cju41lojblbs307555jdci937.jpg,kvasir,0,242,149,394,317,547,626,20425,21349,27026,5.965,large,large,medium,164.9
Kvasir-SEG,/home/samsul/Documents/Polyp Detection/kvasir-seg/images/cju7er4kc2opa0801anuxc0eb.jpg,kvasir,0,136,68,445,322,528,622,56838,60175,83691,17.307,large,large,large,276.8
Kvasir-SEG,/home/samsul/Documents/Polyp Detection/kvasir-seg/images/cju7fcgbe2z3p07550vaflqdb.jpg,kvasir,0,278,115,487,320,530,620,31276,33326,46096,9.518,large,large,large,206.0
Kvasir-SEG,/home/samsul/Documents/Polyp Detection/kvasir-seg/images/cju15l5ubz9yh0855b3ivdpse.jpg,kvasir,0,183,200,325,320,547,626,11925,12464,18086,3.483,large,large,medium,126.0
Kvasir-SEG,/home/samsul/Documents/Polyp Detection/kvasir-seg/images/cju15ptjtppz40988odsm9azx.jpg,kvasir,0,356,141,554,294,529,622,19574,20723,32445,5.949,large,large,medium,162.4
Kvasir-SEG,/home/samsul/Documents/Polyp Detection/kvasir-seg/images/cju1djtprvd7b0988thwwrg09.jpg,kvasir,0,395,275,527,476,529,590,18627,21918,31613,5.968,large,large,medium,167.1
Kvasir-SEG,/home/samsul/Documents/Polyp Detection/kvasir-seg/images/cju7dbppn28nx085097654msi.jpg,kvasir,0,220,79,593,466,546,626,101032,105602,151675,29.559,large,large,large,366.7
Kvasir-SEG,/home/samsul/Documents/Polyp Detection/kvasir-seg/images/cju8b7aqtr4a00987coba14b7.jpg,kvasir,0,188,18,335,141,530,622,11540,12218,19430,3.501,large,large,medium,124.7
Kvasir-SEG,/home/samsul/Documents/Polyp Detection/kvasir-seg/images/ck2bxqz3evvg20794iiyv5v2m.jpg,kvasir,0,182,158,405,387,576,720,36184,28590,40707,8.725,large,large,large,190.8
Kvasir-SEG,/home/samsul/Documents/Polyp Detection/kvasir-seg/images/cju2hos57llxm08359g92p6jj.jpg,kvasir,0,351,131,564,413,529,622,44285,46885,64118,13.459,large,large,large,244.3
Kvasir-SEG,/home/samsul/Documents/Polyp Detection/kvasir-seg/images/cju2upu4evw7g08358guwozxv.jpg,kvasir,0,239,176,403,317,528,616,16449,17756,25291,5.057,large,large,medium,150.4
Kvasir-SEG,/home/samsul/Documents/Polyp Detection/kvasir-seg/images/cju2p0eveqtdc0835gpi3p93i.jpg,kvasir,0,147,214,371,458,528,622,36265,38394,58362,11.042,large,large,large,221.1
Kvasir-SEG,/home/samsul/Documents/Polyp Detection/kvasir-seg/images/cju45ofd9ne1j0801ri8dup7t.jpg,kvasir,0,23,1,544,529,530,622,190757,201957,292352,57.865,large,large,large,507.1
Kvasir-SEG,/home/samsul/Documents/Polyp Detection/kvasir-seg/images/cju2np2k9zi3v079992ypxqkn.jpg,kvasir,0,203,255,471,465,531,603,32192,36264,63938,10.054,large,large,large,214.9
Kvasir-SEG,/home/samsul/Documents/Polyp Detection/kvasir-seg/images/cju2igw4gvxds0878808qj398.jpg,kvasir,0,68,0,534,545,546,626,149968,156751,266514,43.876,large,large,large,446.7
Kvasir-SEG,/home/samsul/Documents/Polyp Detection/kvasir-seg/images/cju42m60jlpcm08186kqppzqv.jpg,kvasir,0,482,84,625,412,547,626,27268,28501,49519,7.963,large,large,large,190.5
Kvasir-SEG,/home/samsul/Documents/Polyp Detection/kvasir-seg/images/cju7aifyo1p3n07552nxjx51f.jpg,kvasir,0,228,68,375,242,531,622,19381,20519,27421,5.868,large,large,medium,161.6
Kvasir-SEG,/home/samsul/Documents/Polyp Detection/kvasir-seg/images/cju0u82z3cuma0835wlxrnrjv.jpg,kvasir,0,294,91,608,530,546,626,84400,88217,144869,24.693,large,large,large,335.1
Kvasir-SEG,/home/samsul/Documents/Polyp Detection/kvasir-seg/images/cju5vi4nxlc530817uoqm2m7a.jpg,kvasir,0,232,84,554,424,530,619,74552,79696,117743,22.724,large,large,large,318.5
Kvasir-SEG,/home/samsul/Documents/Polyp Detection/kvasir-seg/images/cju1819curo000988pd5xcqme.jpg,kvasir,0,245,273,474,477,529,600,34083,38779,53646,10.738,large,large,large,222.2
Kvasir-SEG,/home/samsul/Documents/Polyp Detection/kvasir-seg/images/cju3x7xsaijq80818f0psavav.jpg,kvasir,0,230,259,457,480,531,590,39302,46246,59558,12.545,large,large,large,242.7
Kvasir-SEG,/home/samsul/Documents/Polyp Detection/kvasir-seg/images/cju5h57xedz5h0755mjpc8694.jpg,kvasir,0,0,60,404,449,528,622,125285,132641,167224,38.148,large,large,large,411.0
Kvasir-SEG,/home/samsul/Documents/Polyp Detection/kvasir-seg/images/cju3v56bwgy8v0871w14pz8fx.jpg,kvasir,0,146,36,370,205,531,570,25980,32753,48222,8.584,large,large,large,204.2
Kvasir-SEG,/home/samsul/Documents/Polyp Detection/kvasir-seg/images/cju3v56bwgy8v0871w14pz8fx.jpg,kvasir,1,50,192,191,423,531,570,22061,27812,41532,7.289,large,large,large,188.2
Kvasir-SEG,/home/samsul/Documents/Polyp Detection/kvasir-seg/images/cju5i39mreass0817au8p22zy.jpg,kvasir,0,95,97,328,530,546,623,64104,67650,107174,18.845,large,large,large,293.5
Kvasir-SEG,/home/samsul/Documents/Polyp Detection/kvasir-seg/images/cju3ua8u0g9rg0801uayhdxhu.jpg,kvasir,0,212,224,468,466,530,622,46426,49152,66118,14.083,large,large,large,250.2
Kvasir-SEG,/home/samsul/Documents/Polyp Detection/kvasir-seg/images/cju6x0yqbvxqt0755dhxislgb.jpg,kvasir,0,244,0,495,243,530,622,44131,46722,65098,13.387,large,large,large,243.9
Kvasir-SEG,/home/samsul/Documents/Polyp Detection/kvasir-seg/images/cju87ox0kncom0801b98hqnd2.jpg,kvasir,0,206,64,370,253,546,626,22258,23265,32768,6.512,large,large,medium,172.1
Kvasir-SEG,/home/samsul/Documents/Polyp Detection/kvasir-seg/images/cju42tauqlo5p08171l3cuo4b.jpg,kvasir,0,126,206,278,383,547,627,19469,20285,28375,5.677,large,large,medium,160.7
Kvasir-SEG,/home/samsul/Documents/Polyp Detection/kvasir-seg/images/cju5buy2bal250818ipl6fqwv.jpg,kvasir,0,71,74,355,281,430,569,39059,49415,74997,15.964,large,large,large,250.8
Kvasir-SEG,/home/samsul/Documents/Polyp Detection/kvasir-seg/images/cju16b6ynq8e40988m8vx0xnj.jpg,kvasir,0,86,62,174,147,530,571,5578,7008,9616,1.843,medium,medium,small,94.5
Kvasir-SEG,/home/samsul/Documents/Polyp Detection/kvasir-seg/images/cju8alhigqn2h0801zksudldd.jpg,kvasir,0,200,47,564,401,528,614,95964,104263,140781,29.601,large,large,large,364.4
Kvasir-SEG,/home/samsul/Documents/Polyp Detection/kvasir-seg/images/cju3u1c8tfyqx08503iedc3mx.jpg,kvasir,0,8,167,457,314,528,622,50030,52968,70510,15.234,large,large,large,259.7
Kvasir-SEG,/home/samsul/Documents/Polyp Detection/kvasir-seg/images/cju34uhepd3dd0799hs8782ad.jpg,kvasir,0,269,153,368,277,546,626,8483,8867,13065,2.482,medium,medium,medium,106.3
Kvasir-SEG,/home/samsul/Documents/Polyp Detection/kvasir-seg/images/cju6xa0qmvzun0818xjukgncj.jpg,kvasir,0,166,120,368,343,530,575,34738,43036,56334,11.399,large,large,large,234.1
Kvasir-SEG,/home/samsul/Documents/Polyp Detection/kvasir-seg/images/cju2ma647l0nj0993ot4deq2q.jpg,kvasir,0,289,170,458,387,547,621,26471,28116,39362,7.793,large,large,medium,189.2
Kvasir-SEG,/home/samsul/Documents/Polyp Detection/kvasir-seg/images/cju2ma647l0nj0993ot4deq2q.jpg,kvasir,1,230,425,420,546,547,621,17077,18138,24750,5.027,large,large,medium,152.0
Kvasir-SEG,/home/samsul/Documents/Polyp Detection/kvasir-seg/images/cju7fob3x301u0755x985pmmq.jpg,kvasir,0,194,95,440,329,528,577,36058,44362,71412,11.836,large,large,large,237.7
Kvasir-SEG,/home/samsul/Documents/Polyp Detection/kvasir-seg/images/cju2hfqnmhisa0993gpleeldd.jpg,kvasir,0,245,232,316,309,530,621,4081,4335,5965,1.24,medium,medium,small,74.3
Kvasir-SEG,/home/samsul/Documents/Polyp Detection/kvasir-seg/images/cju2hfqnmhisa0993gpleeldd.jpg,kvasir,1,429,392,473,468,530,621,2113,2244,3680,0.642,medium,medium,small,53.5
Kvasir-SEG,/home/samsul/Documents/Polyp Detection/kvasir-seg/images/cju5tenjojp1j0755ms4949h2.jpg,kvasir,0,45,144,333,433,531,570,59836,75435,105659,19.769,large,large,large,309.9
Kvasir-SEG,/home/samsul/Documents/Polyp Detection/kvasir-seg/images/cju7druhp2gp308715i6km7be.jpg,kvasir,0,5,30,579,380,546,626,110124,115105,210953,32.219,large,large,large,382.8
Kvasir-SEG,/home/samsul/Documents/Polyp Detection/kvasir-seg/images/cju33x0f22peh0988g0ln7w5v.jpg,kvasir,0,283,202,390,305,528,597,8430,9688,12908,2.674,large,medium,medium,111.1
Kvasir-SEG,/home/samsul/Documents/Polyp Detection/kvasir-seg/images/cju5huurrecm70801y680y13m.jpg,kvasir,0,285,274,510,482,520,603,33637,37892,53208,10.727,large,large,large,219.6
Kvasir-SEG,/home/samsul/Documents/Polyp Detection/kvasir-seg/images/cju7dglf226g50987ohbthl19.jpg,kvasir,0,293,0,620,306,528,621,55371,58811,106952,16.887,large,large,large,273.6
Kvasir-SEG,/home/samsul/Documents/Polyp Detection/kvasir-seg/images/ck2bxskgxxzfv08386xkqtqdy.jpg,kvasir,0,297,1,422,197,530,585,18021,21569,29709,5.812,large,large,medium,165.7
Kvasir-SEG,/home/samsul/Documents/Polyp Detection/kvasir-seg/images/ck2bxskgxxzfv08386xkqtqdy.jpg,kvasir,1,432,376,501,469,530,585,3971,4753,7875,1.281,medium,medium,small,77.8
Kvasir-SEG,/home/samsul/Documents/Polyp Detection/kvasir-seg/images/cju160wshltz10993i1gmqxbe.jpg,kvasir,0,423,259,512,382,530,607,8532,9485,12406,2.652,large,medium,medium,109.9
Kvasir-SEG,/home/samsul/Documents/Polyp Detection/kvasir-seg/images/cju5kre09fhka0850h7b1898j.jpg,kvasir,0,318,105,453,316,528,618,18812,20175,30921,5.765,large,large,medium,160.3
Kvasir-SEG,/home/samsul/Documents/Polyp Detection/kvasir-seg/images/cju16whaj0e7n0855q7b6cjkm.jpg,kvasir,0,57,13,531,376,547,626,89053,93081,180720,26.007,large,large,large,344.3
Kvasir-SEG,/home/samsul/Documents/Polyp Detection/kvasir-seg/images/cju5clr68b48r0755cmuvponm.jpg,kvasir,0,155,165,368,329,526,601,27061,30687,40041,8.56,large,large,large,197.7
Kvasir-SEG,/home/samsul/Documents/Polyp Detection/kvasir-seg/images/cju7alcgr1lsr0871riqk84z7.jpg,kvasir,0,345,22,562,214,530,622,32195,34085,44544,9.766,large,large,large,208.3
Kvasir-SEG,/home/samsul/Documents/Polyp Detection/kvasir-seg/images/cju8b6rp0r5st0850184f79xt.jpg,kvasir,0,310,83,624,506,546,626,93948,98197,139601,27.487,large,large,large,353.6
Kvasir-SEG,/home/samsul/Documents/Polyp Detection/kvasir-seg/images/cju88trl3ogi208716qvti51b.jpg,kvasir,0,207,206,320,367,530,540,13853,19459,25941,4.84,large,large,medium,157.4
Kvasir-SEG,/home/samsul/Documents/Polyp Detection/kvasir-seg/images/cju5wphwwlu3m0987hh3ltg88.jpg,kvasir,0,386,330,522,505,531,618,14238,15270,25859,4.339,large,large,medium,139.4
Kvasir-SEG,/home/samsul/Documents/Polyp Detection/kvasir-seg/images/cju2r6mt2om21099352pny5gw.jpg,kvasir,0,189,0,527,387,528,608,97889,108464,145742,30.493,large,large,large,371.6
Kvasir-SEG,/home/samsul/Documents/Polyp Detection/kvasir-seg/images/cju6w733bveoz0817e600tw72.jpg,kvasir,0,104,268,278,442,530,477,23934,34900,44656,9.467,large,large,large,210.8
Kvasir-SEG,/home/samsul/Documents/Polyp Detection/kvasir-seg/images/cju8chdlqsu620755azjty1tj.jpg,kvasir,0,290,108,473,341,530,622,34750,36790,45584,10.541,large,large,large,216.4
Kvasir-SEG,/home/samsul/Documents/Polyp Detection/kvasir-seg/images/cju6ur9l9v9jq0755paud9uka.jpg,kvasir,0,217,184,325,305,529,561,8853,11522,17307,2.983,large,medium,medium,121.1
Kvasir-SEG,/home/samsul/Documents/Polyp Detection/kvasir-seg/images/cju336l68y7if0993wf092166.jpg,kvasir,0,135,182,504,477,530,583,69819,84139,131982,22.596,large,large,large,327.3
Kvasir-SEG,/home/samsul/Documents/Polyp Detection/kvasir-seg/images/cju84gpefknwm098714oq8q61.jpg,kvasir,0,241,73,500,328,528,622,43297,45839,70468,13.184,large,large,large,241.6
Kvasir-SEG,/home/samsul/Documents/Polyp Detection/kvasir-seg/images/cju87li0zn3yb0817kbwgjiz8.jpg,kvasir,0,95,3,560,448,449,562,159713,207123,269531,63.293,large,large,large,513.5
Kvasir-SEG,/home/samsul/Documents/Polyp Detection/kvasir-seg/images/cju34o6dbd2lo0855aqlcy1hs.jpg,kvasir,0,304,0,464,111,476,623,13778,14540,19030,4.646,large,large,medium,136.1
Kvasir-SEG,/home/samsul/Documents/Polyp Detection/kvasir-seg/images/cju2pkwt3r8b90988v2ywq1px.jpg,kvasir,0,81,135,266,297,530,622,21426,22684,32098,6.499,large,large,medium,169.9
Kvasir-SEG,/home/samsul/Documents/Polyp Detection/kvasir-seg/images/cju2t62nq45jl0799odpufwx6.jpg,kvasir,0,280,111,516,486,528,622,65669,69525,94344,19.996,large,large,large,297.5
Kvasir-SEG,/home/samsul/Documents/Polyp Detection/kvasir-seg/images/cju2zgbj9zmrw0835nnlzxj4c.jpg,kvasir,0,77,59,497,437,528,623,102070,107716,168386,31.03,large,large,large,370.3
Kvasir-SEG,/home/samsul/Documents/Polyp Detection/kvasir-seg/images/cju5uxjnol2r509871qv2yeia.jpg,kvasir,0,314,63,482,284,531,620,20267,21596,39978,6.156,large,large,medium,165.8
Kvasir-SEG,/home/samsul/Documents/Polyp Detection/kvasir-seg/images/cju3128yi0rpu0988o4oo5n8n.jpg,kvasir,0,370,234,489,389,531,622,13394,14180,19819,4.055,large,large,medium,134.4
Kvasir-SEG,/home/samsul/Documents/Polyp Detection/kvasir-seg/images/cju34m7h536wq0988xz7gx79v.jpg,kvasir,0,111,297,450,530,531,617,33824,36393,85602,10.324,large,large,large,215.3
Kvasir-SEG,/home/samsul/Documents/Polyp Detection/kvasir-seg/images/cju6vqarjv7yo0987q4b1btk1.jpg,kvasir,0,336,209,519,458,529,584,35165,42232,55245,11.383,large,large,large,231.9
Kvasir-SEG,/home/samsul/Documents/Polyp Detection/kvasir-seg/images/cju35mdz73x890835eynq1h9v.jpg,kvasir,0,184,159,437,370,529,570,42405,53460,67886,14.063,large,large,large,260.9
Kvasir-SEG,/home/samsul/Documents/Polyp Detection/kvasir-seg/images/cju0vtox5ain6099360pu62rp.jpg,kvasir,0,145,100,299,243,531,622,14713,15577,23631,4.455,large,large,medium,140.8
Kvasir-SEG,/home/samsul/Documents/Polyp Detection/kvasir-seg/images/cju89z6pqpqfx0817mfv8ixjc.jpg,kvasir,0,366,20,478,87,531,622,4905,5193,8135,1.485,medium,medium,small,81.3
Kvasir-SEG,/home/samsul/Documents/Polyp Detection/kvasir-seg/images/cju7bc95p1mdm0817yqj5jc6j.jpg,kvasir,0,237,199,419,424,529,622,28697,30382,43786,8.721,large,large,large,196.7
Kvasir-SEG,/home/samsul/Documents/Polyp Detection/kvasir-seg/images/cju5woy82m07m08505dmjg7g1.jpg,kvasir,0,449,440,980,1038,1070,1348,239416,53968,71832,16.599,large,large,large,262.1
Kvasir-SEG,/home/samsul/Documents/Polyp Detection/kvasir-seg/images/cju43mkj9m8wb0871qiadahub.jpg,kvasir,0,109,124,301,356,547,626,34350,35904,47003,10.031,large,large,large,213.8
Kvasir-SEG,/home/samsul/Documents/Polyp Detection/kvasir-seg/images/cju32phw2bv130801yj7bkouq.jpg,kvasir,0,21,0,596,521,547,626,192429,201132,314271,56.196,large,large,large,506.1
Kvasir-SEG,/home/samsul/Documents/Polyp Detection/kvasir-seg/images/cju5cjh3xattc0817j2vbulzi.jpg,kvasir,0,286,16,419,139,528,617,11336,12197,17878,3.48,large,large,medium,124.6
Kvasir-SEG,/home/samsul/Documents/Polyp Detection/kvasir-seg/images/cju5cjh3xattc0817j2vbulzi.jpg,kvasir,1,411,215,508,352,528,617,9777,10520,14551,3.001,large,large,medium,115.7
Kvasir-SEG,/home/samsul/Documents/Polyp Detection/kvasir-seg/images/cju2txjfzv60w098839dcimys.jpg,kvasir,0,143,125,325,291,430,551,20875,28163,41231,8.811,large,large,large,189.4
Kvasir-SEG,/home/samsul/Documents/Polyp Detection/kvasir-seg/images/cju784jpdzeae0987q5ypq883.jpg,kvasir,0,252,341,477,530,531,580,33634,40953,52284,10.921,large,large,large,228.3
Kvasir-SEG,/home/samsul/Documents/Polyp Detection/kvasir-seg/images/cju2s16zp317h0799gr67jqc2.jpg,kvasir,0,29,58,447,361,531,622,94088,99612,134855,28.487,large,large,large,356.1
Kvasir-SEG,/home/samsul/Documents/Polyp Detection/kvasir-seg/images/cju31t8xd17bk0835rnb893jk.jpg,kvasir,0,409,345,445,369,529,622,553,585,979,0.168,small,small,small,27.3
Kvasir-SEG,/home/samsul/Documents/Polyp Detection/kvasir-seg/images/cju31t8xd17bk0835rnb893jk.jpg,kvasir,1,418,402,469,438,529,622,1351,1430,2037,0.411,medium,medium,small,42.7
Kvasir-SEG,/home/samsul/Documents/Polyp Detection/kvasir-seg/images/cju45n0oxn5vu08500yfrt9jn.jpg,kvasir,0,373,252,569,504,530,622,31821,33689,52767,9.653,large,large,large,207.1
Kvasir-SEG,/home/samsul/Documents/Polyp Detection/kvasir-seg/images/cju42xpi8lw4w0871ve317a1p.jpg,kvasir,0,188,188,336,382,530,465,21605,31504,42367,8.766,large,large,large,200.3
Kvasir-SEG,/home/samsul/Documents/Polyp Detection/kvasir-seg/images/cju34ds2531520988qjpqt6e3.jpg,kvasir,0,170,44,459,396,531,617,59651,64181,110144,18.207,large,large,large,285.9
Kvasir-SEG,/home/samsul/Documents/Polyp Detection/kvasir-seg/images/cju5k3j3uf6de0817hszzfr7n.jpg,kvasir,0,289,158,400,280,530,547,10315,14121,18859,3.558,large,large,medium,134.1
Kvasir-SEG,/home/samsul/Documents/Polyp Detection/kvasir-seg/images/cju87vqa0ndwg0850onjdz7ol.jpg,kvasir,0,0,0,555,529,530,556,198412,262893,390446,67.331,large,large,large,578.6
Kvasir-SEG,/home/samsul/Documents/Polyp Detection/kvasir-seg/images/cju77k828z46w0871r0avuoo9.jpg,kvasir,0,144,93,374,277,530,622,31870,33741,45244,9.668,large,large,large,207.3
Kvasir-SEG,/home/samsul/Documents/Polyp Detection/kvasir-seg/images/cju34zivp3fq80988opxbaqyn.jpg,kvasir,0,205,131,366,309,528,580,22230,27067,35308,7.259,large,large,medium,185.6
Kvasir-SEG,/home/samsul/Documents/Polyp Detection/kvasir-seg/images/cju3xjqtpikx50817tppy6g84.jpg,kvasir,0,316,171,608,417,530,622,48412,51255,76620,14.685,large,large,large,255.5
Kvasir-SEG,/home/samsul/Documents/Polyp Detection/kvasir-seg/images/cju7apr0c1qqm0755s7msqot4.jpg,kvasir,0,254,170,444,450,530,584,40946,49175,64458,13.229,large,large,large,250.2
Kvasir-SEG,/home/samsul/Documents/Polyp Detection/kvasir-seg/images/cju5ca9hcatkc0801jzwe7tfx.jpg,kvasir,0,135,51,463,331,546,626,54044,56488,96630,15.812,large,large,large,268.2
Kvasir-SEG,/home/samsul/Documents/Polyp Detection/kvasir-seg/images/cju5u6wf0kh1t0755bg1ssixv.jpg,kvasir,0,85,44,538,459,530,571,121662,152842,237267,40.202,large,large,large,441.1
Kvasir-SEG,/home/samsul/Documents/Polyp Detection/kvasir-seg/images/cju2oi8sq0i2y0801mektzvw8.jpg,kvasir,0,2,0,1347,1069,1070,1348,1101058,248193,324645,76.337,large,large,large,562.1
Kvasir-SEG,/home/samsul/Documents/Polyp Detection/kvasir-seg/images/cju2hw5gjlr5h0988so2qqres.jpg,kvasir,0,171,128,453,420,530,621,64335,68332,88071,19.547,large,large,large,295.0
Kvasir-SEG,/home/samsul/Documents/Polyp Detection/kvasir-seg/images/cju2zwg05a0oy0801yr73ig7g.jpg,kvasir,0,400,93,564,409,531,599,37391,42685,59710,11.756,large,large,large,233.1
Kvasir-SEG,/home/samsul/Documents/Polyp Detection/kvasir-seg/images/cju7bduyq1rjf08719giru9ho.jpg,kvasir,0,248,222,465,443,508,622,37884,40108,51238,11.99,large,large,large,226.0
Kvasir-SEG,/home/samsul/Documents/Polyp Detection/kvasir-seg/images/cju34sh43d8zm08019xbwhc0o.jpg,kvasir,0,106,207,331,491,530,620,38516,41041,68633,11.721,large,large,large,228.6
Kvasir-SEG,/home/samsul/Documents/Polyp Detection/kvasir-seg/images/cju2qtee81yd708787bsjr75d.jpg,kvasir,0,122,253,339,445,530,511,30091,43878,61351,11.111,large,large,large,236.4
Kvasir-SEG,/home/samsul/Documents/Polyp Detection/kvasir-seg/images/cju30df2j09dd08351ayx2t6w.jpg,kvasir,0,166,198,389,444,530,622,36637,38788,58577,11.114,large,large,large,222.2
Kvasir-SEG,/home/samsul/Documents/Polyp Detection/kvasir-seg/images/cju0ue769mxii08019zqgdbxn.jpg,kvasir,0,183,84,341,239,547,626,16347,17086,25926,4.774,large,large,medium,147.5
Kvasir-SEG,/home/samsul/Documents/Polyp Detection/kvasir-seg/images/cju334jzo261t0835yqudnfs1.jpg,kvasir,0,336,95,622,403,528,623,65831,69473,93589,20.013,large,large,large,297.4
Kvasir-SEG,/home/samsul/Documents/Polyp Detection/kvasir-seg/images/cju8a1jtvpt9m081712iwkca7.jpg,kvasir,0,938,98,1347,879,1070,1348,269590,60769,72272,18.691,large,large,large,278.2
Kvasir-SEG,/home/samsul/Documents/Polyp Detection/kvasir-seg/images/cju2ti1du4idn0878giuozonw.jpg,kvasir,0,294,222,476,472,530,571,32335,40622,57705,10.685,large,large,large,227.4
Kvasir-SEG,/home/samsul/Documents/Polyp Detection/kvasir-seg/images/cju30gxjq0djk0988jytm49rs.jpg,kvasir,0,338,155,523,352,530,622,26464,28018,38990,8.028,large,large,medium,188.9
Kvasir-SEG,/home/samsul/Documents/Polyp Detection/kvasir-seg/images/cju42romflni20817etb9a0fl.jpg,kvasir,0,160,173,361,390,528,622,30480,32270,46622,9.281,large,large,large,202.7
Kvasir-SEG,/home/samsul/Documents/Polyp Detection/kvasir-seg/images/cju5k7r0yf98c09878csbxb4d.jpg,kvasir,0,229,41,320,133,528,622,6310,6680,9058,1.921,medium,medium,small,92.2
Kvasir-SEG,/home/samsul/Documents/Polyp Detection/kvasir-seg/images/cju2i3hzclw3o0988rrgh911i.jpg,kvasir,0,68,145,451,530,531,598,98756,113115,169776,31.101,large,large,large,379.5
Kvasir-SEG,/home/samsul/Documents/Polyp Detection/kvasir-seg/images/cju323ypb1fbb0988gx5rzudb.jpg,kvasir,0,41,178,491,529,530,604,121647,136580,178240,38.0,large,large,large,417.0
Kvasir-SEG,/home/samsul/Documents/Polyp Detection/kvasir-seg/images/cju76l27oyrw907551ri2a7fl.jpg,kvasir,0,147,114,366,440,480,396,49579,88140,127893,26.083,large,large,large,335.0
Kvasir-SEG,/home/samsul/Documents/Polyp Detection/kvasir-seg/images/cju30k2z40ds308353kdew70n.jpg,kvasir,0,203,247,388,447,528,618,28495,30560,40095,8.733,large,large,large,197.3
Kvasir-SEG,/home/samsul/Documents/Polyp Detection/kvasir-seg/images/cju2ro5jqsy680988pi6qsujw.jpg,kvasir,0,254,139,581,530,531,622,71514,75713,136125,21.652,large,large,large,310.5
Kvasir-SEG,/home/samsul/Documents/Polyp Detection/kvasir-seg/images/cju2qvuj1s9ok0835tp2k4ozh.jpg,kvasir,0,204,121,591,529,531,605,99752,111627,177584,31.051,large,large,large,377.0
Kvasir-SEG,/home/samsul/Documents/Polyp Detection/kvasir-seg/images/cju88l66no10s0850rsda7ej1.jpg,kvasir,0,57,1,570,529,530,571,245680,308644,341591,81.182,large,large,large,626.9
Kvasir-SEG,/home/samsul/Documents/Polyp Detection/kvasir-seg/images/cju1hyolc7aqu0878rrkfn1lr.jpg,kvasir,0,122,257,502,649,1070,1348,110289,24861,33752,7.646,large,large,medium,177.9
Kvasir-SEG,/home/samsul/Documents/Polyp Detection/kvasir-seg/images/cju3umoh1geet0817cmpef5am.jpg,kvasir,0,191,304,406,530,531,599,34138,38971,55974,10.733,large,large,large,222.8
Kvasir-SEG,/home/samsul/Documents/Polyp Detection/kvasir-seg/images/cju41kd7yl4nm0850gil5qqwh.jpg,kvasir,0,262,166,394,380,531,535,21523,30800,40921,7.576,large,large,large,198.0
Kvasir-SEG,/home/samsul/Documents/Polyp Detection/kvasir-seg/images/cju8d2q30tfhs0801n7lx77xl.jpg,kvasir,0,319,228,594,514,546,614,56871,61789,86063,16.964,large,large,large,280.5
Kvasir-SEG,/home/samsul/Documents/Polyp Detection/kvasir-seg/images/cju7ey10f2rvf0871bwbi9x82.jpg,kvasir,0,268,147,410,334,530,622,19501,20646,28463,5.915,large,large,medium,162.1
Kvasir-SEG,/home/samsul/Documents/Polyp Detection/kvasir-seg/images/cjyzkmjy8evns070165gf9dmq.jpg,kvasir,0,167,135,376,386,576,720,40320,31858,41813,9.722,large,large,large,201.4
Kvasir-SEG,/home/samsul/Documents/Polyp Detection/kvasir-seg/images/cju2u73dj53oz0878486k8k4b.jpg,kvasir,0,79,146,299,370,529,524,38697,56640,72782,13.96,large,large,large,268.5
Kvasir-SEG,/home/samsul/Documents/Polyp Detection/kvasir-seg/images/cju30bmab08bi0835mvlr6e0r.jpg,kvasir,0,145,93,375,277,530,622,32227,34119,45244,9.776,large,large,large,208.4
Kvasir-SEG,/home/samsul/Documents/Polyp Detection/kvasir-seg/images/cju6vvb8svhed0801jjcquh5e.jpg,kvasir,0,159,153,222,298,530,604,4841,5435,10491,1.512,medium,medium,medium,83.2
Kvasir-SEG,/home/samsul/Documents/Polyp Detection/kvasir-seg/images/cju1d96gsv62d09881b3wecw2.jpg,kvasir,0,268,1,620,424,528,622,83015,87889,158460,25.277,large,large,large,334.5
Kvasir-SEG,/home/samsul/Documents/Polyp Detection/kvasir-seg/images/cju1g20bdwq6u0835e16xugcd.jpg,kvasir,0,279,121,509,477,531,622,64375,68155,87309,19.491,large,large,large,294.6
Kvasir-SEG,/home/samsul/Documents/Polyp Detection/kvasir-seg/images/cju2nqapmzvk20801f9us40dx.jpg,kvasir,0,42,118,244,361,547,626,37357,39047,51772,10.91,large,large,large,223.0
Kvasir-SEG,/home/samsul/Documents/Polyp Detection/kvasir-seg/images/cju2nqapmzvk20801f9us40dx.jpg,kvasir,1,256,454,375,546,547,626,7994,8356,11665,2.335,medium,medium,medium,103.1
Kvasir-SEG,/home/samsul/Documents/Polyp Detection/kvasir-seg/images/cju2tpfa5uyx408359datxqqj.jpg,kvasir,0,119,58,306,318,528,622,33351,35309,51949,10.155,large,large,large,212.0
Kvasir-SEG,/home/samsul/Documents/Polyp Detection/kvasir-seg/images/cju2zdhsczmn50988z64qwg2q.jpg,kvasir,0,119,94,246,208,530,598,9308,10661,16860,2.937,large,large,medium,116.5
Kvasir-SEG,/home/samsul/Documents/Polyp Detection/kvasir-seg/images/cju2zdhsczmn50988z64qwg2q.jpg,kvasir,1,393,115,578,373,530,598,34961,40044,55179,11.031,large,large,large,225.8
Kvasir-SEG,/home/samsul/Documents/Polyp Detection/kvasir-seg/images/cju7do8c72dbo0801vxfzxdc4.jpg,kvasir,0,396,239,521,394,547,626,14065,14701,20545,4.108,large,large,medium,136.8
Kvasir-SEG,/home/samsul/Documents/Polyp Detection/kvasir-seg/images/cju85plp7lmkw0850rx42jdpf.jpg,kvasir,0,294,0,595,472,530,596,96907,111744,164716,30.678,large,large,large,377.2
Kvasir-SEG,/home/samsul/Documents/Polyp Detection/kvasir-seg/images/cju8c5223s8j80850b4kealt4.jpg,kvasir,0,263,0,453,325,529,619,23336,24946,66562,7.127,large,large,large,178.2
Kvasir-SEG,/home/samsul/Documents/Polyp Detection/kvasir-seg/images/cju85hguellg50818kwu3s8d1.jpg,kvasir,0,219,0,621,406,528,622,131264,138971,173652,39.969,large,large,large,420.6
Kvasir-SEG,/home/samsul/Documents/Polyp Detection/kvasir-seg/images/cju8ashhnquqr0801rwduzt7d.jpg,kvasir,0,285,438,629,842,1011,1220,89169,24539,38452,7.229,large,large,medium,176.8
Kvasir-SEG,/home/samsul/Documents/Polyp Detection/kvasir-seg/images/cju2yi9tz8vky0801yqip0xyl.jpg,kvasir,0,39,1,343,384,528,616,85142,91906,126424,26.178,large,large,large,342.1
Kvasir-SEG,/home/samsul/Documents/Polyp Detection/kvasir-seg/images/cju3wstckialg0871xs0vevsj.jpg,kvasir,0,90,19,488,345,529,564,98620,126989,168005,33.054,large,large,large,402.1
Kvasir-SEG,/home/samsul/Documents/Polyp Detection/kvasir-seg/images/cju2ysg748ru80878sp6j0gm0.jpg,kvasir,0,97,81,407,546,547,572,95403,119435,181432,30.491,large,large,large,390.0
Kvasir-SEG,/home/samsul/Documents/Polyp Detection/kvasir-seg/images/cju3xiic0ilzp0850lusrb42j.jpg,kvasir,0,195,165,349,241,530,571,8508,10688,14994,2.811,large,medium,medium,116.7
Kvasir-SEG,/home/samsul/Documents/Polyp Detection/kvasir-seg/images/cju1dnz61vfp40988e78bkjga.jpg,kvasir,0,378,21,533,237,547,627,19915,20749,35270,5.807,large,large,medium,162.5
Kvasir-SEG,/home/samsul/Documents/Polyp Detection/kvasir-seg/images/cju8adb60qbiu080188mxpf8d.jpg,kvasir,0,267,164,449,347,528,623,26350,27808,35535,8.01,large,large,medium,188.2
Kvasir-SEG,/home/samsul/Documents/Polyp Detection/kvasir-seg/images/cju35740hzm0g0993zl5ic246.jpg,kvasir,0,284,299,386,470,474,557,11547,15245,23389,4.374,large,large,medium,139.3
Kvasir-SEG,/home/samsul/Documents/Polyp Detection/kvasir-seg/images/cju7bgnvb1sf808717qa799ir.jpg,kvasir,0,142,49,431,347,528,590,58355,68665,102029,18.732,large,large,large,295.7
Kvasir-SEG,/home/samsul/Documents/Polyp Detection/kvasir-seg/images/cju5o1vu9gz8a0818eyy92bns.jpg,kvasir,0,1,199,198,497,547,421,41143,56322,81044,17.866,large,large,large,267.8
Kvasir-SEG,/home/samsul/Documents/Polyp Detection/kvasir-seg/images/cju2tjrog4jy30878pawyazqc.jpg,kvasir,0,325,74,558,356,530,622,38702,40974,70110,11.74,large,large,large,228.4
Kvasir-SEG,/home/samsul/Documents/Polyp Detection/kvasir-seg/images/cju2i6acqvo6l0799u20fift8.jpg,kvasir,0,161,181,391,476,546,623,47085,49690,72159,13.842,large,large,large,251.5
Kvasir-SEG,/home/samsul/Documents/Polyp Detection/kvasir-seg/images/cju6xmqd9w0250817l5kxfnsk.jpg,kvasir,0,328,118,493,352,530,494,28791,41982,56883,10.996,large,large,large,231.2
Kvasir-SEG,/home/samsul/Documents/Polyp Detection/kvasir-seg/images/cju85rkbnlo1c08503uxcpax1.jpg,kvasir,0,206,243,474,530,531,622,56507,59825,82021,17.109,large,large,large,276.0
Kvasir-SEG,/home/samsul/Documents/Polyp Detection/kvasir-seg/images/cju7eea9b2m0z0801ynqv1fqu.jpg,kvasir,0,219,140,522,496,1012,1224,76781,20992,29671,6.199,large,large,medium,163.5
Kvasir-SEG,/home/samsul/Documents/Polyp Detection/kvasir-seg/images/cju7eea9b2m0z0801ynqv1fqu.jpg,kvasir,1,695,699,978,1011,1012,1224,63737,17426,24303,5.146,large,large,medium,149.0
Kvasir-SEG,/home/samsul/Documents/Polyp Detection/kvasir-seg/images/cju426tomlhll0818fc0i7nvh.jpg,kvasir,0,366,185,520,339,528,611,18150,19914,26360,5.626,large,large,medium,159.2
Kvasir-SEG,/home/samsul/Documents/Polyp Detection/kvasir-seg/images/cju0u2g7pmnux0801vkk47ivj.jpg,kvasir,0,0,153,366,529,530,611,94680,103881,151805,29.238,large,large,large,363.7
Kvasir-SEG,/home/samsul/Documents/Polyp Detection/kvasir-seg/images/cju1dia8hvc6v098827mgffnm.jpg,kvasir,0,335,264,463,402,528,616,13806,14903,19355,4.245,large,large,medium,137.8
Kvasir-SEG,/home/samsul/Documents/Polyp Detection/kvasir-seg/images/cju7f5ghb2r5s0801chwkxxh9.jpg,kvasir,0,204,79,913,796,1010,1220,367077,101018,140289,29.79,large,large,large,358.6
Kvasir-SEG,/home/samsul/Documents/Polyp Detection/kvasir-seg/images/cju1cbokpuiw70988j4lq1fpi.jpg,kvasir,0,237,283,367,455,529,615,13704,14841,24543,4.212,large,large,medium,137.5
Kvasir-SEG,/home/samsul/Documents/Polyp Detection/kvasir-seg/images/cju5wkonqlrl409877y8zvnub.jpg,kvasir,0,309,120,594,412,547,627,57867,60291,87309,16.872,large,large,large,277.1
Kvasir-SEG,/home/samsul/Documents/Polyp Detection/kvasir-seg/images/cju1fyb1d69et0878muzdak9u.jpg,kvasir,0,210,117,368,396,528,622,32460,34366,47134,9.884,large,large,large,209.2
Kvasir-SEG,/home/samsul/Documents/Polyp Detection/kvasir-seg/images/cju1dq3x1vgx109889c7wyirg.jpg,kvasir,0,192,102,386,349,513,617,34262,36864,52033,10.825,large,large,large,216.6
Kvasir-SEG,/home/samsul/Documents/Polyp Detection/kvasir-seg/images/cju2ntxtdzlvu0799xl3j9pan.jpg,kvasir,0,333,358,483,461,547,626,9215,9632,16414,2.691,large,medium,medium,110.7
Kvasir-SEG,/home/samsul/Documents/Polyp Detection/kvasir-seg/images/cju5ew4h9cqaf0818rrczkmqh.jpg,kvasir,0,167,69,476,383,530,570,73248,92343,123107,24.246,large,large,large,342.9
Kvasir-SEG,/home/samsul/Documents/Polyp Detection/kvasir-seg/images/cju7ehljc2or70871261br8ai.jpg,kvasir,0,141,4,567,530,531,569,164843,208548,284691,54.559,large,large,large,515.3
Kvasir-SEG,/home/samsul/Documents/Polyp Detection/kvasir-seg/images/cju422cm8lfxn0818ojicxejb.jpg,kvasir,0,148,347,375,530,531,571,29981,37665,52704,9.888,large,large,large,219.0
Kvasir-SEG,/home/samsul/Documents/Polyp Detection/kvasir-seg/images/cju2urqpwvxw70835rvndvtsi.jpg,kvasir,0,162,37,298,134,474,626,9321,9743,14033,3.141,large,large,medium,111.4
Kvasir-SEG,/home/samsul/Documents/Polyp Detection/kvasir-seg/images/cju88nroho44508500129f1nh.jpg,kvasir,0,237,245,335,361,530,621,8456,8981,12303,2.569,medium,medium,medium,106.9
Kvasir-SEG,/home/samsul/Documents/Polyp Detection/kvasir-seg/images/cju5vzjoslpj708186z2fusmz.jpg,kvasir,0,387,170,529,328,496,622,16080,17024,24072,5.212,large,large,medium,147.2
Kvasir-SEG,/home/samsul/Documents/Polyp Detection/kvasir-seg/images/cju35ldepdtlm0801yv79y8vu.jpg,kvasir,0,103,52,255,207,547,626,16859,17622,24948,4.923,large,large,medium,149.8
Kvasir-SEG,/home/samsul/Documents/Polyp Detection/kvasir-seg/images/cju16d65tzw9d0799ouslsw25.jpg,kvasir,0,246,212,344,368,530,481,11911,17368,22664,4.672,large,large,medium,148.7
Kvasir-SEG,/home/samsul/Documents/Polyp Detection/kvasir-seg/images/cju843yjskhq30818qre4rwm2.jpg,kvasir,0,335,85,428,298,437,547,13087,17915,27538,5.475,large,large,medium,151.0
Kvasir-SEG,/home/samsul/Documents/Polyp Detection/kvasir-seg/images/cju2lcyfgkf5809932fn9gucn.jpg,kvasir,0,219,143,393,289,530,571,19262,24199,32318,6.365,large,large,medium,175.5
Kvasir-SEG,/home/samsul/Documents/Polyp Detection/kvasir-seg/images/cju7ajnbo1gvm098749rdouk0.jpg,kvasir,0,161,0,536,269,546,626,77487,80992,106112,22.671,large,large,large,321.1
Kvasir-SEG,/home/samsul/Documents/Polyp Detection/kvasir-seg/images/cju7f6cqy2ur20818t1saazbm.jpg,kvasir,0,306,177,544,451,546,626,43453,45418,68698,12.713,large,large,large,240.5
Kvasir-SEG,/home/samsul/Documents/Polyp Detection/kvasir-seg/images/cju3u39fog1bo0871lxjrabks.jpg,kvasir,0,377,0,824,306,1010,1205,105631,29797,38797,8.679,large,large,medium,194.8
Kvasir-SEG,/home/samsul/Documents/Polyp Detection/kvasir-seg/images/cju8a3nhbpwnb0850d37fo2na.jpg,kvasir,0,249,72,427,227,528,622,19487,20631,29564,5.934,large,large,medium,162.1
Kvasir-SEG,/home/samsul/Documents/Polyp Detection/kvasir-seg/images/cju7bd1qu1mx409877xjxibox.jpg,kvasir,0,159,158,354,351,530,570,28311,35692,47937,9.371,large,large,large,213.2
Kvasir-SEG,/home/samsul/Documents/Polyp Detection/kvasir-seg/images/cju5es375cnzy0801nkq35ffs.jpg,kvasir,0,121,183,270,371,528,621,21242,22562,30111,6.478,large,large,medium,169.5
Kvasir-SEG,/home/samsul/Documents/Polyp Detection/kvasir-seg/images/cju7b2l561oas0871decgslaf.jpg,kvasir,0,73,259,272,441,531,569,26504,33531,46304,8.772,large,large,large,206.6
Kvasir-SEG,/home/samsul/Documents/Polyp Detection/kvasir-seg/images/cju2i8br1vqtd08784u6vmcjk.jpg,kvasir,0,203,280,551,522,531,622,61465,65074,89786,18.61,large,large,large,287.8
Kvasir-SEG,/home/samsul/Documents/Polyp Detection/kvasir-seg/images/cju83u9ftk3ni0987qnhlcinv.jpg,kvasir,0,161,119,467,475,476,576,83378,102936,135307,30.41,large,large,large,362.0
Kvasir-SEG,/home/samsul/Documents/Polyp Detection/kvasir-seg/images/cju7flevb2wii08188otgs9p2.jpg,kvasir,0,31,5,541,527,528,600,209134,237948,304075,66.015,large,large,large,550.4
Kvasir-SEG,/home/samsul/Documents/Polyp Detection/kvasir-seg/images/cju2uokeg5jm20799xwgsyz89.jpg,kvasir,0,123,184,544,505,530,570,94186,118740,171308,31.177,large,large,large,388.8
Kvasir-SEG,/home/samsul/Documents/Polyp Detection/kvasir-seg/images/cju7d5m0p23kn09871rk7pu3v.jpg,kvasir,0,152,27,562,530,531,563,113700,146928,267680,38.033,large,large,large,432.5
Kvasir-SEG,/home/samsul/Documents/Polyp Detection/kvasir-seg/images/cju2rnkt22xep0801as160g9t.jpg,kvasir,0,299,182,377,290,454,558,5001,6579,11328,1.974,medium,medium,medium,91.5
Kvasir-SEG,/home/samsul/Documents/Polyp Detection/kvasir-seg/images/cju2rnkt22xep0801as160g9t.jpg,kvasir,1,61,264,129,320,454,558,2812,3699,5174,1.11,medium,medium,small,68.6
Kvasir-SEG,/home/samsul/Documents/Polyp Detection/kvasir-seg/images/cju5udcufki0s09874ll1dbr5.jpg,kvasir,0,226,269,518,512,531,570,54889,69198,90130,18.135,large,large,large,296.8
Kvasir-SEG,/home/samsul/Documents/Polyp Detection/kvasir-seg/images/cju7b5afm1nfw0801xqm8bf8q.jpg,kvasir,0,122,64,274,228,531,599,18001,20550,28819,5.659,large,large,medium,161.8
Kvasir-SEG,/home/samsul/Documents/Polyp Detection/kvasir-seg/images/cju5b9oyda4yr0850g9viziyv.jpg,kvasir,0,268,208,443,391,528,622,23742,25136,34285,7.229,large,large,medium,178.9
Kvasir-SEG,/home/samsul/Documents/Polyp Detection/kvasir-seg/images/cju5xopi0md7q0871r1sjc1av.jpg,kvasir,0,382,167,567,410,546,568,33872,43004,57619,10.922,large,large,large,234.0
Kvasir-SEG,/home/samsul/Documents/Polyp Detection/kvasir-seg/images/cju7avvi51iox0817ym55y6tt.jpg,kvasir,0,25,13,589,472,546,626,176857,184856,271655,51.743,large,large,large,485.1
Kvasir-SEG,/home/samsul/Documents/Polyp Detection/kvasir-seg/images/cju35c4wzdhow0799h6eq4sgs.jpg,kvasir,0,299,287,598,530,531,599,38841,44340,83564,12.212,large,large,large,237.6
Kvasir-SEG,/home/samsul/Documents/Polyp Detection/kvasir-seg/images/cju7b10ce1mnm08011c5bwyr4.jpg,kvasir,0,302,35,579,348,530,622,56120,59415,92417,17.024,large,large,large,275.0
Kvasir-SEG,/home/samsul/Documents/Polyp Detection/kvasir-seg/images/cju2yljr0yzhw0988ecf271ly.jpg,kvasir,0,198,102,879,677,1009,1220,278666,76687,108105,22.638,large,large,large,312.5
Kvasir-SEG,/home/samsul/Documents/Polyp Detection/kvasir-seg/images/cju3tx1qyg0c907552fglumhc.jpg,kvasir,0,189,1,417,150,529,622,25809,27324,36367,7.844,large,large,medium,186.5
Kvasir-SEG,/home/samsul/Documents/Polyp Detection/kvasir-seg/images/cju1cu1u2474n0878tt7v4tdr.jpg,kvasir,0,463,102,520,196,531,621,4118,4374,5852,1.249,medium,medium,small,74.6
Kvasir-SEG,/home/samsul/Documents/Polyp Detection/kvasir-seg/images/cju1cu1u2474n0878tt7v4tdr.jpg,kvasir,1,375,395,428,462,531,621,2667,2833,3900,0.809,medium,medium,small,60.1
Kvasir-SEG,/home/samsul/Documents/Polyp Detection/kvasir-seg/images/cju2zrojo9kcd0878ld2epejq.jpg,kvasir,0,369,42,480,229,531,621,14227,15111,22364,4.314,large,large,medium,138.7
Kvasir-SEG,/home/samsul/Documents/Polyp Detection/kvasir-seg/images/cju5u8gz4kj5b07552e2wpkwp.jpg,kvasir,0,169,3,552,374,531,571,79136,99417,179458,26.1,large,large,large,355.8
Kvasir-SEG,/home/samsul/Documents/Polyp Detection/kvasir-seg/images/cju88gx09o2vk0818610zody3.jpg,kvasir,0,362,172,549,366,547,626,23862,24941,38318,6.969,large,large,medium,178.2
Kvasir-SEG,/home/samsul/Documents/Polyp Detection/kvasir-seg/images/cju88oh0po9gq0801nge4tgr1.jpg,kvasir,0,403,248,532,374,531,604,12280,13787,18537,3.829,large,large,medium,132.5
Kvasir-SEG,/home/samsul/Documents/Polyp Detection/kvasir-seg/images/cju3yb47cj1xq0817zfotbni4.jpg,kvasir,0,200,264,461,495,547,626,44229,46229,63533,12.917,large,large,large,242.6
Kvasir-SEG,/home/samsul/Documents/Polyp Detection/kvasir-seg/images/cju32l161bi1v07990vm376in.jpg,kvasir,0,542,221,621,377,529,622,10581,11202,13297,3.216,large,large,medium,119.4
Kvasir-SEG,/home/samsul/Documents/Polyp Detection/kvasir-seg/images/cju5yimthmlv80850zhoc90c2.jpg,kvasir,0,181,318,346,448,528,590,16192,19053,25588,5.198,large,large,medium,155.8
Kvasir-SEG,/home/samsul/Documents/Polyp Detection/kvasir-seg/images/ck2bxpfgxu2mk0748gsh7xelu.jpg,kvasir,0,389,261,613,495,531,621,21994,23360,56160,6.67,large,large,large,172.5
Kvasir-SEG,/home/samsul/Documents/Polyp Detection/kvasir-seg/images/cju1fmsyf6gxb0801cimx2gle.jpg,kvasir,0,266,317,466,485,531,570,24047,30316,42825,7.945,large,large,large,196.5
Kvasir-SEG,/home/samsul/Documents/Polyp Detection/kvasir-seg/images/cju15jr8jz8sb0855ukmkswkz.jpg,kvasir,0,194,0,539,374,528,594,98456,114296,150624,31.392,large,large,large,381.5
Kvasir-SEG,/home/samsul/Documents/Polyp Detection/kvasir-seg/images/cju41p90plcsx08018cnzpndc.jpg,kvasir,0,222,309,307,440,529,622,8022,8493,12019,2.438,medium,medium,medium,104.0
Kvasir-SEG,/home/samsul/Documents/Polyp Detection/kvasir-seg/images/cjyzu3reghjya0794w7pwoi50.jpg,kvasir,0,345,76,613,364,576,720,50072,39563,61425,12.074,large,large,large,224.4
Kvasir-SEG,/home/samsul/Documents/Polyp Detection/kvasir-seg/images/cju7ejm2l2ncl0801wq6y84nw.jpg,kvasir,0,0,232,225,371,546,626,23241,24292,33071,6.8,large,large,medium,175.9
Kvasir-SEG,/home/samsul/Documents/Polyp Detection/kvasir-seg/images/cju849c23kgnk0817cgv2hw1e.jpg,kvasir,0,76,188,275,391,531,622,26578,28139,43196,8.047,large,large,large,189.3
Kvasir-SEG,/home/samsul/Documents/Polyp Detection/kvasir-seg/images/cju1f5x1164xv08555654c24r.jpg,kvasir,0,458,161,621,529,530,622,40190,42550,64069,12.191,large,large,large,232.8
Kvasir-SEG,/home/samsul/Documents/Polyp Detection/kvasir-seg/images/cju8b8yair65w09878pyqtr96.jpg,kvasir,0,305,210,483,528,529,520,34598,50641,83578,12.577,large,large,large,253.9
Kvasir-SEG,/home/samsul/Documents/Polyp Detection/kvasir-seg/images/cju8bqxxurs6i0850mu7mtef9.jpg,kvasir,0,360,98,588,342,528,600,40842,46469,63835,12.892,large,large,large,243.2
Kvasir-SEG,/home/samsul/Documents/Polyp Detection/kvasir-seg/images/cju15mhjczc8z0801kit5c6di.jpg,kvasir,0,345,37,603,284,546,624,45888,48271,67568,13.469,large,large,large,247.9
Kvasir-SEG,/home/samsul/Documents/Polyp Detection/kvasir-seg/images/cju7dlk532dsh0871zvr6qz0r.jpg,kvasir,0,358,96,598,468,547,627,63552,66215,93659,18.53,large,large,large,290.4
Kvasir-SEG,/home/samsul/Documents/Polyp Detection/kvasir-seg/images/cju8c9akjsdjj0850s67uzlxq.jpg,kvasir,0,216,153,409,391,518,570,35776,45103,58453,12.117,large,large,large,239.6
Kvasir-SEG,/home/samsul/Documents/Polyp Detection/kvasir-seg/images/cju2lejzcy4pc0878c9rlonot.jpg,kvasir,0,209,229,553,498,530,571,65855,82733,117023,21.761,large,large,large,324.6
Kvasir-SEG,/home/samsul/Documents/Polyp Detection/kvasir-seg/images/cju88v2f9oi8w0871hx9auh01.jpg,kvasir,0,319,266,413,377,546,626,7633,7978,11121,2.233,medium,medium,medium,100.8
Kvasir-SEG,/home/samsul/Documents/Polyp Detection/kvasir-seg/images/cju2lyynuymli0855g7fxgbhe.jpg,kvasir,0,275,173,416,328,519,612,14432,15783,24225,4.544,large,large,medium,141.8
Kvasir-SEG,/home/samsul/Documents/Polyp Detection/kvasir-seg/images/cju8c1a0ws7o208181c6lbsom.jpg,kvasir,0,139,0,623,340,546,625,116810,122484,173419,34.23,large,large,large,394.9
Kvasir-SEG,/home/samsul/Documents/Polyp Detection/kvasir-seg/images/cju8bssulrrcy0987h1vq5060.jpg,kvasir,0,81,313,374,530,531,548,53444,72895,87418,18.366,large,large,large,304.7
Kvasir-SEG,/home/samsul/Documents/Polyp Detection/kvasir-seg/images/cju2zkpdl9h7t0799ix60teqg.jpg,kvasir,0,309,109,418,294,528,611,14997,16454,22448,4.649,large,large,medium,144.7
Kvasir-SEG,/home/samsul/Documents/Polyp Detection/kvasir-seg/images/cju1amqw6p8pw0993d9gc5crl.jpg,kvasir,0,351,221,484,309,547,622,8328,8817,12626,2.448,medium,medium,medium,106.0
Kvasir-SEG,/home/samsul/Documents/Polyp Detection/kvasir-seg/images/cju7dqcwi2dz00850gcmr2ert.jpg,kvasir,0,286,340,438,495,528,622,17907,18958,25269,5.453,large,large,medium,155.4
Kvasir-SEG,/home/samsul/Documents/Polyp Detection/kvasir-seg/images/cju2r91dg2k090801bh0xzbxk.jpg,kvasir,0,213,235,554,522,1070,1348,67626,15244,22202,4.689,large,large,medium,139.3
Kvasir-SEG,/home/samsul/Documents/Polyp Detection/kvasir-seg/images/cju6uzxk0v83p0801rcwnexdu.jpg,kvasir,0,23,80,386,546,547,626,101528,106120,177676,29.65,large,large,large,367.6
Kvasir-SEG,/home/samsul/Documents/Polyp Detection/kvasir-seg/images/cju84dsvaklpx098750hp83x4.jpg,kvasir,0,45,75,483,529,530,570,115420,145509,251818,38.206,large,large,large,430.4
Kvasir-SEG,/home/samsul/Documents/Polyp Detection/kvasir-seg/images/cju32fhnhbds40799broyoptc.jpg,kvasir,0,288,129,406,320,530,621,16790,17833,24267,5.101,large,large,medium,150.7
Kvasir-SEG,/home/samsul/Documents/Polyp Detection/kvasir-seg/images/cju1cj3f0qi5n0993ut8f49rj.jpg,kvasir,0,52,205,363,529,530,616,76622,82709,109455,23.469,large,large,large,324.5
Kvasir-SEG,/home/samsul/Documents/Polyp Detection/kvasir-seg/images/cju84ih17kp5l09876bkooocl.jpg,kvasir,0,360,164,543,445,531,622,36395,38532,54935,11.019,large,large,large,221.5
Kvasir-SEG,/home/samsul/Documents/Polyp Detection/kvasir-seg/images/cju2oq5570avm079959o20op1.jpg,kvasir,0,186,330,580,546,547,626,67981,71056,89592,19.853,large,large,large,300.8
Kvasir-SEG,/home/samsul/Documents/Polyp Detection/kvasir-seg/images/cju2ycp1u8g2r0799jslnp7cz.jpg,kvasir,0,257,118,461,364,531,617,33409,35946,54480,10.197,large,large,large,213.9
Kvasir-SEG,/home/samsul/Documents/Polyp Detection/kvasir-seg/images/cju43h43am1dy08176gwfhmnt.jpg,kvasir,0,249,166,359,278,530,594,8766,10176,14561,2.784,large,medium,medium,113.8
Kvasir-SEG,/home/samsul/Documents/Polyp Detection/kvasir-seg/images/cju8djdqztu6408506pzhlo18.jpg,kvasir,0,352,28,515,260,530,611,28975,31791,41925,8.948,large,large,large,201.2
Kvasir-SEG,/home/samsul/Documents/Polyp Detection/kvasir-seg/images/cju6vta3kvazg0817qbeppjtm.jpg,kvasir,0,256,55,575,402,528,622,77294,81832,117899,23.535,large,large,large,322.8
Kvasir-SEG,/home/samsul/Documents/Polyp Detection/kvasir-seg/images/cju3u4lxmg59o0755rz42b9en.jpg,kvasir,0,255,236,472,527,528,622,43947,46527,67394,13.382,large,large,large,243.4
Kvasir-SEG,/home/samsul/Documents/Polyp Detection/kvasir-seg/images/cjyzurzvohqnr0794es1itzek.jpg,kvasir,0,327,146,552,486,576,720,61114,48288,60892,14.736,large,large,large,248.0
Kvasir-SEG,/home/samsul/Documents/Polyp Detection/kvasir-seg/images/cju3v664kh0px0818y4y7wolf.jpg,kvasir,0,351,139,498,319,531,621,20203,21458,28452,6.127,large,large,medium,165.3
Kvasir-SEG,/home/samsul/Documents/Polyp Detection/kvasir-seg/images/cju7cp6dw244p0818gncdol4m.jpg,kvasir,0,355,246,457,394,530,622,11876,12573,16248,3.602,large,large,medium,126.5
Kvasir-SEG,/home/samsul/Documents/Polyp Detection/kvasir-seg/images/cju77re6fz5bb0817vp9redjg.jpg,kvasir,0,118,224,272,421,530,443,21214,30934,44751,9.035,large,large,large,198.5
Kvasir-SEG,/home/samsul/Documents/Polyp Detection/kvasir-seg/images/cju77u1sjz77b0817ft44r3fk.jpg,kvasir,0,103,84,297,336,531,622,38629,40897,52232,11.696,large,large,large,228.2
Kvasir-SEG,/home/samsul/Documents/Polyp Detection/kvasir-seg/images/cju42u5bjlvi10801dc13sskp.jpg,kvasir,0,109,214,364,396,528,541,34726,48598,65563,12.157,large,large,large,248.8
Kvasir-SEG,/home/samsul/Documents/Polyp Detection/kvasir-seg/images/cju8bm24yrrdp081829mbo8ic.jpg,kvasir,0,285,221,448,441,546,626,26177,27361,37883,7.659,large,large,medium,186.6
Kvasir-SEG,/home/samsul/Documents/Polyp Detection/kvasir-seg/images/cju888fr7nveu0818r9uwtiit.jpg,kvasir,0,322,99,504,399,530,571,39799,49999,69200,13.151,large,large,large,252.3
Kvasir-SEG,/home/samsul/Documents/Polyp Detection/kvasir-seg/images/cju7db7lp2f400755tntd1ohf.jpg,kvasir,0,271,25,611,397,522,612,84334,92227,139098,26.399,large,large,large,342.7
Kvasir-SEG,/home/samsul/Documents/Polyp Detection/kvasir-seg/images/cju2qqn5ys4uo0988ewrt2ip2.jpg,kvasir,0,54,0,554,515,546,626,175567,183508,270208,51.366,large,large,large,483.4
Kvasir-SEG,/home/samsul/Documents/Polyp Detection/kvasir-seg/images/cju1dfeupuzlw0835gnxip369.jpg,kvasir,0,203,406,556,770,1070,1348,102806,23174,29126,7.128,large,large,medium,171.8
Kvasir-SEG,/home/samsul/Documents/Polyp Detection/kvasir-seg/images/cju3uz4o6gr9z0850lhxyxvsj.jpg,kvasir,0,310,152,898,791,1070,1348,298240,67227,84972,20.677,large,large,large,292.6
Kvasir-SEG,/home/samsul/Documents/Polyp Detection/kvasir-seg/images/ck2bxknhjvs1x0794iogrq49k.jpg,kvasir,0,381,136,567,386,528,603,36461,41073,52874,11.452,large,large,large,228.7
Kvasir-SEG,/home/samsul/Documents/Polyp Detection/kvasir-seg/images/ck2bxknhjvs1x0794iogrq49k.jpg,kvasir,1,330,208,371,262,528,603,1682,1895,2602,0.528,medium,medium,small,49.1
Kvasir-SEG,/home/samsul/Documents/Polyp Detection/kvasir-seg/images/cju1fuoa4wmc50835qfd11sp9.jpg,kvasir,0,490,147,620,406,528,621,26841,28509,36176,8.186,large,large,medium,190.5
Kvasir-SEG,/home/samsul/Documents/Polyp Detection/kvasir-seg/images/cju2xbk0080y80801eghyddi2.jpg,kvasir,0,199,41,378,244,529,621,24426,25944,39001,7.435,large,large,medium,181.7
Kvasir-SEG,/home/samsul/Documents/Polyp Detection/kvasir-seg/images/cju87r56lnkyp0755hz30leew.jpg,kvasir,0,205,53,507,383,429,566,74800,95638,128232,30.805,large,large,large,349.0
Kvasir-SEG,/home/samsul/Documents/Polyp Detection/kvasir-seg/images/cju84ffdzkrjn08183jh1fxmb.jpg,kvasir,0,268,303,443,496,529,616,25078,27070,36856,7.696,large,large,medium,185.7
Kvasir-SEG,/home/samsul/Documents/Polyp Detection/kvasir-seg/images/cju3v72v5h1qz0818fggilwtq.jpg,kvasir,0,175,275,313,388,529,622,11753,12443,16776,3.572,large,large,medium,125.9
Kvasir-SEG,/home/samsul/Documents/Polyp Detection/kvasir-seg/images/cju14hjh2ob2o0835ouz3r5aa.jpg,kvasir,0,361,248,596,500,546,609,41722,46078,65941,12.547,large,large,large,242.2
Kvasir-SEG,/home/samsul/Documents/Polyp Detection/kvasir-seg/images/cju2rmd2rsw9g09888hh1efu0.jpg,kvasir,0,331,126,380,183,531,570,2092,2637,3656,0.691,medium,medium,small,57.9
Kvasir-SEG,/home/samsul/Documents/Polyp Detection/kvasir-seg/images/cju6vvxsev9y30987kespucdg.jpg,kvasir,0,352,64,528,233,475,620,22127,23578,32063,7.513,large,large,medium,173.3
Kvasir-SEG,/home/samsul/Documents/Polyp Detection/kvasir-seg/images/cju2osuru0ki00855txo0n3uu.jpg,kvasir,0,101,34,369,313,528,594,55169,64045,87437,17.59,large,large,large,285.6
Kvasir-SEG,/home/samsul/Documents/Polyp Detection/kvasir-seg/images/cju88t4fvokxf07558ymyh281.jpg,kvasir,0,195,272,326,423,530,570,15964,20126,25295,5.284,large,large,medium,160.1
Kvasir-SEG,/home/samsul/Documents/Polyp Detection/kvasir-seg/images/cju6ywm40wdbo0987pbftsvtg.jpg,kvasir,0,292,87,556,337,528,622,48280,51115,70420,14.701,large,large,large,255.1
Kvasir-SEG,/home/samsul/Documents/Polyp Detection/kvasir-seg/images/cju2yv4imv6cz099314jveiib.jpg,kvasir,0,252,323,488,518,529,621,36147,38393,49338,11.003,large,large,large,221.1
Kvasir-SEG,/home/samsul/Documents/Polyp Detection/kvasir-seg/images/cju2qz06823a40878ojcz9ccx.jpg,kvasir,0,266,159,517,361,530,603,34337,38680,57626,10.744,large,large,large,221.9
Kvasir-SEG,/home/samsul/Documents/Polyp Detection/kvasir-seg/images/cju8c5zcbsdfz0801o5t6jag1.jpg,kvasir,0,439,59,558,168,546,626,8960,9365,13797,2.621,large,medium,medium,109.2
Kvasir-SEG,/home/samsul/Documents/Polyp Detection/kvasir-seg/images/cju5wqonpm0e60801z88ewmy1.jpg,kvasir,0,357,205,494,349,528,622,14442,15290,21185,4.397,large,large,medium,139.5
Kvasir-SEG,/home/samsul/Documents/Polyp Detection/kvasir-seg/images/cju40sdwukv3k0755y99ug1k8.jpg,kvasir,0,198,216,396,462,528,615,32958,35692,53230,10.15,large,large,large,213.2
Kvasir-SEG,/home/samsul/Documents/Polyp Detection/kvasir-seg/images/cju6v3bb2v7xo085090blubyw.jpg,kvasir,0,228,0,403,153,547,626,17753,18556,28330,5.185,large,large,medium,153.7
Kvasir-SEG,/home/samsul/Documents/Polyp Detection/kvasir-seg/images/cju6v3bb2v7xo085090blubyw.jpg,kvasir,1,50,268,330,546,547,626,22653,23678,81945,6.616,large,large,large,173.6
Kvasir-SEG,/home/samsul/Documents/Polyp Detection/kvasir-seg/images/cju8dic9mtppa0987swn23wbc.jpg,kvasir,0,21,246,454,530,531,611,79560,87292,135710,24.522,large,large,large,333.4
Kvasir-SEG,/home/samsul/Documents/Polyp Detection/kvasir-seg/images/cju5uzmaol56l0817flxh4w9p.jpg,kvasir,0,319,214,440,341,529,623,11721,12369,16480,3.556,large,large,medium,125.5
Kvasir-SEG,/home/samsul/Documents/Polyp Detection/kvasir-seg/images/cju88y1mwoln50871emyfny1g.jpg,kvasir,0,70,124,513,528,529,621,116368,123598,190992,35.423,large,large,large,396.7
Kvasir-SEG,/home/samsul/Documents/Polyp Detection/kvasir-seg/images/cju85fc11ljr40818edpb0inh.jpg,kvasir,0,220,132,606,527,528,607,102182,113594,170368,31.882,large,large,large,380.3
Kvasir-SEG,/home/samsul/Documents/Polyp Detection/kvasir-seg/images/cju8bop5jrsid08716i24fqda.jpg,kvasir,0,326,173,509,346,531,622,24259,25683,33896,7.345,large,large,medium,180.8
Kvasir-SEG,/home/samsul/Documents/Polyp Detection/kvasir-seg/images/cju1h5w4wxajx0835mc954kxy.jpg,kvasir,0,152,101,319,335,528,622,27778,29409,41798,8.458,large,large,large,193.5
Kvasir-SEG,/home/samsul/Documents/Polyp Detection/kvasir-seg/images/cju5ygh1zmmdi0755uod5e17i.jpg,kvasir,0,240,212,450,494,530,570,41353,52134,75280,13.689,large,large,large,257.6
Kvasir-SEG,/home/samsul/Documents/Polyp Detection/kvasir-seg/images/cju7dhpsc2dnn0818025m6857.jpg,kvasir,0,139,81,553,530,531,554,144661,193060,249230,49.175,large,large,large,495.8
Kvasir-SEG,/home/samsul/Documents/Polyp Detection/kvasir-seg/images/cju1c8ffau5770835g0g343o8.jpg,kvasir,0,246,284,366,427,529,622,11719,12407,18447,3.562,large,large,medium,125.7
Kvasir-SEG,/home/samsul/Documents/Polyp Detection/kvasir-seg/images/cju2zdvjn9h7r08553cp4eed5.jpg,kvasir,0,40,154,158,269,415,401,10272,24430,32830,6.173,large,large,medium,176.4
Kvasir-SEG,/home/samsul/Documents/Polyp Detection/kvasir-seg/images/cju7csvlb22fr0850lvm45n3x.jpg,kvasir,0,339,48,621,529,530,622,96936,102628,144415,29.405,large,large,large,361.5
Kvasir-SEG,/home/samsul/Documents/Polyp Detection/kvasir-seg/images/cju40m0rjkpw80871z6n6yg1u.jpg,kvasir,0,367,2,449,33,528,586,2153,2568,3168,0.696,medium,medium,small,57.2
Kvasir-SEG,/home/samsul/Documents/Polyp Detection/kvasir-seg/images/cju40m0rjkpw80871z6n6yg1u.jpg,kvasir,1,13,175,354,524,528,586,64272,76663,142777,20.773,large,large,large,312.4
Kvasir-SEG,/home/samsul/Documents/Polyp Detection/kvasir-seg/images/cju7dvl5m2n4t0755hlnnjjet.jpg,kvasir,0,345,151,445,258,530,537,7886,11201,15494,2.771,large,medium,medium,119.4
Kvasir-SEG,/home/samsul/Documents/Polyp Detection/kvasir-seg/images/cju77196iyshb0850ycbto50a.jpg,kvasir,0,254,12,609,363,529,622,88411,93602,132670,26.87,large,large,large,345.2
Kvasir-SEG,/home/samsul/Documents/Polyp Detection/kvasir-seg/images/cju18kevfrojc0835bn90f1in.jpg,kvasir,0,218,333,434,477,528,621,17517,18605,33420,5.342,large,large,medium,153.9
Kvasir-SEG,/home/samsul/Documents/Polyp Detection/kvasir-seg/images/cju6wuojavt740818b5qcv3iw.jpg,kvasir,0,164,32,496,383,530,599,85668,97797,133811,26.985,large,large,large,352.9
Kvasir-SEG,/home/samsul/Documents/Polyp Detection/kvasir-seg/images/cju45ty6zn9oz0850qy4qnck1.jpg,kvasir,0,273,192,470,422,531,551,33505,45203,61707,11.452,large,large,large,239.9
Kvasir-SEG,/home/samsul/Documents/Polyp Detection/kvasir-seg/images/cju5von04litr08718j8po40a.jpg,kvasir,0,422,112,539,395,530,622,19347,20483,35480,5.869,large,large,medium,161.5
Kvasir-SEG,/home/samsul/Documents/Polyp Detection/kvasir-seg/images/cju18849rrsgr0988p90hkygb.jpg,kvasir,0,157,123,409,302,528,619,37479,40065,48682,11.467,large,large,large,225.9
Kvasir-SEG,/home/samsul/Documents/Polyp Detection/kvasir-seg/images/cju30j1rgadut0801vuyrsnt8.jpg,kvasir,0,183,173,273,289,530,570,7389,9315,13423,2.446,large,medium,medium,108.9
Kvasir-SEG,/home/samsul/Documents/Polyp Detection/kvasir-seg/images/cjz14qsk2wci60794un9ozwmw.jpg,kvasir,0,206,199,429,486,576,720,45370,35848,50972,10.94,large,large,large,213.6
Kvasir-SEG,/home/samsul/Documents/Polyp Detection/kvasir-seg/images/cju5c7oijaqmq09878qwgqv8n.jpg,kvasir,0,93,205,301,451,546,547,40746,55779,70669,13.643,large,large,large,266.5
Kvasir-SEG,/home/samsul/Documents/Polyp Detection/kvasir-seg/images/cju83k8fyjsxr0817d6nxs6r4.jpg,kvasir,0,90,284,381,478,528,621,36304,38559,60478,11.072,large,large,large,221.6
Kvasir-SEG,/home/samsul/Documents/Polyp Detection/kvasir-seg/images/cju85je7vlht70817c9jcjwi4.jpg,kvasir,0,6,219,750,1010,1011,1220,441849,121595,162376,35.823,large,large,large,393.5
Kvasir-SEG,/home/samsul/Documents/Polyp Detection/kvasir-seg/images/cju324q101fhe08350wae9cif.jpg,kvasir,0,150,24,312,302,530,618,32177,34509,48772,9.824,large,large,large,209.6
Kvasir-SEG,/home/samsul/Documents/Polyp Detection/kvasir-seg/images/cju7d3oc82cho0755dajlwldz.jpg,kvasir,0,100,84,351,396,529,622,56611,59935,83507,17.205,large,large,large,276.2
Kvasir-SEG,/home/samsul/Documents/Polyp Detection/kvasir-seg/images/cju7atnm31if40817pqclnjer.jpg,kvasir,0,63,183,379,530,531,622,53551,56695,116793,16.214,large,large,large,268.7
Kvasir-SEG,/home/samsul/Documents/Polyp Detection/kvasir-seg/images/cju32csyfblyh080170aa3x5p.jpg,kvasir,0,192,199,439,408,547,626,41155,43016,54436,12.019,large,large,large,234.0
Kvasir-SEG,/home/samsul/Documents/Polyp Detection/kvasir-seg/images/cju5wuhm1lwm40987vugqn3vv.jpg,kvasir,0,322,146,520,334,530,613,28308,30857,40997,8.713,large,large,large,198.2
Kvasir-SEG,/home/samsul/Documents/Polyp Detection/kvasir-seg/images/cju2top2ruxxy0988p1svx36g.jpg,kvasir,0,230,114,518,443,530,570,61300,77281,120233,20.291,large,large,large,313.7
Kvasir-SEG,/home/samsul/Documents/Polyp Detection/kvasir-seg/images/cju2zi4l09f5807991s8do2b2.jpg,kvasir,0,179,91,425,264,530,622,33497,35464,45501,10.161,large,large,large,212.5
Kvasir-SEG,/home/samsul/Documents/Polyp Detection/kvasir-seg/images/cju14g8o4xui30878gkgbrvqj.jpg,kvasir,0,441,157,543,271,531,622,8522,9022,12540,2.58,medium,medium,medium,107.2
Kvasir-SEG,/home/samsul/Documents/Polyp Detection/kvasir-seg/images/cju7dxffn2eam0817qxosfwch.jpg,kvasir,0,386,0,599,421,546,626,59589,62284,94393,17.434,large,large,large,281.6
Kvasir-SEG,/home/samsul/Documents/Polyp Detection/kvasir-seg/images/cju33231uy4gi0993qc7b1jch.jpg,kvasir,0,303,154,493,372,529,622,18989,20104,44285,5.771,large,large,large,160.0
Kvasir-SEG,/home/samsul/Documents/Polyp Detection/kvasir-seg/images/cju2nsmwjlzyl0993jl80chvz.jpg,kvasir,0,218,234,364,380,547,625,16407,17204,22659,4.799,large,large,medium,148.0
Kvasir-SEG,/home/samsul/Documents/Polyp Detection/kvasir-seg/images/cju5x7iskmad90818frchyfwd.jpg,kvasir,0,0,150,249,452,483,522,43579,65508,113868,17.285,large,large,large,288.8
Kvasir-SEG,/home/samsul/Documents/Polyp Detection/kvasir-seg/images/cju0rx1idathl0835detmsp84.jpg,kvasir,0,293,155,480,374,528,617,23706,25506,44501,7.277,large,large,large,180.2
Kvasir-SEG,/home/samsul/Documents/Polyp Detection/kvasir-seg/images/cju1erep75us208553i4ofwwe.jpg,kvasir,0,107,214,417,515,547,613,59391,64738,102378,17.712,large,large,large,287.1
Kvasir-SEG,/home/samsul/Documents/Polyp Detection/kvasir-seg/images/cju1f15k3w4ct0835cmde6ypo.jpg,kvasir,0,258,243,490,491,547,572,40949,51264,72631,13.088,large,large,large,255.5
Kvasir-SEG,/home/samsul/Documents/Polyp Detection/kvasir-seg/images/cju2phaksnahz0993yxogjcpv.jpg,kvasir,0,61,254,190,435,528,622,15664,16584,25049,4.77,large,large,medium,145.3
Kvasir-SEG,/home/samsul/Documents/Polyp Detection/kvasir-seg/images/cju320gyvbch60801v2amdi2g.jpg,kvasir,0,242,24,562,397,503,616,64304,69412,129591,20.753,large,large,large,297.3
Kvasir-SEG,/home/samsul/Documents/Polyp Detection/kvasir-seg/images/cju5k503sfa5f0871lx0rpu5y.jpg,kvasir,0,398,125,617,479,529,622,51311,54324,82686,15.594,large,large,large,263.0
Kvasir-SEG,/home/samsul/Documents/Polyp Detection/kvasir-seg/images/cju6vucxvvlda0755j7msqnya.jpg,kvasir,0,269,110,411,242,546,626,13762,14384,19879,4.026,large,large,medium,135.3
Kvasir-SEG,/home/samsul/Documents/Polyp Detection/kvasir-seg/images/cju6vucxvvlda0755j7msqnya.jpg,kvasir,1,390,258,431,307,546,626,1516,1585,2195,0.444,medium,medium,small,44.9
Kvasir-SEG,/home/samsul/Documents/Polyp Detection/kvasir-seg/images/cju2trtjf4qjd0878a2zle9v9.jpg,kvasir,0,219,277,302,421,528,598,9086,10407,13951,2.878,large,medium,medium,115.1
Kvasir-SEG,/home/samsul/Documents/Polyp Detection/kvasir-seg/images/cju77j66ez52p08019xygi0co.jpg,kvasir,0,192,200,355,290,530,613,10168,11083,16268,3.13,large,large,medium,118.8
Kvasir-SEG,/home/samsul/Documents/Polyp Detection/kvasir-seg/images/cju1b75x63ddl0799sdp0i2j3.jpg,kvasir,0,281,145,414,365,530,549,19559,26580,40245,6.722,large,large,large,184.0
Kvasir-SEG,/home/samsul/Documents/Polyp Detection/kvasir-seg/images/cju8c5mxls96t0850wvkvsity.jpg,kvasir,0,363,257,595,501,531,609,42038,46427,63045,13.0,large,large,large,243.1
Kvasir-SEG,/home/samsul/Documents/Polyp Detection/kvasir-seg/images/cju7aqkue1i2k09879uzcpt8r.jpg,kvasir,0,484,95,609,311,530,621,19820,21051,29041,6.022,large,large,medium,163.7
Kvasir-SEG,/home/samsul/Documents/Polyp Detection/kvasir-seg/images/cju8dn0c3u2v50801k8rvq02f.jpg,kvasir,0,167,264,956,1057,1070,1348,452775,102062,141393,31.391,large,large,large,360.5
Kvasir-SEG,/home/samsul/Documents/Polyp Detection/kvasir-seg/images/cju3tp94kfstl08181awh6z49.jpg,kvasir,0,2,12,553,512,530,593,191154,222656,322127,60.821,large,large,large,532.4
Kvasir-SEG,/home/samsul/Documents/Polyp Detection/kvasir-seg/images/cju5o4pk9h0720755lgp9jq8m.jpg,kvasir,0,351,133,621,514,530,622,80179,84887,109600,24.322,large,large,large,328.8
Kvasir-SEG,/home/samsul/Documents/Polyp Detection/kvasir-seg/images/cju41r6v2lcww0871ps8k8pf5.jpg,kvasir,0,73,138,318,474,529,594,60305,70007,96239,19.192,large,large,large,298.6
Kvasir-SEG,/home/samsul/Documents/Polyp Detection/kvasir-seg/images/cju7dymur2od30755eg8yv2ht.jpg,kvasir,0,152,37,395,316,530,622,46389,49113,72331,14.072,large,large,large,250.1
Kvasir-SEG,/home/samsul/Documents/Polyp Detection/kvasir-seg/images/cju8bysfgrzkl081786jwac09.jpg,kvasir,0,202,180,483,404,471,619,50738,54239,67828,17.403,large,large,large,262.8
Kvasir-SEG,/home/samsul/Documents/Polyp Detection/kvasir-seg/images/cju34ymm8d6700799uop0cw33.jpg,kvasir,0,195,347,370,491,531,621,15914,16903,27105,4.826,large,large,medium,146.7
Kvasir-SEG,/home/samsul/Documents/Polyp Detection/kvasir-seg/images/cju7dz5yy2i7z0801ausi7rna.jpg,kvasir,0,271,205,377,322,529,619,9437,10088,13497,2.882,large,large,medium,113.3
Kvasir-SEG,/home/samsul/Documents/Polyp Detection/kvasir-seg/images/cju1d31sp4d4k0878r3fr02ul.jpg,kvasir,0,267,137,457,328,529,622,27044,28632,38825,8.219,large,large,medium,190.9
Kvasir-SEG,/home/samsul/Documents/Polyp Detection/kvasir-seg/images/cju3y0pjrj1c30755nxekxccj.jpg,kvasir,0,336,105,457,243,531,570,11533,14540,21379,3.81,large,large,medium,136.1
Kvasir-SEG,/home/samsul/Documents/Polyp Detection/kvasir-seg/images/ck2bxlujamu330725szlc2jdu.jpg,kvasir,0,364,388,507,545,576,720,15757,12450,17977,3.799,large,large,medium,125.9
Kvasir-SEG,/home/samsul/Documents/Polyp Detection/kvasir-seg/images/cju33eqwbcch208012jikwdky.jpg,kvasir,0,256,283,577,534,547,626,47695,49852,84814,13.929,large,large,large,251.9
Kvasir-SEG,/home/samsul/Documents/Polyp Detection/kvasir-seg/images/cju83h9ysjwe808716nt35oah.jpg,kvasir,0,279,310,437,439,531,571,14180,17814,25967,4.677,large,large,medium,150.6
Kvasir-SEG,/home/samsul/Documents/Polyp Detection/kvasir-seg/images/cju76erapykj30871x5eaxh4q.jpg,kvasir,0,337,91,612,434,529,621,68987,73273,100843,21.0,large,large,large,305.4
Kvasir-SEG,/home/samsul/Documents/Polyp Detection/kvasir-seg/images/cju6us80mv1b50871ebyq2wxa.jpg,kvasir,0,436,165,490,257,530,562,3869,5017,6633,1.299,medium,medium,small,79.9
Kvasir-SEG,/home/samsul/Documents/Polyp Detection/kvasir-seg/images/cju1hirfi7ekp0855q0vgm9qq.jpg,kvasir,0,254,223,389,368,529,605,14945,16724,22220,4.67,large,large,medium,145.9
Kvasir-SEG,/home/samsul/Documents/Polyp Detection/kvasir-seg/images/cju77afzlz3kp07550x5nafzs.jpg,kvasir,0,0,0,458,527,528,622,180606,191210,256582,54.993,large,large,large,493.4
Kvasir-SEG,/home/samsul/Documents/Polyp Detection/kvasir-seg/images/cju2rkjfwoxys0993x768l1j2.jpg,kvasir,0,41,112,447,389,401,597,66409,76320,130032,27.74,large,large,large,311.7
Kvasir-SEG,/home/samsul/Documents/Polyp Detection/kvasir-seg/images/cju42py9mlqyd0818u3d1d7ga.jpg,kvasir,0,374,158,531,432,433,545,24752,34133,59918,10.489,large,large,large,208.5
Kvasir-SEG,/home/samsul/Documents/Polyp Detection/kvasir-seg/images/cju5nxkujgscq0817l9gss626.jpg,kvasir,0,118,273,466,530,531,570,48499,61142,113516,16.024,large,large,large,279.0
Kvasir-SEG,/home/samsul/Documents/Polyp Detection/kvasir-seg/images/cju7frtqu2xa20818wq8r9fzf.jpg,kvasir,0,143,189,398,530,531,619,58460,62494,93593,17.786,large,large,large,282.1
Kvasir-SEG,/home/samsul/Documents/Polyp Detection/kvasir-seg/images/cju7b3f5h1sm40755i572jden.jpg,kvasir,0,241,327,595,530,531,622,48539,51389,76672,14.696,large,large,large,255.8
Kvasir-SEG,/home/samsul/Documents/Polyp Detection/kvasir-seg/images/cju18ibp219ub08783i6o98g7.jpg,kvasir,0,456,321,529,431,528,615,6016,6515,8895,1.853,medium,medium,small,91.1
Kvasir-SEG,/home/samsul/Documents/Polyp Detection/kvasir-seg/images/cju2qn2fzs1vy0988l243cvzy.jpg,kvasir,0,204,211,532,523,547,597,67603,77692,118345,20.702,large,large,large,314.5
Kvasir-SEG,/home/samsul/Documents/Polyp Detection/kvasir-seg/images/cju87tyddnnad0755bj0wxahe.jpg,kvasir,0,95,57,546,410,477,551,118655,160082,215873,45.146,large,large,large,451.5
Kvasir-SEG,/home/samsul/Documents/Polyp Detection/kvasir-seg/images/cju8432cmkgq90871cxe4iptl.jpg,kvasir,0,57,109,481,465,546,626,102789,107438,158587,30.073,large,large,large,369.9
Kvasir-SEG,/home/samsul/Documents/Polyp Detection/kvasir-seg/images/cju7ekbo32pft0871fv7kzwb9.jpg,kvasir,0,288,343,407,443,521,571,9062,11384,15226,3.046,large,medium,medium,120.4
Kvasir-SEG,/home/samsul/Documents/Polyp Detection/kvasir-seg/images/cju326h4v1gxw08352px40p7r.jpg,kvasir,0,79,97,509,527,528,616,125487,135456,200518,38.582,large,large,large,415.3
Kvasir-SEG,/home/samsul/Documents/Polyp Detection/kvasir-seg/images/cju43in5fm22c08175rxziqrk.jpg,kvasir,0,346,99,615,528,530,616,93813,101266,125323,28.735,large,large,large,359.1
Kvasir-SEG,/home/samsul/Documents/Polyp Detection/kvasir-seg/images/cju5i5oh2efg60987ez6cpf72.jpg,kvasir,0,249,85,582,511,528,621,96436,102427,151479,29.411,large,large,large,361.1
Kvasir-SEG,/home/samsul/Documents/Polyp Detection/kvasir-seg/images/cju2wzu8wxtgu09880ku9x1pg.jpg,kvasir,0,47,317,399,528,529,622,52372,55447,79230,15.917,large,large,large,265.7
Kvasir-SEG,/home/samsul/Documents/Polyp Detection/kvasir-seg/images/cju2rn0hasxri0835nfy3buay.jpg,kvasir,0,233,416,356,524,531,622,11000,11646,14310,3.33,large,large,medium,121.8
Kvasir-SEG,/home/samsul/Documents/Polyp Detection/kvasir-seg/images/cju3ttznuftyf09875t11850w.jpg,kvasir,0,283,239,533,420,547,626,34711,36281,47748,10.137,large,large,large,214.9
Kvasir-SEG,/home/samsul/Documents/Polyp Detection/kvasir-seg/images/cju5yeqiwmkgl0801fzv2douc.jpg,kvasir,0,239,1,495,276,531,570,47082,59356,89424,15.556,large,large,large,274.9
Kvasir-SEG,/home/samsul/Documents/Polyp Detection/kvasir-seg/images/cju5yeqiwmkgl0801fzv2douc.jpg,kvasir,1,402,309,529,493,531,570,15536,19586,29853,5.133,large,large,medium,157.9
Kvasir-SEG,/home/samsul/Documents/Polyp Detection/kvasir-seg/images/cju85l4yjlops0801fvmnwptf.jpg,kvasir,0,0,46,377,495,531,570,106008,133644,214444,35.024,large,large,large,412.5
Kvasir-SEG,/home/samsul/Documents/Polyp Detection/kvasir-seg/images/cju88vx2uoocy075531lc63n3.jpg,kvasir,0,178,301,307,400,508,596,10028,11563,14990,3.312,large,large,medium,121.3
Kvasir-SEG,/home/samsul/Documents/Polyp Detection/kvasir-seg/images/cju1ffnjn6ctm08015perkg37.jpg,kvasir,0,332,27,610,409,547,626,71488,74721,111690,20.877,large,large,large,308.4
Kvasir-SEG,/home/samsul/Documents/Polyp Detection/kvasir-seg/images/cju3xuj20ivgp0818mij8bjrd.jpg,kvasir,0,249,132,369,235,527,622,9772,10346,13323,2.981,large,large,medium,114.8
Kvasir-SEG,/home/samsul/Documents/Polyp Detection/kvasir-seg/images/cju30ftgja7170855xl9bkdm0.jpg,kvasir,0,170,50,523,459,531,595,92679,107228,167924,29.334,large,large,large,369.5
Kvasir-SEG,/home/samsul/Documents/Polyp Detection/kvasir-seg/images/cju42dwedlmk60871jbgu4ehi.jpg,kvasir,0,166,197,431,505,531,621,53403,56721,87301,16.195,large,large,large,268.7
Kvasir-SEG,/home/samsul/Documents/Polyp Detection/kvasir-seg/images/cju774fmayxif0818u2g79usw.jpg,kvasir,0,353,364,535,528,530,622,19214,20342,31968,5.828,large,large,medium,160.9
Kvasir-SEG,/home/samsul/Documents/Polyp Detection/kvasir-seg/images/cju5ymyd8mmdc0801ry3by1xr.jpg,kvasir,0,509,212,610,375,528,622,11270,11932,17710,3.432,large,large,medium,123.3
Kvasir-SEG,/home/samsul/Documents/Polyp Detection/kvasir-seg/images/cju6z1bzbwfq50817b2alatvr.jpg,kvasir,0,198,126,625,546,547,626,145508,152089,188338,42.494,large,large,large,440.1
Kvasir-SEG,/home/samsul/Documents/Polyp Detection/kvasir-seg/images/cju33za6l2qy70988jhrlp2ev.jpg,kvasir,0,79,59,181,326,546,626,19575,20460,28852,5.727,large,large,medium,161.4
Kvasir-SEG,/home/samsul/Documents/Polyp Detection/kvasir-seg/images/cju1brhsj3rls0855a1vgdlen.jpg,kvasir,0,216,215,351,346,530,570,12045,15185,22632,3.987,large,large,medium,139.0
Kvasir-SEG,/home/samsul/Documents/Polyp Detection/kvasir-seg/images/cju13fwthn9mq0835gacxgy01.jpg,kvasir,0,347,15,614,260,529,623,45633,48157,69575,13.846,large,large,large,247.6
Kvasir-SEG,/home/samsul/Documents/Polyp Detection/kvasir-seg/images/cju33o12x2jm50988944mxq0v.jpg,kvasir,0,284,243,397,367,530,622,11065,11715,15087,3.356,large,large,medium,122.1
Kvasir-SEG,/home/samsul/Documents/Polyp Detection/kvasir-seg/images/cju3381d8bz3h07991xtl7ra0.jpg,kvasir,0,175,131,310,290,528,567,15002,19114,27724,5.011,large,large,medium,156.0
Kvasir-SEG,/home/samsul/Documents/Polyp Detection/kvasir-seg/images/cju3x4blzieu30850x10uuvbm.jpg,kvasir,0,713,23,843,164,1011,1210,13697,3832,5204,1.12,medium,large,small,69.9
Kvasir-SEG,/home/samsul/Documents/Polyp Detection/kvasir-seg/images/cju3x4blzieu30850x10uuvbm.jpg,kvasir,1,374,279,685,591,1011,1210,72747,20352,27320,5.947,large,large,medium,161.0
Kvasir-SEG,/home/samsul/Documents/Polyp Detection/kvasir-seg/images/cju43o6n7m9nk087191ijwqq9.jpg,kvasir,0,384,60,540,304,530,618,26003,27887,41252,7.939,large,large,large,188.4
Kvasir-SEG,/home/samsul/Documents/Polyp Detection/kvasir-seg/images/cju2xd75m82720801q4s4ik3n.jpg,kvasir,0,413,294,874,708,1011,1220,138066,37995,52763,11.194,large,large,large,219.9
Kvasir-SEG,/home/samsul/Documents/Polyp Detection/kvasir-seg/images/cju2xlcqxy9c60988vjacdznb.jpg,kvasir,0,159,0,536,266,529,621,61481,65301,107196,18.715,large,large,large,288.3
Kvasir-SEG,/home/samsul/Documents/Polyp Detection/kvasir-seg/images/cju2t2ivz43i10878zeg8r1br.jpg,kvasir,0,216,106,327,248,528,607,11444,12722,17805,3.571,large,large,medium,127.3
Kvasir-SEG,/home/samsul/Documents/Polyp Detection/kvasir-seg/images/cju5g163vd6mt0817uccuga6u.jpg,kvasir,0,217,401,381,542,547,545,13860,18974,32074,4.649,large,large,medium,155.4
Kvasir-SEG,/home/samsul/Documents/Polyp Detection/kvasir-seg/images/cju5y4hgqmk0i08180rjhbwvp.jpg,kvasir,0,165,67,393,328,547,626,43968,45957,62712,12.84,large,large,large,241.9
Kvasir-SEG,/home/samsul/Documents/Polyp Detection/kvasir-seg/images/cju5wmvsdlx1j0871npgj8j4b.jpg,kvasir,0,178,235,346,348,530,616,12522,13517,20796,3.835,large,large,medium,131.2
Kvasir-SEG,/home/samsul/Documents/Polyp Detection/kvasir-seg/images/cju7dtb1e2j0t0818deq51ib3.jpg,kvasir,0,403,182,621,527,528,622,53011,56124,80223,16.141,large,large,large,267.3
Kvasir-SEG,/home/samsul/Documents/Polyp Detection/kvasir-seg/images/cju8402x1kcy70801t6kz6bdi.jpg,kvasir,0,178,185,458,465,547,626,58067,60693,82532,16.958,large,large,large,278.0
Kvasir-SEG,/home/samsul/Documents/Polyp Detection/kvasir-seg/images/cju1euuc65wm00799m4sjdnnn.jpg,kvasir,0,165,195,290,321,530,570,11367,14330,20174,3.763,large,large,medium,135.1
Kvasir-SEG,/home/samsul/Documents/Polyp Detection/kvasir-seg/images/cju3y21quj0ir0818kgjagr15.jpg,kvasir,0,94,18,497,444,546,626,89515,93564,180310,26.19,large,large,large,345.2
Kvasir-SEG,/home/samsul/Documents/Polyp Detection/kvasir-seg/images/cju2m56cryvqd0801gtn2yp8t.jpg,kvasir,0,62,170,191,309,546,616,13415,14481,19646,3.989,large,large,medium,135.8
Kvasir-SEG,/home/samsul/Documents/Polyp Detection/kvasir-seg/images/cju2r2obh2bjm08553kng0rh7.jpg,kvasir,0,150,149,396,383,458,474,43992,80200,105820,20.264,large,large,large,319.6
Kvasir-SEG,/home/samsul/Documents/Polyp Detection/kvasir-seg/images/cju2ueb6j5ado0878vf5md13o.jpg,kvasir,0,129,238,251,388,1070,1348,14208,3203,4187,0.985,medium,large,small,63.9
Kvasir-SEG,/home/samsul/Documents/Polyp Detection/kvasir-seg/images/cju2ueb6j5ado0878vf5md13o.jpg,kvasir,1,520,752,1098,1068,1070,1348,126436,28500,41373,8.766,large,large,large,190.5
Kvasir-SEG,/home/samsul/Documents/Polyp Detection/kvasir-seg/images/cju2sevf53lkx08558h5bpaig.jpg,kvasir,0,266,140,591,502,547,626,80210,83838,123690,23.424,large,large,large,326.7
Kvasir-SEG,/home/samsul/Documents/Polyp Detection/kvasir-seg/images/cju1hp9i2xu8e0988u2dazk7m.jpg,kvasir,0,245,104,465,313,531,490,33393,48509,67419,12.834,large,large,large,248.5
Kvasir-SEG,/home/samsul/Documents/Polyp Detection/kvasir-seg/images/ck2395w2mb4vu07480otsu6tw.jpg,kvasir,0,349,274,591,552,576,720,51563,40741,53568,12.433,large,large,large,227.8
Kvasir-SEG,/home/samsul/Documents/Polyp Detection/kvasir-seg/images/cju2oo0wh0bqy0878biujeyhe.jpg,kvasir,0,287,168,480,359,530,621,27091,28774,39562,8.231,large,large,medium,191.4
Kvasir-SEG,/home/samsul/Documents/Polyp Detection/kvasir-seg/images/cju2hewssldzx0835ep795xu0.jpg,kvasir,0,346,202,464,350,530,576,12928,15960,21890,4.235,large,large,medium,142.6
Kvasir-SEG,/home/samsul/Documents/Polyp Detection/kvasir-seg/images/cju2nd7l7z98o0799gfjvyfmw.jpg,kvasir,0,547,428,1131,965,1070,1348,267577,60316,70944,18.551,large,large,large,277.1
Kvasir-SEG,/home/samsul/Documents/Polyp Detection/kvasir-seg/images/cju5xq3tdm9fn0987pbedxdg5.jpg,kvasir,0,298,292,472,428,529,570,10785,13597,30225,3.577,large,large,medium,131.6
Kvasir-SEG,/home/samsul/Documents/Polyp Detection/kvasir-seg/images/cju2pag1f0s4r0878h52uq83s.jpg,kvasir,0,165,287,308,444,530,570,16269,20510,28683,5.385,large,large,medium,161.6
Kvasir-SEG,/home/samsul/Documents/Polyp Detection/kvasir-seg/images/cju5uhrdwkmsu0817ervv91l8.jpg,kvasir,0,402,135,493,223,547,626,5987,6258,8558,1.748,medium,medium,small,89.3
Kvasir-SEG,/home/samsul/Documents/Polyp Detection/kvasir-seg/images/cju171py4qiha0835u8sl59ds.jpg,kvasir,0,206,0,615,418,530,616,119612,129114,185437,36.637,large,large,large,405.5
Kvasir-SEG,/home/samsul/Documents/Polyp Detection/kvasir-seg/images/cju34fojcctcf0799ebolbvkn.jpg,kvasir,0,444,89,539,233,547,626,9452,9880,14550,2.76,large,large,medium,112.2
Kvasir-SEG,/home/samsul/Documents/Polyp Detection/kvasir-seg/images/cju2t16vuucaq0835xcpsivn2.jpg,kvasir,0,215,21,408,172,531,622,21928,23216,31219,6.639,large,large,medium,171.9
Kvasir-SEG,/home/samsul/Documents/Polyp Detection/kvasir-seg/images/cju41nz76lcxu0755cya2qefx.jpg,kvasir,0,91,130,443,360,514,586,55261,65915,97264,18.347,large,large,large,289.7
Kvasir-SEG,/home/samsul/Documents/Polyp Detection/kvasir-seg/images/cju32a52lb9rc0799xi40qs00.jpg,kvasir,0,198,151,551,519,529,621,96607,102609,138741,29.408,large,large,large,361.4
Kvasir-SEG,/home/samsul/Documents/Polyp Detection/kvasir-seg/images/cju32a52lb9rc0799xi40qs00.jpg,kvasir,1,549,154,620,425,529,621,13976,14844,20801,4.254,large,large,medium,137.5
Kvasir-SEG,/home/samsul/Documents/Polyp Detection/kvasir-seg/images/cju32a52lb9rc0799xi40qs00.jpg,kvasir,2,114,165,209,258,529,621,5580,5927,9585,1.699,medium,medium,small,86.9
Kvasir-SEG,/home/samsul/Documents/Polyp Detection/kvasir-seg/images/cju33mirdc8mj0799k33wzoes.jpg,kvasir,0,250,205,549,489,547,626,58210,60843,89367,16.999,large,large,large,278.3
Kvasir-SEG,/home/samsul/Documents/Polyp Detection/kvasir-seg/images/cju7etr3y2p4t0801cdzjj8ab.jpg,kvasir,0,184,148,370,359,528,623,26509,27975,41837,8.059,large,large,large,188.7
Kvasir-SEG,/home/samsul/Documents/Polyp Detection/kvasir-seg/images/cju5wcc90lu020850mjrxppv6.jpg,kvasir,0,311,176,514,442,547,626,36008,37637,56932,10.516,large,large,large,218.9
Kvasir-SEG,/home/samsul/Documents/Polyp Detection/kvasir-seg/images/cju1ats0y372e08011yazcsxm.jpg,kvasir,0,167,0,373,344,528,623,51280,54117,75366,15.589,large,large,large,262.5
Kvasir-SEG,/home/samsul/Documents/Polyp Detection/kvasir-seg/images/cju30ajhw09sx0988qyahx9s8.jpg,kvasir,0,339,38,621,474,530,622,69696,73788,130932,21.142,large,large,large,306.5
Kvasir-SEG,/home/samsul/Documents/Polyp Detection/kvasir-seg/images/cju30ajhw09sx0988qyahx9s8.jpg,kvasir,1,150,168,332,398,530,622,23503,24883,44755,7.129,large,large,large,178.0
Kvasir-SEG,/home/samsul/Documents/Polyp Detection/kvasir-seg/images/cju5enq1tcn1i0755hnkon787.jpg,kvasir,0,205,103,521,336,547,626,49563,51805,77533,14.474,large,large,large,256.8
Kvasir-SEG,/home/samsul/Documents/Polyp Detection/kvasir-seg/images/cju7et17a2vjk0755e743npl1.jpg,kvasir,0,429,47,521,141,546,626,6686,6988,9235,1.956,medium,medium,small,94.3
Kvasir-SEG,/home/samsul/Documents/Polyp Detection/kvasir-seg/images/cju7et17a2vjk0755e743npl1.jpg,kvasir,1,175,363,269,503,546,626,7167,7491,14001,2.097,medium,medium,medium,97.7
Kvasir-SEG,/home/samsul/Documents/Polyp Detection/kvasir-seg/images/cju43c92lm5cj0755lorsorfg.jpg,kvasir,0,319,55,422,188,529,591,10024,11755,16343,3.206,large,large,medium,122.3
Kvasir-SEG,/home/samsul/Documents/Polyp Detection/kvasir-seg/images/cju43c92lm5cj0755lorsorfg.jpg,kvasir,1,437,70,501,124,529,591,2411,2827,4192,0.771,medium,medium,small,60.0
Kvasir-SEG,/home/samsul/Documents/Polyp Detection/kvasir-seg/images/cju43c92lm5cj0755lorsorfg.jpg,kvasir,2,303,204,342,241,529,591,1088,1276,1782,0.348,medium,medium,small,40.3
Kvasir-SEG,/home/samsul/Documents/Polyp Detection/kvasir-seg/images/cju3280wv1ir009882jze27tc.jpg,kvasir,0,165,201,411,440,530,571,44295,55647,74472,14.637,large,large,large,266.2
Kvasir-SEG,/home/samsul/Documents/Polyp Detection/kvasir-seg/images/cju2saez63gxl08559ucjq3kt.jpg,kvasir,0,106,66,357,270,530,557,39236,51801,68203,13.291,large,large,large,256.8
Kvasir-SEG,/home/samsul/Documents/Polyp Detection/kvasir-seg/images/cju83syhdk6gs0801rf1rekdl.jpg,kvasir,0,304,71,503,287,546,626,31481,32905,45363,9.21,large,large,large,204.7
Kvasir-SEG,/home/samsul/Documents/Polyp Detection/kvasir-seg/images/cju2yo1j1v0qz09934o0e683p.jpg,kvasir,0,283,96,625,545,546,626,104574,109304,161331,30.595,large,large,large,373.1
Kvasir-SEG,/home/samsul/Documents/Polyp Detection/kvasir-seg/images/cju2hjrqcvi2j0801bx1i6gxg.jpg,kvasir,0,262,62,307,107,531,599,1453,1659,2416,0.457,medium,medium,small,46.0
Kvasir-SEG,/home/samsul/Documents/Polyp Detection/kvasir-seg/images/cju2hjrqcvi2j0801bx1i6gxg.jpg,kvasir,1,313,373,387,434,531,599,3473,3965,5308,1.092,medium,medium,small,71.1
Kvasir-SEG,/home/samsul/Documents/Polyp Detection/kvasir-seg/images/cju85qefyln6v0850szeb9byi.jpg,kvasir,0,177,130,569,528,529,570,115844,146044,197686,38.419,large,large,large,431.2
Kvasir-SEG,/home/samsul/Documents/Polyp Detection/kvasir-seg/images/cju5fi0yxd3ei0801v7u0yudn.jpg,kvasir,0,323,152,409,267,547,626,7099,7420,10548,2.073,medium,medium,medium,97.2
Kvasir-SEG,/home/samsul/Documents/Polyp Detection/kvasir-seg/images/cju5bdwa3aatx0818b79i18zf.jpg,kvasir,0,360,294,537,477,530,622,23663,25052,34675,7.178,large,large,medium,178.6
Kvasir-SEG,/home/samsul/Documents/Polyp Detection/kvasir-seg/images/cju84hibuktj80871u519o71q.jpg,kvasir,0,351,174,500,351,529,622,20670,21884,28268,6.282,large,large,medium,166.9
Kvasir-SEG,/home/samsul/Documents/Polyp Detection/kvasir-seg/images/cju183od81ff608017ekzif89.jpg,kvasir,0,386,180,570,398,511,622,32252,34146,42894,10.147,large,large,large,208.5
Kvasir-SEG,/home/samsul/Documents/Polyp Detection/kvasir-seg/images/cju183od81ff608017ekzif89.jpg,kvasir,1,243,384,420,507,511,622,16239,17192,23368,5.109,large,large,medium,148.0
Kvasir-SEG,/home/samsul/Documents/Polyp Detection/kvasir-seg/images/cju2pmhtr17a00855cvpelzb0.jpg,kvasir,0,320,280,533,495,530,622,33515,35483,48938,10.167,large,large,large,212.6
Kvasir-SEG,/home/samsul/Documents/Polyp Detection/kvasir-seg/images/cju17bz250pgd0799u1hqkj5u.jpg,kvasir,0,260,9,440,273,547,626,31017,32420,50134,9.058,large,large,large,203.2
Kvasir-SEG,/home/samsul/Documents/Polyp Detection/kvasir-seg/images/cju34xspwzenf0993cyzajv9n.jpg,kvasir,0,225,95,495,360,547,626,53724,56154,75346,15.689,large,large,large,267.4
Kvasir-SEG,/home/samsul/Documents/Polyp Detection/kvasir-seg/images/cju34xspwzenf0993cyzajv9n.jpg,kvasir,1,491,367,604,519,547,626,11011,11509,18231,3.216,large,large,medium,121.1
Kvasir-SEG,/home/samsul/Documents/Polyp Detection/kvasir-seg/images/cju8aj01yqeqm0850lhdz3xdw.jpg,kvasir,0,292,217,603,511,531,622,69572,73657,97444,21.064,large,large,large,306.2
Kvasir-SEG,/home/samsul/Documents/Polyp Detection/kvasir-seg/images/cju5hwonqedw10801vsd3w6kk.jpg,kvasir,0,197,96,346,376,531,529,31714,46070,61231,11.29,large,large,large,242.2
Kvasir-SEG,/home/samsul/Documents/Polyp Detection/kvasir-seg/images/cju88aq6vo1ij0755c2ey7z7n.jpg,kvasir,0,242,75,532,400,530,570,72396,91269,119597,23.964,large,large,large,340.9
Kvasir-SEG,/home/samsul/Documents/Polyp Detection/kvasir-seg/images/cju5klveuff6w0871wbibgh3m.jpg,kvasir,0,186,229,307,349,530,574,11522,14324,18352,3.787,large,large,medium,135.0
Kvasir-SEG,/home/samsul/Documents/Polyp Detection/kvasir-seg/images/cju8914beokbf0850isxpocrk.jpg,kvasir,0,407,198,510,300,547,626,7056,7375,11196,2.061,medium,medium,medium,96.9
Kvasir-SEG,/home/samsul/Documents/Polyp Detection/kvasir-seg/images/cju83nwu1jxte0987h1krpfmv.jpg,kvasir,0,304,233,528,427,528,621,30881,32800,46601,9.418,large,large,large,204.4
Kvasir-SEG,/home/samsul/Documents/Polyp Detection/kvasir-seg/images/cju83rcnzkbsj0755x5anfrcg.jpg,kvasir,0,234,199,427,390,529,572,27837,34849,46631,9.2,large,large,large,210.6
Kvasir-SEG,/home/samsul/Documents/Polyp Detection/kvasir-seg/images/cju6xifswvwbo0987nibtdr50.jpg,kvasir,0,245,95,572,530,531,618,111013,119058,153371,33.829,large,large,large,389.3
Kvasir-SEG,/home/samsul/Documents/Polyp Detection/kvasir-seg/images/cju8828oxnool0801qno9luhr.jpg,kvasir,0,305,107,579,425,528,622,62654,66333,92876,19.078,large,large,large,290.6
Kvasir-SEG,/home/samsul/Documents/Polyp Detection/kvasir-seg/images/cju2mh8t6p07008350e01tx2a.jpg,kvasir,0,251,159,402,333,528,588,19327,22897,31513,6.225,large,large,medium,170.7
Kvasir-SEG,/home/samsul/Documents/Polyp Detection/kvasir-seg/images/cju7b1ygu1msd0801hywhy0mc.jpg,kvasir,0,358,23,580,359,530,617,49196,52932,80858,15.044,large,large,large,259.6
Kvasir-SEG,/home/samsul/Documents/Polyp Detection/kvasir-seg/images/cju85nr8elly209872w9n5m0s.jpg,kvasir,0,242,289,401,456,529,615,19845,21491,29110,6.1,large,large,medium,165.4
Kvasir-SEG,/home/samsul/Documents/Polyp Detection/kvasir-seg/images/cjyzufihqquiw0a46jatrbwln.jpg,kvasir,0,227,42,656,556,576,720,164631,130079,174973,39.697,large,large,large,407.0
Kvasir-SEG,/home/samsul/Documents/Polyp Detection/kvasir-seg/images/cju5fydrud94708507vo6oy21.jpg,kvasir,0,156,96,591,471,546,626,115934,121178,171351,33.919,large,large,large,392.8
Kvasir-SEG,/home/samsul/Documents/Polyp Detection/kvasir-seg/images/cju85dx63lic408017f0l0400.jpg,kvasir,0,175,242,306,337,528,595,9680,11200,14661,3.081,large,large,medium,119.4
Kvasir-SEG,/home/samsul/Documents/Polyp Detection/kvasir-seg/images/cju2nbdpmlmcj0993s1cht0dz.jpg,kvasir,0,173,170,537,499,530,584,78606,94404,144658,25.396,large,large,large,346.7
Kvasir-SEG,/home/samsul/Documents/Polyp Detection/kvasir-seg/images/cju17x0j4nfc10993y31pvlgs.jpg,kvasir,0,1,0,458,525,526,459,169622,251114,356648,70.256,large,large,large,565.4
Kvasir-SEG,/home/samsul/Documents/Polyp Detection/kvasir-seg/images/cju7dsrtb2f8i085064kwugfk.jpg,kvasir,0,152,251,337,474,530,584,25874,31074,50037,8.359,large,large,large,198.9
Kvasir-SEG,/home/samsul/Documents/Polyp Detection/kvasir-seg/images/cju1c3218411b08014g9f6gig.jpg,kvasir,0,123,0,514,181,546,626,54325,56782,74571,15.894,large,large,large,268.9
Kvasir-SEG,/home/samsul/Documents/Polyp Detection/kvasir-seg/images/cju0sxqiclckk08551ycbwhno.jpg,kvasir,0,401,279,542,415,531,570,13168,16601,24526,4.351,large,large,medium,145.4
Kvasir-SEG,/home/samsul/Documents/Polyp Detection/kvasir-seg/images/cju8dpa89u6l80818dj6lldh9.jpg,kvasir,0,82,264,360,517,529,623,39350,41527,74786,11.94,large,large,large,229.9
Kvasir-SEG,/home/samsul/Documents/Polyp Detection/kvasir-seg/images/cju87q6yoneim0871dl4phvkd.jpg,kvasir,0,130,52,522,457,546,626,88326,92321,166775,25.842,large,large,large,342.9
Kvasir-SEG,/home/samsul/Documents/Polyp Detection/kvasir-seg/images/cju30ywtc0oar0835bp2en7ec.jpg,kvasir,0,75,381,601,890,1062,1348,199669,45008,60584,13.947,large,large,large,239.4
Kvasir-SEG,/home/samsul/Documents/Polyp Detection/kvasir-seg/images/cju6x97w4vwua0850x0997r0a.jpg,kvasir,0,133,112,284,371,547,626,26952,28171,41307,7.871,large,large,large,189.4
Kvasir-SEG,/home/samsul/Documents/Polyp Detection/kvasir-seg/images/cju1c0qb4tzi308355wtsnp0y.jpg,kvasir,0,121,65,580,460,530,622,115060,121816,192856,34.903,large,large,large,393.8
Kvasir-SEG,/home/samsul/Documents/Polyp Detection/kvasir-seg/images/cju42g865lorv07552ytz6xxa.jpg,kvasir,0,55,15,368,318,527,599,68234,77895,108971,21.615,large,large,large,314.9
Kvasir-SEG,/home/samsul/Documents/Polyp Detection/kvasir-seg/images/cju2qfie4rvz508357kad9z5o.jpg,kvasir,0,153,83,331,393,529,622,33922,35914,58938,10.309,large,large,large,213.8
Kvasir-SEG,/home/samsul/Documents/Polyp Detection/kvasir-seg/images/cju6v5ilsv8hk0850rb5sgh6o.jpg,kvasir,0,330,228,452,341,530,622,9997,10584,14845,3.033,large,large,medium,116.1
Kvasir-SEG,/home/samsul/Documents/Polyp Detection/kvasir-seg/images/cju7azuu31mia0801pf9ib5ed.jpg,kvasir,0,179,308,347,503,530,605,22468,25143,37067,7.007,large,large,medium,178.9
Kvasir-SEG,/home/samsul/Documents/Polyp Detection/kvasir-seg/images/cju6wjm81vgsc0987enk9n3pr.jpg,kvasir,0,82,180,384,527,528,623,86291,91065,111277,26.233,large,large,large,340.5
Kvasir-SEG,/home/samsul/Documents/Polyp Detection/kvasir-seg/images/cju3y79ofj3va0871uqfb1mzo.jpg,kvasir,0,204,93,456,351,530,598,34269,39252,75055,10.812,large,large,large,223.6
Kvasir-SEG,/home/samsul/Documents/Polyp Detection/kvasir-seg/images/cju330ofbc2l30801th5g3hw6.jpg,kvasir,0,317,331,436,457,529,495,10417,15247,22307,3.978,large,large,medium,139.3
Kvasir-SEG,/home/samsul/Documents/Polyp Detection/kvasir-seg/images/cju857ad0l88m0817qx4cwxnf.jpg,kvasir,0,164,132,395,398,529,623,41866,44182,65371,12.703,large,large,large,237.2
Kvasir-SEG,/home/samsul/Documents/Polyp Detection/kvasir-seg/images/cju18gzrq18zw0878wbf4ftw6.jpg,kvasir,0,356,117,592,307,546,626,26141,27323,47314,7.648,large,large,large,186.5
Kvasir-SEG,/home/samsul/Documents/Polyp Detection/kvasir-seg/images/cjyzjzssvd8pq0838f4nolj5l.jpg,kvasir,0,132,83,222,336,576,720,14197,11217,18263,3.423,large,large,medium,119.5
Kvasir-SEG,/home/samsul/Documents/Polyp Detection/kvasir-seg/images/cju7aez2x1jtj0871ztezs3oi.jpg,kvasir,0,248,115,366,226,510,621,9157,9726,14156,2.891,large,medium,medium,111.3
Kvasir-SEG,/home/samsul/Documents/Polyp Detection/kvasir-seg/images/cju6v1m1xv07w09870ah3njy1.jpg,kvasir,0,203,43,296,137,530,565,6648,8530,11458,2.22,medium,medium,medium,104.2
Kvasir-SEG,/home/samsul/Documents/Polyp Detection/kvasir-seg/images/cju6v1m1xv07w09870ah3njy1.jpg,kvasir,1,314,139,445,253,530,565,11527,14790,19478,3.849,large,large,medium,137.2
Kvasir-SEG,/home/samsul/Documents/Polyp Detection/kvasir-seg/images/cju3uwz6ogsp10801h2r3bj5l.jpg,kvasir,0,103,242,346,400,531,622,22743,24078,41074,6.886,large,large,large,175.1
Kvasir-SEG,/home/samsul/Documents/Polyp Detection/kvasir-seg/images/cju34aozyyy830993bn16u32n.jpg,kvasir,0,164,20,464,489,530,609,85750,94702,156239,26.567,large,large,large,347.2
Kvasir-SEG,/home/samsul/Documents/Polyp Detection/kvasir-seg/images/cju3xl264ingx0850rcf0rshj.jpg,kvasir,0,388,132,604,346,531,622,33591,35563,49394,10.17,large,large,large,212.8
Kvasir-SEG,/home/samsul/Documents/Polyp Detection/kvasir-seg/images/cju175facms5f0993a5tjikvt.jpg,kvasir,0,1,183,437,487,528,621,75463,80151,141566,23.015,large,large,large,319.5
Kvasir-SEG,/home/samsul/Documents/Polyp Detection/kvasir-seg/images/cju7ezs7g2mxm098787atbran.jpg,kvasir,0,392,181,526,335,530,622,15555,16468,22154,4.718,large,large,medium,144.8
Kvasir-SEG,/home/samsul/Documents/Polyp Detection/kvasir-seg/images/cju5thdbrjp1108715xdfx356.jpg,kvasir,0,280,332,383,432,530,622,7860,8322,11121,2.384,medium,medium,medium,102.9
Kvasir-SEG,/home/samsul/Documents/Polyp Detection/kvasir-seg/images/cju2nnqrqzp580855z8mhzgd6.jpg,kvasir,0,1,46,568,517,518,569,170202,215328,339176,57.746,large,large,large,523.6
Kvasir-SEG,/home/samsul/Documents/Polyp Detection/kvasir-seg/images/cju0qkwl35piu0993l0dewei2.jpg,kvasir,0,39,6,429,337,529,622,93043,98506,137434,28.277,large,large,large,354.1
Kvasir-SEG,/home/samsul/Documents/Polyp Detection/kvasir-seg/images/cju5eyfe9cpk90987laa7tsl3.jpg,kvasir,0,154,61,493,411,530,622,89862,95138,126347,27.259,large,large,large,348.0
Kvasir-SEG,/home/samsul/Documents/Polyp Detection/kvasir-seg/images/cju6z600qwh4z081700qimgl9.jpg,kvasir,0,395,277,528,431,530,612,15486,16935,22714,4.774,large,large,medium,146.8
Kvasir-SEG,/home/samsul/Documents/Polyp Detection/kvasir-seg/images/cju30u1hbakn808019g15nb8b.jpg,kvasir,0,175,207,336,383,528,510,19126,28101,42129,7.103,large,large,large,189.2
Kvasir-SEG,/home/samsul/Documents/Polyp Detection/kvasir-seg/images/cju7fbndk2sl608015ravktum.jpg,kvasir,0,253,57,446,303,530,569,33314,42147,60623,11.047,large,large,large,231.7
Kvasir-SEG,/home/samsul/Documents/Polyp Detection/kvasir-seg/images/cju40u30gkuzc0871rq7t666d.jpg,kvasir,0,267,54,454,224,546,626,22663,23688,33602,6.631,large,large,medium,173.7
Kvasir-SEG,/home/samsul/Documents/Polyp Detection/kvasir-seg/images/cju77idwfz36d0871tzfzz51i.jpg,kvasir,0,149,247,509,485,528,605,60661,67883,96550,18.99,large,large,large,294.0
Kvasir-SEG,/home/samsul/Documents/Polyp Detection/kvasir-seg/images/cju85omszllp30850b6rm9mi3.jpg,kvasir,0,272,1,484,226,531,622,40464,42840,50964,12.251,large,large,large,233.5
Kvasir-SEG,/home/samsul/Documents/Polyp Detection/kvasir-seg/images/cju8bw697rwg308177tg8huas.jpg,kvasir,0,121,8,550,507,531,581,134768,163529,260883,43.683,large,large,large,456.3
Kvasir-SEG,/home/samsul/Documents/Polyp Detection/kvasir-seg/images/cju785htizjzo08017tvlhtg4.jpg,kvasir,0,197,95,374,309,530,546,29637,40720,52582,10.242,large,large,large,227.7
Kvasir-SEG,/home/samsul/Documents/Polyp Detection/kvasir-seg/images/cju77b3wyz4160755qis4ljsb.jpg,kvasir,0,221,296,347,441,530,571,12804,16085,23294,4.231,large,large,medium,143.1
Kvasir-SEG,/home/samsul/Documents/Polyp Detection/kvasir-seg/images/cju8dm2cau2km0818jsv9eeq2.jpg,kvasir,0,89,317,427,546,547,626,40245,42065,81496,11.753,large,large,large,231.4
Kvasir-SEG,/home/samsul/Documents/Polyp Detection/kvasir-seg/images/cju7bfx651qr80801cs7epotb.jpg,kvasir,0,169,230,467,519,528,622,60381,63926,91801,18.386,large,large,large,285.3
Kvasir-SEG,/home/samsul/Documents/Polyp Detection/kvasir-seg/images/cju5f26ebcuai0818xlwh6116.jpg,kvasir,0,286,23,475,217,546,598,25602,29325,42437,7.841,large,large,large,193.2
Kvasir-SEG,/home/samsul/Documents/Polyp Detection/kvasir-seg/images/cju7dp3dw2k4n0755zhe003ad.jpg,kvasir,0,363,277,544,465,546,626,22283,23291,35954,6.519,large,large,medium,172.2
Kvasir-SEG,/home/samsul/Documents/Polyp Detection/kvasir-seg/images/cju43gfosm63n08714rpih8pe.jpg,kvasir,0,230,55,548,403,530,622,87888,93048,117868,26.66,large,large,large,344.2
Kvasir-SEG,/home/samsul/Documents/Polyp Detection/kvasir-seg/images/cju7dn24o296i09871qfxb8s2.jpg,kvasir,0,341,172,622,454,547,626,50816,53114,83416,14.84,large,large,large,260.1
Kvasir-SEG,/home/samsul/Documents/Polyp Detection/kvasir-seg/images/cju3yht87j83m08507yk1u1fg.jpg,kvasir,0,32,46,449,529,530,570,129974,163858,255054,43.024,large,large,large,456.8
Kvasir-SEG,/home/samsul/Documents/Polyp Detection/kvasir-seg/images/cju300m3s04fg0988uzupuf7z.jpg,kvasir,0,59,1,404,212,529,622,56647,59973,77659,17.216,large,large,large,276.3
Kvasir-SEG,/home/samsul/Documents/Polyp Detection/kvasir-seg/images/cju773hsyyosz0817pk1e7sjq.jpg,kvasir,0,366,85,556,344,530,618,35500,38072,53259,10.838,large,large,large,220.2
Kvasir-SEG,/home/samsul/Documents/Polyp Detection/kvasir-seg/images/cju84jdl9kv0i0871eog9b3i9.jpg,kvasir,0,96,178,910,743,1070,1348,310883,70077,103981,21.554,large,large,large,298.7
Kvasir-SEG,/home/samsul/Documents/Polyp Detection/kvasir-seg/images/cju3xwpgviwlx0871rwm15q7v.jpg,kvasir,0,258,262,441,434,547,626,24041,25128,33272,7.021,large,large,medium,178.9
Kvasir-SEG,/home/samsul/Documents/Polyp Detection/kvasir-seg/images/cju87zv8lni0o0850hbbecbq6.jpg,kvasir,0,298,307,387,379,528,622,4656,4929,6956,1.418,medium,medium,small,79.2
Kvasir-SEG,/home/samsul/Documents/Polyp Detection/kvasir-seg/images/cju1egx9pvz2n0988eoy8jp23.jpg,kvasir,0,300,345,371,437,529,622,5215,5521,7089,1.585,medium,medium,small,83.8
Kvasir-SEG,/home/samsul/Documents/Polyp Detection/kvasir-seg/images/cju6v4szov55u0871qmqz3v8n.jpg,kvasir,0,0,127,301,509,523,370,83129,124483,173206,42.959,large,large,large,398.1
Kvasir-SEG,/home/samsul/Documents/Polyp Detection/kvasir-seg/images/cju2ulk385h170799rlklxob0.jpg,kvasir,0,214,0,581,401,528,596,101640,117201,170585,32.299,large,large,large,386.3
Kvasir-SEG,/home/samsul/Documents/Polyp Detection/kvasir-seg/images/cju6wn57mvooj0850rp78hhy7.jpg,kvasir,0,202,0,561,442,531,622,106186,112421,168844,32.15,large,large,large,378.3
Kvasir-SEG,/home/samsul/Documents/Polyp Detection/kvasir-seg/images/cju30525w04r10835ygp257sb.jpg,kvasir,0,275,264,521,440,530,622,31469,33317,46286,9.546,large,large,large,206.0
Kvasir-SEG,/home/samsul/Documents/Polyp Detection/kvasir-seg/images/cju357rxxdaz30878y2esjpjt.jpg,kvasir,0,247,29,367,141,531,558,9888,13008,17987,3.337,large,large,medium,128.7
Kvasir-SEG,/home/samsul/Documents/Polyp Detection/kvasir-seg/images/cju41z76wlgbz0801qdetlvby.jpg,kvasir,0,128,144,346,296,421,592,25878,30245,39161,10.383,large,large,medium,196.2
Kvasir-SEG,/home/samsul/Documents/Polyp Detection/kvasir-seg/images/cju7awzmu1ncs0871hziy65zx.jpg,kvasir,0,307,135,463,343,527,592,24895,29096,38350,7.98,large,large,medium,192.5
Kvasir-SEG,/home/samsul/Documents/Polyp Detection/kvasir-seg/images/cju87kbcen2av0987usezo8kn.jpg,kvasir,0,488,83,535,154,530,591,2130,2498,4053,0.68,medium,medium,small,56.4
Kvasir-SEG,/home/samsul/Documents/Polyp Detection/kvasir-seg/images/cju87kbcen2av0987usezo8kn.jpg,kvasir,1,110,116,268,288,530,591,16958,19887,32257,5.414,large,large,medium,159.1
Kvasir-SEG,/home/samsul/Documents/Polyp Detection/kvasir-seg/images/cju5fu081d8gc0818l3yylujk.jpg,kvasir,0,71,262,238,407,531,570,16868,21265,30922,5.573,large,large,medium,164.5
Kvasir-SEG,/home/samsul/Documents/Polyp Detection/kvasir-seg/images/cju76o55nymqd0871h31sph9w.jpg,kvasir,0,188,64,229,128,529,600,2065,2350,3106,0.651,medium,medium,small,54.7
Kvasir-SEG,/home/samsul/Documents/Polyp Detection/kvasir-seg/images/cju2rz4k434s70855wwx3ddtx.jpg,kvasir,0,218,151,470,405,530,612,43364,47423,70553,13.369,large,large,large,245.7
Kvasir-SEG,/home/samsul/Documents/Polyp Detection/kvasir-seg/images/cju2rz4k434s70855wwx3ddtx.jpg,kvasir,1,110,319,226,475,530,612,5742,6279,20088,1.77,medium,medium,medium,89.4
Kvasir-SEG,/home/samsul/Documents/Polyp Detection/kvasir-seg/images/cju8a56vxpy780850r45yu4wk.jpg,kvasir,0,187,154,427,401,530,584,38780,46574,71780,12.529,large,large,large,243.5
Kvasir-SEG,/home/samsul/Documents/Polyp Detection/kvasir-seg/images/cju5eftctcdbj08712gdp989f.jpg,kvasir,0,288,83,578,508,530,605,85819,96036,138724,26.764,large,large,large,349.7
Kvasir-SEG,/home/samsul/Documents/Polyp Detection/kvasir-seg/images/cju5y7buemcw80987p0r30g9f.jpg,kvasir,0,22,180,311,434,530,589,45548,53777,87311,14.591,large,large,large,261.7
Kvasir-SEG,/home/samsul/Documents/Polyp Detection/kvasir-seg/images/cju1fj6axwfp30835ukhuzhw9.jpg,kvasir,0,280,9,575,377,547,576,76863,94893,134844,24.395,large,large,large,347.6
Kvasir-SEG,/home/samsul/Documents/Polyp Detection/kvasir-seg/images/cju5bwhapakm90987c1v4z46a.jpg,kvasir,0,294,169,412,290,529,622,11197,11854,15370,3.403,large,large,medium,122.9
Kvasir-SEG,/home/samsul/Documents/Polyp Detection/kvasir-seg/images/cju40taxlkrho0987smigg0x0.jpg,kvasir,0,140,166,339,333,393,622,24896,26358,35573,10.185,large,large,medium,183.2
Kvasir-SEG,/home/samsul/Documents/Polyp Detection/kvasir-seg/images/cju8ceacrsqkr0755hdz145es.jpg,kvasir,0,140,66,283,172,492,566,10909,13948,19700,3.917,large,large,medium,133.3
Kvasir-SEG,/home/samsul/Documents/Polyp Detection/kvasir-seg/images/cju8cbsyssiqj0871gr4jedjp.jpg,kvasir,0,122,7,352,261,531,571,43405,54529,74001,14.316,large,large,large,263.5
Kvasir-SEG,/home/samsul/Documents/Polyp Detection/kvasir-seg/images/cju0roawvklrq0799vmjorwfv.jpg,kvasir,0,487,43,621,338,528,622,29207,30922,42306,8.893,large,large,large,198.4
Kvasir-SEG,/home/samsul/Documents/Polyp Detection/kvasir-seg/images/cju0roawvklrq0799vmjorwfv.jpg,kvasir,1,330,72,436,149,528,622,6424,6801,8836,1.956,medium,medium,small,93.1
Kvasir-SEG,/home/samsul/Documents/Polyp Detection/kvasir-seg/images/cju8brv16rx7f0818uf5n89pv.jpg,kvasir,0,404,278,517,380,529,622,8582,9086,12431,2.608,medium,medium,medium,107.6
Kvasir-SEG,/home/samsul/Documents/Polyp Detection/kvasir-seg/images/cju1cfhyg48bb0799cl5pr2jh.jpg,kvasir,0,315,40,557,361,547,626,56216,58759,81785,16.417,large,large,large,273.5
Kvasir-SEG,/home/samsul/Documents/Polyp Detection/kvasir-seg/images/cju3521y5d5mq0878t3ezsu4p.jpg,kvasir,0,286,144,439,341,530,622,20125,21307,32282,6.105,large,large,medium,164.7
Kvasir-SEG,/home/samsul/Documents/Polyp Detection/kvasir-seg/images/cju2xs6na81t20878pt6nkfip.jpg,kvasir,0,226,164,541,514,531,570,71271,89851,139831,23.547,large,large,large,338.2
Kvasir-SEG,/home/samsul/Documents/Polyp Detection/kvasir-seg/images/cju35atpxdjot0855q46aqrd0.jpg,kvasir,0,111,0,322,163,546,626,27085,28310,36341,7.924,large,large,medium,189.9
Kvasir-SEG,/home/samsul/Documents/Polyp Detection/kvasir-seg/images/cju85ia1slh220987y7c20sm2.jpg,kvasir,0,331,137,514,305,528,622,24082,25496,32922,7.333,large,large,medium,180.2
Kvasir-SEG,/home/samsul/Documents/Polyp Detection/kvasir-seg/images/cju7fen322ou10817ziqkob4k.jpg,kvasir,0,42,37,124,145,528,622,6524,6907,9578,1.987,medium,medium,small,93.8
Kvasir-SEG,/home/samsul/Documents/Polyp Detection/kvasir-seg/images/cju7fen322ou10817ziqkob4k.jpg,kvasir,1,117,125,184,220,528,622,4792,5073,6911,1.459,medium,medium,small,80.4
Kvasir-SEG,/home/samsul/Documents/Polyp Detection/kvasir-seg/images/cju7fen322ou10817ziqkob4k.jpg,kvasir,2,278,139,467,375,528,622,27636,29259,47674,8.415,large,large,large,193.0
Kvasir-SEG,/home/samsul/Documents/Polyp Detection/kvasir-seg/images/cju7fq7mm2pw508176uk5ugtx.jpg,kvasir,0,91,0,427,329,506,571,87092,109412,139711,30.143,large,large,large,373.2
Kvasir-SEG,/home/samsul/Documents/Polyp Detection/kvasir-seg/images/cju7epwj82koz098713apjnzo.jpg,kvasir,0,94,50,282,220,528,622,23382,24755,34217,7.12,large,large,medium,177.5
Kvasir-SEG,/home/samsul/Documents/Polyp Detection/kvasir-seg/images/cju1fr4etsmrr09933u4t4aql.jpg,kvasir,0,229,167,542,520,521,570,83058,104711,140134,27.968,large,large,large,365.1
Kvasir-SEG,/home/samsul/Documents/Polyp Detection/kvasir-seg/images/cju5hl8nee8a40755fm8qjj0o.jpg,kvasir,0,340,227,481,381,531,617,16203,17434,23682,4.946,large,large,medium,149.0
Kvasir-SEG,/home/samsul/Documents/Polyp Detection/kvasir-seg/images/cju7el6xv2k520817qxx9wdr5.jpg,kvasir,0,193,121,568,438,546,626,86146,90042,124976,25.204,large,large,large,338.6
Kvasir-SEG,/home/samsul/Documents/Polyp Detection/kvasir-seg/images/cju5vwbr4lhqn0987a1pji0ux.jpg,kvasir,0,79,289,242,514,530,570,15598,19664,46726,5.163,large,large,large,158.2
Kvasir-SEG,/home/samsul/Documents/Polyp Detection/kvasir-seg/images/cju0s2a9ekvms080138tjjpxr.jpg,kvasir,0,380,58,625,430,547,626,70922,74130,95908,20.712,large,large,large,307.2
Kvasir-SEG,/home/samsul/Documents/Polyp Detection/kvasir-seg/images/cju2rqo702wpx0855fn7d5cxh.jpg,kvasir,0,332,188,447,301,529,621,9553,10147,14046,2.908,large,large,medium,113.7
Kvasir-SEG,/home/samsul/Documents/Polyp Detection/kvasir-seg/images/cju2i03ptvkiu0799xbbd4det.jpg,kvasir,0,293,126,458,367,528,600,25626,29157,45707,8.089,large,large,large,192.7
Kvasir-SEG,/home/samsul/Documents/Polyp Detection/kvasir-seg/images/cjyzkpsbjdsjq07211dfi4sru.jpg,kvasir,0,281,104,457,187,576,720,10194,8055,11748,2.458,medium,large,medium,101.3
Kvasir-SEG,/home/samsul/Documents/Polyp Detection/kvasir-seg/images/cju7ff97z2ow40817u2r83my5.jpg,kvasir,0,191,118,319,220,529,622,9408,9960,14067,2.859,large,large,medium,112.6
Kvasir-SEG,/home/samsul/Documents/Polyp Detection/kvasir-seg/images/cju3v3ac9gyz30755hfqwyp1i.jpg,kvasir,0,244,34,406,236,530,578,22504,27591,40568,7.346,large,large,large,187.4
Kvasir-SEG,/home/samsul/Documents/Polyp Detection/kvasir-seg/images/cju1cnnziug1l0835yh4ropyg.jpg,kvasir,0,191,159,529,431,531,570,58322,73526,116674,19.269,large,large,large,306.0
Kvasir-SEG,/home/samsul/Documents/Polyp Detection/kvasir-seg/images/cju85citjlnfm0755i4rk5tqj.jpg,kvasir,0,231,64,328,177,547,623,7992,8434,11790,2.345,medium,medium,medium,103.6
Kvasir-SEG,/home/samsul/Documents/Polyp Detection/kvasir-seg/images/cju0s690hkp960855tjuaqvv0.jpg,kvasir,0,224,286,335,433,530,621,12054,12803,17606,3.662,large,large,medium,127.7
Kvasir-SEG,/home/samsul/Documents/Polyp Detection/kvasir-seg/images/cju7afqon1ip40850ue2308b6.jpg,kvasir,0,404,145,542,329,528,617,15431,16603,27668,4.737,large,large,medium,145.4
Kvasir-SEG,/home/samsul/Documents/Polyp Detection/kvasir-seg/images/cju3xvoo2iqlc0817eku2r3wl.jpg,kvasir,0,320,319,445,437,530,446,12076,17609,21864,5.109,large,large,medium,149.7
Kvasir-SEG,/home/samsul/Documents/Polyp Detection/kvasir-seg/images/cju430pm2lz0y0755jkhcc3d1.jpg,kvasir,0,385,30,617,490,547,626,51425,53751,112271,15.018,large,large,large,261.6
Kvasir-SEG,/home/samsul/Documents/Polyp Detection/kvasir-seg/images/cju430pm2lz0y0755jkhcc3d1.jpg,kvasir,1,73,304,375,546,547,626,25677,26838,76959,7.499,large,large,large,184.9
Kvasir-SEG,/home/samsul/Documents/Polyp Detection/kvasir-seg/images/cju16jgnyzp970878melv7r25.jpg,kvasir,0,261,237,504,462,529,560,34496,45056,72025,11.645,large,large,large,239.5
Kvasir-SEG,/home/samsul/Documents/Polyp Detection/kvasir-seg/images/cju2rpa30t07b0835im0erql0.jpg,kvasir,0,141,167,309,413,529,621,32930,34976,44336,10.024,large,large,large,211.0
Kvasir-SEG,/home/samsul/Documents/Polyp Detection/kvasir-seg/images/cju7fpfzq2wyf0818xxd1oziv.jpg,kvasir,0,153,169,407,529,530,570,62450,78730,116053,20.672,large,large,large,316.6
Kvasir-SEG,/home/samsul/Documents/Polyp Detection/kvasir-seg/images/cju1gv7106qd008784gk603mg.jpg,kvasir,0,378,15,602,316,531,622,49434,52337,71940,14.967,large,large,large,258.1
Kvasir-SEG,/home/samsul/Documents/Polyp Detection/kvasir-seg/images/cju302fqq9spc0878rrygyzzz.jpg,kvasir,0,51,7,301,354,528,592,69222,80902,102087,22.146,large,large,large,320.9
Kvasir-SEG,/home/samsul/Documents/Polyp Detection/kvasir-seg/images/cju2u4pymvc720988wsxrmi84.jpg,kvasir,0,21,48,294,523,530,541,89358,125054,182525,31.165,large,large,large,399.0
Kvasir-SEG,/home/samsul/Documents/Polyp Detection/kvasir-seg/images/cju8c82iosagu0817l74s4m5g.jpg,kvasir,0,144,1,545,522,547,626,124469,130099,219335,36.35,large,large,large,407.0
Kvasir-SEG,/home/samsul/Documents/Polyp Detection/kvasir-seg/images/cju85c2d4ln1b0755zz1z3onx.jpg,kvasir,0,321,307,397,380,531,599,4238,4838,6505,1.332,medium,medium,small,78.5
Kvasir-SEG,/home/samsul/Documents/Polyp Detection/kvasir-seg/images/cju439oazm2fu0871ma0vvrft.jpg,kvasir,0,155,148,577,504,531,622,55563,58825,159878,16.823,large,large,large,273.7
Kvasir-SEG,/home/samsul/Documents/Polyp Detection/kvasir-seg/images/cju5yhgznmkzb0801cji2vi8j.jpg,kvasir,0,286,140,370,276,529,568,8682,11023,14784,2.889,large,medium,medium,118.5
Kvasir-SEG,/home/samsul/Documents/Polyp Detection/kvasir-seg/images/cju2yb31a8e8u0878wdashg7o.jpg,kvasir,0,329,136,582,434,531,621,56710,60233,80664,17.198,large,large,large,276.9
Kvasir-SEG,/home/samsul/Documents/Polyp Detection/kvasir-seg/images/cju7fazv92ywx0755xov2erga.jpg,kvasir,0,97,178,479,527,528,605,106773,119484,150009,33.425,large,large,large,390.0
Kvasir-SEG,/home/samsul/Documents/Polyp Detection/kvasir-seg/images/cju1aqqv02qwz0878a5cyhr67.jpg,kvasir,0,260,292,452,485,547,626,19185,20053,39135,5.603,large,large,medium,159.8
Kvasir-SEG,/home/samsul/Documents/Polyp Detection/kvasir-seg/images/cju7f4sc62xqj075597xpmuoy.jpg,kvasir,0,313,128,544,401,547,626,47836,50000,66443,13.97,large,large,large,252.3
Kvasir-SEG,/home/samsul/Documents/Polyp Detection/kvasir-seg/images/cju31w6goazci0799n014ly1q.jpg,kvasir,0,20,86,213,407,547,627,43180,44989,65085,12.59,large,large,large,239.3
Kvasir-SEG,/home/samsul/Documents/Polyp Detection/kvasir-seg/images/cju76lsehyia10987u54vn8rb.jpg,kvasir,0,343,146,495,327,546,622,18842,19948,29481,5.548,large,large,medium,159.4
Kvasir-SEG,/home/samsul/Documents/Polyp Detection/kvasir-seg/images/cju6z2616wqbk07555bvnuyr1.jpg,kvasir,0,269,266,434,484,531,554,27616,36855,48517,9.388,large,large,large,216.6
Kvasir-SEG,/home/samsul/Documents/Polyp Detection/kvasir-seg/images/cju2srvy5440s0801y1ba9akr.jpg,kvasir,0,235,56,571,527,528,622,104277,110400,168403,31.751,large,large,large,374.9
Kvasir-SEG,/home/samsul/Documents/Polyp Detection/kvasir-seg/images/cju32pzh9bpw10855q4vaxfhe.jpg,kvasir,0,243,65,396,229,546,621,18650,19809,26989,5.5,large,large,medium,158.8
Kvasir-SEG,/home/samsul/Documents/Polyp Detection/kvasir-seg/images/cju7emdni2py40871ivhxjtut.jpg,kvasir,0,191,2,530,516,529,622,116586,123431,185381,35.432,large,large,large,396.4
Kvasir-SEG,/home/samsul/Documents/Polyp Detection/kvasir-seg/images/cju1871y11d6r0799k6cw4yze.jpg,kvasir,0,0,184,223,420,531,480,38963,56601,77120,15.287,large,large,large,268.5
Kvasir-SEG,/home/samsul/Documents/Polyp Detection/kvasir-seg/images/cju5ht88gedbu0755xrcuddcx.jpg,kvasir,0,151,29,508,317,547,619,67254,71895,110601,19.863,large,large,large,302.6
Kvasir-SEG,/home/samsul/Documents/Polyp Detection/kvasir-seg/images/cju6yxyt0wh080871sqpepu47.jpg,kvasir,0,270,132,412,369,528,616,23195,25038,36738,7.131,large,large,medium,178.5
Kvasir-SEG,/home/samsul/Documents/Polyp Detection/kvasir-seg/images/cju3tsh4lfsok0987w6x3a0v1.jpg,kvasir,0,48,0,593,364,530,622,122858,130072,210991,37.268,large,large,large,407.0
Kvasir-SEG,/home/samsul/Documents/Polyp Detection/kvasir-seg/images/cju0qoxqj9q6s0835b43399p4.jpg,kvasir,0,195,285,912,1048,1070,1348,390295,87978,123651,27.059,large,large,large,334.7
Kvasir-SEG,/home/samsul/Documents/Polyp Detection/kvasir-seg/images/cjyzuio1qgh040763k56deohv.jpg,kvasir,0,272,219,350,311,576,720,5183,4095,5805,1.25,medium,medium,small,72.2
Kvasir-SEG,/home/samsul/Documents/Polyp Detection/kvasir-seg/images/cju1euant5l960878iqj5vvto.jpg,kvasir,0,416,263,557,447,531,622,19171,20297,27812,5.804,large,large,medium,160.8
Kvasir-SEG,/home/samsul/Documents/Polyp Detection/kvasir-seg/images/cju2zr3c3vwb00993jn06bbaz.jpg,kvasir,0,222,264,365,414,531,575,15711,19464,26938,5.146,large,large,medium,157.4
Kvasir-SEG,/home/samsul/Documents/Polyp Detection/kvasir-seg/images/cju45lbgznahl08180xz1h7u6.jpg,kvasir,0,132,119,342,314,527,622,31133,32961,43784,9.498,large,large,large,204.9
Kvasir-SEG,/home/samsul/Documents/Polyp Detection/kvasir-seg/images/cju3ykamdj9u208503pygyuc8.jpg,kvasir,0,627,328,731,454,1010,1220,8102,2230,3670,0.658,medium,medium,small,53.3
Kvasir-SEG,/home/samsul/Documents/Polyp Detection/kvasir-seg/images/cju3ykamdj9u208503pygyuc8.jpg,kvasir,1,658,444,763,640,1010,1220,12453,3427,5747,1.011,medium,large,small,66.1
Kvasir-SEG,/home/samsul/Documents/Polyp Detection/kvasir-seg/images/cju5ccpvqash50850kb4bs22k.jpg,kvasir,0,179,158,408,418,482,592,45887,53630,70159,16.081,large,large,large,261.3
Kvasir-SEG,/home/samsul/Documents/Polyp Detection/kvasir-seg/images/cju45jpvfn6c809873pv1i34s.jpg,kvasir,0,120,113,331,364,530,593,40195,46819,62228,12.789,large,large,large,244.2
Kvasir-SEG,/home/samsul/Documents/Polyp Detection/kvasir-seg/images/cju5knbbqfipk080128cggukq.jpg,kvasir,0,195,69,594,523,529,597,128734,147946,209162,40.763,large,large,large,434.0
Kvasir-SEG,/home/samsul/Documents/Polyp Detection/kvasir-seg/images/cju34ouumcznz07996gg1xq7v.jpg,kvasir,0,160,147,442,426,547,626,60237,62961,82824,17.591,large,large,large,283.1
Kvasir-SEG,/home/samsul/Documents/Polyp Detection/kvasir-seg/images/cju2nguelpmlj0835rojdn097.jpg,kvasir,0,229,238,482,523,529,591,51907,60871,85189,16.603,large,large,large,278.4
Kvasir-SEG,/home/samsul/Documents/Polyp Detection/kvasir-seg/images/cju2nfnvxzdkd0878399axlco.jpg,kvasir,0,65,169,374,368,546,598,39569,45322,71015,12.119,large,large,large,240.2
Kvasir-SEG,/home/samsul/Documents/Polyp Detection/kvasir-seg/images/cju5f0dezct4q08183ydw11dx.jpg,kvasir,0,369,122,543,415,546,626,34661,36229,53777,10.141,large,large,large,214.8
Kvasir-SEG,/home/samsul/Documents/Polyp Detection/kvasir-seg/images/cju5ft6mcd5q40987rhjgbrr6.jpg,kvasir,0,205,211,449,477,530,622,43833,46407,69256,13.296,large,large,large,243.1
Kvasir-SEG,/home/samsul/Documents/Polyp Detection/kvasir-seg/images/cju87z6o6nh73085045bzsx6o.jpg,kvasir,0,366,202,600,425,530,622,38642,40911,55731,11.722,large,large,large,228.2
Kvasir-SEG,/home/samsul/Documents/Polyp Detection/kvasir-seg/images/cju43b8daly4408170e5ev06g.jpg,kvasir,0,131,153,415,491,531,600,61659,70154,109926,19.353,large,large,large,298.9
Kvasir-SEG,/home/samsul/Documents/Polyp Detection/kvasir-seg/images/cju32srle1xfq083575i3fl75.jpg,kvasir,0,372,126,556,292,547,626,21652,22631,32292,6.323,large,large,medium,169.7
Kvasir-SEG,/home/samsul/Documents/Polyp Detection/kvasir-seg/images/cju2z45kuzf6d0988nz2c819m.jpg,kvasir,0,183,206,282,337,529,562,10249,13291,17118,3.447,large,large,medium,130.1
Kvasir-SEG,/home/samsul/Documents/Polyp Detection/kvasir-seg/images/cju5cu8qkb84x08186jwo8yin.jpg,kvasir,0,347,289,491,416,530,622,13186,13960,19650,4.0,large,large,medium,133.3
Kvasir-SEG,/home/samsul/Documents/Polyp Detection/kvasir-seg/images/cju1fb9236a110801yvg0fwju.jpg,kvasir,0,25,68,405,546,547,626,108410,113313,190753,31.66,large,large,large,379.8
Kvasir-SEG,/home/samsul/Documents/Polyp Detection/kvasir-seg/images/cju40wto5kxwi0755it190f2k.jpg,kvasir,0,457,757,892,995,1070,1348,76003,17132,23489,5.269,large,large,medium,147.7
Kvasir-SEG,/home/samsul/Documents/Polyp Detection/kvasir-seg/images/cju6yywx1whbb0871ksgfgf9f.jpg,kvasir,0,300,74,503,254,530,622,27645,29268,39092,8.386,large,large,medium,193.0
Kvasir-SEG,/home/samsul/Documents/Polyp Detection/kvasir-seg/images/cju13cgqmnhwn0988yrainhcp.jpg,kvasir,0,237,264,455,522,546,626,42478,44399,59286,12.428,large,large,large,237.8
Kvasir-SEG,/home/samsul/Documents/Polyp Detection/kvasir-seg/images/cju884985nlmx0817vzpax3y4.jpg,kvasir,0,448,174,509,234,529,581,2455,2979,4589,0.799,medium,medium,small,61.6
Kvasir-SEG,/home/samsul/Documents/Polyp Detection/kvasir-seg/images/cju884985nlmx0817vzpax3y4.jpg,kvasir,1,348,191,410,259,529,581,3201,3884,5275,1.041,medium,medium,small,70.3
Kvasir-SEG,/home/samsul/Documents/Polyp Detection/kvasir-seg/images/cju7ebe962hr409872ovibahw.jpg,kvasir,0,2,0,615,301,530,622,143971,152424,196315,43.673,large,large,large,440.5
Kvasir-SEG,/home/samsul/Documents/Polyp Detection/kvasir-seg/images/cju7bmi1v1pnj0987pa52jjok.jpg,kvasir,0,199,178,457,399,530,614,43869,47663,62471,13.481,large,large,large,246.3
Kvasir-SEG,/home/samsul/Documents/Polyp Detection/kvasir-seg/images/cju2qdj95ru8g09886gfi9rsz.jpg,kvasir,0,60,133,556,530,531,571,129800,163066,248500,42.81,large,large,large,455.7
Kvasir-SEG,/home/samsul/Documents/Polyp Detection/kvasir-seg/images/cju34i3qvcyog0855qiejxx5w.jpg,kvasir,0,138,17,502,434,529,622,94394,99936,161528,28.688,large,large,large,356.7
Kvasir-SEG,/home/samsul/Documents/Polyp Detection/kvasir-seg/images/cjyzl833ndne80838pzuq6ila.jpg,kvasir,0,217,51,442,376,576,720,56144,44361,58213,13.538,large,large,large,237.7
Kvasir-SEG,/home/samsul/Documents/Polyp Detection/kvasir-seg/images/cju2zm0axztpe0988r8s9twjr.jpg,kvasir,0,236,10,391,224,528,623,23123,24402,35395,7.029,large,large,medium,176.3
Kvasir-SEG,/home/samsul/Documents/Polyp Detection/kvasir-seg/images/cju2rzpsmtb0f0835jabkbao1.jpg,kvasir,0,185,219,294,325,528,528,8480,12459,17293,3.042,large,medium,medium,125.9
Kvasir-SEG,/home/samsul/Documents/Polyp Detection/kvasir-seg/images/cju8bff9nrfi10850fmfzbf8v.jpg,kvasir,0,141,275,316,469,529,437,25460,37266,50234,11.013,large,large,large,217.8
Kvasir-SEG,/home/samsul/Documents/Polyp Detection/kvasir-seg/images/cju5xkwzxmf0z0818gk4xabdm.jpg,kvasir,0,88,156,399,455,505,609,52700,58202,103372,17.136,large,large,large,272.2
Kvasir-SEG,/home/samsul/Documents/Polyp Detection/kvasir-seg/images/cju8c2rqzs5t80850d0zky5dy.jpg,kvasir,0,197,87,611,476,490,615,93795,101576,175276,31.125,large,large,large,359.6
Kvasir-SEG,/home/samsul/Documents/Polyp Detection/kvasir-seg/images/cju3xga12iixg0817dijbvjxw.jpg,kvasir,0,1,7,418,337,530,622,95927,101559,146482,29.099,large,large,large,359.6
Kvasir-SEG,/home/samsul/Documents/Polyp Detection/kvasir-seg/images/cju1drnhbrb9409935wi7vkhg.jpg,kvasir,0,108,49,609,528,529,619,119613,127867,257587,36.529,large,large,large,403.5
Kvasir-SEG,/home/samsul/Documents/Polyp Detection/kvasir-seg/images/cju7dff9529h208503w60lbil.jpg,kvasir,0,98,20,563,529,530,619,167981,179572,254059,51.203,large,large,large,478.2
Kvasir-SEG,/home/samsul/Documents/Polyp Detection/kvasir-seg/images/cju5vgawslbe30987ndeepc1b.jpg,kvasir,0,248,97,602,462,530,622,102054,108046,137559,30.957,large,large,large,370.9
Kvasir-SEG,/home/samsul/Documents/Polyp Detection/kvasir-seg/images/cju7fnfv02tt90801djnix9m8.jpg,kvasir,0,221,192,307,290,528,622,6249,6616,9119,1.903,medium,medium,small,91.8
Kvasir-SEG,/home/samsul/Documents/Polyp Detection/kvasir-seg/images/cju5hjxaae3i40850h5z2laf5.jpg,kvasir,0,44,165,362,439,530,622,54219,57402,92876,16.447,large,large,large,270.3
Kvasir-SEG,/home/samsul/Documents/Polyp Detection/kvasir-seg/images/cju5cky5xb0ay0801oxet697t.jpg,kvasir,0,314,204,476,372,528,622,17920,18972,29164,5.456,large,large,medium,155.4
Kvasir-SEG,/home/samsul/Documents/Polyp Detection/kvasir-seg/images/ck2bxiswtxuw80838qkisqjwz.jpg,kvasir,0,0,8,556,493,520,621,142856,151731,287520,44.239,large,large,large,439.5
Kvasir-SEG,/home/samsul/Documents/Polyp Detection/kvasir-seg/images/cju8arof2qpf20850ifr1bnqj.jpg,kvasir,0,170,88,389,452,530,594,47930,55641,93219,15.225,large,large,large,266.2
Kvasir-SEG,/home/samsul/Documents/Polyp Detection/kvasir-seg/images/cju35i2e63uxr0835h7zgkg9k.jpg,kvasir,0,238,98,444,506,531,614,56232,61095,91985,17.247,large,large,large,278.9
Kvasir-SEG,/home/samsul/Documents/Polyp Detection/kvasir-seg/images/cju2xwm1s84l50799i60mq0pu.jpg,kvasir,0,388,0,549,144,547,626,15824,16540,24552,4.621,large,large,medium,145.1
Kvasir-SEG,/home/samsul/Documents/Polyp Detection/kvasir-seg/images/cju8cwy02t9eq08185qn12c02.jpg,kvasir,0,178,0,420,220,547,626,44300,46304,56132,12.937,large,large,large,242.8
Kvasir-SEG,/home/samsul/Documents/Polyp Detection/kvasir-seg/images/cjyzul1qggwwj07216mhiv5sy.jpg,kvasir,0,668,414,1006,762,1072,1920,93974,10442,13146,4.566,large,large,medium,115.3
Kvasir-SEG,/home/samsul/Documents/Polyp Detection/kvasir-seg/images/cju15czxqp3lv0835jvhgzurz.jpg,kvasir,0,31,93,434,488,547,620,92581,98650,170472,27.299,large,large,large,354.4
Kvasir-SEG,/home/samsul/Documents/Polyp Detection/kvasir-seg/images/cju8azmhcr66e0755t61atz72.jpg,kvasir,0,237,133,461,439,531,548,51732,70560,94215,17.778,large,large,large,299.7
Kvasir-SEG,/home/samsul/Documents/Polyp Detection/kvasir-seg/images/cju8bk8oirjhw0817hgkua2w8.jpg,kvasir,0,63,45,379,478,509,575,86202,106793,170441,29.453,large,large,large,368.7
Kvasir-SEG,/home/samsul/Documents/Polyp Detection/kvasir-seg/images/cju2uwz9f5yf1085506cfamfx.jpg,kvasir,0,322,260,1032,881,1011,1220,323819,89113,121703,26.254,large,large,large,336.8
Kvasir-SEG,/home/samsul/Documents/Polyp Detection/kvasir-seg/images/cju772304yw5t0818vbw8kkjf.jpg,kvasir,0,344,147,493,328,546,622,19973,21146,28903,5.881,large,large,medium,164.1
Kvasir-SEG,/home/samsul/Documents/Polyp Detection/kvasir-seg/images/cju6vifjlv55z0987un6y4zdo.jpg,kvasir,0,35,0,519,528,529,622,202296,214174,271629,61.481,large,large,large,522.2
Kvasir-SEG,/home/samsul/Documents/Polyp Detection/kvasir-seg/images/cju1cvkfwqrec0993wbp1jlzm.jpg,kvasir,0,241,341,383,473,531,622,13906,14722,20136,4.21,large,large,medium,136.9
Kvasir-SEG,/home/samsul/Documents/Polyp Detection/kvasir-seg/images/cju6wll7wvo3y08502pagos8m.jpg,kvasir,0,79,60,410,370,497,568,62913,79874,131088,22.286,large,large,large,318.9
Kvasir-SEG,/home/samsul/Documents/Polyp Detection/kvasir-seg/images/cju3y54kwj3nr0801biidlb4e.jpg,kvasir,0,104,52,619,545,546,620,196280,209147,271615,57.982,large,large,large,516.0
Kvasir-SEG,/home/samsul/Documents/Polyp Detection/kvasir-seg/images/cju77vvcwzcm50850lzoykuva.jpg,kvasir,0,104,352,351,513,529,618,25566,27419,43087,7.82,large,large,large,186.8
Kvasir-SEG,/home/samsul/Documents/Polyp Detection/kvasir-seg/images/cju2qxxko229x08786gvxxhur.jpg,kvasir,0,81,13,419,423,530,484,92516,134904,203165,36.066,large,large,large,414.4
Kvasir-SEG,/home/samsul/Documents/Polyp Detection/kvasir-seg/images/cju2hx006vidl0799igm81vmh.jpg,kvasir,0,338,153,445,258,528,622,8361,8852,12120,2.546,medium,medium,medium,106.2
Kvasir-SEG,/home/samsul/Documents/Polyp Detection/kvasir-seg/images/cju43eigtm6ev0801mv0m96t1.jpg,kvasir,0,60,0,591,369,528,619,134553,143837,210422,41.169,large,large,large,427.9
Kvasir-SEG,/home/samsul/Documents/Polyp Detection/kvasir-seg/images/cju2ouil2mssu0993hvxsed6d.jpg,kvasir,0,247,244,360,359,511,605,9344,10456,14798,3.022,large,large,medium,115.4
Kvasir-SEG,/home/samsul/Documents/Polyp Detection/kvasir-seg/images/cju5wrrs0m2af0818vmnajbtw.jpg,kvasir,0,335,308,432,418,547,626,7766,8117,11370,2.268,medium,medium,medium,101.7
Kvasir-SEG,/home/samsul/Documents/Polyp Detection/kvasir-seg/images/cju7cl8zm1xcu0817ado0jpas.jpg,kvasir,0,47,57,454,433,530,570,101560,128036,193915,33.618,large,large,large,403.8
Kvasir-SEG,/home/samsul/Documents/Polyp Detection/kvasir-seg/images/cju1b3zgj3d8e0801kpolea6c.jpg,kvasir,0,108,185,461,432,528,601,44977,51004,99556,14.174,large,large,large,254.8
Kvasir-SEG,/home/samsul/Documents/Polyp Detection/kvasir-seg/images/cju45pm27n80u08174kyow1gj.jpg,kvasir,0,338,250,610,519,547,626,45318,47368,77044,13.235,large,large,large,245.6
Kvasir-SEG,/home/samsul/Documents/Polyp Detection/kvasir-seg/images/cju8axq24r4an0755yhv9d4ly.jpg,kvasir,0,381,164,509,280,530,603,11282,12709,17002,3.53,large,large,medium,127.2
Kvasir-SEG,/home/samsul/Documents/Polyp Detection/kvasir-seg/images/cju7b9vcs1luz0987ta60j1dy.jpg,kvasir,0,296,232,515,491,547,626,44794,46820,59787,13.082,large,large,large,244.2
Kvasir-SEG,/home/samsul/Documents/Polyp Detection/kvasir-seg/images/cju7adqyj1jcx08712r1ro5gx.jpg,kvasir,0,123,121,479,441,480,622,83256,88144,121326,27.886,large,large,large,335.0
Kvasir-SEG,/home/samsul/Documents/Polyp Detection/kvasir-seg/images/cju2hlm19vjjf0801o69qnber.jpg,kvasir,0,51,48,273,321,530,570,44819,56503,77031,14.836,large,large,large,268.2
Kvasir-SEG,/home/samsul/Documents/Polyp Detection/kvasir-seg/images/ck2da7fwcjfis07218r1rvm95.jpg,kvasir,0,321,206,489,337,576,720,15506,12252,17626,3.739,large,large,medium,124.9
Kvasir-SEG,/home/samsul/Documents/Polyp Detection/kvasir-seg/images/cju0sr5ghl0nd08789uzf1raf.jpg,kvasir,0,394,179,729,487,1019,1214,69345,19272,28855,5.606,large,large,medium,156.6
Kvasir-SEG,/home/samsul/Documents/Polyp Detection/kvasir-seg/images/cju0sr5ghl0nd08789uzf1raf.jpg,kvasir,1,301,572,697,974,1019,1214,95840,26636,44465,7.747,large,large,large,184.2
Kvasir-SEG,/home/samsul/Documents/Polyp Detection/kvasir-seg/images/cju83mki1jv5w0817kubxm31r.jpg,kvasir,0,234,186,624,546,547,625,90831,95243,148008,26.568,large,large,large,348.2
Kvasir-SEG,/home/samsul/Documents/Polyp Detection/kvasir-seg/images/cju1d50a94qf50855wsowacrc.jpg,kvasir,0,358,369,539,529,530,622,19978,21151,31022,6.06,large,large,medium,164.1
Kvasir-SEG,/home/samsul/Documents/Polyp Detection/kvasir-seg/images/cju2wve9v7esz0878mxsdcy04.jpg,kvasir,0,154,146,319,288,529,620,18016,19197,25294,5.493,large,large,medium,156.3
Kvasir-SEG,/home/samsul/Documents/Polyp Detection/kvasir-seg/images/cju2trbpkv0c00988hxla5dzz.jpg,kvasir,0,95,40,405,291,531,610,57567,63369,86270,17.773,large,large,large,284.0
Kvasir-SEG,/home/samsul/Documents/Polyp Detection/kvasir-seg/images/cju8doa16u5gh0818w1ywda3q.jpg,kvasir,0,1,50,621,528,529,622,236483,250368,314924,71.871,large,large,large,564.6
Kvasir-SEG,/home/samsul/Documents/Polyp Detection/kvasir-seg/images/cju5xneamme2p0801qdf7fdwv.jpg,kvasir,0,132,72,305,220,527,622,17832,18879,27448,5.44,large,large,medium,155.0
Kvasir-SEG,/home/samsul/Documents/Polyp Detection/kvasir-seg/images/cju7ahtkb1jr90801jck4kbds.jpg,kvasir,0,313,253,518,543,546,602,42977,48574,67753,13.075,large,large,large,248.7
Kvasir-SEG,/home/samsul/Documents/Polyp Detection/kvasir-seg/images/cju3v11mrgwwb0755u242ygye.jpg,kvasir,0,224,267,453,406,530,622,24429,25863,34091,7.41,large,large,medium,181.5
Kvasir-SEG,/home/samsul/Documents/Polyp Detection/kvasir-seg/images/cju893jmdompz0817xn3g1w4h.jpg,kvasir,0,156,88,414,372,547,626,55230,57728,77154,16.129,large,large,large,271.1
Kvasir-SEG,/home/samsul/Documents/Polyp Detection/kvasir-seg/images/cju5f8hxdcxxn08188obby0ea.jpg,kvasir,0,361,127,568,446,520,615,41478,44919,72081,12.97,large,large,large,239.1
Kvasir-SEG,/home/samsul/Documents/Polyp Detection/kvasir-seg/images/cju7dda8w2br20818zhsuz8s7.jpg,kvasir,0,146,123,524,522,530,564,109820,141411,195209,36.739,large,large,large,424.3
Kvasir-SEG,/home/samsul/Documents/Polyp Detection/kvasir-seg/images/cju3y9difj6th0801kd1rqm3w.jpg,kvasir,0,382,323,596,528,529,597,31456,36151,50900,9.96,large,large,large,214.5
Kvasir-SEG,/home/samsul/Documents/Polyp Detection/kvasir-seg/images/cju30lncba3ny0878jwnous8n.jpg,kvasir,0,199,84,387,251,530,570,20794,26215,40030,6.883,large,large,large,182.7
Kvasir-SEG,/home/samsul/Documents/Polyp Detection/kvasir-seg/images/cju87nkyrnb970801q84m47yt.jpg,kvasir,0,404,228,580,482,530,620,30116,32090,48094,9.165,large,large,large,202.1
Kvasir-SEG,/home/samsul/Documents/Polyp Detection/kvasir-seg/images/cju88q6h6obpd0871ckmiabbo.jpg,kvasir,0,169,0,385,120,546,626,21928,22920,27445,6.416,large,large,medium,170.8
Kvasir-SEG,/home/samsul/Documents/Polyp Detection/kvasir-seg/images/cju88q6h6obpd0871ckmiabbo.jpg,kvasir,1,376,101,454,281,546,626,9465,9893,14946,2.769,large,large,medium,112.2
Kvasir-SEG,/home/samsul/Documents/Polyp Detection/kvasir-seg/images/cju88q6h6obpd0871ckmiabbo.jpg,kvasir,2,243,317,329,383,546,626,4268,4461,6093,1.249,medium,medium,small,75.4
Kvasir-SEG,/home/samsul/Documents/Polyp Detection/kvasir-seg/images/cju5u4pywk81x0817vn9pe14z.jpg,kvasir,0,364,266,483,400,531,570,12388,15617,20423,4.093,large,large,medium,141.0
Kvasir-SEG,/home/samsul/Documents/Polyp Detection/kvasir-seg/images/cju2ricdv2iys0878sv1adh0u.jpg,kvasir,0,12,0,565,529,530,616,243210,262531,316945,74.495,large,large,large,578.2
Kvasir-SEG,/home/samsul/Documents/Polyp Detection/kvasir-seg/images/cju8dk7eztzup08182yxko5zh.jpg,kvasir,0,180,98,355,237,528,623,18027,19024,26003,5.48,large,large,medium,155.6
Kvasir-SEG,/home/samsul/Documents/Polyp Detection/kvasir-seg/images/cju2hgsptlfam0835o3b59h1o.jpg,kvasir,0,269,264,356,371,528,530,6908,10073,13858,2.469,large,medium,medium,113.2
Kvasir-SEG,/home/samsul/Documents/Polyp Detection/kvasir-seg/images/cju7d7tly27h408016fyp5nr7.jpg,kvasir,0,184,111,400,410,528,528,43543,63975,95647,15.619,large,large,large,285.4
Kvasir-SEG,/home/samsul/Documents/Polyp Detection/kvasir-seg/images/cju16fpvhzypl0799p9phnlx6.jpg,kvasir,0,255,187,497,416,546,626,36123,37757,58418,10.569,large,large,large,219.3
Kvasir-SEG,/home/samsul/Documents/Polyp Detection/kvasir-seg/images/cju1f79yhsb5w0993txub59ol.jpg,kvasir,0,444,297,513,365,528,623,3531,3726,5097,1.073,medium,medium,small,68.9
Kvasir-SEG,/home/samsul/Documents/Polyp Detection/kvasir-seg/images/cju5ekty5ckzf07550c9u3ckk.jpg,kvasir,0,253,184,465,485,546,625,51122,53605,67451,14.981,large,large,large,261.3
Kvasir-SEG,/home/samsul/Documents/Polyp Detection/kvasir-seg/images/cju8cattbsivm0818p446wgel.jpg,kvasir,0,77,67,516,527,531,621,129530,137577,215442,39.281,large,large,large,418.5
Kvasir-SEG,/home/samsul/Documents/Polyp Detection/kvasir-seg/images/cju85bf1algsq0871y9gtlq97.jpg,kvasir,0,169,163,347,358,528,475,21324,31330,51547,8.502,large,large,large,199.7
Kvasir-SEG,/home/samsul/Documents/Polyp Detection/kvasir-seg/images/cju5bmhdcafs909878qfzrqzi.jpg,kvasir,0,231,230,464,498,528,561,44811,58320,81922,15.128,large,large,large,272.5
Kvasir-SEG,/home/samsul/Documents/Polyp Detection/kvasir-seg/images/cju88evxanv9r08176zkeovec.jpg,kvasir,0,214,0,544,361,530,570,43179,54436,151059,14.293,large,large,large,263.3
Kvasir-SEG,/home/samsul/Documents/Polyp Detection/kvasir-seg/images/cju5fb86jd1jp0755b1ukbhq5.jpg,kvasir,0,1,0,318,322,424,560,69531,90816,134157,29.284,large,large,large,340.0
Kvasir-SEG,/home/samsul/Documents/Polyp Detection/kvasir-seg/images/cju7dubap2g0w0801fgl42mg9.jpg,kvasir,0,210,41,545,369,528,623,83293,87901,116659,25.321,large,large,large,334.5
Kvasir-SEG,/home/samsul/Documents/Polyp Detection/kvasir-seg/images/cju0qx73cjw570799j4n5cjze.jpg,kvasir,0,188,15,542,525,529,619,104400,111604,193922,31.883,large,large,large,377.0
Kvasir-SEG,/home/samsul/Documents/Polyp Detection/kvasir-seg/images/cju7crgxa28550755wbsgqkel.jpg,kvasir,0,157,118,428,349,504,622,45619,48298,66809,14.552,large,large,large,248.0
Kvasir-SEG,/home/samsul/Documents/Polyp Detection/kvasir-seg/images/cju1ewnoh5z030855vpex9uzt.jpg,kvasir,0,278,110,527,330,529,622,33518,35486,58494,10.187,large,large,large,212.6
Kvasir-SEG,/home/samsul/Documents/Polyp Detection/kvasir-seg/images/cju2sszfq3uye0878sucelzk2.jpg,kvasir,0,122,16,621,526,531,622,203728,215690,270502,61.683,large,large,large,524.0
Kvasir-SEG,/home/samsul/Documents/Polyp Detection/kvasir-seg/images/cju6ut4l8va6y0755tyw3vfqq.jpg,kvasir,0,339,294,449,395,529,605,8321,9312,12670,2.6,large,medium,medium,108.9
Kvasir-SEG,/home/samsul/Documents/Polyp Detection/kvasir-seg/images/cju17hw9hr9c5098800fu4u8e.jpg,kvasir,0,218,176,339,260,528,623,7918,8356,10944,2.407,medium,medium,medium,103.1
Kvasir-SEG,/home/samsul/Documents/Polyp Detection/kvasir-seg/images/cju2xf8e5y2wm08359vcgk09b.jpg,kvasir,0,249,126,570,525,530,571,106450,133731,161809,35.175,large,large,large,412.6
Kvasir-SEG,/home/samsul/Documents/Polyp Detection/kvasir-seg/images/cju5yclrymlgj0818k426ud6z.jpg,kvasir,0,360,95,515,340,529,622,27610,29231,40629,8.391,large,large,large,192.9
Kvasir-SEG,/home/samsul/Documents/Polyp Detection/kvasir-seg/images/cju2okvco06xc0799kxe5n1qh.jpg,kvasir,0,131,85,553,419,530,577,101431,124790,174339,33.168,large,large,large,398.6
Kvasir-SEG,/home/samsul/Documents/Polyp Detection/kvasir-seg/images/cju2wx0gh7fpz0878wwyd9ep8.jpg,kvasir,0,302,237,481,391,529,616,19242,20771,30116,5.905,large,large,medium,162.6
Kvasir-SEG,/home/samsul/Documents/Polyp Detection/kvasir-seg/images/cju84kplnl1y30755ropua1b0.jpg,kvasir,0,87,0,495,527,528,622,160649,170082,228632,48.916,large,large,large,465.4
Kvasir-SEG,/home/samsul/Documents/Polyp Detection/kvasir-seg/images/cju6vrs1ov8cr098788h8gs6j.jpg,kvasir,0,260,203,430,357,529,621,16722,17761,28152,5.09,large,large,medium,150.4
Kvasir-SEG,/home/samsul/Documents/Polyp Detection/kvasir-seg/images/cju7agj961l2r0818z29iq8yn.jpg,kvasir,0,301,188,454,367,530,622,21416,22673,29348,6.496,large,large,medium,169.9
Kvasir-SEG,/home/samsul/Documents/Polyp Detection/kvasir-seg/images/cju83yddek68q0850d2x7zfkm.jpg,kvasir,0,113,194,382,510,529,622,58445,61877,90615,17.762,large,large,large,280.7
Kvasir-SEG,/home/samsul/Documents/Polyp Detection/kvasir-seg/images/cju2p4ddkmzxj0993p94o62av.jpg,kvasir,0,248,273,427,465,529,592,26526,31002,40602,8.47,large,large,large,198.7
Kvasir-SEG,/home/samsul/Documents/Polyp Detection/kvasir-seg/images/cju2qh5le1ock0878oahaql7d.jpg,kvasir,0,307,206,542,502,530,622,46724,49467,74207,14.173,large,large,large,251.0
Kvasir-SEG,/home/samsul/Documents/Polyp Detection/kvasir-seg/images/cju2qozsk20cq0855ugrg3cri.jpg,kvasir,0,371,185,579,450,546,626,35953,37579,58108,10.519,large,large,large,218.7
Kvasir-SEG,/home/samsul/Documents/Polyp Detection/kvasir-seg/images/cju2y40d8ulqo0993q0adtgtb.jpg,kvasir,0,161,173,411,403,529,617,43504,46808,62384,13.329,large,large,large,244.1
Kvasir-SEG,/home/samsul/Documents/Polyp Detection/kvasir-seg/images/cju8bbznkrf5g0871jncffynk.jpg,kvasir,0,109,150,415,528,531,619,74832,79996,124382,22.767,large,large,large,319.1
Kvasir-SEG,/home/samsul/Documents/Polyp Detection/kvasir-seg/images/cju1ftaji6isw0855108yqcse.jpg,kvasir,0,288,127,528,349,502,562,41323,53589,69696,14.647,large,large,large,261.2
Kvasir-SEG,/home/samsul/Documents/Polyp Detection/kvasir-seg/images/cju7ea4om2l910801bohqjccy.jpg,kvasir,0,414,130,557,337,546,626,19249,20120,31307,5.632,large,large,medium,160.1
Kvasir-SEG,/home/samsul/Documents/Polyp Detection/kvasir-seg/images/cju45rj7ln8980850a7821fov.jpg,kvasir,0,57,110,151,222,546,585,8200,9814,12848,2.567,large,medium,medium,111.8
Kvasir-SEG,/home/samsul/Documents/Polyp Detection/kvasir-seg/images/cju45rj7ln8980850a7821fov.jpg,kvasir,1,354,283,521,501,546,585,26010,31131,44035,8.143,large,large,large,199.1
Kvasir-SEG,/home/samsul/Documents/Polyp Detection/kvasir-seg/images/cju2hdr06v2bq0799mbm3bks1.jpg,kvasir,0,342,9,620,414,530,621,77583,82403,120311,23.572,large,large,large,323.9
Kvasir-SEG,/home/samsul/Documents/Polyp Detection/kvasir-seg/images/cju5tgbzhjllu08174ca41eus.jpg,kvasir,0,145,98,458,267,531,622,31254,33089,56514,9.463,large,large,large,205.3
Kvasir-SEG,/home/samsul/Documents/Polyp Detection/kvasir-seg/images/cju2otvvv0l7z0855x7we8cb0.jpg,kvasir,0,99,349,304,520,531,571,22156,27834,44513,7.307,large,large,large,188.3
Kvasir-SEG,/home/samsul/Documents/Polyp Detection/kvasir-seg/images/cju83kxitjv340987z09m0ezy.jpg,kvasir,0,308,200,470,326,546,626,13761,14383,21637,4.026,large,large,medium,135.3
Kvasir-SEG,/home/samsul/Documents/Polyp Detection/kvasir-seg/images/cju8cj10qsrau0871o2dr6ai1.jpg,kvasir,0,172,48,351,226,530,622,23375,24747,34112,7.091,large,large,medium,177.5
Kvasir-SEG,/home/samsul/Documents/Polyp Detection/kvasir-seg/images/cju42qet0lsq90871e50xbnuv.jpg,kvasir,0,228,84,387,281,531,598,23875,27346,36286,7.519,large,large,medium,186.6
Kvasir-SEG,/home/samsul/Documents/Polyp Detection/kvasir-seg/images/cju2raxlosl630988jdbfy9b0.jpg,kvasir,0,104,229,556,527,528,557,96654,127605,178821,32.865,large,large,large,403.1
Kvasir-SEG,/home/samsul/Documents/Polyp Detection/kvasir-seg/images/cju2xa3i4y0160988i679zsqd.jpg,kvasir,0,307,141,466,442,528,619,34454,36831,51654,10.542,large,large,large,216.6
Kvasir-SEG,/home/samsul/Documents/Polyp Detection/kvasir-seg/images/cju45t5ddnbio0987qtqzx762.jpg,kvasir,0,190,214,488,404,530,618,39772,42654,61247,12.143,large,large,large,233.0
Kvasir-SEG,/home/samsul/Documents/Polyp Detection/kvasir-seg/images/cju2y5zas8m7f0801d34g5owq.jpg,kvasir,0,407,0,562,156,479,586,10109,12058,29214,3.601,large,large,medium,123.9
Kvasir-SEG,/home/samsul/Documents/Polyp Detection/kvasir-seg/images/cju2y5zas8m7f0801d34g5owq.jpg,kvasir,1,7,147,273,478,479,586,66117,78864,105734,23.555,large,large,large,316.9
Kvasir-SEG,/home/samsul/Documents/Polyp Detection/kvasir-seg/images/cju8a2itsq4dv0755ntlovpxe.jpg,kvasir,0,191,261,309,407,531,582,11849,14328,21153,3.834,large,large,medium,135.1
Kvasir-SEG,/home/samsul/Documents/Polyp Detection/kvasir-seg/images/cju3xzvnzj0hd0755xprz39nj.jpg,kvasir,0,268,2,624,412,513,625,113814,119343,153854,35.498,large,large,large,389.8
Kvasir-SEG,/home/samsul/Documents/Polyp Detection/kvasir-seg/images/cju2z2x3nvd3c099350zgty7w.jpg,kvasir,0,216,108,343,306,530,553,19217,25739,34117,6.557,large,large,medium,181.0
Kvasir-SEG,/home/samsul/Documents/Polyp Detection/kvasir-seg/images/cju8cgi2kspp308011nxdtjp6.jpg,kvasir,0,374,243,486,356,530,619,9655,10321,13771,2.943,large,large,medium,114.6
Kvasir-SEG,/home/samsul/Documents/Polyp Detection/kvasir-seg/images/cju40poe4kt9s0755f9cnm3h5.jpg,kvasir,0,419,312,1159,986,1070,1348,400954,90380,112746,27.798,large,large,large,339.2
Kvasir-SEG,/home/samsul/Documents/Polyp Detection/kvasir-seg/images/cju14pxbaoksp0835qzorx6g6.jpg,kvasir,0,144,9,348,162,530,622,23659,25048,33424,7.177,large,large,medium,178.6
Kvasir-SEG,/home/samsul/Documents/Polyp Detection/kvasir-seg/images/cju5bbtwsa8cl0987wgfsqpao.jpg,kvasir,0,308,123,502,342,531,595,31835,36832,49634,10.076,large,large,large,216.6
Kvasir-SEG,/home/samsul/Documents/Polyp Detection/kvasir-seg/images/cju8b3ka8r64u0801fh18hk7l.jpg,kvasir,0,60,264,169,408,546,626,12029,12573,16671,3.519,large,large,medium,126.5
Kvasir-SEG,/home/samsul/Documents/Polyp Detection/kvasir-seg/images/cju2iatlki5u309930zmgkv6h.jpg,kvasir,0,298,106,612,521,522,621,77865,82703,139181,24.02,large,large,large,324.5
Kvasir-SEG,/home/samsul/Documents/Polyp Detection/kvasir-seg/images/cju3xtufwiv9c0818djsc4cqd.jpg,kvasir,0,259,242,411,409,530,615,17983,19475,27836,5.517,large,large,medium,157.5
Kvasir-SEG,/home/samsul/Documents/Polyp Detection/kvasir-seg/images/cju1fm3id6gl50801r3fok20c.jpg,kvasir,0,279,205,389,304,531,622,8750,9264,11752,2.649,large,medium,medium,108.6
Kvasir-SEG,/home/samsul/Documents/Polyp Detection/kvasir-seg/images/cju40jl7skiuo0817p0smlgg8.jpg,kvasir,0,132,125,564,499,506,601,96306,109210,184132,31.669,large,large,large,372.9
Kvasir-SEG,/home/samsul/Documents/Polyp Detection/kvasir-seg/images/cju88z8bson4h0871nnd7fdxo.jpg,kvasir,0,204,144,432,347,546,626,31109,32516,48829,9.102,large,large,large,203.5
Kvasir-SEG,/home/samsul/Documents/Polyp Detection/kvasir-seg/images/cju2omjpeqj5a0988pjdlb8l1.jpg,kvasir,0,21,136,345,512,530,566,78592,100486,156658,26.199,large,large,large,357.7
Kvasir-SEG,/home/samsul/Documents/Polyp Detection/kvasir-seg/images/cju3x5u2tiihx0818914gzxy1.jpg,kvasir,0,202,212,498,529,530,622,79174,83823,99991,24.017,large,large,large,326.7
Kvasir-SEG,/home/samsul/Documents/Polyp Detection/kvasir-seg/images/cju32jcdabepz0878d0cznmfe.jpg,kvasir,0,320,116,548,389,530,622,46560,49294,66430,14.124,large,large,large,250.5
Kvasir-SEG,/home/samsul/Documents/Polyp Detection/kvasir-seg/images/cju358pwtdby20878cg7nm0np.jpg,kvasir,0,115,163,233,326,528,581,13707,16632,23681,4.468,large,large,medium,145.5
Kvasir-SEG,/home/samsul/Documents/Polyp Detection/kvasir-seg/images/cju846ec0kj7z08012o10klrb.jpg,kvasir,0,320,2,491,255,530,616,32180,34736,47159,9.857,large,large,large,210.3
Kvasir-SEG,/home/samsul/Documents/Polyp Detection/kvasir-seg/images/cju2s2527pfyr0993l3h1149a.jpg,kvasir,0,361,405,466,509,529,622,9210,9751,11784,2.799,large,medium,medium,111.4
Kvasir-SEG,/home/samsul/Documents/Polyp Detection/kvasir-seg/images/cju17z0qongpa0993de4boim4.jpg,kvasir,0,331,271,479,430,529,622,16716,17697,25240,5.08,large,large,medium,150.1
Kvasir-SEG,/home/samsul/Documents/Polyp Detection/kvasir-seg/images/cju35k2fr3vc50988c85qkrwg.jpg,kvasir,0,356,193,476,288,530,570,7449,9391,14644,2.466,large,medium,medium,109.3
Kvasir-SEG,/home/samsul/Documents/Polyp Detection/kvasir-seg/images/cju35k2fr3vc50988c85qkrwg.jpg,kvasir,1,173,316,285,459,530,570,12255,15450,20514,4.057,large,large,medium,140.3
Kvasir-SEG,/home/samsul/Documents/Polyp Detection/kvasir-seg/images/cju5uget8krjy0818kvywd0zu.jpg,kvasir,0,285,212,454,313,529,608,12005,13302,19213,3.733,large,large,medium,130.1
Kvasir-SEG,/home/samsul/Documents/Polyp Detection/kvasir-seg/images/cju2u2b9o4zvp08788qb9nqxj.jpg,kvasir,0,205,54,490,383,527,564,71734,92369,121530,24.134,large,large,large,342.9
Kvasir-SEG,/home/samsul/Documents/Polyp Detection/kvasir-seg/images/cju1hhj6mxfp90835n3wofrap.jpg,kvasir,0,230,118,327,299,530,622,11758,12448,18883,3.567,large,large,medium,125.9
Kvasir-SEG,/home/samsul/Documents/Polyp Detection/kvasir-seg/images/cju892fesoq2g0801n0e0jyia.jpg,kvasir,0,145,144,528,401,546,589,69107,81593,116972,21.489,large,large,large,322.3
Kvasir-SEG,/home/samsul/Documents/Polyp Detection/kvasir-seg/images/cju8apjewqrk00801k5d71gky.jpg,kvasir,0,265,226,448,513,530,451,34943,50953,77271,14.619,large,large,large,254.7
Kvasir-SEG,/home/samsul/Documents/Polyp Detection/kvasir-seg/images/cju5jx7jzf7c90871c2i9aiov.jpg,kvasir,0,174,29,399,357,528,622,56788,60122,78720,17.291,large,large,large,276.7
Kvasir-SEG,/home/samsul/Documents/Polyp Detection/kvasir-seg/images/cju88cddensj00987788yotmg.jpg,kvasir,0,305,206,444,384,531,622,18666,19762,26531,5.652,large,large,medium,158.6
Kvasir-SEG,/home/samsul/Documents/Polyp Detection/kvasir-seg/images/cju8bj2ssrmlm0871gc2ug2rs.jpg,kvasir,0,275,185,310,221,449,469,998,1858,2480,0.474,medium,small,small,48.6
Kvasir-SEG,/home/samsul/Documents/Polyp Detection/kvasir-seg/images/cju1dhfok4mhe0878jlgrag0h.jpg,kvasir,0,202,169,346,363,546,626,20856,21799,29554,6.102,large,large,medium,166.6
Kvasir-SEG,/home/samsul/Documents/Polyp Detection/kvasir-seg/images/cjyzlw7f9faqr070129au64sq.jpg,kvasir,0,213,99,428,342,576,720,39013,30825,41643,9.407,large,large,large,198.1
Kvasir-SEG,/home/samsul/Documents/Polyp Detection/kvasir-seg/images/cju3xhpvvimda0987ygrpzni2.jpg,kvasir,0,313,94,504,316,530,622,29066,30773,45330,8.817,large,large,large,197.9
Kvasir-SEG,/home/samsul/Documents/Polyp Detection/kvasir-seg/images/cju88rl5eo94l0850kf5wtrm1.jpg,kvasir,0,134,72,479,444,530,590,93487,110004,151859,29.897,large,large,large,374.2
Kvasir-SEG,/home/samsul/Documents/Polyp Detection/kvasir-seg/images/cjyzk8qieoboa0848ogj51wwm.jpg,kvasir,0,52,22,619,530,576,720,196427,155202,228434,47.364,large,large,large,444.5
Kvasir-SEG,/home/samsul/Documents/Polyp Detection/kvasir-seg/images/cju2rxm8rpbaf0993o3qr2oph.jpg,kvasir,0,331,216,414,423,531,571,13468,16920,21950,4.442,large,large,medium,146.8
Kvasir-SEG,/home/samsul/Documents/Polyp Detection/kvasir-seg/images/cju414lf2l1lt0801rl3hjllj.jpg,kvasir,0,130,108,271,208,528,610,9549,10511,15787,2.965,large,large,medium,115.7
Kvasir-SEG,/home/samsul/Documents/Polyp Detection/kvasir-seg/images/cju414lf2l1lt0801rl3hjllj.jpg,kvasir,1,12,252,121,383,528,610,8931,9831,15983,2.773,large,medium,medium,111.9
Kvasir-SEG,/home/samsul/Documents/Polyp Detection/kvasir-seg/images/cju414lf2l1lt0801rl3hjllj.jpg,kvasir,2,183,323,334,527,528,610,18681,20564,34300,5.8,large,large,medium,161.8
Kvasir-SEG,/home/samsul/Documents/Polyp Detection/kvasir-seg/images/cju414lf2l1lt0801rl3hjllj.jpg,kvasir,3,67,340,177,485,528,610,9793,10780,17839,3.041,large,large,medium,117.2
Kvasir-SEG,/home/samsul/Documents/Polyp Detection/kvasir-seg/images/cju2t9tdwuk700835kv0ljmtl.jpg,kvasir,0,0,77,274,363,473,605,46632,52184,88321,16.295,large,large,large,257.8
Kvasir-SEG,/home/samsul/Documents/Polyp Detection/kvasir-seg/images/cju3u815rg4ek0850vvhtcvcm.jpg,kvasir,0,15,82,589,417,546,595,145661,168527,223529,44.837,large,large,large,463.2
Kvasir-SEG,/home/samsul/Documents/Polyp Detection/kvasir-seg/images/cju6z7e4bwgdd0987ogkzq9kt.jpg,kvasir,0,308,213,586,503,528,623,48469,51150,85680,14.735,large,large,large,255.2
Kvasir-SEG,/home/samsul/Documents/Polyp Detection/kvasir-seg/images/cju7evxt12m730987rxivne3x.jpg,kvasir,0,134,61,420,527,528,510,102089,149993,196920,37.912,large,large,large,437.0
Kvasir-SEG,/home/samsul/Documents/Polyp Detection/kvasir-seg/images/cju5fw37edaae0801vkwvocn7.jpg,kvasir,0,176,141,370,342,530,559,27421,35943,51632,9.255,large,large,large,213.9
Kvasir-SEG,/home/samsul/Documents/Polyp Detection/kvasir-seg/images/cju33w4sdcivk0855x879zht7.jpg,kvasir,0,239,129,401,377,547,617,25538,27477,43669,7.567,large,large,large,187.0
Kvasir-SEG,/home/samsul/Documents/Polyp Detection/kvasir-seg/images/cju8amfdtqi4x09871tygrgqe.jpg,kvasir,0,210,149,431,426,530,622,44037,46623,65340,13.358,large,large,large,243.6
Kvasir-SEG,/home/samsul/Documents/Polyp Detection/kvasir-seg/images/cju2x7vw87mu30878hye2ca0m.jpg,kvasir,0,296,487,1207,1012,1070,1348,291968,65814,108134,20.242,large,large,large,289.5
Kvasir-SEG,/home/samsul/Documents/Polyp Detection/kvasir-seg/images/cju83wwn1k55e0850kw6i2d81.jpg,kvasir,0,371,247,548,437,527,622,23028,24380,35994,7.025,large,large,medium,176.2
Kvasir-SEG,/home/samsul/Documents/Polyp Detection/kvasir-seg/images/cju7aklv31h4309871m29l4e7.jpg,kvasir,0,191,190,376,441,529,615,33188,35941,50760,10.201,large,large,large,213.9
Kvasir-SEG,/home/samsul/Documents/Polyp Detection/kvasir-seg/images/cju7bb3ss1uoo0755pmhyco7t.jpg,kvasir,0,80,129,340,353,529,502,44974,65828,85955,16.936,large,large,large,289.5
Kvasir-SEG,/home/samsul/Documents/Polyp Detection/kvasir-seg/images/cju41s6nbleqy0755e2mslg0b.jpg,kvasir,0,242,115,432,296,530,561,27081,35245,45242,9.108,large,large,large,211.8
Kvasir-SEG,/home/samsul/Documents/Polyp Detection/kvasir-seg/images/cju43jcqim2cp08172dvjvyui.jpg,kvasir,0,380,260,488,386,547,626,10304,10770,14469,3.009,large,large,medium,117.1
Kvasir-SEG,/home/samsul/Documents/Polyp Detection/kvasir-seg/images/cju5wrapcm2290818jsh26ppb.jpg,kvasir,0,265,136,467,346,528,622,32114,34000,45348,9.778,large,large,large,208.1
Kvasir-SEG,/home/samsul/Documents/Polyp Detection/kvasir-seg/images/cju34eqjpcpm508788b3lhp97.jpg,kvasir,0,324,200,490,428,531,557,29591,39067,50490,10.005,large,large,large,223.0
Kvasir-SEG,/home/samsul/Documents/Polyp Detection/kvasir-seg/images/cju2zjcvj9qma0801dk71hhi0.jpg,kvasir,0,210,30,500,485,528,622,92600,98037,140487,28.196,large,large,large,353.3
Kvasir-SEG,/home/samsul/Documents/Polyp Detection/kvasir-seg/images/cju2zjcvj9qma0801dk71hhi0.jpg,kvasir,1,56,54,200,314,528,622,28512,30186,40067,8.682,large,large,large,196.0
Kvasir-SEG,/home/samsul/Documents/Polyp Detection/kvasir-seg/images/ck2bxw18mmz1k0725litqq2mc.jpg,kvasir,0,17,92,423,427,528,600,96844,110187,155593,30.569,large,large,large,374.6
Kvasir-SEG,/home/samsul/Documents/Polyp Detection/kvasir-seg/images/cjyztzaqtrv430848l8xgcerw.jpg,kvasir,0,249,180,646,503,576,720,81325,64257,101888,19.61,large,large,large,286.0
Kvasir-SEG,/home/samsul/Documents/Polyp Detection/kvasir-seg/images/cju2qs32r1vys07999conmbvx.jpg,kvasir,0,380,146,456,247,528,622,5374,5690,8315,1.636,medium,medium,small,85.1
Kvasir-SEG,/home/samsul/Documents/Polyp Detection/kvasir-seg/images/cju17r8il13910799dr2wme2e.jpg,kvasir,0,376,204,446,279,531,622,3982,4216,5713,1.206,medium,medium,small,73.3
Kvasir-SEG,/home/samsul/Documents/Polyp Detection/kvasir-seg/images/cju31rb7vb6110801p9rhacuw.jpg,kvasir,0,330,121,474,289,530,622,17234,18246,25944,5.228,large,large,medium,152.4
Kvasir-SEG,/home/samsul/Documents/Polyp Detection/kvasir-seg/images/cju17otoe119u0799nqcbl8n1.jpg,kvasir,0,13,58,515,510,511,519,163602,248779,346491,61.688,large,large,large,562.8
Kvasir-SEG,/home/samsul/Documents/Polyp Detection/kvasir-seg/images/cju5wj0faly5008187n6530af.jpg,kvasir,0,174,180,343,397,530,570,26456,33353,46721,8.757,large,large,large,206.1
Kvasir-SEG,/home/samsul/Documents/Polyp Detection/kvasir-seg/images/cju2tvrvm53ws0801a0jfjdxg.jpg,kvasir,0,1,63,380,212,531,568,39947,50716,72367,13.245,large,large,large,254.1
Kvasir-SEG,/home/samsul/Documents/Polyp Detection/kvasir-seg/images/cju8bh8surexp0987o5pzklk1.jpg,kvasir,0,170,123,464,420,506,577,66553,81880,108155,22.795,large,large,large,322.9
Kvasir-SEG,/home/samsul/Documents/Polyp Detection/kvasir-seg/images/cju7ddtz729960801uazp1knc.jpg,kvasir,0,204,258,468,527,528,622,56640,59966,75751,17.246,large,large,large,276.3
Kvasir-SEG,/home/samsul/Documents/Polyp Detection/kvasir-seg/images/cju5bf6hxa6m50817rbwettgu.jpg,kvasir,0,327,105,519,319,531,622,28706,30391,43931,8.691,large,large,large,196.7
Kvasir-SEG,/home/samsul/Documents/Polyp Detection/kvasir-seg/images/cju8chxndsre008015uisl4si.jpg,kvasir,0,290,84,413,193,444,605,9691,10845,15264,3.608,large,large,medium,117.5
Kvasir-SEG,/home/samsul/Documents/Polyp Detection/kvasir-seg/images/cju887ftknop008177nnjt46y.jpg,kvasir,0,288,117,381,285,528,619,11853,12671,16982,3.627,large,large,medium,127.0
Kvasir-SEG,/home/samsul/Documents/Polyp Detection/kvasir-seg/images/cju5bhv81abur0850ean02atv.jpg,kvasir,0,249,43,519,351,531,611,53296,58475,91877,16.427,large,large,large,272.9
Kvasir-SEG,/home/samsul/Documents/Polyp Detection/kvasir-seg/images/cju30ia8da2bq0799klnehml2.jpg,kvasir,0,119,0,570,530,531,571,134505,168976,301523,44.362,large,large,large,463.8
Kvasir-SEG,/home/samsul/Documents/Polyp Detection/kvasir-seg/images/cju3518w2d838079939fqztbc.jpg,kvasir,0,188,245,515,528,529,623,56125,59230,98305,17.03,large,large,large,274.6
Kvasir-SEG,/home/samsul/Documents/Polyp Detection/kvasir-seg/images/cju7ap09p1kz10850ldccjebj.jpg,kvasir,0,353,213,481,403,546,626,16853,17615,25753,4.931,large,large,medium,149.8
Kvasir-SEG,/home/samsul/Documents/Polyp Detection/kvasir-seg/images/cju7d8m3b2e210755l8fj1yph.jpg,kvasir,0,184,19,612,304,528,619,88425,94527,131160,27.055,large,large,large,346.9
Kvasir-SEG,/home/samsul/Documents/Polyp Detection/kvasir-seg/images/cju7f0ec32txj08184asb8w5f.jpg,kvasir,0,266,191,411,344,445,604,17967,20173,25244,6.685,large,large,medium,160.3
Kvasir-SEG,/home/samsul/Documents/Polyp Detection/kvasir-seg/images/cju8b2rmgr52s0801p54eyflx.jpg,kvasir,0,173,115,475,363,530,587,51790,61564,89686,16.647,large,large,large,280.0
Kvasir-SEG,/home/samsul/Documents/Polyp Detection/kvasir-seg/images/cju1cdxvz48hw0801i0fjwcnk.jpg,kvasir,0,304,227,461,392,505,577,18732,23046,32268,6.429,large,large,medium,171.3
Kvasir-SEG,/home/samsul/Documents/Polyp Detection/kvasir-seg/images/cju8auylgqx0z0871u4o4db7o.jpg,kvasir,0,333,4,449,106,531,622,9342,9891,12759,2.828,large,large,medium,112.2
Kvasir-SEG,/home/samsul/Documents/Polyp Detection/kvasir-seg/images/cju35a77vdj4n08556jj2lgmc.jpg,kvasir,0,104,165,418,528,530,570,81947,103310,144551,27.126,large,large,large,362.7
Kvasir-SEG,/home/samsul/Documents/Polyp Detection/kvasir-seg/images/cju2tzypl4wss0799ow05oxb9.jpg,kvasir,0,262,190,606,530,531,622,90027,95313,124553,27.258,large,large,large,348.4
Kvasir-SEG,/home/samsul/Documents/Polyp Detection/kvasir-seg/images/cju15wdt3zla10801odjiw7sy.jpg,kvasir,0,304,240,563,528,529,622,53818,56978,79552,16.356,large,large,large,269.3
Kvasir-SEG,/home/samsul/Documents/Polyp Detection/kvasir-seg/images/cju2hqt33lmra0988fr5ijv8j.jpg,kvasir,0,250,227,463,521,528,602,47583,53780,71351,14.97,large,large,large,261.7
Kvasir-SEG,/home/samsul/Documents/Polyp Detection/kvasir-seg/images/cju3v0fl3gwce0755qkjhzmd4.jpg,kvasir,0,251,142,575,448,530,621,71788,76248,105974,21.811,large,large,large,311.6
Kvasir-SEG,/home/samsul/Documents/Polyp Detection/kvasir-seg/images/cju2uzabhs6er0993x3aaf87p.jpg,kvasir,0,281,138,531,394,528,612,32699,35760,70545,10.119,large,large,large,213.4
Kvasir-SEG,/home/samsul/Documents/Polyp Detection/kvasir-seg/images/cju7d6ux323ze0987xos3srkx.jpg,kvasir,0,121,1,535,437,527,621,122326,129926,192622,37.378,large,large,large,406.7
Kvasir-SEG,/home/samsul/Documents/Polyp Detection/kvasir-seg/images/cju42wamblrqn098798r2yyok.jpg,kvasir,0,222,241,571,546,547,621,77413,82222,113754,22.79,large,large,large,323.6
Kvasir-SEG,/home/samsul/Documents/Polyp Detection/kvasir-seg/images/cju0tl3uz8blh0993wxvn7ly3.jpg,kvasir,0,315,387,369,434,529,622,1735,1837,2795,0.527,medium,medium,small,48.4
Kvasir-SEG,/home/samsul/Documents/Polyp Detection/kvasir-seg/images/cju3ya7goj6at0818v2l5ay7f.jpg,kvasir,0,275,142,356,251,547,626,7145,7468,9428,2.087,medium,medium,small,97.5
Kvasir-SEG,/home/samsul/Documents/Polyp Detection/kvasir-seg/images/cju3ya7goj6at0818v2l5ay7f.jpg,kvasir,1,212,254,288,327,547,626,4419,4619,5956,1.291,medium,medium,small,76.7
Kvasir-SEG,/home/samsul/Documents/Polyp Detection/kvasir-seg/images/cju5v8pgplg6k0755rvi2t63h.jpg,kvasir,0,257,232,402,381,530,570,13141,16567,27609,4.35,large,large,medium,145.2
Kvasir-SEG,/home/samsul/Documents/Polyp Detection/kvasir-seg/images/cju1gghyjwxt80835vx0wgxw0.jpg,kvasir,0,160,128,492,415,529,621,68882,73161,101862,20.968,large,large,large,305.2
Kvasir-SEG,/home/samsul/Documents/Polyp Detection/kvasir-seg/images/cju5eq8c8ck690850vix98hv3.jpg,kvasir,0,205,14,574,364,530,622,101913,107897,137495,30.915,large,large,large,370.6
Kvasir-SEG,/home/samsul/Documents/Polyp Detection/kvasir-seg/images/cju5xjn5mm78b09871spyqhhr.jpg,kvasir,0,302,18,563,316,528,622,54113,57290,82938,16.477,large,large,large,270.1
Kvasir-SEG,/home/samsul/Documents/Polyp Detection/kvasir-seg/images/cju7es23b2vcp0755gpbm9s7v.jpg,kvasir,0,190,114,536,528,529,584,115454,138657,172947,37.371,large,large,large,420.2
Kvasir-SEG,/home/samsul/Documents/Polyp Detection/kvasir-seg/images/cju33jon3ygbj0993pu22a4k6.jpg,kvasir,0,235,396,414,522,547,626,14127,14766,23894,4.126,large,large,medium,137.1
Kvasir-SEG,/home/samsul/Documents/Polyp Detection/kvasir-seg/images/cju88k75inzyb0850ccv5x3vk.jpg,kvasir,0,145,0,501,275,531,549,70761,96163,133904,24.273,large,large,large,349.9
Kvasir-SEG,/home/samsul/Documents/Polyp Detection/kvasir-seg/images/cju8abobpqbir08189u01huru.jpg,kvasir,0,202,377,468,546,547,626,36874,38542,47443,10.769,large,large,large,221.5
Kvasir-SEG,/home/samsul/Documents/Polyp Detection/kvasir-seg/images/cju1hs0za7jha0855vj0mdrjt.jpg,kvasir,0,186,184,430,464,531,571,52980,66558,86489,17.474,large,large,large,291.1
Kvasir-SEG,/home/samsul/Documents/Polyp Detection/kvasir-seg/images/cju6wi3akvn8r0801px8eligc.jpg,kvasir,0,0,10,402,529,530,494,160688,234310,305574,61.373,large,large,large,546.2
Kvasir-SEG,/home/samsul/Documents/Polyp Detection/kvasir-seg/images/cju8bafgqrf4x0818twisk3ea.jpg,kvasir,0,113,142,392,406,530,531,49269,71572,107789,17.507,large,large,large,301.9
Kvasir-SEG,/home/samsul/Documents/Polyp Detection/kvasir-seg/images/cju35eg0tdmjt085525sb4bua.jpg,kvasir,0,322,204,501,396,528,599,24348,27795,39658,7.698,large,large,medium,188.1
Kvasir-SEG,/home/samsul/Documents/Polyp Detection/kvasir-seg/images/cju1csmlc4ht10799b8ymmghg.jpg,kvasir,0,216,89,464,338,546,612,43713,47804,68076,13.082,large,large,large,246.7
Kvasir-SEG,/home/samsul/Documents/Polyp Detection/kvasir-seg/images/cju77q10sz9ug0801449wu1nu.jpg,kvasir,0,295,1,529,261,528,608,32684,36215,67961,10.181,large,large,large,214.7
Kvasir-SEG,/home/samsul/Documents/Polyp Detection/kvasir-seg/images/cju2rlqdnoz9k0993cpjae3x0.jpg,kvasir,0,238,162,508,463,531,592,54918,64185,95652,17.47,large,large,large,285.9
Kvasir-SEG,/home/samsul/Documents/Polyp Detection/kvasir-seg/images/cju2pjb9v0ywn0878j5g5n69j.jpg,kvasir,0,249,128,422,358,529,622,29482,31213,42554,8.96,large,large,large,199.4
Kvasir-SEG,/home/samsul/Documents/Polyp Detection/kvasir-seg/images/cju6v6g6kvdw007552x6mb0po.jpg,kvasir,0,187,307,459,529,530,570,43929,55381,76750,14.541,large,large,large,265.5
Kvasir-SEG,/home/samsul/Documents/Polyp Detection/kvasir-seg/images/cju77t0razbvm080106o56289.jpg,kvasir,0,13,0,440,527,528,570,168499,212426,284897,55.987,large,large,large,520.1
Kvasir-SEG,/home/samsul/Documents/Polyp Detection/kvasir-seg/images/cjyzu9th0qt4r0a46pyl4zik0.jpg,kvasir,0,53,117,257,340,576,720,27368,21624,36282,6.599,large,large,medium,165.9
Kvasir-SEG,/home/samsul/Documents/Polyp Detection/kvasir-seg/images/cju7d4jk723eu0817bqz2n39m.jpg,kvasir,0,279,183,489,460,530,615,40978,44377,63524,12.572,large,large,large,237.7
Kvasir-SEG,/home/samsul/Documents/Polyp Detection/kvasir-seg/images/cju2uy8ox62jo0801g88hh42z.jpg,kvasir,0,412,111,597,295,528,622,21016,22250,36430,6.399,large,large,medium,168.3
Kvasir-SEG,/home/samsul/Documents/Polyp Detection/kvasir-seg/images/cju8bpctzrqkr0850zeldv9kt.jpg,kvasir,0,222,83,433,255,546,626,26529,27729,38335,7.762,large,large,medium,187.9
Kvasir-SEG,/home/samsul/Documents/Polyp Detection/kvasir-seg/images/cju8dqkrqu83i0818ev74qpxq.jpg,kvasir,0,0,2,1345,996,1070,1348,859947,193844,301890,59.621,large,large,large,496.8
Kvasir-SEG,/home/samsul/Documents/Polyp Detection/kvasir-seg/images/cju306x7w05nb0835cunv799x.jpg,kvasir,0,114,28,385,285,546,626,54346,56804,73350,15.9,large,large,large,268.9
Kvasir-SEG,/home/samsul/Documents/Polyp Detection/kvasir-seg/images/cju30ov1oah920801mi8thuyg.jpg,kvasir,0,424,83,509,220,530,571,9466,11892,14910,3.128,large,large,medium,123.1
Kvasir-SEG,/home/samsul/Documents/Polyp Detection/kvasir-seg/images/cju8bi8q7rlmn0871abc5ch8k.jpg,kvasir,0,322,85,497,241,531,622,21259,22507,29254,6.437,large,large,medium,169.3
Kvasir-SEG,/home/samsul/Documents/Polyp Detection/kvasir-seg/images/cju8b1v3br45u087189kku66u.jpg,kvasir,0,251,188,542,545,546,626,83747,87535,109264,24.502,large,large,large,333.8
Kvasir-SEG,/home/samsul/Documents/Polyp Detection/kvasir-seg/images/cju7bf1lp1shi081835vs84lc.jpg,kvasir,0,25,109,423,529,530,570,109679,138272,211770,36.306,large,large,large,419.6
Kvasir-SEG,/home/samsul/Documents/Polyp Detection/kvasir-seg/images/cju2m71z2ywwv080131bcrsd3.jpg,kvasir,0,195,284,381,491,531,570,26948,33973,49036,8.903,large,large,large,208.0
Kvasir-SEG,/home/samsul/Documents/Polyp Detection/kvasir-seg/images/cju7fd6yt2p740987wkr8exo1.jpg,kvasir,0,359,254,471,372,530,613,10040,10944,14658,3.09,large,large,medium,118.0
Kvasir-SEG,/home/samsul/Documents/Polyp Detection/kvasir-seg/images/cju1gkndf6yi10801o1qnje19.jpg,kvasir,0,36,204,288,403,528,623,34787,36711,53399,10.575,large,large,large,216.2
Kvasir-SEG,/home/samsul/Documents/Polyp Detection/kvasir-seg/images/cju33belnbyhm0878yxl42233.jpg,kvasir,0,179,115,317,257,528,613,13897,15148,21667,4.294,large,large,medium,138.9
Kvasir-SEG,/home/samsul/Documents/Polyp Detection/kvasir-seg/images/cju33belnbyhm0878yxl42233.jpg,kvasir,1,345,320,444,424,528,613,7760,8459,11445,2.398,medium,medium,medium,103.8
Kvasir-SEG,/home/samsul/Documents/Polyp Detection/kvasir-seg/images/cju5x00l6m5j608503k78ptee.jpg,kvasir,0,47,82,407,487,529,554,114446,152736,195602,39.051,large,large,large,441.0
Kvasir-SEG,/home/samsul/Documents/Polyp Detection/kvasir-seg/images/cju34c1xfyz920993itxkkfad.jpg,kvasir,0,82,147,420,495,508,570,74542,93975,149154,25.743,large,large,large,345.9
Kvasir-SEG,/home/samsul/Documents/Polyp Detection/kvasir-seg/images/cju33yemn2qb20988wfjxximx.jpg,kvasir,0,252,278,445,399,511,622,13634,14435,25058,4.29,large,large,medium,135.6
Kvasir-SEG,/home/samsul/Documents/Polyp Detection/kvasir-seg/images/cju7efffp2ivf0817etg3jehl.jpg,kvasir,0,151,0,568,508,546,626,148925,155661,222385,43.571,large,large,large,445.2
Kvasir-SEG,/home/samsul/Documents/Polyp Detection/kvasir-seg/images/cju1bhnfitmge0835ynls0l6b.jpg,kvasir,0,373,227,606,388,531,622,27054,28642,40134,8.191,large,large,large,191.0
Kvasir-SEG,/home/samsul/Documents/Polyp Detection/kvasir-seg/images/cju2suk42469908015ngmq6f2.jpg,kvasir,0,234,176,460,348,528,609,30310,33474,43371,9.426,large,large,large,206.4
Kvasir-SEG,/home/samsul/Documents/Polyp Detection/kvasir-seg/images/cju13hp5rnbjx0835bf0jowgx.jpg,kvasir,0,0,92,218,320,531,622,35189,37255,53096,10.654,large,large,large,217.8
Kvasir-SEG,/home/samsul/Documents/Polyp Detection/kvasir-seg/images/cju1fjsb4sipq09931lvd8e41.jpg,kvasir,0,202,371,387,527,530,622,22922,24268,30917,6.953,large,large,medium,175.8
Kvasir-SEG,/home/samsul/Documents/Polyp Detection/kvasir-seg/images/cju412uwlkva50850d1ps1ww7.jpg,kvasir,0,41,64,476,516,547,616,136970,147851,213198,40.65,large,large,large,433.9
Kvasir-SEG,/home/samsul/Documents/Polyp Detection/kvasir-seg/images/cju3uhb79gcgr0871orbrbi3x.jpg,kvasir,0,414,47,464,99,531,622,1697,1797,2862,0.514,medium,medium,small,47.8
Kvasir-SEG,/home/samsul/Documents/Polyp Detection/kvasir-seg/images/cju3uhb79gcgr0871orbrbi3x.jpg,kvasir,1,101,71,163,125,531,622,2391,2531,3668,0.724,medium,medium,small,56.8
Kvasir-SEG,/home/samsul/Documents/Polyp Detection/kvasir-seg/images/cju3uhb79gcgr0871orbrbi3x.jpg,kvasir,2,550,106,579,148,531,622,897,950,1366,0.272,small,small,small,34.8
Kvasir-SEG,/home/samsul/Documents/Polyp Detection/kvasir-seg/images/cju3uhb79gcgr0871orbrbi3x.jpg,kvasir,3,239,123,269,156,531,622,797,844,1116,0.241,small,small,small,32.8
Kvasir-SEG,/home/samsul/Documents/Polyp Detection/kvasir-seg/images/cju3uhb79gcgr0871orbrbi3x.jpg,kvasir,4,374,141,427,185,531,622,1681,1780,2573,0.509,medium,medium,small,47.6
Kvasir-SEG,/home/samsul/Documents/Polyp Detection/kvasir-seg/images/cju3uhb79gcgr0871orbrbi3x.jpg,kvasir,5,149,152,179,179,531,622,637,674,919,0.193,small,small,small,29.3
Kvasir-SEG,/home/samsul/Documents/Polyp Detection/kvasir-seg/images/cju3uhb79gcgr0871orbrbi3x.jpg,kvasir,6,457,236,512,306,531,622,2750,2911,4209,0.833,medium,medium,small,60.9
Kvasir-SEG,/home/samsul/Documents/Polyp Detection/kvasir-seg/images/cju3uhb79gcgr0871orbrbi3x.jpg,kvasir,7,235,266,269,301,531,622,846,896,1334,0.256,small,small,small,33.8
Kvasir-SEG,/home/samsul/Documents/Polyp Detection/kvasir-seg/images/cju3uhb79gcgr0871orbrbi3x.jpg,kvasir,8,394,287,426,328,531,622,950,1006,1467,0.288,small,small,small,35.8
Kvasir-SEG,/home/samsul/Documents/Polyp Detection/kvasir-seg/images/cju3uhb79gcgr0871orbrbi3x.jpg,kvasir,9,258,394,336,443,531,622,2561,2711,4182,0.775,medium,medium,small,58.8
Kvasir-SEG,/home/samsul/Documents/Polyp Detection/kvasir-seg/images/cju88msmoo3470817m441j4sg.jpg,kvasir,0,359,93,604,397,530,615,49828,53961,81254,15.287,large,large,large,262.1
Kvasir-SEG,/home/samsul/Documents/Polyp Detection/kvasir-seg/images/cju43lcnum9y10755bjs7z87f.jpg,kvasir,0,236,211,357,344,528,590,12542,14758,19236,4.026,large,large,medium,137.1
Kvasir-SEG,/home/samsul/Documents/Polyp Detection/kvasir-seg/images/cju17g6ykn1cs0993dww6qdi8.jpg,kvasir,0,94,124,507,509,510,605,96881,108415,178829,31.399,large,large,large,371.5
Kvasir-SEG,/home/samsul/Documents/Polyp Detection/kvasir-seg/images/cju43kj2pm34f0850l28ahpni.jpg,kvasir,0,412,250,479,328,528,622,3992,4226,5687,1.216,medium,medium,small,73.4
Kvasir-SEG,/home/samsul/Documents/Polyp Detection/kvasir-seg/images/cju7d9seq29zd0871nzl2uu5m.jpg,kvasir,0,168,56,509,377,528,622,74061,78410,116590,22.551,large,large,large,316.0
Kvasir-SEG,/home/samsul/Documents/Polyp Detection/kvasir-seg/images/cju1efbr0rqxz09931z0lf4vf.jpg,kvasir,0,350,101,508,261,529,622,19756,20916,27102,6.004,large,large,medium,163.2
Kvasir-SEG,/home/samsul/Documents/Polyp Detection/kvasir-seg/images/cju32qr9tbvsj08013pkpjenq.jpg,kvasir,0,250,119,419,313,546,615,22392,24249,35900,6.668,large,large,medium,175.7
Kvasir-SEG,/home/samsul/Documents/Polyp Detection/kvasir-seg/images/cju8bn7m2rmm70817hgxpb1uq.jpg,kvasir,0,222,131,596,461,547,626,76695,80164,129739,22.398,large,large,large,319.5
Kvasir-SEG,/home/samsul/Documents/Polyp Detection/kvasir-seg/images/cju33qpdvc9g0087825jhf3s9.jpg,kvasir,0,115,259,249,404,531,622,11268,11930,20867,3.412,large,large,medium,123.2
Kvasir-SEG,/home/samsul/Documents/Polyp Detection/kvasir-seg/images/cju7f900s2o0k08175gl1giid.jpg,kvasir,0,5,0,278,368,529,622,60624,64184,107042,18.425,large,large,large,285.9
Kvasir-SEG,/home/samsul/Documents/Polyp Detection/kvasir-seg/images/cju5gucasds9d0801019axylx.jpg,kvasir,0,298,230,378,345,546,626,7141,7464,9821,2.089,medium,medium,small,97.5
Kvasir-SEG,/home/samsul/Documents/Polyp Detection/kvasir-seg/images/cju2htabevq9108015qjei0x7.jpg,kvasir,0,0,38,299,414,487,332,73908,127642,195328,45.711,large,large,large,403.1
Kvasir-SEG,/home/samsul/Documents/Polyp Detection/kvasir-seg/images/cju8ca4geseia0850i2ru11hw.jpg,kvasir,0,351,0,586,243,529,617,29822,32087,61957,9.137,large,large,large,202.1
Kvasir-SEG,/home/samsul/Documents/Polyp Detection/kvasir-seg/images/cju85a8h8llwm07559wxg4t5w.jpg,kvasir,0,162,222,303,408,529,622,19329,20464,28113,5.874,large,large,medium,161.4
Kvasir-SEG,/home/samsul/Documents/Polyp Detection/kvasir-seg/images/cju8bljw9rqk20801kr54akrl.jpg,kvasir,0,141,53,478,435,529,621,91083,96742,137497,27.726,large,large,large,351.0
Kvasir-SEG,/home/samsul/Documents/Polyp Detection/kvasir-seg/images/cju886ryxnsl50801r93jai7q.jpg,kvasir,0,221,147,434,424,530,622,42225,44704,62985,12.809,large,large,large,238.6
Kvasir-SEG,/home/samsul/Documents/Polyp Detection/kvasir-seg/images/cju42nm68lpyo0818xvvqmupq.jpg,kvasir,0,74,31,265,374,530,504,44159,64391,96309,16.532,large,large,large,286.3
Kvasir-SEG,/home/samsul/Documents/Polyp Detection/kvasir-seg/images/cju8ayeq7r1fb0818z1junacy.jpg,kvasir,0,299,219,422,365,528,602,13255,14981,20602,4.17,large,large,medium,138.1
Kvasir-SEG,/home/samsul/Documents/Polyp Detection/kvasir-seg/images/cju6vgdmivcvb08018fra5lnv.jpg,kvasir,0,334,63,552,373,529,571,48891,61421,85564,16.186,large,large,large,279.6
Kvasir-SEG,/home/samsul/Documents/Polyp Detection/kvasir-seg/images/cju2zo0fwzv580988qlijd2xa.jpg,kvasir,0,470,107,555,239,530,616,8217,8870,12347,2.517,medium,medium,medium,106.3
Kvasir-SEG,/home/samsul/Documents/Polyp Detection/kvasir-seg/images/cju2zo0fwzv580988qlijd2xa.jpg,kvasir,1,256,135,398,318,530,616,18699,20184,28402,5.727,large,large,medium,160.3
Kvasir-SEG,/home/samsul/Documents/Polyp Detection/kvasir-seg/images/cju885ikhnmkn09878s2lqtuh.jpg,kvasir,0,181,106,369,321,530,570,29993,37812,51467,9.928,large,large,large,219.4
Kvasir-SEG,/home/samsul/Documents/Polyp Detection/kvasir-seg/images/cju83qd0yjyht0817ktkfl268.jpg,kvasir,0,0,79,437,469,531,572,127630,159779,214397,42.021,large,large,large,451.0
Kvasir-SEG,/home/samsul/Documents/Polyp Detection/kvasir-seg/images/cju1gi7jlwyld0835cdf6g6qz.jpg,kvasir,0,213,138,365,270,529,611,15256,16739,22326,4.72,large,large,medium,146.0
Kvasir-SEG,/home/samsul/Documents/Polyp Detection/kvasir-seg/images/cju5boicjagt20871b1fotkh4.jpg,kvasir,0,295,11,621,434,529,622,104143,110258,146789,31.651,large,large,large,374.7
Kvasir-SEG,/home/samsul/Documents/Polyp Detection/kvasir-seg/images/cju7f9umg2olj0987fj5y285w.jpg,kvasir,0,253,120,536,380,529,622,48174,51003,78476,14.641,large,large,large,254.8
Kvasir-SEG,/home/samsul/Documents/Polyp Detection/kvasir-seg/images/cju40r6jrksyk0871wg98zgho.jpg,kvasir,0,233,198,495,472,528,622,54803,58021,76572,16.687,large,large,large,271.8
Kvasir-SEG,/home/samsul/Documents/Polyp Detection/kvasir-seg/images/cju303j5r062k098835zxfds5.jpg,kvasir,0,190,119,403,297,546,626,28192,29467,40039,8.248,large,large,large,193.7
Kvasir-SEG,/home/samsul/Documents/Polyp Detection/kvasir-seg/images/cju5x28nzm7t907558ocq4bt7.jpg,kvasir,0,212,35,467,296,546,597,45160,51900,77082,13.854,large,large,large,257.1
Kvasir-SEG,/home/samsul/Documents/Polyp Detection/kvasir-seg/images/cju2xjz2ju8pe0993ysv9wg17.jpg,kvasir,0,134,217,398,487,530,593,48716,56744,83650,15.5,large,large,large,268.8
Kvasir-SEG,/home/samsul/Documents/Polyp Detection/kvasir-seg/images/cju1ejj7dvqfa0835ra184v5m.jpg,kvasir,0,273,95,558,424,547,619,50639,54133,100892,14.956,large,large,large,262.5
Kvasir-SEG,/home/samsul/Documents/Polyp Detection/kvasir-seg/images/cju7ez7r22qbc08015xfoz2wb.jpg,kvasir,0,46,0,517,323,530,612,106918,116925,167242,32.963,large,large,large,385.8
Kvasir-SEG,/home/samsul/Documents/Polyp Detection/kvasir-seg/images/cju1g4nsb6ngy0799l4ezm8ab.jpg,kvasir,0,230,249,433,439,529,568,31088,39469,49468,10.346,large,large,large,224.2
Kvasir-SEG,/home/samsul/Documents/Polyp Detection/kvasir-seg/images/cju1ddr6p4k5z08780uuuzit2.jpg,kvasir,0,330,169,414,315,531,570,9610,12115,15752,3.175,large,large,medium,124.2
Kvasir-SEG,/home/samsul/Documents/Polyp Detection/kvasir-seg/images/cju31ugmfb3dz0855xtqshki6.jpg,kvasir,0,204,133,404,309,544,612,27100,29636,38907,8.14,large,large,medium,194.3
Kvasir-SEG,/home/samsul/Documents/Polyp Detection/kvasir-seg/images/cju1dg44i4z3w0801nyz4p6zf.jpg,kvasir,0,251,353,280,498,528,623,2908,3069,4622,0.884,medium,medium,small,62.5
Kvasir-SEG,/home/samsul/Documents/Polyp Detection/kvasir-seg/images/cju7ae7bq1f820987toc8si1d.jpg,kvasir,0,193,102,306,225,530,509,9897,14432,20613,3.669,large,large,medium,135.6
Kvasir-SEG,/home/samsul/Documents/Polyp Detection/kvasir-seg/images/cju30mm25a53s0799qa5wiqe8.jpg,kvasir,0,283,334,406,416,529,622,8113,8589,10896,2.466,medium,medium,medium,104.6
Kvasir-SEG,/home/samsul/Documents/Polyp Detection/kvasir-seg/images/cju31y80qbawn0801twwm2l5s.jpg,kvasir,0,178,137,460,417,495,569,53421,67585,100607,18.967,large,large,large,293.3
Kvasir-SEG,/home/samsul/Documents/Polyp Detection/kvasir-seg/images/cju8aqq8uqmoq0987hphto9gg.jpg,kvasir,0,236,83,559,475,546,626,90708,94811,133091,26.539,large,large,large,347.4
Kvasir-SEG,/home/samsul/Documents/Polyp Detection/kvasir-seg/images/cju890guyoiti098753yg6cdu.jpg,kvasir,0,266,152,485,404,547,626,39045,40811,58177,11.403,large,large,large,228.0
Kvasir-SEG,/home/samsul/Documents/Polyp Detection/kvasir-seg/images/cju7ecl9i2i060987xawjp4l0.jpg,kvasir,0,12,231,438,528,529,622,77510,82061,134717,23.557,large,large,large,323.2
Kvasir-SEG,/home/samsul/Documents/Polyp Detection/kvasir-seg/images/cju1cyjb5qtie0993njqne9m3.jpg,kvasir,0,157,5,625,457,547,626,173688,181544,222066,50.723,large,large,large,480.8
Kvasir-SEG,/home/samsul/Documents/Polyp Detection/kvasir-seg/images/cju32gzs6xo8x0993r8tedbpb.jpg,kvasir,0,0,60,168,366,547,626,38702,40452,54230,11.302,large,large,large,226.9
Kvasir-SEG,/home/samsul/Documents/Polyp Detection/kvasir-seg/images/cju32gzs6xo8x0993r8tedbpb.jpg,kvasir,1,281,508,531,546,547,626,6270,6554,10232,1.831,medium,medium,medium,91.3
Kvasir-SEG,/home/samsul/Documents/Polyp Detection/kvasir-seg/images/cju418rckl3ur08012psrx1r1.jpg,kvasir,0,327,120,570,361,530,622,44807,47438,62515,13.592,large,large,large,245.8
Kvasir-SEG,/home/samsul/Documents/Polyp Detection/kvasir-seg/images/cju5ufn3skquf0818dhapnhba.jpg,kvasir,0,237,244,347,372,530,570,11429,14408,18052,3.783,large,large,medium,135.4
Kvasir-SEG,/home/samsul/Documents/Polyp Detection/kvasir-seg/images/cju1egh885m1l0855ci1lt37c.jpg,kvasir,0,192,322,276,450,531,566,7477,9560,14020,2.488,large,medium,medium,110.3
PolypGen,/home/samsul/Documents/Polyp Detection/Polyp-Gen:/seq10/images/3.jpg,pgen_seq10,0,17,322,919,1079,1080,1380,488501,105067,147217,32.777,large,large,large,365.8
PolypGen,/home/samsul/Documents/Polyp Detection/Polyp-Gen:/seq10/images/6.jpg,pgen_seq10,0,5,0,1072,895,1080,1380,624773,134377,205817,41.92,large,large,large,413.6
PolypGen,/home/samsul/Documents/Polyp Detection/Polyp-Gen:/seq10/images/8.jpg,pgen_seq10,0,22,0,1066,958,1080,1380,632300,135996,215544,42.425,large,large,large,416.1
PolypGen,/home/samsul/Documents/Polyp Detection/Polyp-Gen:/seq10/images/4.jpg,pgen_seq10,0,11,0,1074,1001,1080,1380,707692,152211,229304,47.483,large,large,large,440.2
PolypGen,/home/samsul/Documents/Polyp Detection/Polyp-Gen:/seq10/images/4.jpg,pgen_seq10,1,208,81,216,91,1080,1380,79,17,21,0.005,small,small,small,4.7
PolypGen,/home/samsul/Documents/Polyp Detection/Polyp-Gen:/seq10/images/5.jpg,pgen_seq10,0,9,0,1066,1011,1080,1380,672535,144649,230286,45.124,large,large,large,429.2
PolypGen,/home/samsul/Documents/Polyp Detection/Polyp-Gen:/seq10/images/9.jpg,pgen_seq10,0,28,0,1050,940,1080,1380,629203,135330,207046,42.217,large,large,large,415.1
PolypGen,/home/samsul/Documents/Polyp Detection/Polyp-Gen:/seq10/images/7.jpg,pgen_seq10,0,6,0,1049,970,1080,1380,654850,140846,218033,43.938,large,large,large,423.5
PolypGen,/home/samsul/Documents/Polyp Detection/Polyp-Gen:/seq11/images/75.jpg,pgen_seq11,0,258,122,346,224,576,720,4141,3272,7243,0.999,medium,medium,small,64.5
PolypGen,/home/samsul/Documents/Polyp Detection/Polyp-Gen:/seq11/images/71.jpg,pgen_seq11,0,253,111,352,227,576,720,5751,4544,9244,1.387,medium,medium,small,76.1
PolypGen,/home/samsul/Documents/Polyp Detection/Polyp-Gen:/seq11/images/116.jpg,pgen_seq11,0,194,13,254,53,576,720,1628,1286,1976,0.393,medium,medium,small,40.5
PolypGen,/home/samsul/Documents/Polyp Detection/Polyp-Gen:/seq11/images/93.jpg,pgen_seq11,0,246,15,323,97,576,720,3278,2590,5115,0.79,medium,medium,small,57.4
PolypGen,/home/samsul/Documents/Polyp Detection/Polyp-Gen:/seq11/images/76.jpg,pgen_seq11,0,260,120,350,228,576,720,4929,3895,7837,1.189,medium,medium,small,70.4
PolypGen,/home/samsul/Documents/Polyp Detection/Polyp-Gen:/seq11/images/18.jpg,pgen_seq11,0,449,139,673,363,576,720,33503,26472,40000,8.078,large,large,medium,183.6
PolypGen,/home/samsul/Documents/Polyp Detection/Polyp-Gen:/seq11/images/111.jpg,pgen_seq11,0,192,16,251,51,576,720,1605,1268,1707,0.387,medium,medium,small,40.2
PolypGen,/home/samsul/Documents/Polyp Detection/Polyp-Gen:/seq11/images/3.jpg,pgen_seq11,0,294,31,673,457,576,720,76863,60731,128205,18.534,large,large,large,278.1
PolypGen,/home/samsul/Documents/Polyp Detection/Polyp-Gen:/seq11/images/49.jpg,pgen_seq11,0,287,76,450,229,576,720,17836,14093,19955,4.301,large,large,medium,134.0
PolypGen,/home/samsul/Documents/Polyp Detection/Polyp-Gen:/seq11/images/40.jpg,pgen_seq11,0,343,86,577,313,576,720,39714,31379,42335,9.576,large,large,large,199.9
PolypGen,/home/samsul/Documents/Polyp Detection/Polyp-Gen:/seq11/images/68.jpg,pgen_seq11,0,248,96,353,222,576,720,7741,6116,10637,1.867,medium,medium,medium,88.2
PolypGen,/home/samsul/Documents/Polyp Detection/Polyp-Gen:/seq11/images/57.jpg,pgen_seq11,0,283,48,433,181,576,720,12856,10158,15987,3.1,large,large,medium,113.7
PolypGen,/home/samsul/Documents/Polyp Detection/Polyp-Gen:/seq11/images/123.jpg,pgen_seq11,0,203,14,268,41,576,720,1612,1274,1460,0.389,medium,medium,small,40.3
PolypGen,/home/samsul/Documents/Polyp Detection/Polyp-Gen:/seq11/images/81.jpg,pgen_seq11,0,261,131,353,238,576,720,4753,3755,7936,1.146,medium,medium,small,69.1
PolypGen,/home/samsul/Documents/Polyp Detection/Polyp-Gen:/seq11/images/101.jpg,pgen_seq11,0,211,14,257,46,576,720,1197,946,1225,0.289,small,medium,small,34.7
PolypGen,/home/samsul/Documents/Polyp Detection/Polyp-Gen:/seq11/images/104.jpg,pgen_seq11,0,207,14,257,47,576,720,1257,993,1370,0.303,small,medium,small,35.6
PolypGen,/home/samsul/Documents/Polyp Detection/Polyp-Gen:/seq11/images/11.jpg,pgen_seq11,0,425,201,662,410,576,720,31591,24961,39490,7.617,large,large,medium,178.3
PolypGen,/home/samsul/Documents/Polyp Detection/Polyp-Gen:/seq11/images/29.jpg,pgen_seq11,0,426,128,667,322,576,720,29497,23306,37286,7.113,large,large,medium,172.3
PolypGen,/home/samsul/Documents/Polyp Detection/Polyp-Gen:/seq11/images/85.jpg,pgen_seq11,0,252,80,328,169,576,720,3870,3058,5476,0.933,medium,medium,small,62.4
PolypGen,/home/samsul/Documents/Polyp Detection/Polyp-Gen:/seq11/images/145.jpg,pgen_seq11,0,261,13,302,48,576,720,902,713,1195,0.217,small,small,small,30.1
PolypGen,/home/samsul/Documents/Polyp Detection/Polyp-Gen:/seq11/images/54.jpg,pgen_seq11,0,289,30,437,181,576,720,15396,12165,17895,3.712,large,large,medium,124.5
PolypGen,/home/samsul/Documents/Polyp Detection/Polyp-Gen:/seq11/images/51.jpg,pgen_seq11,0,280,41,454,206,576,720,18767,14828,22953,4.525,large,large,medium,137.4
PolypGen,/home/samsul/Documents/Polyp Detection/Polyp-Gen:/seq11/images/6.jpg,pgen_seq11,0,330,17,673,407,576,720,99137,78330,106275,23.905,large,large,large,315.8
PolypGen,/home/samsul/Documents/Polyp Detection/Polyp-Gen:/seq11/images/58.jpg,pgen_seq11,0,291,53,398,168,576,720,9281,7333,9899,2.238,medium,large,small,96.6
PolypGen,/home/samsul/Documents/Polyp Detection/Polyp-Gen:/seq11/images/121.jpg,pgen_seq11,0,196,14,252,43,576,720,1342,1060,1351,0.324,medium,medium,small,36.7
PolypGen,/home/samsul/Documents/Polyp Detection/Polyp-Gen:/seq11/images/66.jpg,pgen_seq11,0,254,92,343,209,576,720,6627,5236,8391,1.598,medium,medium,small,81.6
PolypGen,/home/samsul/Documents/Polyp Detection/Polyp-Gen:/seq11/images/10.jpg,pgen_seq11,0,419,186,673,408,576,720,38447,30378,44930,9.271,large,large,large,196.7
PolypGen,/home/samsul/Documents/Polyp Detection/Polyp-Gen:/seq11/images/118.jpg,pgen_seq11,0,197,14,254,43,576,720,1446,1143,1375,0.349,medium,medium,small,38.1
PolypGen,/home/samsul/Documents/Polyp Detection/Polyp-Gen:/seq11/images/34.jpg,pgen_seq11,0,360,43,640,334,576,720,57289,45265,64831,13.814,large,large,large,240.1
PolypGen,/home/samsul/Documents/Polyp Detection/Polyp-Gen:/seq11/images/37.jpg,pgen_seq11,0,353,74,614,330,576,720,47982,37912,53202,11.57,large,large,large,219.7
PolypGen,/home/samsul/Documents/Polyp Detection/Polyp-Gen:/seq11/images/110.jpg,pgen_seq11,0,196,14,250,50,576,720,1490,1177,1608,0.359,medium,medium,small,38.7
PolypGen,/home/samsul/Documents/Polyp Detection/Polyp-Gen:/seq11/images/115.jpg,pgen_seq11,0,191,14,248,51,576,720,1684,1331,1741,0.406,medium,medium,small,41.2
PolypGen,/home/samsul/Documents/Polyp Detection/Polyp-Gen:/seq11/images/67.jpg,pgen_seq11,0,247,99,366,224,576,720,7141,5642,11947,1.722,medium,medium,medium,84.8
PolypGen,/home/samsul/Documents/Polyp Detection/Polyp-Gen:/seq11/images/27.jpg,pgen_seq11,0,437,119,661,333,576,720,32613,25768,38222,7.864,large,large,medium,181.1
PolypGen,/home/samsul/Documents/Polyp Detection/Polyp-Gen:/seq11/images/126.jpg,pgen_seq11,0,209,15,259,43,576,720,1194,943,1169,0.288,small,medium,small,34.7
PolypGen,/home/samsul/Documents/Polyp Detection/Polyp-Gen:/seq11/images/82.jpg,pgen_seq11,0,256,126,353,237,576,720,4876,3853,8672,1.176,medium,medium,small,70.0
PolypGen,/home/samsul/Documents/Polyp Detection/Polyp-Gen:/seq11/images/78.jpg,pgen_seq11,0,259,131,340,227,576,720,3609,2852,6285,0.87,medium,medium,small,60.3
PolypGen,/home/samsul/Documents/Polyp Detection/Polyp-Gen:/seq11/images/62.jpg,pgen_seq11,0,258,74,363,195,576,720,8223,6497,10218,1.983,medium,medium,medium,91.0
PolypGen,/home/samsul/Documents/Polyp Detection/Polyp-Gen:/seq11/images/39.jpg,pgen_seq11,0,346,94,585,308,576,720,38759,30624,40770,9.346,large,large,large,197.5
PolypGen,/home/samsul/Documents/Polyp Detection/Polyp-Gen:/seq11/images/120.jpg,pgen_seq11,0,200,15,254,44,576,720,1330,1051,1304,0.321,medium,medium,small,36.6
PolypGen,/home/samsul/Documents/Polyp Detection/Polyp-Gen:/seq11/images/89.jpg,pgen_seq11,0,261,51,335,132,576,720,3075,2430,4859,0.741,medium,medium,small,55.6
PolypGen,/home/samsul/Documents/Polyp Detection/Polyp-Gen:/seq11/images/99.jpg,pgen_seq11,0,219,13,272,55,576,720,1903,1504,1835,0.459,medium,medium,small,43.8
PolypGen,/home/samsul/Documents/Polyp Detection/Polyp-Gen:/seq11/images/105.jpg,pgen_seq11,0,202,13,245,48,576,720,1212,958,1252,0.292,small,medium,small,34.9
PolypGen,/home/samsul/Documents/Polyp Detection/Polyp-Gen:/seq11/images/112.jpg,pgen_seq11,0,193,15,257,52,576,720,1885,1489,1952,0.455,medium,medium,small,43.5
PolypGen,/home/samsul/Documents/Polyp Detection/Polyp-Gen:/seq11/images/86.jpg,pgen_seq11,0,258,74,342,169,576,720,3635,2872,6447,0.876,medium,medium,small,60.5
PolypGen,/home/samsul/Documents/Polyp Detection/Polyp-Gen:/seq11/images/31.jpg,pgen_seq11,0,398,79,649,331,576,720,44732,35344,50375,10.786,large,large,large,212.1
PolypGen,/home/samsul/Documents/Polyp Detection/Polyp-Gen:/seq11/images/8.jpg,pgen_seq11,0,368,189,629,392,576,720,38423,30359,42231,9.265,large,large,large,196.6
PolypGen,/home/samsul/Documents/Polyp Detection/Polyp-Gen:/seq11/images/98.jpg,pgen_seq11,0,219,15,275,55,576,720,1759,1390,1847,0.424,medium,medium,small,42.1
PolypGen,/home/samsul/Documents/Polyp Detection/Polyp-Gen:/seq11/images/103.jpg,pgen_seq11,0,208,14,269,47,576,720,1719,1358,1666,0.414,medium,medium,small,41.6
PolypGen,/home/samsul/Documents/Polyp Detection/Polyp-Gen:/seq11/images/41.jpg,pgen_seq11,0,324,83,567,304,576,720,36696,28994,42799,8.848,large,large,large,192.1
PolypGen,/home/samsul/Documents/Polyp Detection/Polyp-Gen:/seq11/images/109.jpg,pgen_seq11,0,201,14,252,48,576,720,1441,1139,1438,0.347,medium,medium,small,38.1
PolypGen,/home/samsul/Documents/Polyp Detection/Polyp-Gen:/seq11/images/83.jpg,pgen_seq11,0,256,118,339,217,576,720,3893,3076,6637,0.939,medium,medium,small,62.6
PolypGen,/home/samsul/Documents/Polyp Detection/Polyp-Gen:/seq11/images/173.jpg,pgen_seq11,0,360,14,393,39,576,720,534,422,698,0.129,small,small,small,23.2
PolypGen,/home/samsul/Documents/Polyp Detection/Polyp-Gen:/seq11/images/79.jpg,pgen_seq11,0,264,135,341,226,576,720,3103,2452,5670,0.748,medium,medium,small,55.9
PolypGen,/home/samsul/Documents/Polyp Detection/Polyp-Gen:/seq11/images/50.jpg,pgen_seq11,0,285,49,456,219,576,720,19207,15176,23239,4.631,large,large,medium,139.0
PolypGen,/home/samsul/Documents/Polyp Detection/Polyp-Gen:/seq11/images/52.jpg,pgen_seq11,0,289,28,432,182,576,720,14949,11812,17636,3.605,large,large,medium,122.6
PolypGen,/home/samsul/Documents/Polyp Detection/Polyp-Gen:/seq11/images/95.jpg,pgen_seq11,0,240,14,309,79,576,720,2647,2091,3650,0.638,medium,medium,small,51.6
PolypGen,/home/samsul/Documents/Polyp Detection/Polyp-Gen:/seq11/images/19.jpg,pgen_seq11,0,442,133,674,359,576,720,35996,28441,41790,8.68,large,large,large,190.3
PolypGen,/home/samsul/Documents/Polyp Detection/Polyp-Gen:/seq11/images/60.jpg,pgen_seq11,0,271,67,373,186,576,720,8455,6680,9766,2.039,medium,medium,small,92.2
PolypGen,/home/samsul/Documents/Polyp Detection/Polyp-Gen:/seq11/images/124.jpg,pgen_seq11,0,204,14,254,43,576,720,1185,936,1209,0.286,small,medium,small,34.5
PolypGen,/home/samsul/Documents/Polyp Detection/Polyp-Gen:/seq11/images/69.jpg,pgen_seq11,0,251,105,347,220,576,720,5996,4738,8890,1.446,medium,medium,small,77.7
PolypGen,/home/samsul/Documents/Polyp Detection/Polyp-Gen:/seq11/images/14.jpg,pgen_seq11,0,445,193,674,417,576,720,34551,27300,40889,8.331,large,large,large,186.4
PolypGen,/home/samsul/Documents/Polyp Detection/Polyp-Gen:/seq11/images/91.jpg,pgen_seq11,0,258,33,328,106,576,720,3083,2436,4151,0.743,medium,medium,small,55.7
PolypGen,/home/samsul/Documents/Polyp Detection/Polyp-Gen:/seq11/images/70.jpg,pgen_seq11,0,247,104,352,221,576,720,6062,4790,9883,1.462,medium,medium,small,78.1
PolypGen,/home/samsul/Documents/Polyp Detection/Polyp-Gen:/seq11/images/117.jpg,pgen_seq11,0,194,15,235,48,576,720,1091,862,1128,0.263,small,medium,small,33.1
PolypGen,/home/samsul/Documents/Polyp Detection/Polyp-Gen:/seq11/images/64.jpg,pgen_seq11,0,257,91,371,220,576,720,7468,5901,11812,1.801,medium,medium,medium,86.7
PolypGen,/home/samsul/Documents/Polyp Detection/Polyp-Gen:/seq11/images/28.jpg,pgen_seq11,0,433,117,673,347,576,720,31987,25274,43987,7.713,large,large,large,179.4
PolypGen,/home/samsul/Documents/Polyp Detection/Polyp-Gen:/seq11/images/17.jpg,pgen_seq11,0,450,164,673,376,576,720,29276,23132,37698,7.059,large,large,medium,171.6
PolypGen,/home/samsul/Documents/Polyp Detection/Polyp-Gen:/seq11/images/36.jpg,pgen_seq11,0,354,77,612,322,576,720,45723,36127,50342,11.025,large,large,large,214.5
PolypGen,/home/samsul/Documents/Polyp Detection/Polyp-Gen:/seq11/images/87.jpg,pgen_seq11,0,207,58,270,149,576,720,4014,3172,4652,0.968,medium,medium,small,63.6
PolypGen,/home/samsul/Documents/Polyp Detection/Polyp-Gen:/seq11/images/4.jpg,pgen_seq11,0,304,16,673,430,576,720,121150,95723,121323,29.212,large,large,large,349.1
PolypGen,/home/samsul/Documents/Polyp Detection/Polyp-Gen:/seq11/images/5.jpg,pgen_seq11,0,315,57,674,421,576,720,95240,75251,103822,22.965,large,large,large,309.5
PolypGen,/home/samsul/Documents/Polyp Detection/Polyp-Gen:/seq11/images/21.jpg,pgen_seq11,0,445,122,673,358,576,720,37183,29379,42882,8.966,large,large,large,193.4
PolypGen,/home/samsul/Documents/Polyp Detection/Polyp-Gen:/seq11/images/72.jpg,pgen_seq11,0,254,114,346,222,576,720,5270,4164,8009,1.271,medium,medium,small,72.8
PolypGen,/home/samsul/Documents/Polyp Detection/Polyp-Gen:/seq11/images/147.jpg,pgen_seq11,0,276,15,311,43,576,720,620,490,825,0.149,small,small,small,25.0
PolypGen,/home/samsul/Documents/Polyp Detection/Polyp-Gen:/seq11/images/113.jpg,pgen_seq11,0,193,14,251,52,576,720,1549,1224,1818,0.374,medium,medium,small,39.5
PolypGen,/home/samsul/Documents/Polyp Detection/Polyp-Gen:/seq11/images/26.jpg,pgen_seq11,0,433,134,673,347,576,720,31986,25273,40750,7.713,large,large,large,179.4
PolypGen,/home/samsul/Documents/Polyp Detection/Polyp-Gen:/seq11/images/12.jpg,pgen_seq11,0,442,211,674,418,576,720,33698,26626,38293,8.125,large,large,medium,184.1
PolypGen,/home/samsul/Documents/Polyp Detection/Polyp-Gen:/seq11/images/108.jpg,pgen_seq11,0,202,14,263,48,576,720,1776,1403,1715,0.428,medium,medium,small,42.3
PolypGen,/home/samsul/Documents/Polyp Detection/Polyp-Gen:/seq11/images/22.jpg,pgen_seq11,0,440,136,674,356,576,720,32174,25421,41035,7.758,large,large,large,179.9
PolypGen,/home/samsul/Documents/Polyp Detection/Polyp-Gen:/seq11/images/129.jpg,pgen_seq11,0,213,15,275,43,576,720,1503,1188,1444,0.362,medium,medium,small,38.9
PolypGen,/home/samsul/Documents/Polyp Detection/Polyp-Gen:/seq11/images/140.jpg,pgen_seq11,0,236,16,284,48,576,720,874,691,1278,0.211,small,small,small,29.7
PolypGen,/home/samsul/Documents/Polyp Detection/Polyp-Gen:/seq11/images/100.jpg,pgen_seq11,0,207,15,270,55,576,720,2057,1625,2073,0.496,medium,medium,small,45.5
PolypGen,/home/samsul/Documents/Polyp Detection/Polyp-Gen:/seq11/images/32.jpg,pgen_seq11,0,385,94,625,319,576,720,39049,30854,43035,9.416,large,large,large,198.2
PolypGen,/home/samsul/Documents/Polyp Detection/Polyp-Gen:/seq11/images/9.jpg,pgen_seq11,0,423,194,673,403,576,720,36480,28824,41647,8.796,large,large,large,191.6
PolypGen,/home/samsul/Documents/Polyp Detection/Polyp-Gen:/seq11/images/44.jpg,pgen_seq11,0,306,49,538,267,576,720,37256,29437,40318,8.983,large,large,large,193.6
PolypGen,/home/samsul/Documents/Polyp Detection/Polyp-Gen:/seq11/images/106.jpg,pgen_seq11,0,202,14,265,46,576,720,1811,1431,1669,0.437,medium,medium,small,42.7
PolypGen,/home/samsul/Documents/Polyp Detection/Polyp-Gen:/seq11/images/80.jpg,pgen_seq11,0,249,125,355,242,576,720,5408,4273,9976,1.304,medium,medium,small,73.8
PolypGen,/home/samsul/Documents/Polyp Detection/Polyp-Gen:/seq11/images/35.jpg,pgen_seq11,0,364,85,605,323,576,720,41462,32760,45699,9.998,large,large,large,204.2
PolypGen,/home/samsul/Documents/Polyp Detection/Polyp-Gen:/seq11/images/48.jpg,pgen_seq11,0,285,65,470,245,576,720,23198,18329,26600,5.594,large,large,medium,152.8
PolypGen,/home/samsul/Documents/Polyp Detection/Polyp-Gen:/seq11/images/33.jpg,pgen_seq11,0,373,75,637,333,576,720,48230,38108,54230,11.63,large,large,large,220.3
PolypGen,/home/samsul/Documents/Polyp Detection/Polyp-Gen:/seq11/images/141.jpg,pgen_seq11,0,248,19,284,50,576,720,659,521,936,0.159,small,small,small,25.8
PolypGen,/home/samsul/Documents/Polyp Detection/Polyp-Gen:/seq11/images/43.jpg,pgen_seq11,0,321,71,503,256,576,720,24610,19445,26894,5.934,large,large,medium,157.3
PolypGen,/home/samsul/Documents/Polyp Detection/Polyp-Gen:/seq11/images/90.jpg,pgen_seq11,0,255,33,336,119,576,720,4361,3446,5637,1.052,medium,medium,small,66.2
PolypGen,/home/samsul/Documents/Polyp Detection/Polyp-Gen:/seq11/images/55.jpg,pgen_seq11,0,269,31,428,171,576,720,15424,12187,17825,3.719,large,large,medium,124.6
PolypGen,/home/samsul/Documents/Polyp Detection/Polyp-Gen:/seq11/images/143.jpg,pgen_seq11,0,245,16,287,46,576,720,901,712,1053,0.217,small,small,small,30.1
PolypGen,/home/samsul/Documents/Polyp Detection/Polyp-Gen:/seq11/images/125.jpg,pgen_seq11,0,202,14,292,46,576,720,2266,1790,2373,0.546,medium,medium,small,47.7
PolypGen,/home/samsul/Documents/Polyp Detection/Polyp-Gen:/seq11/images/47.jpg,pgen_seq11,0,289,56,490,251,576,720,28891,22827,31283,6.966,large,large,medium,170.5
PolypGen,/home/samsul/Documents/Polyp Detection/Polyp-Gen:/seq11/images/13.jpg,pgen_seq11,0,451,212,673,420,576,720,30781,24321,36825,7.422,large,large,medium,176.0
PolypGen,/home/samsul/Documents/Polyp Detection/Polyp-Gen:/seq11/images/144.jpg,pgen_seq11,0,258,21,293,46,576,720,696,550,740,0.168,small,small,small,26.5
PolypGen,/home/samsul/Documents/Polyp Detection/Polyp-Gen:/seq11/images/53.jpg,pgen_seq11,0,293,44,443,189,576,720,13341,10541,17419,3.217,large,large,medium,115.8
PolypGen,/home/samsul/Documents/Polyp Detection/Polyp-Gen:/seq11/images/16.jpg,pgen_seq11,0,457,190,674,392,576,720,28905,22839,34966,6.97,large,large,medium,170.5
PolypGen,/home/samsul/Documents/Polyp Detection/Polyp-Gen:/seq11/images/42.jpg,pgen_seq11,0,326,87,541,273,576,720,28063,22173,31915,6.767,large,large,medium,168.0
PolypGen,/home/samsul/Documents/Polyp Detection/Polyp-Gen:/seq11/images/114.jpg,pgen_seq11,0,189,14,234,50,576,720,1128,891,1345,0.272,small,medium,small,33.7
PolypGen,/home/samsul/Documents/Polyp Detection/Polyp-Gen:/seq11/images/38.jpg,pgen_seq11,0,351,85,603,334,576,720,43244,34168,49975,10.427,large,large,large,208.6
PolypGen,/home/samsul/Documents/Polyp Detection/Polyp-Gen:/seq11/images/15.jpg,pgen_seq11,0,458,195,672,401,576,720,31088,24563,35164,7.496,large,large,medium,176.8
PolypGen,/home/samsul/Documents/Polyp Detection/Polyp-Gen:/seq11/images/25.jpg,pgen_seq11,0,442,151,672,352,576,720,29706,23471,36869,7.163,large,large,medium,172.9
PolypGen,/home/samsul/Documents/Polyp Detection/Polyp-Gen:/seq11/images/146.jpg,pgen_seq11,0,259,14,299,45,576,720,822,649,1037,0.198,small,small,small,28.7
PolypGen,/home/samsul/Documents/Polyp Detection/Polyp-Gen:/seq11/images/107.jpg,pgen_seq11,0,202,14,256,49,576,720,1464,1157,1564,0.353,medium,medium,small,38.4
PolypGen,/home/samsul/Documents/Polyp Detection/Polyp-Gen:/seq11/images/97.jpg,pgen_seq11,0,229,14,294,57,576,720,2363,1867,2295,0.57,medium,medium,small,48.8
PolypGen,/home/samsul/Documents/Polyp Detection/Polyp-Gen:/seq11/images/102.jpg,pgen_seq11,0,210,14,263,46,576,720,1393,1101,1408,0.336,medium,medium,small,37.4
PolypGen,/home/samsul/Documents/Polyp Detection/Polyp-Gen:/seq11/images/63.jpg,pgen_seq11,0,258,86,353,206,576,720,7093,5604,9178,1.71,medium,medium,small,84.5
PolypGen,/home/samsul/Documents/Polyp Detection/Polyp-Gen:/seq11/images/56.jpg,pgen_seq11,0,280,32,422,171,576,720,13936,11011,15818,3.36,large,large,medium,118.4
PolypGen,/home/samsul/Documents/Polyp Detection/Polyp-Gen:/seq11/images/119.jpg,pgen_seq11,0,198,15,253,44,576,720,1343,1061,1327,0.324,medium,medium,small,36.8
PolypGen,/home/samsul/Documents/Polyp Detection/Polyp-Gen:/seq11/images/20.jpg,pgen_seq11,0,442,124,674,357,576,720,35638,28158,43079,8.593,large,large,large,189.3
PolypGen,/home/samsul/Documents/Polyp Detection/Polyp-Gen:/seq11/images/46.jpg,pgen_seq11,0,297,53,490,253,576,720,27807,21971,30810,6.705,large,large,medium,167.3
PolypGen,/home/samsul/Documents/Polyp Detection/Polyp-Gen:/seq11/images/122.jpg,pgen_seq11,0,204,15,257,41,576,720,1236,977,1152,0.298,small,medium,small,35.3
PolypGen,/home/samsul/Documents/Polyp Detection/Polyp-Gen:/seq11/images/127.jpg,pgen_seq11,0,207,14,255,40,576,720,1075,849,1045,0.259,small,medium,small,32.9
PolypGen,/home/samsul/Documents/Polyp Detection/Polyp-Gen:/seq11/images/74.jpg,pgen_seq11,0,251,113,350,230,576,720,5823,4601,9323,1.404,medium,medium,small,76.5
PolypGen,/home/samsul/Documents/Polyp Detection/Polyp-Gen:/seq11/images/92.jpg,pgen_seq11,0,260,29,316,93,576,720,2346,1854,2927,0.566,medium,medium,small,48.6
PolypGen,/home/samsul/Documents/Polyp Detection/Polyp-Gen:/seq11/images/7.jpg,pgen_seq11,0,337,180,673,400,576,720,48084,37992,58846,11.594,large,large,large,219.9
PolypGen,/home/samsul/Documents/Polyp Detection/Polyp-Gen:/seq11/images/45.jpg,pgen_seq11,0,295,53,510,251,576,720,31028,24516,33963,7.482,large,large,medium,176.7
PolypGen,/home/samsul/Documents/Polyp Detection/Polyp-Gen:/seq11/images/73.jpg,pgen_seq11,0,253,112,356,230,576,720,5561,4394,9779,1.341,medium,medium,small,74.8
PolypGen,/home/samsul/Documents/Polyp Detection/Polyp-Gen:/seq11/images/94.jpg,pgen_seq11,0,246,19,314,88,576,720,2788,2203,3816,0.672,medium,medium,small,53.0
PolypGen,/home/samsul/Documents/Polyp Detection/Polyp-Gen:/seq11/images/88.jpg,pgen_seq11,0,264,66,332,142,576,720,2618,2069,4198,0.631,medium,medium,small,51.3
PolypGen,/home/samsul/Documents/Polyp Detection/Polyp-Gen:/seq11/images/65.jpg,pgen_seq11,0,252,92,354,214,576,720,7822,6180,10010,1.886,medium,medium,medium,88.7
PolypGen,/home/samsul/Documents/Polyp Detection/Polyp-Gen:/seq11/images/77.jpg,pgen_seq11,0,262,124,354,233,576,720,5353,4230,8083,1.291,medium,medium,small,73.4
PolypGen,/home/samsul/Documents/Polyp Detection/Polyp-Gen:/seq11/images/61.jpg,pgen_seq11,0,269,61,371,194,576,720,9414,7438,10905,2.27,medium,large,medium,97.3
PolypGen,/home/samsul/Documents/Polyp Detection/Polyp-Gen:/seq11/images/149.jpg,pgen_seq11,0,289,16,327,37,576,720,666,526,678,0.161,small,small,small,25.9
PolypGen,/home/samsul/Documents/Polyp Detection/Polyp-Gen:/seq11/images/130.jpg,pgen_seq11,0,208,14,258,44,576,720,1154,912,1249,0.278,small,medium,small,34.1
PolypGen,/home/samsul/Documents/Polyp Detection/Polyp-Gen:/seq11/images/24.jpg,pgen_seq11,0,435,118,673,352,576,720,36528,28862,44377,8.808,large,large,large,191.7
PolypGen,/home/samsul/Documents/Polyp Detection/Polyp-Gen:/seq11/images/30.jpg,pgen_seq11,0,403,108,652,329,576,720,37650,29748,43852,9.078,large,large,large,194.6
PolypGen,/home/samsul/Documents/Polyp Detection/Polyp-Gen:/seq11/images/138.jpg,pgen_seq11,0,231,17,268,48,576,720,738,583,961,0.178,small,small,small,27.2
PolypGen,/home/samsul/Documents/Polyp Detection/Polyp-Gen:/seq11/images/2.jpg,pgen_seq11,0,271,17,672,451,576,720,85250,67358,138169,20.556,large,large,large,292.9
PolypGen,/home/samsul/Documents/Polyp Detection/Polyp-Gen:/seq11/images/59.jpg,pgen_seq11,0,277,51,398,178,576,720,10076,7961,12339,2.43,medium,large,medium,100.7
PolypGen,/home/samsul/Documents/Polyp Detection/Polyp-Gen:/seq11/images/137.jpg,pgen_seq11,0,224,15,282,51,576,720,1252,989,1725,0.302,small,medium,small,35.5
PolypGen,/home/samsul/Documents/Polyp Detection/Polyp-Gen:/seq12/images/75.jpg,pgen_seq12,0,365,776,522,876,1024,1030,12288,4744,6161,1.165,medium,large,small,77.7
PolypGen,/home/samsul/Documents/Polyp Detection/Polyp-Gen:/seq12/images/211.jpg,pgen_seq12,0,492,516,672,714,1024,1030,25178,9721,13906,2.387,large,large,medium,111.3
PolypGen,/home/samsul/Documents/Polyp Detection/Polyp-Gen:/seq12/images/174.jpg,pgen_seq12,0,449,457,635,572,1024,1030,17400,6718,8375,1.65,medium,large,small,92.5
PolypGen,/home/samsul/Documents/Polyp Detection/Polyp-Gen:/seq12/images/71.jpg,pgen_seq12,0,367,773,523,872,1024,1030,12630,4876,6062,1.197,medium,large,small,78.8
PolypGen,/home/samsul/Documents/Polyp Detection/Polyp-Gen:/seq12/images/198.jpg,pgen_seq12,0,524,508,675,666,1024,1030,16575,6399,9331,1.572,medium,large,small,90.3
PolypGen,/home/samsul/Documents/Polyp Detection/Polyp-Gen:/seq12/images/234.jpg,pgen_seq12,0,521,660,704,887,1024,1030,26164,10102,16197,2.481,large,large,medium,113.4
PolypGen,/home/samsul/Documents/Polyp Detection/Polyp-Gen:/seq12/images/241.jpg,pgen_seq12,0,531,675,710,919,1024,1030,26160,10100,17026,2.48,large,large,medium,113.4
PolypGen,/home/samsul/Documents/Polyp Detection/Polyp-Gen:/seq12/images/150.jpg,pgen_seq12,0,396,449,600,642,1024,1030,22769,8791,15355,2.159,medium,large,medium,105.8
PolypGen,/home/samsul/Documents/Polyp Detection/Polyp-Gen:/seq12/images/204.jpg,pgen_seq12,0,519,481,679,656,1024,1030,20089,7756,10940,1.905,medium,large,medium,99.4
PolypGen,/home/samsul/Documents/Polyp Detection/Polyp-Gen:/seq12/images/116.jpg,pgen_seq12,0,513,808,602,908,1024,1030,6509,2513,3510,0.617,medium,medium,small,56.6
PolypGen,/home/samsul/Documents/Polyp Detection/Polyp-Gen:/seq12/images/166.jpg,pgen_seq12,0,549,547,720,676,1024,1030,14008,5408,8633,1.328,medium,large,small,83.0
PolypGen,/home/samsul/Documents/Polyp Detection/Polyp-Gen:/seq12/images/232.jpg,pgen_seq12,0,517,653,720,887,1024,1030,31711,12243,18509,3.007,large,large,medium,124.9
PolypGen,/home/samsul/Documents/Polyp Detection/Polyp-Gen:/seq12/images/93.jpg,pgen_seq12,0,489,861,634,964,1024,1030,12446,4805,5862,1.18,medium,large,small,78.2
PolypGen,/home/samsul/Documents/Polyp Detection/Polyp-Gen:/seq12/images/76.jpg,pgen_seq12,0,363,777,516,879,1024,1030,12279,4741,6124,1.164,medium,large,small,77.7
PolypGen,/home/samsul/Documents/Polyp Detection/Polyp-Gen:/seq12/images/200.jpg,pgen_seq12,0,520,489,676,654,1024,1030,18585,7175,10062,1.762,medium,large,medium,95.6
PolypGen,/home/samsul/Documents/Polyp Detection/Polyp-Gen:/seq12/images/18.jpg,pgen_seq12,0,376,719,540,836,1024,1030,14537,5613,7517,1.378,medium,large,small,84.5
PolypGen,/home/samsul/Documents/Polyp Detection/Polyp-Gen:/seq12/images/192.jpg,pgen_seq12,0,493,503,632,659,1024,1030,14635,5650,8486,1.388,medium,large,small,84.8
PolypGen,/home/samsul/Documents/Polyp Detection/Polyp-Gen:/seq12/images/111.jpg,pgen_seq12,0,515,808,603,907,1024,1030,6624,2557,3436,0.628,medium,medium,small,57.1
PolypGen,/home/samsul/Documents/Polyp Detection/Polyp-Gen:/seq12/images/3.jpg,pgen_seq12,0,380,605,551,746,1024,1030,15531,5996,9430,1.473,medium,large,small,87.4
PolypGen,/home/samsul/Documents/Polyp Detection/Polyp-Gen:/seq12/images/49.jpg,pgen_seq12,0,361,728,526,843,1024,1030,14756,5697,7434,1.399,medium,large,small,85.2
PolypGen,/home/samsul/Documents/Polyp Detection/Polyp-Gen:/seq12/images/40.jpg,pgen_seq12,0,368,741,531,856,1024,1030,14707,5678,7345,1.394,medium,large,small,85.0
PolypGen,/home/samsul/Documents/Polyp Detection/Polyp-Gen:/seq12/images/68.jpg,pgen_seq12,0,365,776,518,870,1024,1030,11187,4319,5648,1.061,medium,large,small,74.2
PolypGen,/home/samsul/Documents/Polyp Detection/Polyp-Gen:/seq12/images/197.jpg,pgen_seq12,0,521,511,664,663,1024,1030,15324,5916,8506,1.453,medium,large,small,86.8
PolypGen,/home/samsul/Documents/Polyp Detection/Polyp-Gen:/seq12/images/235.jpg,pgen_seq12,0,521,664,707,907,1024,1030,27338,10555,17616,2.592,large,large,medium,115.9
PolypGen,/home/samsul/Documents/Polyp Detection/Polyp-Gen:/seq12/images/57.jpg,pgen_seq12,0,355,753,511,852,1024,1030,12323,4758,6062,1.168,medium,large,small,77.8
PolypGen,/home/samsul/Documents/Polyp Detection/Polyp-Gen:/seq12/images/123.jpg,pgen_seq12,0,521,801,603,906,1024,1030,6485,2504,3397,0.615,medium,medium,small,56.5
PolypGen,/home/samsul/Documents/Polyp Detection/Polyp-Gen:/seq12/images/220.jpg,pgen_seq12,0,495,604,683,816,1024,1030,29595,11426,15543,2.806,large,large,medium,120.6
PolypGen,/home/samsul/Documents/Polyp Detection/Polyp-Gen:/seq12/images/167.jpg,pgen_seq12,0,555,529,720,666,1024,1030,14853,5735,8844,1.408,medium,large,small,85.5
PolypGen,/home/samsul/Documents/Polyp Detection/Polyp-Gen:/seq12/images/81.jpg,pgen_seq12,0,363,780,522,895,1024,1030,13389,5169,7166,1.269,medium,large,small,81.1
PolypGen,/home/samsul/Documents/Polyp Detection/Polyp-Gen:/seq12/images/101.jpg,pgen_seq12,0,529,827,599,896,1024,1030,4072,1572,1919,0.386,medium,medium,small,44.7
PolypGen,/home/samsul/Documents/Polyp Detection/Polyp-Gen:/seq12/images/159.jpg,pgen_seq12,0,531,597,686,730,1024,1030,15311,5911,8071,1.452,medium,large,small,86.8
PolypGen,/home/samsul/Documents/Polyp Detection/Polyp-Gen:/seq12/images/104.jpg,pgen_seq12,0,509,809,602,900,1024,1030,6647,2566,3339,0.63,medium,medium,small,57.2
PolypGen,/home/samsul/Documents/Polyp Detection/Polyp-Gen:/seq12/images/247.jpg,pgen_seq12,0,524,575,698,850,1024,1030,35027,13523,18648,3.321,large,large,medium,131.2
PolypGen,/home/samsul/Documents/Polyp Detection/Polyp-Gen:/seq12/images/11.jpg,pgen_seq12,0,377,697,542,826,1024,1030,15688,6057,8332,1.487,medium,large,small,87.8
PolypGen,/home/samsul/Documents/Polyp Detection/Polyp-Gen:/seq12/images/29.jpg,pgen_seq12,0,387,676,552,799,1024,1030,15130,5842,7947,1.435,medium,large,small,86.2
PolypGen,/home/samsul/Documents/Polyp Detection/Polyp-Gen:/seq12/images/156.jpg,pgen_seq12,0,537,572,704,695,1024,1030,14055,5426,8043,1.333,medium,large,small,83.1
PolypGen,/home/samsul/Documents/Polyp Detection/Polyp-Gen:/seq12/images/85.jpg,pgen_seq12,0,360,784,520,886,1024,1030,12645,4882,6402,1.199,medium,large,small,78.8
PolypGen,/home/samsul/Documents/Polyp Detection/Polyp-Gen:/seq12/images/145.jpg,pgen_seq12,0,579,632,748,743,1024,1030,14733,5688,7351,1.397,medium,large,small,85.1
PolypGen,/home/samsul/Documents/Polyp Detection/Polyp-Gen:/seq12/images/54.jpg,pgen_seq12,0,359,764,514,862,1024,1030,12194,4708,5963,1.156,medium,large,small,77.4
PolypGen,/home/samsul/Documents/Polyp Detection/Polyp-Gen:/seq12/images/51.jpg,pgen_seq12,0,361,765,515,874,1024,1030,13729,5301,6583,1.302,medium,large,small,82.2
PolypGen,/home/samsul/Documents/Polyp Detection/Polyp-Gen:/seq12/images/209.jpg,pgen_seq12,0,499,508,670,702,1024,1030,22886,8836,12949,2.17,medium,large,medium,106.1
PolypGen,/home/samsul/Documents/Polyp Detection/Polyp-Gen:/seq12/images/6.jpg,pgen_seq12,0,360,841,663,1016,1024,1030,44697,17257,20657,4.238,large,large,medium,148.2
PolypGen,/home/samsul/Documents/Polyp Detection/Polyp-Gen:/seq12/images/58.jpg,pgen_seq12,0,357,749,512,855,1024,1030,12745,4921,6445,1.208,medium,large,small,79.2
PolypGen,/home/samsul/Documents/Polyp Detection/Polyp-Gen:/seq12/images/121.jpg,pgen_seq12,0,519,811,606,907,1024,1030,6456,2493,3296,0.612,medium,medium,small,56.3
PolypGen,/home/samsul/Documents/Polyp Detection/Polyp-Gen:/seq12/images/238.jpg,pgen_seq12,0,528,676,710,918,1024,1030,26702,10309,17169,2.532,large,large,medium,114.6
PolypGen,/home/samsul/Documents/Polyp Detection/Polyp-Gen:/seq12/images/66.jpg,pgen_seq12,0,363,767,516,870,1024,1030,12506,4828,6184,1.186,medium,large,small,78.4
PolypGen,/home/samsul/Documents/Polyp Detection/Polyp-Gen:/seq12/images/10.jpg,pgen_seq12,0,381,696,544,826,1024,1030,15349,5926,8295,1.455,medium,large,small,86.9
PolypGen,/home/samsul/Documents/Polyp Detection/Polyp-Gen:/seq12/images/118.jpg,pgen_seq12,0,517,805,604,911,1024,1030,6464,2496,3635,0.613,medium,medium,small,56.4
PolypGen,/home/samsul/Documents/Polyp Detection/Polyp-Gen:/seq12/images/34.jpg,pgen_seq12,0,361,735,535,847,1024,1030,15726,6072,7635,1.491,medium,large,small,87.9
PolypGen,/home/samsul/Documents/Polyp Detection/Polyp-Gen:/seq12/images/37.jpg,pgen_seq12,0,371,748,534,855,1024,1030,14163,5468,6838,1.343,medium,large,small,83.4
PolypGen,/home/samsul/Documents/Polyp Detection/Polyp-Gen:/seq12/images/110.jpg,pgen_seq12,0,515,805,602,903,1024,1030,6616,2554,3364,0.627,medium,medium,small,57.0
PolypGen,/home/samsul/Documents/Polyp Detection/Polyp-Gen:/seq12/images/115.jpg,pgen_seq12,0,511,811,606,915,1024,1030,7551,2915,3892,0.716,medium,medium,small,60.9
PolypGen,/home/samsul/Documents/Polyp Detection/Polyp-Gen:/seq12/images/67.jpg,pgen_seq12,0,363,771,518,872,1024,1030,12424,4797,6143,1.178,medium,large,small,78.2
PolypGen,/home/samsul/Documents/Polyp Detection/Polyp-Gen:/seq12/images/27.jpg,pgen_seq12,0,388,679,551,804,1024,1030,15046,5809,7978,1.427,medium,large,small,86.0
PolypGen,/home/samsul/Documents/Polyp Detection/Polyp-Gen:/seq12/images/182.jpg,pgen_seq12,0,451,493,614,613,1024,1030,13567,5238,7662,1.286,medium,large,small,81.7
PolypGen,/home/samsul/Documents/Polyp Detection/Polyp-Gen:/seq12/images/126.jpg,pgen_seq12,0,525,797,600,898,1024,1030,5722,2209,2993,0.543,medium,medium,small,53.0
PolypGen,/home/samsul/Documents/Polyp Detection/Polyp-Gen:/seq12/images/82.jpg,pgen_seq12,0,361,785,516,886,1024,1030,12181,4703,6143,1.155,medium,large,small,77.4
PolypGen,/home/samsul/Documents/Polyp Detection/Polyp-Gen:/seq12/images/78.jpg,pgen_seq12,0,363,777,516,887,1024,1030,12548,4845,6600,1.19,medium,large,small,78.5
PolypGen,/home/samsul/Documents/Polyp Detection/Polyp-Gen:/seq12/images/162.jpg,pgen_seq12,0,557,541,724,662,1024,1030,13256,5118,7913,1.257,medium,large,small,80.7
PolypGen,/home/samsul/Documents/Polyp Detection/Polyp-Gen:/seq12/images/62.jpg,pgen_seq12,0,360,764,515,866,1024,1030,12324,4758,6204,1.168,medium,large,small,77.8
PolypGen,/home/samsul/Documents/Polyp Detection/Polyp-Gen:/seq12/images/39.jpg,pgen_seq12,0,336,879,638,1018,1024,1030,35359,13652,16378,3.352,large,large,medium,131.8
PolypGen,/home/samsul/Documents/Polyp Detection/Polyp-Gen:/seq12/images/244.jpg,pgen_seq12,0,521,695,703,924,1024,1030,21211,8189,16250,2.011,medium,large,medium,102.1
PolypGen,/home/samsul/Documents/Polyp Detection/Polyp-Gen:/seq12/images/120.jpg,pgen_seq12,0,516,807,603,906,1024,1030,6736,2601,3398,0.639,medium,medium,small,57.5
PolypGen,/home/samsul/Documents/Polyp Detection/Polyp-Gen:/seq12/images/179.jpg,pgen_seq12,0,423,463,616,620,1024,1030,22415,8654,11834,2.125,medium,large,medium,105.0
PolypGen,/home/samsul/Documents/Polyp Detection/Polyp-Gen:/seq12/images/154.jpg,pgen_seq12,0,463,524,638,622,1024,1030,12784,4936,6727,1.212,medium,large,small,79.3
PolypGen,/home/samsul/Documents/Polyp Detection/Polyp-Gen:/seq12/images/89.jpg,pgen_seq12,0,365,788,523,890,1024,1030,12531,4838,6323,1.188,medium,large,small,78.5
PolypGen,/home/samsul/Documents/Polyp Detection/Polyp-Gen:/seq12/images/99.jpg,pgen_seq12,0,511,817,607,922,1024,1030,7963,3074,3970,0.755,medium,medium,small,62.6
PolypGen,/home/samsul/Documents/Polyp Detection/Polyp-Gen:/seq12/images/131.jpg,pgen_seq12,0,523,793,599,892,1024,1030,5343,2063,2973,0.507,medium,medium,small,51.3
PolypGen,/home/samsul/Documents/Polyp Detection/Polyp-Gen:/seq12/images/190.jpg,pgen_seq12,0,481,491,622,611,1024,1030,13227,5107,6634,1.254,medium,large,small,80.6
PolypGen,/home/samsul/Documents/Polyp Detection/Polyp-Gen:/seq12/images/105.jpg,pgen_seq12,0,507,807,602,903,1024,1030,7282,2811,3595,0.69,medium,medium,small,59.8
PolypGen,/home/samsul/Documents/Polyp Detection/Polyp-Gen:/seq12/images/191.jpg,pgen_seq12,0,492,487,627,611,1024,1030,12746,4921,6563,1.208,medium,large,small,79.2
PolypGen,/home/samsul/Documents/Polyp Detection/Polyp-Gen:/seq12/images/112.jpg,pgen_seq12,0,511,809,603,902,1024,1030,6769,2613,3375,0.642,medium,medium,small,57.7
PolypGen,/home/samsul/Documents/Polyp Detection/Polyp-Gen:/seq12/images/236.jpg,pgen_seq12,0,519,672,703,910,1024,1030,27166,10488,17071,2.576,large,large,medium,115.6
PolypGen,/home/samsul/Documents/Polyp Detection/Polyp-Gen:/seq12/images/170.jpg,pgen_seq12,0,481,457,664,587,1024,1030,16138,6231,9306,1.53,medium,large,small,89.1
PolypGen,/home/samsul/Documents/Polyp Detection/Polyp-Gen:/seq12/images/169.jpg,pgen_seq12,0,497,475,672,602,1024,1030,15346,5925,8698,1.455,medium,large,small,86.9
PolypGen,/home/samsul/Documents/Polyp Detection/Polyp-Gen:/seq12/images/86.jpg,pgen_seq12,0,367,787,523,886,1024,1030,12434,4801,6062,1.179,medium,large,small,78.2
PolypGen,/home/samsul/Documents/Polyp Detection/Polyp-Gen:/seq12/images/177.jpg,pgen_seq12,0,431,496,610,638,1024,1030,19493,7526,9938,1.848,medium,large,small,97.9
PolypGen,/home/samsul/Documents/Polyp Detection/Polyp-Gen:/seq12/images/31.jpg,pgen_seq12,0,372,717,543,832,1024,1030,15618,6030,7703,1.481,medium,large,small,87.6
PolypGen,/home/samsul/Documents/Polyp Detection/Polyp-Gen:/seq12/images/8.jpg,pgen_seq12,0,385,657,550,794,1024,1030,15189,5864,8844,1.44,medium,large,small,86.4
PolypGen,/home/samsul/Documents/Polyp Detection/Polyp-Gen:/seq12/images/164.jpg,pgen_seq12,0,558,548,723,674,1024,1030,13799,5328,8139,1.308,medium,large,small,82.4
PolypGen,/home/samsul/Documents/Polyp Detection/Polyp-Gen:/seq12/images/98.jpg,pgen_seq12,0,507,821,608,919,1024,1030,7909,3054,3899,0.75,medium,medium,small,62.4
PolypGen,/home/samsul/Documents/Polyp Detection/Polyp-Gen:/seq12/images/103.jpg,pgen_seq12,0,517,815,600,919,1024,1030,6769,2613,3405,0.642,medium,medium,small,57.7
PolypGen,/home/samsul/Documents/Polyp Detection/Polyp-Gen:/seq12/images/41.jpg,pgen_seq12,0,367,743,536,850,1024,1030,14224,5492,7089,1.349,medium,large,small,83.6
PolypGen,/home/samsul/Documents/Polyp Detection/Polyp-Gen:/seq12/images/109.jpg,pgen_seq12,0,513,808,602,904,1024,1030,6345,2450,3371,0.602,medium,medium,small,55.9
PolypGen,/home/samsul/Documents/Polyp Detection/Polyp-Gen:/seq12/images/83.jpg,pgen_seq12,0,356,885,638,1016,1024,1030,31768,12265,14423,3.012,large,large,medium,125.0
PolypGen,/home/samsul/Documents/Polyp Detection/Polyp-Gen:/seq12/images/165.jpg,pgen_seq12,0,552,544,726,679,1024,1030,15126,5840,9189,1.434,medium,large,small,86.2
PolypGen,/home/samsul/Documents/Polyp Detection/Polyp-Gen:/seq12/images/173.jpg,pgen_seq12,0,457,444,642,556,1024,1030,16206,6257,8115,1.537,medium,large,small,89.3
PolypGen,/home/samsul/Documents/Polyp Detection/Polyp-Gen:/seq12/images/172.jpg,pgen_seq12,0,385,484,587,656,1024,1030,21086,8141,13559,1.999,medium,large,medium,101.8
PolypGen,/home/samsul/Documents/Polyp Detection/Polyp-Gen:/seq12/images/79.jpg,pgen_seq12,0,360,784,518,884,1024,1030,12848,4960,6200,1.218,medium,large,small,79.5
PolypGen,/home/samsul/Documents/Polyp Detection/Polyp-Gen:/seq12/images/193.jpg,pgen_seq12,0,512,516,648,670,1024,1030,14883,5746,8199,1.411,medium,large,small,85.5
PolypGen,/home/samsul/Documents/Polyp Detection/Polyp-Gen:/seq12/images/188.jpg,pgen_seq12,0,467,489,611,599,1024,1030,11958,4617,6214,1.134,medium,large,small,76.7
PolypGen,/home/samsul/Documents/Polyp Detection/Polyp-Gen:/seq12/images/158.jpg,pgen_seq12,0,527,600,683,735,1024,1030,15585,6017,8244,1.478,medium,large,small,87.5
PolypGen,/home/samsul/Documents/Polyp Detection/Polyp-Gen:/seq12/images/50.jpg,pgen_seq12,0,321,880,626,1018,1024,1030,35806,13824,16422,3.395,large,large,medium,132.7
PolypGen,/home/samsul/Documents/Polyp Detection/Polyp-Gen:/seq12/images/1.jpg,pgen_seq12,0,381,544,546,680,1024,1030,15128,5841,8780,1.434,medium,large,small,86.2
PolypGen,/home/samsul/Documents/Polyp Detection/Polyp-Gen:/seq12/images/186.jpg,pgen_seq12,0,463,484,612,602,1024,1030,13120,5065,6892,1.244,medium,large,small,80.3
PolypGen,/home/samsul/Documents/Polyp Detection/Polyp-Gen:/seq12/images/52.jpg,pgen_seq12,0,357,765,512,867,1024,1030,12748,4922,6204,1.209,medium,large,small,79.2
PolypGen,/home/samsul/Documents/Polyp Detection/Polyp-Gen:/seq12/images/95.jpg,pgen_seq12,0,324,820,580,999,1024,1030,36202,13977,17860,3.432,large,large,medium,133.4
PolypGen,/home/samsul/Documents/Polyp Detection/Polyp-Gen:/seq12/images/19.jpg,pgen_seq12,0,383,713,544,832,1024,1030,14616,5643,7506,1.386,medium,large,small,84.8
PolypGen,/home/samsul/Documents/Polyp Detection/Polyp-Gen:/seq12/images/171.jpg,pgen_seq12,0,463,441,648,570,1024,1030,17290,6675,9336,1.639,medium,large,small,92.2
PolypGen,/home/samsul/Documents/Polyp Detection/Polyp-Gen:/seq12/images/60.jpg,pgen_seq12,0,360,765,512,860,1024,1030,11930,4606,5671,1.131,medium,large,small,76.6
PolypGen,/home/samsul/Documents/Polyp Detection/Polyp-Gen:/seq12/images/124.jpg,pgen_seq12,0,521,799,603,902,1024,1030,6348,2451,3333,0.602,medium,medium,small,55.9
PolypGen,/home/samsul/Documents/Polyp Detection/Polyp-Gen:/seq12/images/189.jpg,pgen_seq12,0,472,485,610,586,1024,1030,10770,4158,5474,1.021,medium,large,small,72.8
PolypGen,/home/samsul/Documents/Polyp Detection/Polyp-Gen:/seq12/images/69.jpg,pgen_seq12,0,364,773,516,874,1024,1030,12431,4799,6025,1.179,medium,large,small,78.2
PolypGen,/home/samsul/Documents/Polyp Detection/Polyp-Gen:/seq12/images/163.jpg,pgen_seq12,0,553,548,723,678,1024,1030,14536,5612,8649,1.378,medium,large,small,84.5
PolypGen,/home/samsul/Documents/Polyp Detection/Polyp-Gen:/seq12/images/225.jpg,pgen_seq12,0,508,637,716,867,1024,1030,32006,12357,18640,3.035,large,large,medium,125.4
PolypGen,/home/samsul/Documents/Polyp Detection/Polyp-Gen:/seq12/images/14.jpg,pgen_seq12,0,379,691,542,818,1024,1030,14849,5733,8105,1.408,medium,large,small,85.4
PolypGen,/home/samsul/Documents/Polyp Detection/Polyp-Gen:/seq12/images/91.jpg,pgen_seq12,0,479,871,627,968,1024,1030,11658,4501,5638,1.105,medium,large,small,75.7
PolypGen,/home/samsul/Documents/Polyp Detection/Polyp-Gen:/seq12/images/249.jpg,pgen_seq12,0,524,572,687,852,1024,1030,32655,12608,17792,3.096,large,large,medium,126.7
PolypGen,/home/samsul/Documents/Polyp Detection/Polyp-Gen:/seq12/images/70.jpg,pgen_seq12,0,365,776,522,879,1024,1030,12817,4948,6344,1.215,medium,large,small,79.4
PolypGen,/home/samsul/Documents/Polyp Detection/Polyp-Gen:/seq12/images/117.jpg,pgen_seq12,0,377,740,606,907,1024,1030,31015,11974,14918,2.941,large,large,medium,123.5
PolypGen,/home/samsul/Documents/Polyp Detection/Polyp-Gen:/seq12/images/23.jpg,pgen_seq12,0,384,695,552,816,1024,1030,15160,5853,7960,1.437,medium,large,small,86.3
PolypGen,/home/samsul/Documents/Polyp Detection/Polyp-Gen:/seq12/images/199.jpg,pgen_seq12,0,528,499,674,656,1024,1030,16674,6438,8967,1.581,medium,large,small,90.5
PolypGen,/home/samsul/Documents/Polyp Detection/Polyp-Gen:/seq12/images/205.jpg,pgen_seq12,0,517,483,676,664,1024,1030,20993,8105,11243,1.99,medium,large,medium,101.6
PolypGen,/home/samsul/Documents/Polyp Detection/Polyp-Gen:/seq12/images/64.jpg,pgen_seq12,0,361,764,514,863,1024,1030,11881,4587,5946,1.126,medium,large,small,76.4
PolypGen,/home/samsul/Documents/Polyp Detection/Polyp-Gen:/seq12/images/28.jpg,pgen_seq12,0,345,868,644,1018,1024,1030,38692,14938,17490,3.668,large,large,medium,137.9
PolypGen,/home/samsul/Documents/Polyp Detection/Polyp-Gen:/seq12/images/17.jpg,pgen_seq12,0,356,841,652,1018,1024,1030,43918,16956,20411,4.164,large,large,medium,146.9
PolypGen,/home/samsul/Documents/Polyp Detection/Polyp-Gen:/seq12/images/36.jpg,pgen_seq12,0,371,739,538,852,1024,1030,14743,5692,7394,1.398,medium,large,small,85.1
PolypGen,/home/samsul/Documents/Polyp Detection/Polyp-Gen:/seq12/images/87.jpg,pgen_seq12,0,364,776,523,878,1024,1030,13188,5092,6363,1.25,medium,large,small,80.5
PolypGen,/home/samsul/Documents/Polyp Detection/Polyp-Gen:/seq12/images/4.jpg,pgen_seq12,0,384,656,551,791,1024,1030,16259,6277,8821,1.542,medium,large,small,89.4
PolypGen,/home/samsul/Documents/Polyp Detection/Polyp-Gen:/seq12/images/216.jpg,pgen_seq12,0,483,591,684,813,1024,1030,29940,11559,17392,2.839,large,large,medium,121.3
PolypGen,/home/samsul/Documents/Polyp Detection/Polyp-Gen:/seq12/images/5.jpg,pgen_seq12,0,380,665,548,799,1024,1030,16465,6357,8809,1.561,medium,large,small,90.0
PolypGen,/home/samsul/Documents/Polyp Detection/Polyp-Gen:/seq12/images/21.jpg,pgen_seq12,0,385,707,550,824,1024,1030,15256,5890,7563,1.446,medium,large,small,86.6
PolypGen,/home/samsul/Documents/Polyp Detection/Polyp-Gen:/seq12/images/208.jpg,pgen_seq12,0,507,500,671,690,1024,1030,21958,8478,12168,2.082,medium,large,medium,103.9
PolypGen,/home/samsul/Documents/Polyp Detection/Polyp-Gen:/seq12/images/72.jpg,pgen_seq12,0,323,883,612,1018,1024,1030,33648,12991,15227,3.19,large,large,medium,128.6
PolypGen,/home/samsul/Documents/Polyp Detection/Polyp-Gen:/seq12/images/0.jpg,pgen_seq12,0,357,889,632,1019,1024,1030,29912,11549,13959,2.836,large,large,medium,121.3
PolypGen,/home/samsul/Documents/Polyp Detection/Polyp-Gen:/seq12/images/147.jpg,pgen_seq12,0,553,536,728,639,1024,1030,13837,5342,7067,1.312,medium,large,small,82.5
PolypGen,/home/samsul/Documents/Polyp Detection/Polyp-Gen:/seq12/images/194.jpg,pgen_seq12,0,357,853,655,1016,1024,1030,41728,16111,18932,3.956,large,large,medium,143.2
PolypGen,/home/samsul/Documents/Polyp Detection/Polyp-Gen:/seq12/images/148.jpg,pgen_seq12,0,523,523,707,623,1024,1030,14393,5557,7214,1.365,medium,large,small,84.1
PolypGen,/home/samsul/Documents/Polyp Detection/Polyp-Gen:/seq12/images/113.jpg,pgen_seq12,0,509,809,606,912,1024,1030,7591,2931,3935,0.72,medium,medium,small,61.1
PolypGen,/home/samsul/Documents/Polyp Detection/Polyp-Gen:/seq12/images/26.jpg,pgen_seq12,0,380,695,550,816,1024,1030,15628,6034,8055,1.482,medium,large,small,87.7
PolypGen,/home/samsul/Documents/Polyp Detection/Polyp-Gen:/seq12/images/12.jpg,pgen_seq12,0,377,701,542,827,1024,1030,15186,5863,8139,1.44,medium,large,small,86.4
PolypGen,/home/samsul/Documents/Polyp Detection/Polyp-Gen:/seq12/images/108.jpg,pgen_seq12,0,508,807,606,908,1024,1030,7059,2725,3899,0.669,medium,medium,small,58.9
PolypGen,/home/samsul/Documents/Polyp Detection/Polyp-Gen:/seq12/images/221.jpg,pgen_seq12,0,499,664,696,851,1024,1030,27455,10600,14372,2.603,large,large,medium,116.2
PolypGen,/home/samsul/Documents/Polyp Detection/Polyp-Gen:/seq12/images/22.jpg,pgen_seq12,0,391,701,552,816,1024,1030,13825,5338,7255,1.311,medium,large,small,82.4
PolypGen,/home/samsul/Documents/Polyp Detection/Polyp-Gen:/seq12/images/129.jpg,pgen_seq12,0,524,792,599,895,1024,1030,5909,2281,3052,0.56,medium,medium,small,53.9
PolypGen,/home/samsul/Documents/Polyp Detection/Polyp-Gen:/seq12/images/140.jpg,pgen_seq12,0,596,760,708,852,1024,1030,6559,2532,4057,0.622,medium,medium,small,56.8
PolypGen,/home/samsul/Documents/Polyp Detection/Polyp-Gen:/seq12/images/140.jpg,pgen_seq12,1,539,769,632,862,1024,1030,5106,1971,3411,0.484,medium,medium,small,50.1
PolypGen,/home/samsul/Documents/Polyp Detection/Polyp-Gen:/seq12/images/100.jpg,pgen_seq12,0,503,820,603,921,1024,1030,7558,2918,3977,0.717,medium,medium,small,61.0
PolypGen,/home/samsul/Documents/Polyp Detection/Polyp-Gen:/seq12/images/248.jpg,pgen_seq12,0,524,572,687,844,1024,1030,32353,12491,17286,3.067,large,large,medium,126.1
PolypGen,/home/samsul/Documents/Polyp Detection/Polyp-Gen:/seq12/images/32.jpg,pgen_seq12,0,368,736,539,856,1024,1030,16232,6267,8035,1.539,medium,large,small,89.3
PolypGen,/home/samsul/Documents/Polyp Detection/Polyp-Gen:/seq12/images/178.jpg,pgen_seq12,0,431,477,615,627,1024,1030,20399,7876,10785,1.934,medium,large,medium,100.1
PolypGen,/home/samsul/Documents/Polyp Detection/Polyp-Gen:/seq12/images/9.jpg,pgen_seq12,0,380,660,546,798,1024,1030,15766,6087,8962,1.495,medium,large,small,88.0
PolypGen,/home/samsul/Documents/Polyp Detection/Polyp-Gen:/seq12/images/44.jpg,pgen_seq12,0,369,744,536,858,1024,1030,14684,5669,7459,1.392,medium,large,small,85.0
PolypGen,/home/samsul/Documents/Polyp Detection/Polyp-Gen:/seq12/images/106.jpg,pgen_seq12,0,339,808,580,970,1024,1030,31479,12154,15230,2.985,large,large,medium,124.4
PolypGen,/home/samsul/Documents/Polyp Detection/Polyp-Gen:/seq12/images/80.jpg,pgen_seq12,0,361,783,519,888,1024,1030,13080,5050,6507,1.24,medium,large,small,80.2
PolypGen,/home/samsul/Documents/Polyp Detection/Polyp-Gen:/seq12/images/35.jpg,pgen_seq12,0,367,739,534,846,1024,1030,14321,5529,7005,1.358,medium,large,small,83.9
PolypGen,/home/samsul/Documents/Polyp Detection/Polyp-Gen:/seq12/images/48.jpg,pgen_seq12,0,367,723,535,836,1024,1030,15289,5903,7438,1.45,medium,large,small,86.7
PolypGen,/home/samsul/Documents/Polyp Detection/Polyp-Gen:/seq12/images/229.jpg,pgen_seq12,0,515,646,715,887,1024,1030,32659,12609,18780,3.096,large,large,medium,126.7
PolypGen,/home/samsul/Documents/Polyp Detection/Polyp-Gen:/seq12/images/33.jpg,pgen_seq12,0,365,725,534,842,1024,1030,15275,5897,7745,1.448,medium,large,small,86.7
PolypGen,/home/samsul/Documents/Polyp Detection/Polyp-Gen:/seq12/images/141.jpg,pgen_seq12,0,553,711,720,828,1024,1030,13386,5168,7654,1.269,medium,large,small,81.1
PolypGen,/home/samsul/Documents/Polyp Detection/Polyp-Gen:/seq12/images/43.jpg,pgen_seq12,0,372,748,535,859,1024,1030,14458,5582,7092,1.371,medium,large,small,84.3
PolypGen,/home/samsul/Documents/Polyp Detection/Polyp-Gen:/seq12/images/90.jpg,pgen_seq12,0,459,857,623,954,1024,1030,12993,5016,6243,1.232,medium,large,small,79.9
PolypGen,/home/samsul/Documents/Polyp Detection/Polyp-Gen:/seq12/images/223.jpg,pgen_seq12,0,507,627,712,852,1024,1030,33629,12984,17975,3.188,large,large,medium,128.6
PolypGen,/home/samsul/Documents/Polyp Detection/Polyp-Gen:/seq12/images/55.jpg,pgen_seq12,0,356,756,507,859,1024,1030,12653,4885,6103,1.2,medium,large,small,78.9
PolypGen,/home/samsul/Documents/Polyp Detection/Polyp-Gen:/seq12/images/183.jpg,pgen_seq12,0,380,529,570,683,1024,1030,19406,7492,11430,1.84,medium,large,medium,97.7
PolypGen,/home/samsul/Documents/Polyp Detection/Polyp-Gen:/seq12/images/245.jpg,pgen_seq12,0,525,699,700,935,1024,1030,20369,7864,16104,1.931,medium,large,medium,100.1
PolypGen,/home/samsul/Documents/Polyp Detection/Polyp-Gen:/seq12/images/143.jpg,pgen_seq12,0,572,652,743,758,1024,1030,13905,5369,7106,1.318,medium,large,small,82.7
PolypGen,/home/samsul/Documents/Polyp Detection/Polyp-Gen:/seq12/images/226.jpg,pgen_seq12,0,512,644,722,876,1024,1030,32770,12652,18981,3.107,large,large,medium,126.9
PolypGen,/home/samsul/Documents/Polyp Detection/Polyp-Gen:/seq12/images/213.jpg,pgen_seq12,0,491,527,671,731,1024,1030,25550,9865,14326,2.422,large,large,medium,112.1
PolypGen,/home/samsul/Documents/Polyp Detection/Polyp-Gen:/seq12/images/175.jpg,pgen_seq12,0,436,492,622,616,1024,1030,18406,7106,9025,1.745,medium,large,small,95.1
PolypGen,/home/samsul/Documents/Polyp Detection/Polyp-Gen:/seq12/images/125.jpg,pgen_seq12,0,521,796,600,896,1024,1030,5864,2264,3120,0.556,medium,medium,small,53.7
PolypGen,/home/samsul/Documents/Polyp Detection/Polyp-Gen:/seq12/images/227.jpg,pgen_seq12,0,511,644,718,876,1024,1030,32753,12646,18711,3.105,large,large,medium,126.9
PolypGen,/home/samsul/Documents/Polyp Detection/Polyp-Gen:/seq12/images/47.jpg,pgen_seq12,0,369,735,538,846,1024,1030,14814,5719,7351,1.405,medium,large,small,85.3
PolypGen,/home/samsul/Documents/Polyp Detection/Polyp-Gen:/seq12/images/206.jpg,pgen_seq12,0,379,516,554,660,1024,1030,15387,5941,9853,1.459,medium,large,small,87.0
PolypGen,/home/samsul/Documents/Polyp Detection/Polyp-Gen:/seq12/images/157.jpg,pgen_seq12,0,528,599,682,730,1024,1030,13893,5364,7899,1.317,medium,large,small,82.6
PolypGen,/home/samsul/Documents/Polyp Detection/Polyp-Gen:/seq12/images/133.jpg,pgen_seq12,0,529,788,598,889,1024,1030,5117,1976,2757,0.485,medium,medium,small,50.2
PolypGen,/home/samsul/Documents/Polyp Detection/Polyp-Gen:/seq12/images/233.jpg,pgen_seq12,0,520,660,710,894,1024,1030,28060,10834,17330,2.66,large,large,medium,117.4
PolypGen,/home/samsul/Documents/Polyp Detection/Polyp-Gen:/seq12/images/184.jpg,pgen_seq12,0,455,492,602,604,1024,1030,12171,4699,6457,1.154,medium,large,small,77.3
PolypGen,/home/samsul/Documents/Polyp Detection/Polyp-Gen:/seq12/images/13.jpg,pgen_seq12,0,381,697,540,820,1024,1030,15106,5832,7660,1.432,medium,large,small,86.2
PolypGen,/home/samsul/Documents/Polyp Detection/Polyp-Gen:/seq12/images/144.jpg,pgen_seq12,0,575,645,743,752,1024,1030,14214,5488,7047,1.348,medium,large,small,83.6
PolypGen,/home/samsul/Documents/Polyp Detection/Polyp-Gen:/seq12/images/53.jpg,pgen_seq12,0,355,768,515,871,1024,1030,13351,5155,6465,1.266,medium,large,small,81.0
PolypGen,/home/samsul/Documents/Polyp Detection/Polyp-Gen:/seq12/images/196.jpg,pgen_seq12,0,513,517,652,667,1024,1030,14785,5708,8162,1.402,medium,large,small,85.3
PolypGen,/home/samsul/Documents/Polyp Detection/Polyp-Gen:/seq12/images/16.jpg,pgen_seq12,0,376,716,536,836,1024,1030,14916,5759,7521,1.414,medium,large,small,85.6
PolypGen,/home/samsul/Documents/Polyp Detection/Polyp-Gen:/seq12/images/195.jpg,pgen_seq12,0,375,523,564,678,1024,1030,18554,7163,11444,1.759,medium,large,medium,95.5
PolypGen,/home/samsul/Documents/Polyp Detection/Polyp-Gen:/seq12/images/42.jpg,pgen_seq12,0,368,743,534,855,1024,1030,14832,5726,7286,1.406,medium,large,small,85.4
PolypGen,/home/samsul/Documents/Polyp Detection/Polyp-Gen:/seq12/images/218.jpg,pgen_seq12,0,481,588,688,809,1024,1030,30419,11744,17828,2.884,large,large,medium,122.3
PolypGen,/home/samsul/Documents/Polyp Detection/Polyp-Gen:/seq12/images/114.jpg,pgen_seq12,0,508,815,607,918,1024,1030,7421,2865,4015,0.704,medium,medium,small,60.4
PolypGen,/home/samsul/Documents/Polyp Detection/Polyp-Gen:/seq12/images/222.jpg,pgen_seq12,0,509,625,718,830,1024,1030,30696,11851,16702,2.91,large,large,medium,122.8
PolypGen,/home/samsul/Documents/Polyp Detection/Polyp-Gen:/seq12/images/38.jpg,pgen_seq12,0,367,747,532,854,1024,1030,13975,5396,6922,1.325,medium,large,small,82.9
PolypGen,/home/samsul/Documents/Polyp Detection/Polyp-Gen:/seq12/images/237.jpg,pgen_seq12,0,527,673,707,919,1024,1030,26658,10292,17261,2.527,large,large,medium,114.5
PolypGen,/home/samsul/Documents/Polyp Detection/Polyp-Gen:/seq12/images/15.jpg,pgen_seq12,0,379,696,543,819,1024,1030,14783,5708,7899,1.402,medium,large,small,85.3
PolypGen,/home/samsul/Documents/Polyp Detection/Polyp-Gen:/seq12/images/25.jpg,pgen_seq12,0,385,692,547,810,1024,1030,14587,5632,7489,1.383,medium,large,small,84.7
PolypGen,/home/samsul/Documents/Polyp Detection/Polyp-Gen:/seq12/images/152.jpg,pgen_seq12,0,468,517,654,608,1024,1030,13703,5291,6642,1.299,medium,large,small,82.1
PolypGen,/home/samsul/Documents/Polyp Detection/Polyp-Gen:/seq12/images/146.jpg,pgen_seq12,0,586,609,756,712,1024,1030,13914,5372,6866,1.319,medium,large,small,82.7
PolypGen,/home/samsul/Documents/Polyp Detection/Polyp-Gen:/seq12/images/96.jpg,pgen_seq12,0,496,821,618,931,1024,1030,10134,3913,5271,0.961,medium,large,small,70.6
PolypGen,/home/samsul/Documents/Polyp Detection/Polyp-Gen:/seq12/images/84.jpg,pgen_seq12,0,324,839,584,1010,1024,1030,36138,13952,17332,3.426,large,large,medium,133.3
PolypGen,/home/samsul/Documents/Polyp Detection/Polyp-Gen:/seq12/images/212.jpg,pgen_seq12,0,492,519,670,720,1024,1030,24755,9558,13960,2.347,large,large,medium,110.3
PolypGen,/home/samsul/Documents/Polyp Detection/Polyp-Gen:/seq12/images/107.jpg,pgen_seq12,0,511,809,603,907,1024,1030,6908,2667,3555,0.655,medium,medium,small,58.3
PolypGen,/home/samsul/Documents/Polyp Detection/Polyp-Gen:/seq12/images/246.jpg,pgen_seq12,0,513,613,667,890,1024,1030,27033,10437,16637,2.563,large,large,medium,115.3
PolypGen,/home/samsul/Documents/Polyp Detection/Polyp-Gen:/seq12/images/217.jpg,pgen_seq12,0,383,536,554,674,1024,1030,15547,6002,9231,1.474,medium,large,small,87.4
PolypGen,/home/samsul/Documents/Polyp Detection/Polyp-Gen:/seq12/images/134.jpg,pgen_seq12,0,529,787,599,890,1024,1030,5027,1941,2851,0.477,medium,medium,small,49.7
PolypGen,/home/samsul/Documents/Polyp Detection/Polyp-Gen:/seq12/images/215.jpg,pgen_seq12,0,483,592,683,808,1024,1030,29161,11259,16840,2.765,large,large,medium,119.7
PolypGen,/home/samsul/Documents/Polyp Detection/Polyp-Gen:/seq12/images/97.jpg,pgen_seq12,0,493,835,580,923,1024,1030,6149,2374,3024,0.583,medium,medium,small,55.0
PolypGen,/home/samsul/Documents/Polyp Detection/Polyp-Gen:/seq12/images/135.jpg,pgen_seq12,0,528,784,599,884,1024,1030,5155,1990,2808,0.489,medium,medium,small,50.3
PolypGen,/home/samsul/Documents/Polyp Detection/Polyp-Gen:/seq12/images/102.jpg,pgen_seq12,0,536,841,588,903,1024,1030,2407,929,1289,0.228,small,medium,small,34.4
PolypGen,/home/samsul/Documents/Polyp Detection/Polyp-Gen:/seq12/images/219.jpg,pgen_seq12,0,480,640,664,810,1024,1030,24230,9355,12214,2.297,large,large,medium,109.1
PolypGen,/home/samsul/Documents/Polyp Detection/Polyp-Gen:/seq12/images/168.jpg,pgen_seq12,0,539,505,704,643,1024,1030,14658,5659,8909,1.39,medium,large,small,84.9
PolypGen,/home/samsul/Documents/Polyp Detection/Polyp-Gen:/seq12/images/63.jpg,pgen_seq12,0,361,765,516,867,1024,1030,12583,4858,6204,1.193,medium,large,small,78.6
PolypGen,/home/samsul/Documents/Polyp Detection/Polyp-Gen:/seq12/images/228.jpg,pgen_seq12,0,379,555,552,688,1024,1030,15563,6009,9002,1.476,medium,large,small,87.5
PolypGen,/home/samsul/Documents/Polyp Detection/Polyp-Gen:/seq12/images/242.jpg,pgen_seq12,0,528,673,711,922,1024,1030,27204,10503,17760,2.579,large,large,medium,115.6
PolypGen,/home/samsul/Documents/Polyp Detection/Polyp-Gen:/seq12/images/56.jpg,pgen_seq12,0,353,755,512,854,1024,1030,13054,5040,6177,1.238,medium,large,small,80.1
PolypGen,/home/samsul/Documents/Polyp Detection/Polyp-Gen:/seq12/images/119.jpg,pgen_seq12,0,519,811,600,910,1024,1030,6634,2561,3166,0.629,medium,medium,small,57.1
PolypGen,/home/samsul/Documents/Polyp Detection/Polyp-Gen:/seq12/images/201.jpg,pgen_seq12,0,527,484,678,644,1024,1030,19160,7397,9448,1.817,medium,large,small,97.0
PolypGen,/home/samsul/Documents/Polyp Detection/Polyp-Gen:/seq12/images/20.jpg,pgen_seq12,0,377,725,540,839,1024,1030,14287,5516,7282,1.355,medium,large,small,83.8
PolypGen,/home/samsul/Documents/Polyp Detection/Polyp-Gen:/seq12/images/46.jpg,pgen_seq12,0,369,745,532,854,1024,1030,14551,5618,6965,1.38,medium,large,small,84.6
PolypGen,/home/samsul/Documents/Polyp Detection/Polyp-Gen:/seq12/images/210.jpg,pgen_seq12,0,496,515,671,711,1024,1030,24082,9298,13386,2.283,large,large,medium,108.8
PolypGen,/home/samsul/Documents/Polyp Detection/Polyp-Gen:/seq12/images/122.jpg,pgen_seq12,0,520,805,604,907,1024,1030,6358,2455,3380,0.603,medium,medium,small,55.9
PolypGen,/home/samsul/Documents/Polyp Detection/Polyp-Gen:/seq12/images/153.jpg,pgen_seq12,0,467,513,640,611,1024,1030,13758,5312,6651,1.304,medium,large,small,82.2
PolypGen,/home/samsul/Documents/Polyp Detection/Polyp-Gen:/seq12/images/127.jpg,pgen_seq12,0,520,797,599,896,1024,1030,5816,2245,3089,0.551,medium,medium,small,53.5
PolypGen,/home/samsul/Documents/Polyp Detection/Polyp-Gen:/seq12/images/142.jpg,pgen_seq12,0,565,661,736,772,1024,1030,14951,5772,7438,1.418,medium,large,small,85.7
PolypGen,/home/samsul/Documents/Polyp Detection/Polyp-Gen:/seq12/images/202.jpg,pgen_seq12,0,523,480,682,655,1024,1030,19988,7717,10872,1.895,medium,large,medium,99.1
PolypGen,/home/samsul/Documents/Polyp Detection/Polyp-Gen:/seq12/images/74.jpg,pgen_seq12,0,367,775,520,875,1024,1030,12360,4772,6005,1.172,medium,large,small,77.9
PolypGen,/home/samsul/Documents/Polyp Detection/Polyp-Gen:/seq12/images/136.jpg,pgen_seq12,0,527,780,599,884,1024,1030,5469,2112,2959,0.519,medium,medium,small,51.9
PolypGen,/home/samsul/Documents/Polyp Detection/Polyp-Gen:/seq12/images/92.jpg,pgen_seq12,0,485,872,634,972,1024,1030,12382,4781,5849,1.174,medium,large,small,78.0
PolypGen,/home/samsul/Documents/Polyp Detection/Polyp-Gen:/seq12/images/185.jpg,pgen_seq12,0,452,495,603,615,1024,1030,13158,5080,7101,1.248,medium,large,small,80.4
PolypGen,/home/samsul/Documents/Polyp Detection/Polyp-Gen:/seq12/images/155.jpg,pgen_seq12,0,487,540,670,636,1024,1030,14162,5468,6891,1.343,medium,large,small,83.4
PolypGen,/home/samsul/Documents/Polyp Detection/Polyp-Gen:/seq12/images/7.jpg,pgen_seq12,0,379,683,555,815,1024,1030,16510,6374,9089,1.565,medium,large,small,90.1
PolypGen,/home/samsul/Documents/Polyp Detection/Polyp-Gen:/seq12/images/45.jpg,pgen_seq12,0,368,747,536,858,1024,1030,14885,5747,7308,1.411,medium,large,small,85.5
PolypGen,/home/samsul/Documents/Polyp Detection/Polyp-Gen:/seq12/images/128.jpg,pgen_seq12,0,419,625,660,820,1024,1030,31963,12341,18313,3.03,large,large,medium,125.4
PolypGen,/home/samsul/Documents/Polyp Detection/Polyp-Gen:/seq12/images/180.jpg,pgen_seq12,0,427,467,618,622,1024,1030,19872,7672,11564,1.884,medium,large,medium,98.8
PolypGen,/home/samsul/Documents/Polyp Detection/Polyp-Gen:/seq12/images/73.jpg,pgen_seq12,0,365,776,522,872,1024,1030,11934,4608,5917,1.131,medium,large,small,76.6
PolypGen,/home/samsul/Documents/Polyp Detection/Polyp-Gen:/seq12/images/94.jpg,pgen_seq12,0,495,827,620,930,1024,1030,10399,4015,5059,0.986,medium,large,small,71.5
PolypGen,/home/samsul/Documents/Polyp Detection/Polyp-Gen:/seq12/images/132.jpg,pgen_seq12,0,527,791,599,890,1024,1030,5293,2044,2818,0.502,medium,medium,small,51.0
PolypGen,/home/samsul/Documents/Polyp Detection/Polyp-Gen:/seq12/images/207.jpg,pgen_seq12,0,512,488,674,672,1024,1030,21271,8212,11642,2.017,medium,large,medium,102.3
PolypGen,/home/samsul/Documents/Polyp Detection/Polyp-Gen:/seq12/images/151.jpg,pgen_seq12,0,467,508,662,608,1024,1030,15419,5953,7643,1.462,medium,large,small,87.1
PolypGen,/home/samsul/Documents/Polyp Detection/Polyp-Gen:/seq12/images/88.jpg,pgen_seq12,0,367,775,519,882,1024,1030,13307,5138,6380,1.262,medium,large,small,80.9
PolypGen,/home/samsul/Documents/Polyp Detection/Polyp-Gen:/seq12/images/65.jpg,pgen_seq12,0,363,769,516,870,1024,1030,12176,4701,6065,1.154,medium,large,small,77.4
PolypGen,/home/samsul/Documents/Polyp Detection/Polyp-Gen:/seq12/images/176.jpg,pgen_seq12,0,432,500,614,634,1024,1030,18452,7124,9538,1.749,medium,large,small,95.2
PolypGen,/home/samsul/Documents/Polyp Detection/Polyp-Gen:/seq12/images/161.jpg,pgen_seq12,0,383,461,582,644,1024,1030,20898,8068,14208,1.981,medium,large,medium,101.4
PolypGen,/home/samsul/Documents/Polyp Detection/Polyp-Gen:/seq12/images/139.jpg,pgen_seq12,0,421,512,667,755,1024,1030,41119,15876,23269,3.899,large,large,medium,142.2
PolypGen,/home/samsul/Documents/Polyp Detection/Polyp-Gen:/seq12/images/77.jpg,pgen_seq12,0,361,780,518,883,1024,1030,12623,4874,6344,1.197,medium,large,small,78.8
PolypGen,/home/samsul/Documents/Polyp Detection/Polyp-Gen:/seq12/images/61.jpg,pgen_seq12,0,324,883,622,1018,1024,1030,34059,13150,15700,3.229,large,large,medium,129.4
PolypGen,/home/samsul/Documents/Polyp Detection/Polyp-Gen:/seq12/images/149.jpg,pgen_seq12,0,487,505,671,606,1024,1030,14874,5743,7285,1.41,medium,large,small,85.5
PolypGen,/home/samsul/Documents/Polyp Detection/Polyp-Gen:/seq12/images/240.jpg,pgen_seq12,0,527,672,711,916,1024,1030,26275,10144,17499,2.491,large,large,medium,113.6
PolypGen,/home/samsul/Documents/Polyp Detection/Polyp-Gen:/seq12/images/224.jpg,pgen_seq12,0,511,628,716,856,1024,1030,31400,12123,18213,2.977,large,large,medium,124.2
PolypGen,/home/samsul/Documents/Polyp Detection/Polyp-Gen:/seq12/images/239.jpg,pgen_seq12,0,383,551,548,687,1024,1030,15606,6025,8780,1.48,medium,large,small,87.6
PolypGen,/home/samsul/Documents/Polyp Detection/Polyp-Gen:/seq12/images/130.jpg,pgen_seq12,0,525,791,599,892,1024,1030,5320,2054,2954,0.504,medium,medium,small,51.1
PolypGen,/home/samsul/Documents/Polyp Detection/Polyp-Gen:/seq12/images/24.jpg,pgen_seq12,0,385,687,552,804,1024,1030,14563,5623,7654,1.381,medium,large,small,84.6
PolypGen,/home/samsul/Documents/Polyp Detection/Polyp-Gen:/seq12/images/203.jpg,pgen_seq12,0,523,477,675,655,1024,1030,20026,7732,10574,1.899,medium,large,medium,99.2
PolypGen,/home/samsul/Documents/Polyp Detection/Polyp-Gen:/seq12/images/160.jpg,pgen_seq12,0,528,591,680,712,1024,1030,12925,4990,7207,1.225,medium,large,small,79.7
PolypGen,/home/samsul/Documents/Polyp Detection/Polyp-Gen:/seq12/images/243.jpg,pgen_seq12,0,527,680,710,914,1024,1030,25081,9683,16694,2.378,large,large,medium,111.0
PolypGen,/home/samsul/Documents/Polyp Detection/Polyp-Gen:/seq12/images/30.jpg,pgen_seq12,0,380,704,547,818,1024,1030,14695,5674,7459,1.393,medium,large,small,85.0
PolypGen,/home/samsul/Documents/Polyp Detection/Polyp-Gen:/seq12/images/187.jpg,pgen_seq12,0,467,491,614,602,1024,1030,12280,4741,6400,1.164,medium,large,small,77.7
PolypGen,/home/samsul/Documents/Polyp Detection/Polyp-Gen:/seq12/images/231.jpg,pgen_seq12,0,516,651,722,899,1024,1030,32571,12575,19900,3.088,large,large,medium,126.5
PolypGen,/home/samsul/Documents/Polyp Detection/Polyp-Gen:/seq12/images/181.jpg,pgen_seq12,0,445,491,619,623,1024,1030,16602,6410,8986,1.574,medium,large,small,90.3
PolypGen,/home/samsul/Documents/Polyp Detection/Polyp-Gen:/seq12/images/138.jpg,pgen_seq12,0,535,767,703,879,1024,1030,7621,2942,7373,0.723,medium,medium,small,61.2
PolypGen,/home/samsul/Documents/Polyp Detection/Polyp-Gen:/seq12/images/2.jpg,pgen_seq12,0,377,552,546,691,1024,1030,15004,5793,9189,1.423,medium,large,small,85.9
PolypGen,/home/samsul/Documents/Polyp Detection/Polyp-Gen:/seq12/images/59.jpg,pgen_seq12,0,359,756,512,856,1024,1030,12251,4730,6005,1.162,medium,large,small,77.6
PolypGen,/home/samsul/Documents/Polyp Detection/Polyp-Gen:/seq12/images/214.jpg,pgen_seq12,0,487,567,672,770,1024,1030,27487,10612,14650,2.606,large,large,medium,116.2
PolypGen,/home/samsul/Documents/Polyp Detection/Polyp-Gen:/seq12/images/230.jpg,pgen_seq12,0,512,649,719,892,1024,1030,33143,12796,19595,3.142,large,large,medium,127.6
PolypGen,/home/samsul/Documents/Polyp Detection/Polyp-Gen:/seq12/images/137.jpg,pgen_seq12,0,536,781,599,880,1024,1030,4518,1744,2471,0.428,medium,medium,small,47.1
PolypGen,/home/samsul/Documents/Polyp Detection/Polyp-Gen:/seq12/images/137.jpg,pgen_seq12,1,669,781,695,816,1024,1030,453,175,375,0.043,small,small,small,14.9
PolypGen,/home/samsul/Documents/Polyp Detection/Polyp-Gen:/seq13/images/75.jpg,pgen_seq13,0,308,0,427,29,1064,1440,3038,600,711,0.198,small,medium,small,27.6
PolypGen,/home/samsul/Documents/Polyp Detection/Polyp-Gen:/seq13/images/211.jpg,pgen_seq13,0,531,24,1023,908,1064,1440,289149,57116,86184,18.872,large,large,large,269.7
PolypGen,/home/samsul/Documents/Polyp Detection/Polyp-Gen:/seq13/images/71.jpg,pgen_seq13,0,327,0,438,34,1064,1440,3005,594,774,0.196,small,medium,small,27.5
PolypGen,/home/samsul/Documents/Polyp Detection/Polyp-Gen:/seq13/images/198.jpg,pgen_seq13,0,471,43,998,923,1064,1440,289091,57104,91885,18.868,large,large,large,269.6
PolypGen,/home/samsul/Documents/Polyp Detection/Polyp-Gen:/seq13/images/234.jpg,pgen_seq13,0,764,211,1253,893,1064,1440,202298,39960,66108,13.203,large,large,large,225.6
PolypGen,/home/samsul/Documents/Polyp Detection/Polyp-Gen:/seq13/images/241.jpg,pgen_seq13,0,769,295,1267,900,1064,1440,178509,35261,59732,11.651,large,large,large,211.9
PolypGen,/home/samsul/Documents/Polyp Detection/Polyp-Gen:/seq13/images/150.jpg,pgen_seq13,0,1085,601,1379,1012,1064,1440,75828,14978,24008,4.949,large,large,medium,138.1
PolypGen,/home/samsul/Documents/Polyp Detection/Polyp-Gen:/seq13/images/204.jpg,pgen_seq13,0,463,11,1006,909,1064,1440,300371,59333,96604,19.604,large,large,large,274.9
PolypGen,/home/samsul/Documents/Polyp Detection/Polyp-Gen:/seq13/images/116.jpg,pgen_seq13,0,180,0,941,694,1064,1440,327321,64656,104610,21.363,large,large,large,286.9
PolypGen,/home/samsul/Documents/Polyp Detection/Polyp-Gen:/seq13/images/166.jpg,pgen_seq13,0,387,32,1069,940,1064,1440,377749,74617,122636,24.655,large,large,large,308.2
PolypGen,/home/samsul/Documents/Polyp Detection/Polyp-Gen:/seq13/images/232.jpg,pgen_seq13,0,758,231,1243,911,1064,1440,197070,38927,65376,12.862,large,large,large,222.6
PolypGen,/home/samsul/Documents/Polyp Detection/Polyp-Gen:/seq13/images/93.jpg,pgen_seq13,0,223,1,1081,585,1064,1440,312340,61697,99262,20.386,large,large,large,280.3
PolypGen,/home/samsul/Documents/Polyp Detection/Polyp-Gen:/seq13/images/200.jpg,pgen_seq13,0,437,47,994,923,1064,1440,303936,60037,96665,19.837,large,large,large,276.5
PolypGen,/home/samsul/Documents/Polyp Detection/Polyp-Gen:/seq13/images/18.jpg,pgen_seq13,0,931,266,1267,609,1064,1440,22537,4452,22899,1.471,medium,large,medium,75.3
PolypGen,/home/samsul/Documents/Polyp Detection/Polyp-Gen:/seq13/images/18.jpg,pgen_seq13,1,584,281,1266,1023,1064,1440,337473,66661,100241,22.026,large,large,large,291.3
PolypGen,/home/samsul/Documents/Polyp Detection/Polyp-Gen:/seq13/images/192.jpg,pgen_seq13,0,471,60,986,915,1064,1440,263435,52037,87249,17.194,large,large,large,257.4
PolypGen,/home/samsul/Documents/Polyp Detection/Polyp-Gen:/seq13/images/111.jpg,pgen_seq13,0,164,0,926,681,1064,1440,335731,66317,102788,21.912,large,large,large,290.6
PolypGen,/home/samsul/Documents/Polyp Detection/Polyp-Gen:/seq13/images/3.jpg,pgen_seq13,0,833,770,1084,1057,1064,1440,48620,9604,14336,3.173,large,large,medium,110.6
PolypGen,/home/samsul/Documents/Polyp Detection/Polyp-Gen:/seq13/images/3.jpg,pgen_seq13,1,1040,841,1070,868,1064,1440,100,20,171,0.007,small,small,small,5.0
PolypGen,/home/samsul/Documents/Polyp Detection/Polyp-Gen:/seq13/images/3.jpg,pgen_seq13,2,1074,872,1144,999,1064,1440,3234,639,1795,0.211,small,medium,small,28.5
PolypGen,/home/samsul/Documents/Polyp Detection/Polyp-Gen:/seq13/images/49.jpg,pgen_seq13,0,243,0,431,123,1064,1440,13945,2755,4629,0.91,medium,large,small,59.2
PolypGen,/home/samsul/Documents/Polyp Detection/Polyp-Gen:/seq13/images/68.jpg,pgen_seq13,0,278,1,474,106,1064,1440,11893,2349,4125,0.776,medium,large,small,54.7
PolypGen,/home/samsul/Documents/Polyp Detection/Polyp-Gen:/seq13/images/197.jpg,pgen_seq13,0,474,30,998,913,1064,1440,281747,55654,91674,18.389,large,large,large,266.2
PolypGen,/home/samsul/Documents/Polyp Detection/Polyp-Gen:/seq13/images/235.jpg,pgen_seq13,0,766,220,1248,904,1064,1440,198842,39277,65354,12.978,large,large,large,223.6
PolypGen,/home/samsul/Documents/Polyp Detection/Polyp-Gen:/seq13/images/57.jpg,pgen_seq13,0,301,0,513,130,1064,1440,15183,2999,5512,0.991,medium,large,small,61.8
PolypGen,/home/samsul/Documents/Polyp Detection/Polyp-Gen:/seq13/images/123.jpg,pgen_seq13,0,158,0,1346,1063,1064,1440,840898,166103,249896,54.883,large,large,large,459.9
PolypGen,/home/samsul/Documents/Polyp Detection/Polyp-Gen:/seq13/images/220.jpg,pgen_seq13,0,722,40,1130,900,1064,1440,254986,50368,69560,16.642,large,large,large,253.2
PolypGen,/home/samsul/Documents/Polyp Detection/Polyp-Gen:/seq13/images/167.jpg,pgen_seq13,0,417,87,1031,893,1064,1440,280353,55378,98036,18.298,large,large,large,265.5
PolypGen,/home/samsul/Documents/Polyp Detection/Polyp-Gen:/seq13/images/101.jpg,pgen_seq13,0,219,1,1067,599,1064,1440,313712,61968,100455,20.475,large,large,large,280.9
PolypGen,/home/samsul/Documents/Polyp Detection/Polyp-Gen:/seq13/images/159.jpg,pgen_seq13,0,318,15,1084,973,1064,1440,444526,87808,145294,29.013,large,large,large,334.4
PolypGen,/home/samsul/Documents/Polyp Detection/Polyp-Gen:/seq13/images/104.jpg,pgen_seq13,0,198,0,1029,624,1064,1440,322200,63644,102716,21.029,large,large,large,284.7
PolypGen,/home/samsul/Documents/Polyp Detection/Polyp-Gen:/seq13/images/247.jpg,pgen_seq13,0,773,220,1308,966,1064,1440,251167,49613,79090,16.393,large,large,large,251.3
PolypGen,/home/samsul/Documents/Polyp Detection/Polyp-Gen:/seq13/images/11.jpg,pgen_seq13,0,939,378,1221,743,1064,1440,17216,3401,20460,1.124,medium,large,medium,65.8
PolypGen,/home/samsul/Documents/Polyp Detection/Polyp-Gen:/seq13/images/11.jpg,pgen_seq13,1,636,405,1207,1057,1064,1440,241523,47708,73781,15.764,large,large,large,246.5
PolypGen,/home/samsul/Documents/Polyp Detection/Polyp-Gen:/seq13/images/156.jpg,pgen_seq13,0,326,3,1095,974,1064,1440,449246,88740,147840,29.321,large,large,large,336.1
PolypGen,/home/samsul/Documents/Polyp Detection/Polyp-Gen:/seq13/images/145.jpg,pgen_seq13,0,366,0,1103,955,1064,1440,433714,85672,139364,28.307,large,large,large,330.3
PolypGen,/home/samsul/Documents/Polyp Detection/Polyp-Gen:/seq13/images/54.jpg,pgen_seq13,0,336,0,602,165,1064,1440,23939,4729,8755,1.562,medium,large,small,77.6
PolypGen,/home/samsul/Documents/Polyp Detection/Polyp-Gen:/seq13/images/51.jpg,pgen_seq13,0,243,0,443,149,1064,1440,16548,3269,5956,1.08,medium,large,small,64.5
PolypGen,/home/samsul/Documents/Polyp Detection/Polyp-Gen:/seq13/images/209.jpg,pgen_seq13,0,473,10,1011,909,1064,1440,301038,59464,95822,19.648,large,large,large,275.2
PolypGen,/home/samsul/Documents/Polyp Detection/Polyp-Gen:/seq13/images/58.jpg,pgen_seq13,0,309,0,438,49,1064,1440,5083,1004,1284,0.332,small,medium,small,35.8
PolypGen,/home/samsul/Documents/Polyp Detection/Polyp-Gen:/seq13/images/121.jpg,pgen_seq13,0,215,0,1310,1063,1064,1440,700498,138370,230349,45.72,large,large,large,419.7
PolypGen,/home/samsul/Documents/Polyp Detection/Polyp-Gen:/seq13/images/238.jpg,pgen_seq13,0,766,263,1264,902,1064,1440,189252,37383,63083,12.352,large,large,large,218.2
PolypGen,/home/samsul/Documents/Polyp Detection/Polyp-Gen:/seq13/images/10.jpg,pgen_seq13,0,959,400,1245,824,1064,1440,19899,3931,24094,1.299,medium,large,medium,70.7
PolypGen,/home/samsul/Documents/Polyp Detection/Polyp-Gen:/seq13/images/10.jpg,pgen_seq13,1,687,434,1198,1028,1064,1440,198555,39221,60176,12.959,large,large,large,223.5
PolypGen,/home/samsul/Documents/Polyp Detection/Polyp-Gen:/seq13/images/10.jpg,pgen_seq13,2,1215,828,1221,844,1064,1440,30,6,24,0.002,small,small,small,2.8
PolypGen,/home/samsul/Documents/Polyp Detection/Polyp-Gen:/seq13/images/10.jpg,pgen_seq13,3,1194,859,1205,865,1064,1440,42,8,17,0.003,small,small,small,3.2
PolypGen,/home/samsul/Documents/Polyp Detection/Polyp-Gen:/seq13/images/118.jpg,pgen_seq13,0,165,0,1110,983,1064,1440,540389,106744,183874,35.27,large,large,large,368.7
PolypGen,/home/samsul/Documents/Polyp Detection/Polyp-Gen:/seq13/images/110.jpg,pgen_seq13,0,160,0,940,686,1064,1440,342488,67652,105985,22.353,large,large,large,293.5
PolypGen,/home/samsul/Documents/Polyp Detection/Polyp-Gen:/seq13/images/115.jpg,pgen_seq13,0,171,0,926,653,1064,1440,309381,61112,97664,20.192,large,large,large,278.9
PolypGen,/home/samsul/Documents/Polyp Detection/Polyp-Gen:/seq13/images/67.jpg,pgen_seq13,0,279,0,409,52,1064,1440,5553,1097,1371,0.362,medium,medium,small,37.4
PolypGen,/home/samsul/Documents/Polyp Detection/Polyp-Gen:/seq13/images/182.jpg,pgen_seq13,0,489,78,1123,1051,1064,1440,302794,59811,122171,19.763,large,large,large,276.0
PolypGen,/home/samsul/Documents/Polyp Detection/Polyp-Gen:/seq13/images/126.jpg,pgen_seq13,0,248,0,1175,1063,1064,1440,620286,122526,195040,40.484,large,large,large,395.0
PolypGen,/home/samsul/Documents/Polyp Detection/Polyp-Gen:/seq13/images/162.jpg,pgen_seq13,0,345,47,1058,948,1064,1440,385982,76243,127215,25.192,large,large,large,311.6
PolypGen,/home/samsul/Documents/Polyp Detection/Polyp-Gen:/seq13/images/62.jpg,pgen_seq13,0,298,0,393,46,1064,1440,3615,714,891,0.236,small,medium,small,30.2
PolypGen,/home/samsul/Documents/Polyp Detection/Polyp-Gen:/seq13/images/244.jpg,pgen_seq13,0,769,241,1313,977,1064,1440,254042,50181,79341,16.581,large,large,large,252.8
PolypGen,/home/samsul/Documents/Polyp Detection/Polyp-Gen:/seq13/images/120.jpg,pgen_seq13,0,219,0,1195,1063,1064,1440,629139,124274,205339,41.062,large,large,large,397.8
PolypGen,/home/samsul/Documents/Polyp Detection/Polyp-Gen:/seq13/images/179.jpg,pgen_seq13,0,610,184,710,283,1064,1440,6953,1373,1995,0.454,medium,medium,small,41.8
PolypGen,/home/samsul/Documents/Polyp Detection/Polyp-Gen:/seq13/images/154.jpg,pgen_seq13,0,352,11,1102,969,1064,1440,443649,87634,142264,28.956,large,large,large,334.0
PolypGen,/home/samsul/Documents/Polyp Detection/Polyp-Gen:/seq13/images/99.jpg,pgen_seq13,0,233,0,932,394,1064,1440,168124,33210,54617,10.973,large,large,large,205.6
PolypGen,/home/samsul/Documents/Polyp Detection/Polyp-Gen:/seq13/images/131.jpg,pgen_seq13,0,255,28,1073,983,1064,1440,450438,88975,154660,29.399,large,large,large,336.6
PolypGen,/home/samsul/Documents/Polyp Detection/Polyp-Gen:/seq13/images/190.jpg,pgen_seq13,0,474,51,1049,969,1064,1440,312744,61777,104562,20.412,large,large,large,280.5
PolypGen,/home/samsul/Documents/Polyp Detection/Polyp-Gen:/seq13/images/105.jpg,pgen_seq13,0,180,0,873,527,1064,1440,219328,43324,72382,14.315,large,large,large,234.9
PolypGen,/home/samsul/Documents/Polyp Detection/Polyp-Gen:/seq13/images/191.jpg,pgen_seq13,0,457,47,1024,949,1064,1440,300665,59391,101314,19.624,large,large,large,275.0
PolypGen,/home/samsul/Documents/Polyp Detection/Polyp-Gen:/seq13/images/112.jpg,pgen_seq13,0,164,1,907,643,1064,1440,307432,60727,94497,20.065,large,large,large,278.1
PolypGen,/home/samsul/Documents/Polyp Detection/Polyp-Gen:/seq13/images/236.jpg,pgen_seq13,0,762,255,1259,898,1064,1440,189026,37338,63351,12.337,large,large,large,218.0
PolypGen,/home/samsul/Documents/Polyp Detection/Polyp-Gen:/seq13/images/169.jpg,pgen_seq13,0,506,64,818,492,1064,1440,72739,14368,26524,4.747,large,large,medium,135.3
PolypGen,/home/samsul/Documents/Polyp Detection/Polyp-Gen:/seq13/images/177.jpg,pgen_seq13,0,599,157,718,303,1064,1440,10091,1993,3484,0.659,medium,large,small,50.4
PolypGen,/home/samsul/Documents/Polyp Detection/Polyp-Gen:/seq13/images/164.jpg,pgen_seq13,0,358,50,1062,958,1064,1440,385665,76181,126587,25.171,large,large,large,311.4
PolypGen,/home/samsul/Documents/Polyp Detection/Polyp-Gen:/seq13/images/103.jpg,pgen_seq13,0,209,1,1031,593,1064,1440,291505,57581,96403,19.026,large,large,large,270.8
PolypGen,/home/samsul/Documents/Polyp Detection/Polyp-Gen:/seq13/images/109.jpg,pgen_seq13,0,173,0,943,672,1064,1440,331099,65402,102495,21.61,large,large,large,288.6
PolypGen,/home/samsul/Documents/Polyp Detection/Polyp-Gen:/seq13/images/165.jpg,pgen_seq13,0,377,39,1067,955,1064,1440,383328,75719,125165,25.019,large,large,large,310.5
PolypGen,/home/samsul/Documents/Polyp Detection/Polyp-Gen:/seq13/images/172.jpg,pgen_seq13,0,1035,865,1239,1054,1064,1440,26860,5306,7694,1.753,medium,large,small,82.2
PolypGen,/home/samsul/Documents/Polyp Detection/Polyp-Gen:/seq13/images/193.jpg,pgen_seq13,0,462,55,980,909,1064,1440,266160,52575,87653,17.372,large,large,large,258.7
PolypGen,/home/samsul/Documents/Polyp Detection/Polyp-Gen:/seq13/images/188.jpg,pgen_seq13,0,482,44,1042,965,1064,1440,308423,60923,102171,20.13,large,large,large,278.5
PolypGen,/home/samsul/Documents/Polyp Detection/Polyp-Gen:/seq13/images/158.jpg,pgen_seq13,0,322,24,1088,977,1064,1440,442405,87389,144537,28.875,large,large,large,333.6
PolypGen,/home/samsul/Documents/Polyp Detection/Polyp-Gen:/seq13/images/50.jpg,pgen_seq13,0,1231,219,1422,772,1064,1440,82301,16257,21011,5.372,large,large,medium,143.9
PolypGen,/home/samsul/Documents/Polyp Detection/Polyp-Gen:/seq13/images/1.jpg,pgen_seq13,0,803,714,1042,965,1064,1440,35993,7110,11947,2.349,medium,large,medium,95.1
PolypGen,/home/samsul/Documents/Polyp Detection/Polyp-Gen:/seq13/images/1.jpg,pgen_seq13,1,1018,835,1039,851,1064,1440,48,9,74,0.003,small,small,small,3.4
PolypGen,/home/samsul/Documents/Polyp Detection/Polyp-Gen:/seq13/images/1.jpg,pgen_seq13,2,1041,854,1070,915,1064,1440,955,189,367,0.062,small,small,small,15.5
PolypGen,/home/samsul/Documents/Polyp Detection/Polyp-Gen:/seq13/images/186.jpg,pgen_seq13,0,491,76,1040,960,1064,1440,278849,55081,96148,18.2,large,large,large,264.8
PolypGen,/home/samsul/Documents/Polyp Detection/Polyp-Gen:/seq13/images/52.jpg,pgen_seq13,0,241,0,453,148,1064,1440,18495,3653,6269,1.207,medium,large,small,68.2
PolypGen,/home/samsul/Documents/Polyp Detection/Polyp-Gen:/seq13/images/95.jpg,pgen_seq13,0,981,266,1421,1006,1064,1440,240448,47496,64549,15.693,large,large,large,245.9
PolypGen,/home/samsul/Documents/Polyp Detection/Polyp-Gen:/seq13/images/19.jpg,pgen_seq13,0,940,245,1231,541,1064,1440,11345,2241,17131,0.74,medium,large,medium,53.4
PolypGen,/home/samsul/Documents/Polyp Detection/Polyp-Gen:/seq13/images/19.jpg,pgen_seq13,1,902,249,934,259,1064,1440,55,11,72,0.004,small,small,small,3.7
PolypGen,/home/samsul/Documents/Polyp Detection/Polyp-Gen:/seq13/images/19.jpg,pgen_seq13,2,541,265,1250,1052,1064,1440,387789,76600,110515,25.31,large,large,large,312.3
PolypGen,/home/samsul/Documents/Polyp Detection/Polyp-Gen:/seq13/images/60.jpg,pgen_seq13,0,286,0,414,54,1064,1440,5298,1047,1401,0.346,medium,medium,small,36.5
PolypGen,/home/samsul/Documents/Polyp Detection/Polyp-Gen:/seq13/images/124.jpg,pgen_seq13,0,169,0,1358,1063,1064,1440,841504,166223,250106,54.923,large,large,large,460.0
PolypGen,/home/samsul/Documents/Polyp Detection/Polyp-Gen:/seq13/images/189.jpg,pgen_seq13,0,474,48,1041,962,1064,1440,310181,61270,102661,20.245,large,large,large,279.3
PolypGen,/home/samsul/Documents/Polyp Detection/Polyp-Gen:/seq13/images/69.jpg,pgen_seq13,0,320,0,454,35,1064,1440,3686,728,960,0.241,small,medium,small,30.4
PolypGen,/home/samsul/Documents/Polyp Detection/Polyp-Gen:/seq13/images/163.jpg,pgen_seq13,0,351,35,1055,956,1064,1440,385195,76088,128397,25.141,large,large,large,311.3
PolypGen,/home/samsul/Documents/Polyp Detection/Polyp-Gen:/seq13/images/225.jpg,pgen_seq13,0,754,141,1207,900,1064,1440,215938,42654,68156,14.094,large,large,large,233.0
PolypGen,/home/samsul/Documents/Polyp Detection/Polyp-Gen:/seq13/images/14.jpg,pgen_seq13,0,1028,475,1289,886,1064,1440,26858,5305,21322,1.753,medium,large,medium,82.2
PolypGen,/home/samsul/Documents/Polyp Detection/Polyp-Gen:/seq13/images/14.jpg,pgen_seq13,1,789,536,1231,1046,1064,1440,143245,28295,44716,9.349,large,large,large,189.8
PolypGen,/home/samsul/Documents/Polyp Detection/Polyp-Gen:/seq13/images/91.jpg,pgen_seq13,0,211,3,1067,564,1064,1440,308830,61003,95138,20.157,large,large,large,278.7
PolypGen,/home/samsul/Documents/Polyp Detection/Polyp-Gen:/seq13/images/249.jpg,pgen_seq13,0,759,183,1253,886,1064,1440,217805,43023,68836,14.216,large,large,large,234.0
PolypGen,/home/samsul/Documents/Polyp Detection/Polyp-Gen:/seq13/images/70.jpg,pgen_seq13,0,329,0,450,32,1064,1440,3343,660,795,0.218,small,medium,small,29.0
PolypGen,/home/samsul/Documents/Polyp Detection/Polyp-Gen:/seq13/images/117.jpg,pgen_seq13,0,1032,338,1421,1032,1064,1440,184796,36503,53541,12.061,large,large,large,215.6
PolypGen,/home/samsul/Documents/Polyp Detection/Polyp-Gen:/seq13/images/23.jpg,pgen_seq13,0,133,0,1133,1063,1064,1440,848300,167565,210383,55.366,large,large,large,461.9
PolypGen,/home/samsul/Documents/Polyp Detection/Polyp-Gen:/seq13/images/199.jpg,pgen_seq13,0,453,50,995,930,1064,1440,291288,57538,94495,19.012,large,large,large,270.7
PolypGen,/home/samsul/Documents/Polyp Detection/Polyp-Gen:/seq13/images/205.jpg,pgen_seq13,0,462,22,1009,906,1064,1440,297904,58845,95799,19.443,large,large,large,273.7
PolypGen,/home/samsul/Documents/Polyp Detection/Polyp-Gen:/seq13/images/64.jpg,pgen_seq13,0,260,0,517,121,1064,1440,17034,3365,6217,1.112,medium,large,small,65.5
PolypGen,/home/samsul/Documents/Polyp Detection/Polyp-Gen:/seq13/images/216.jpg,pgen_seq13,0,649,21,1069,905,1064,1440,275076,54336,73597,17.953,large,large,large,263.0
PolypGen,/home/samsul/Documents/Polyp Detection/Polyp-Gen:/seq13/images/21.jpg,pgen_seq13,0,68,0,1421,924,1064,1440,1056571,208705,247398,68.96,large,large,large,515.5
PolypGen,/home/samsul/Documents/Polyp Detection/Polyp-Gen:/seq13/images/208.jpg,pgen_seq13,0,462,8,1012,893,1064,1440,305490,60344,96432,19.939,large,large,large,277.2
PolypGen,/home/samsul/Documents/Polyp Detection/Polyp-Gen:/seq13/images/72.jpg,pgen_seq13,0,924,178,1421,987,1064,1440,301938,59642,79680,19.707,large,large,large,275.6
PolypGen,/home/samsul/Documents/Polyp Detection/Polyp-Gen:/seq13/images/147.jpg,pgen_seq13,0,373,0,1102,944,1064,1440,422235,83404,136267,27.558,large,large,large,325.9
PolypGen,/home/samsul/Documents/Polyp Detection/Polyp-Gen:/seq13/images/148.jpg,pgen_seq13,0,372,0,1092,945,1064,1440,425074,83965,134729,27.743,large,large,large,327.0
PolypGen,/home/samsul/Documents/Polyp Detection/Polyp-Gen:/seq13/images/113.jpg,pgen_seq13,0,168,0,914,664,1064,1440,320285,63266,98124,20.904,large,large,large,283.8
PolypGen,/home/samsul/Documents/Polyp Detection/Polyp-Gen:/seq13/images/12.jpg,pgen_seq13,0,804,617,1205,1063,1064,1440,124681,24628,35495,8.138,large,large,medium,177.1
PolypGen,/home/samsul/Documents/Polyp Detection/Polyp-Gen:/seq13/images/108.jpg,pgen_seq13,0,164,0,964,737,1064,1440,375431,74159,116768,24.503,large,large,large,307.3
PolypGen,/home/samsul/Documents/Polyp Detection/Polyp-Gen:/seq13/images/221.jpg,pgen_seq13,0,728,40,1142,909,1064,1440,250678,49517,71319,16.361,large,large,large,251.1
PolypGen,/home/samsul/Documents/Polyp Detection/Polyp-Gen:/seq13/images/22.jpg,pgen_seq13,0,68,0,1415,1063,1064,1440,1063376,210050,283313,69.404,large,large,large,517.1
PolypGen,/home/samsul/Documents/Polyp Detection/Polyp-Gen:/seq13/images/129.jpg,pgen_seq13,0,282,40,1072,977,1064,1440,428243,84591,146560,27.95,large,large,large,328.2
PolypGen,/home/samsul/Documents/Polyp Detection/Polyp-Gen:/seq13/images/140.jpg,pgen_seq13,0,244,4,1085,972,1064,1440,476711,94165,161165,31.114,large,large,large,346.3
PolypGen,/home/samsul/Documents/Polyp Detection/Polyp-Gen:/seq13/images/100.jpg,pgen_seq13,0,233,0,959,434,1064,1440,194429,38406,62468,12.69,large,large,large,221.1
PolypGen,/home/samsul/Documents/Polyp Detection/Polyp-Gen:/seq13/images/248.jpg,pgen_seq13,0,758,195,1310,1001,1064,1440,270391,53411,88152,17.648,large,large,large,260.8
PolypGen,/home/samsul/Documents/Polyp Detection/Polyp-Gen:/seq13/images/178.jpg,pgen_seq13,0,606,161,699,248,1064,1440,5712,1128,1634,0.373,medium,medium,small,37.9
PolypGen,/home/samsul/Documents/Polyp Detection/Polyp-Gen:/seq13/images/9.jpg,pgen_seq13,0,797,786,1134,1063,1064,1440,72665,14354,18561,4.743,large,large,medium,135.2
PolypGen,/home/samsul/Documents/Polyp Detection/Polyp-Gen:/seq13/images/106.jpg,pgen_seq13,0,1016,320,1422,1028,1064,1440,199815,39470,57000,13.041,large,large,large,224.2
PolypGen,/home/samsul/Documents/Polyp Detection/Polyp-Gen:/seq13/images/48.jpg,pgen_seq13,0,235,0,471,139,1064,1440,19539,3860,6554,1.275,medium,large,small,70.1
PolypGen,/home/samsul/Documents/Polyp Detection/Polyp-Gen:/seq13/images/229.jpg,pgen_seq13,0,757,183,1225,905,1064,1440,212825,42040,66980,13.891,large,large,large,231.4
PolypGen,/home/samsul/Documents/Polyp Detection/Polyp-Gen:/seq13/images/141.jpg,pgen_seq13,0,259,7,1088,965,1064,1440,467536,92353,157229,30.515,large,large,large,342.9
PolypGen,/home/samsul/Documents/Polyp Detection/Polyp-Gen:/seq13/images/90.jpg,pgen_seq13,0,187,0,466,175,1064,1440,32890,6497,9734,2.147,medium,large,small,91.0
PolypGen,/home/samsul/Documents/Polyp Detection/Polyp-Gen:/seq13/images/223.jpg,pgen_seq13,0,744,90,1191,909,1064,1440,231526,45734,72565,15.111,large,large,large,241.3
PolypGen,/home/samsul/Documents/Polyp Detection/Polyp-Gen:/seq13/images/55.jpg,pgen_seq13,0,347,0,608,167,1064,1440,23405,4623,8695,1.528,medium,large,small,76.7
PolypGen,/home/samsul/Documents/Polyp Detection/Polyp-Gen:/seq13/images/245.jpg,pgen_seq13,0,768,247,1297,967,1064,1440,237530,46920,75482,15.503,large,large,large,244.4
PolypGen,/home/samsul/Documents/Polyp Detection/Polyp-Gen:/seq13/images/143.jpg,pgen_seq13,0,265,0,1090,967,1064,1440,469294,92700,157939,30.63,large,large,large,343.6
PolypGen,/home/samsul/Documents/Polyp Detection/Polyp-Gen:/seq13/images/226.jpg,pgen_seq13,0,753,158,1202,902,1064,1440,214747,42419,66222,14.016,large,large,large,232.4
PolypGen,/home/samsul/Documents/Polyp Detection/Polyp-Gen:/seq13/images/213.jpg,pgen_seq13,0,586,15,1045,904,1064,1440,284168,56132,80869,18.547,large,large,large,267.3
PolypGen,/home/samsul/Documents/Polyp Detection/Polyp-Gen:/seq13/images/125.jpg,pgen_seq13,0,153,0,1275,1062,1064,1440,797725,157575,235802,52.065,large,large,large,447.9
PolypGen,/home/samsul/Documents/Polyp Detection/Polyp-Gen:/seq13/images/227.jpg,pgen_seq13,0,757,176,1202,905,1064,1440,211097,41698,64312,13.778,large,large,large,230.4
PolypGen,/home/samsul/Documents/Polyp Detection/Polyp-Gen:/seq13/images/47.jpg,pgen_seq13,0,239,1,441,136,1064,1440,15592,3080,5453,1.018,medium,large,small,62.6
PolypGen,/home/samsul/Documents/Polyp Detection/Polyp-Gen:/seq13/images/206.jpg,pgen_seq13,0,833,852,1106,1059,1064,1440,20918,4132,11258,1.365,medium,large,medium,72.5
PolypGen,/home/samsul/Documents/Polyp Detection/Polyp-Gen:/seq13/images/157.jpg,pgen_seq13,0,322,6,1085,977,1064,1440,450375,88963,146688,29.395,large,large,large,336.6
PolypGen,/home/samsul/Documents/Polyp Detection/Polyp-Gen:/seq13/images/133.jpg,pgen_seq13,0,233,35,1080,988,1064,1440,468882,92619,159801,30.603,large,large,large,343.4
PolypGen,/home/samsul/Documents/Polyp Detection/Polyp-Gen:/seq13/images/233.jpg,pgen_seq13,0,759,222,1266,905,1064,1440,207520,40992,68636,13.544,large,large,large,228.5
PolypGen,/home/samsul/Documents/Polyp Detection/Polyp-Gen:/seq13/images/184.jpg,pgen_seq13,0,484,86,1079,1005,1064,1440,286991,56690,108310,18.731,large,large,large,268.7
PolypGen,/home/samsul/Documents/Polyp Detection/Polyp-Gen:/seq13/images/13.jpg,pgen_seq13,0,883,633,1227,1062,1064,1440,97104,19181,29304,6.338,large,large,medium,156.3
PolypGen,/home/samsul/Documents/Polyp Detection/Polyp-Gen:/seq13/images/13.jpg,pgen_seq13,1,1093,635,1109,648,1064,1440,46,9,47,0.003,small,small,small,3.4
PolypGen,/home/samsul/Documents/Polyp Detection/Polyp-Gen:/seq13/images/13.jpg,pgen_seq13,2,1110,649,1117,662,1064,1440,31,6,22,0.002,small,small,small,2.8
PolypGen,/home/samsul/Documents/Polyp Detection/Polyp-Gen:/seq13/images/13.jpg,pgen_seq13,3,1140,690,1288,934,1064,1440,5476,1082,7211,0.357,medium,medium,small,37.1
PolypGen,/home/samsul/Documents/Polyp Detection/Polyp-Gen:/seq13/images/144.jpg,pgen_seq13,0,324,0,1097,959,1064,1440,452634,89409,146773,29.542,large,large,large,337.4
PolypGen,/home/samsul/Documents/Polyp Detection/Polyp-Gen:/seq13/images/53.jpg,pgen_seq13,0,268,0,745,170,1064,1440,46859,9256,16146,3.058,large,large,medium,108.6
PolypGen,/home/samsul/Documents/Polyp Detection/Polyp-Gen:/seq13/images/196.jpg,pgen_seq13,0,457,46,984,919,1064,1440,280503,55408,91155,18.308,large,large,large,265.6
PolypGen,/home/samsul/Documents/Polyp Detection/Polyp-Gen:/seq13/images/16.jpg,pgen_seq13,0,968,305,1299,719,1064,1440,28744,5678,27216,1.876,medium,large,medium,85.0
PolypGen,/home/samsul/Documents/Polyp Detection/Polyp-Gen:/seq13/images/16.jpg,pgen_seq13,1,639,330,1270,1021,1064,1440,288984,57083,86389,18.861,large,large,large,269.6
PolypGen,/home/samsul/Documents/Polyp Detection/Polyp-Gen:/seq13/images/16.jpg,pgen_seq13,2,1254,745,1275,757,1064,1440,51,10,56,0.003,small,small,small,3.6
PolypGen,/home/samsul/Documents/Polyp Detection/Polyp-Gen:/seq13/images/195.jpg,pgen_seq13,0,872,922,968,980,1064,1440,3158,624,1130,0.206,small,medium,small,28.2
PolypGen,/home/samsul/Documents/Polyp Detection/Polyp-Gen:/seq13/images/195.jpg,pgen_seq13,1,972,955,994,965,1064,1440,63,12,50,0.004,small,small,small,3.9
PolypGen,/home/samsul/Documents/Polyp Detection/Polyp-Gen:/seq13/images/195.jpg,pgen_seq13,2,998,969,1075,1060,1064,1440,3340,660,1417,0.218,small,medium,small,29.0
PolypGen,/home/samsul/Documents/Polyp Detection/Polyp-Gen:/seq13/images/218.jpg,pgen_seq13,0,686,26,1087,911,1064,1440,266636,52669,70355,17.403,large,large,large,259.0
PolypGen,/home/samsul/Documents/Polyp Detection/Polyp-Gen:/seq13/images/114.jpg,pgen_seq13,0,161,0,997,785,1064,1440,401654,79339,129952,26.215,large,large,large,317.8
PolypGen,/home/samsul/Documents/Polyp Detection/Polyp-Gen:/seq13/images/222.jpg,pgen_seq13,0,737,62,1174,906,1064,1440,242606,47922,73108,15.834,large,large,large,247.0
PolypGen,/home/samsul/Documents/Polyp Detection/Polyp-Gen:/seq13/images/237.jpg,pgen_seq13,0,762,267,1263,900,1064,1440,189179,37369,62868,12.347,large,large,large,218.1
PolypGen,/home/samsul/Documents/Polyp Detection/Polyp-Gen:/seq13/images/15.jpg,pgen_seq13,0,1007,369,1320,798,1064,1440,40278,7956,26671,2.629,medium,large,medium,100.6
PolypGen,/home/samsul/Documents/Polyp Detection/Polyp-Gen:/seq13/images/15.jpg,pgen_seq13,1,712,401,1264,1035,1064,1440,230656,45562,69364,15.054,large,large,large,240.9
PolypGen,/home/samsul/Documents/Polyp Detection/Polyp-Gen:/seq13/images/15.jpg,pgen_seq13,2,1289,802,1295,820,1064,1440,38,8,26,0.002,small,small,small,3.2
PolypGen,/home/samsul/Documents/Polyp Detection/Polyp-Gen:/seq13/images/15.jpg,pgen_seq13,3,1263,828,1282,834,1064,1440,43,8,28,0.003,small,small,small,3.2
PolypGen,/home/samsul/Documents/Polyp Detection/Polyp-Gen:/seq13/images/25.jpg,pgen_seq13,0,200,0,1209,1062,1064,1440,782074,154484,212075,51.044,large,large,large,443.5
PolypGen,/home/samsul/Documents/Polyp Detection/Polyp-Gen:/seq13/images/152.jpg,pgen_seq13,0,360,0,1092,966,1064,1440,438096,86537,140012,28.593,large,large,large,331.9
PolypGen,/home/samsul/Documents/Polyp Detection/Polyp-Gen:/seq13/images/146.jpg,pgen_seq13,0,381,0,1105,951,1064,1440,426907,84327,136336,27.863,large,large,large,327.7
PolypGen,/home/samsul/Documents/Polyp Detection/Polyp-Gen:/seq13/images/96.jpg,pgen_seq13,0,255,0,937,383,1064,1440,153094,30241,51807,9.992,large,large,large,196.2
PolypGen,/home/samsul/Documents/Polyp Detection/Polyp-Gen:/seq13/images/84.jpg,pgen_seq13,0,937,170,1421,988,1064,1440,296701,58608,78462,19.365,large,large,large,273.2
PolypGen,/home/samsul/Documents/Polyp Detection/Polyp-Gen:/seq13/images/212.jpg,pgen_seq13,0,559,19,1036,905,1064,1440,287403,56771,83750,18.758,large,large,large,268.9
PolypGen,/home/samsul/Documents/Polyp Detection/Polyp-Gen:/seq13/images/107.jpg,pgen_seq13,0,173,0,1006,703,1064,1440,362944,71693,115977,23.688,large,large,large,302.1
PolypGen,/home/samsul/Documents/Polyp Detection/Polyp-Gen:/seq13/images/246.jpg,pgen_seq13,0,773,237,1297,924,1064,1440,216765,42818,71348,14.148,large,large,large,233.5
PolypGen,/home/samsul/Documents/Polyp Detection/Polyp-Gen:/seq13/images/217.jpg,pgen_seq13,0,786,745,1029,976,1064,1440,31214,6166,11182,2.037,medium,large,medium,88.6
PolypGen,/home/samsul/Documents/Polyp Detection/Polyp-Gen:/seq13/images/134.jpg,pgen_seq13,0,240,17,1081,982,1064,1440,476622,94148,160666,31.108,large,large,large,346.2
PolypGen,/home/samsul/Documents/Polyp Detection/Polyp-Gen:/seq13/images/215.jpg,pgen_seq13,0,632,12,1067,900,1064,1440,280253,55359,76564,18.291,large,large,large,265.5
PolypGen,/home/samsul/Documents/Polyp Detection/Polyp-Gen:/seq13/images/97.jpg,pgen_seq13,0,251,0,1011,451,1064,1440,209149,41313,67945,13.651,large,large,large,229.3
PolypGen,/home/samsul/Documents/Polyp Detection/Polyp-Gen:/seq13/images/135.jpg,pgen_seq13,0,234,14,1084,980,1064,1440,474215,93672,162552,30.951,large,large,large,345.4
PolypGen,/home/samsul/Documents/Polyp Detection/Polyp-Gen:/seq13/images/102.jpg,pgen_seq13,0,216,0,943,467,1064,1440,208097,41106,67300,13.582,large,large,large,228.8
PolypGen,/home/samsul/Documents/Polyp Detection/Polyp-Gen:/seq13/images/219.jpg,pgen_seq13,0,712,35,1112,906,1064,1440,260345,51426,69071,16.992,large,large,large,255.9
PolypGen,/home/samsul/Documents/Polyp Detection/Polyp-Gen:/seq13/images/168.jpg,pgen_seq13,0,464,82,861,560,1064,1440,113903,22499,37658,7.434,large,large,medium,169.3
PolypGen,/home/samsul/Documents/Polyp Detection/Polyp-Gen:/seq13/images/63.jpg,pgen_seq13,0,274,1,486,106,1064,1440,11557,2283,4460,0.754,medium,large,small,53.9
PolypGen,/home/samsul/Documents/Polyp Detection/Polyp-Gen:/seq13/images/228.jpg,pgen_seq13,0,768,679,1023,955,1064,1440,42581,8411,14007,2.779,medium,large,medium,103.5
PolypGen,/home/samsul/Documents/Polyp Detection/Polyp-Gen:/seq13/images/228.jpg,pgen_seq13,1,992,774,1079,904,1064,1440,3407,673,2277,0.222,small,medium,small,29.3
PolypGen,/home/samsul/Documents/Polyp Detection/Polyp-Gen:/seq13/images/242.jpg,pgen_seq13,0,768,276,1268,908,1064,1440,188344,37204,62644,12.293,large,large,large,217.6
PolypGen,/home/samsul/Documents/Polyp Detection/Polyp-Gen:/seq13/images/56.jpg,pgen_seq13,0,342,0,523,107,1064,1440,14375,2840,3883,0.938,medium,large,small,60.1
PolypGen,/home/samsul/Documents/Polyp Detection/Polyp-Gen:/seq13/images/119.jpg,pgen_seq13,0,196,0,1189,1063,1064,1440,633983,125231,208912,41.378,large,large,large,399.3
PolypGen,/home/samsul/Documents/Polyp Detection/Polyp-Gen:/seq13/images/201.jpg,pgen_seq13,0,424,35,997,924,1064,1440,298763,59015,100911,19.499,large,large,large,274.1
PolypGen,/home/samsul/Documents/Polyp Detection/Polyp-Gen:/seq13/images/20.jpg,pgen_seq13,0,320,0,1250,1009,1064,1440,714973,141229,185740,46.664,large,large,large,424.0
PolypGen,/home/samsul/Documents/Polyp Detection/Polyp-Gen:/seq13/images/46.jpg,pgen_seq13,0,252,0,347,68,1064,1440,4502,889,1308,0.294,small,medium,small,33.6
PolypGen,/home/samsul/Documents/Polyp Detection/Polyp-Gen:/seq13/images/210.jpg,pgen_seq13,0,484,19,1016,908,1064,1440,299807,59221,93703,19.568,large,large,large,274.6
PolypGen,/home/samsul/Documents/Polyp Detection/Polyp-Gen:/seq13/images/122.jpg,pgen_seq13,0,157,0,1323,1063,1064,1440,845940,167099,245272,55.212,large,large,large,461.3
PolypGen,/home/samsul/Documents/Polyp Detection/Polyp-Gen:/seq13/images/153.jpg,pgen_seq13,0,363,0,1106,960,1064,1440,439461,86807,141231,28.682,large,large,large,332.5
PolypGen,/home/samsul/Documents/Polyp Detection/Polyp-Gen:/seq13/images/127.jpg,pgen_seq13,0,272,1,1152,1062,1064,1440,572630,113112,184814,37.374,large,large,large,379.5
PolypGen,/home/samsul/Documents/Polyp Detection/Polyp-Gen:/seq13/images/142.jpg,pgen_seq13,0,255,6,1087,965,1064,1440,472048,93244,157961,30.809,large,large,large,344.6
PolypGen,/home/samsul/Documents/Polyp Detection/Polyp-Gen:/seq13/images/202.jpg,pgen_seq13,0,441,30,1002,916,1064,1440,301453,59546,98468,19.675,large,large,large,275.3
PolypGen,/home/samsul/Documents/Polyp Detection/Polyp-Gen:/seq13/images/74.jpg,pgen_seq13,0,298,1,392,44,1064,1440,3370,666,826,0.22,small,medium,small,29.1
PolypGen,/home/samsul/Documents/Polyp Detection/Polyp-Gen:/seq13/images/136.jpg,pgen_seq13,0,233,17,1081,978,1064,1440,480030,94821,161331,31.33,large,large,large,347.5
PolypGen,/home/samsul/Documents/Polyp Detection/Polyp-Gen:/seq13/images/92.jpg,pgen_seq13,0,221,0,947,417,1064,1440,179310,35419,60027,11.703,large,large,large,212.4
PolypGen,/home/samsul/Documents/Polyp Detection/Polyp-Gen:/seq13/images/185.jpg,pgen_seq13,0,496,94,1036,962,1064,1440,259603,51280,92865,16.944,large,large,large,255.5
PolypGen,/home/samsul/Documents/Polyp Detection/Polyp-Gen:/seq13/images/155.jpg,pgen_seq13,0,340,0,1091,972,1064,1440,444994,87900,144533,29.044,large,large,large,334.5
PolypGen,/home/samsul/Documents/Polyp Detection/Polyp-Gen:/seq13/images/128.jpg,pgen_seq13,0,1041,349,1421,1034,1064,1440,171078,33793,51628,11.166,large,large,large,207.4
PolypGen,/home/samsul/Documents/Polyp Detection/Polyp-Gen:/seq13/images/73.jpg,pgen_seq13,0,322,0,438,27,1064,1440,2530,500,647,0.165,small,medium,small,25.2
PolypGen,/home/samsul/Documents/Polyp Detection/Polyp-Gen:/seq13/images/94.jpg,pgen_seq13,0,233,0,1102,635,1064,1440,345672,68281,109298,22.561,large,large,large,294.9
PolypGen,/home/samsul/Documents/Polyp Detection/Polyp-Gen:/seq13/images/132.jpg,pgen_seq13,0,237,24,1070,985,1064,1440,459703,90806,158481,30.004,large,large,large,340.0
PolypGen,/home/samsul/Documents/Polyp Detection/Polyp-Gen:/seq13/images/207.jpg,pgen_seq13,0,457,7,1012,897,1064,1440,305194,60285,97856,19.919,large,large,large,277.1
PolypGen,/home/samsul/Documents/Polyp Detection/Polyp-Gen:/seq13/images/151.jpg,pgen_seq13,0,370,4,1095,960,1064,1440,431705,85275,137241,28.176,large,large,large,329.5
PolypGen,/home/samsul/Documents/Polyp Detection/Polyp-Gen:/seq13/images/65.jpg,pgen_seq13,0,280,0,368,56,1064,1440,4271,844,1002,0.279,small,medium,small,32.8
PolypGen,/home/samsul/Documents/Polyp Detection/Polyp-Gen:/seq13/images/161.jpg,pgen_seq13,0,1057,738,1299,981,1064,1440,44553,8801,11712,2.908,medium,large,medium,105.9
PolypGen,/home/samsul/Documents/Polyp Detection/Polyp-Gen:/seq13/images/139.jpg,pgen_seq13,0,1052,489,1421,1034,1064,1440,124559,24604,39905,8.13,large,large,medium,177.0
PolypGen,/home/samsul/Documents/Polyp Detection/Polyp-Gen:/seq13/images/61.jpg,pgen_seq13,0,955,97,1421,980,1064,1440,281356,55576,81546,18.363,large,large,large,266.0
PolypGen,/home/samsul/Documents/Polyp Detection/Polyp-Gen:/seq13/images/149.jpg,pgen_seq13,0,374,0,1101,948,1064,1440,423939,83741,136469,27.669,large,large,large,326.5
PolypGen,/home/samsul/Documents/Polyp Detection/Polyp-Gen:/seq13/images/240.jpg,pgen_seq13,0,775,299,1278,898,1064,1440,174060,34382,59733,11.36,large,large,large,209.2
PolypGen,/home/samsul/Documents/Polyp Detection/Polyp-Gen:/seq13/images/224.jpg,pgen_seq13,0,748,123,1205,905,1064,1440,224637,44373,70837,14.661,large,large,large,237.7
PolypGen,/home/samsul/Documents/Polyp Detection/Polyp-Gen:/seq13/images/239.jpg,pgen_seq13,0,784,715,1042,965,1064,1440,38754,7655,12841,2.529,medium,large,medium,98.7
PolypGen,/home/samsul/Documents/Polyp Detection/Polyp-Gen:/seq13/images/130.jpg,pgen_seq13,0,272,43,1077,981,1064,1440,438304,86579,149498,28.607,large,large,large,332.0
PolypGen,/home/samsul/Documents/Polyp Detection/Polyp-Gen:/seq13/images/24.jpg,pgen_seq13,0,136,0,1133,1063,1064,1440,792870,156616,209752,51.749,large,large,large,446.6
PolypGen,/home/samsul/Documents/Polyp Detection/Polyp-Gen:/seq13/images/203.jpg,pgen_seq13,0,464,24,1009,922,1064,1440,300115,59282,96959,19.588,large,large,large,274.7
PolypGen,/home/samsul/Documents/Polyp Detection/Polyp-Gen:/seq13/images/160.jpg,pgen_seq13,0,320,17,1088,976,1064,1440,443746,87654,145825,28.962,large,large,large,334.1
PolypGen,/home/samsul/Documents/Polyp Detection/Polyp-Gen:/seq13/images/243.jpg,pgen_seq13,0,765,266,1288,967,1064,1440,230139,45460,72661,15.021,large,large,large,240.6
PolypGen,/home/samsul/Documents/Polyp Detection/Polyp-Gen:/seq13/images/187.jpg,pgen_seq13,0,471,71,1041,965,1064,1440,297640,58793,100947,19.426,large,large,large,273.6
PolypGen,/home/samsul/Documents/Polyp Detection/Polyp-Gen:/seq13/images/231.jpg,pgen_seq13,0,762,216,1231,898,1064,1440,199554,39418,63409,13.024,large,large,large,224.0
PolypGen,/home/samsul/Documents/Polyp Detection/Polyp-Gen:/seq13/images/181.jpg,pgen_seq13,0,578,166,1006,779,1064,1440,156530,30920,52031,10.216,large,large,large,198.4
PolypGen,/home/samsul/Documents/Polyp Detection/Polyp-Gen:/seq13/images/138.jpg,pgen_seq13,0,236,1,1083,970,1064,1440,486335,96066,162481,31.742,large,large,large,349.7
PolypGen,/home/samsul/Documents/Polyp Detection/Polyp-Gen:/seq13/images/2.jpg,pgen_seq13,0,802,698,1080,963,1064,1440,43161,8526,14660,2.817,medium,large,medium,104.2
PolypGen,/home/samsul/Documents/Polyp Detection/Polyp-Gen:/seq13/images/59.jpg,pgen_seq13,0,309,0,436,35,1064,1440,3561,703,910,0.232,small,medium,small,29.9
PolypGen,/home/samsul/Documents/Polyp Detection/Polyp-Gen:/seq13/images/214.jpg,pgen_seq13,0,606,17,1058,899,1064,1440,279735,55256,79012,18.258,large,large,large,265.2
PolypGen,/home/samsul/Documents/Polyp Detection/Polyp-Gen:/seq13/images/230.jpg,pgen_seq13,0,757,186,1216,906,1064,1440,209858,41453,65513,13.697,large,large,large,229.7
PolypGen,/home/samsul/Documents/Polyp Detection/Polyp-Gen:/seq13/images/137.jpg,pgen_seq13,0,233,14,1088,984,1064,1440,483894,95584,164183,31.582,large,large,large,348.9
PolypGen,/home/samsul/Documents/Polyp Detection/Polyp-Gen:/seq14/images/75.jpg,pgen_seq14,0,816,208,1188,574,1064,1440,98483,19453,27040,6.428,large,large,medium,157.4
PolypGen,/home/samsul/Documents/Polyp Detection/Polyp-Gen:/seq14/images/211.jpg,pgen_seq14,0,755,547,1403,1045,1064,1440,177971,35155,63971,11.616,large,large,large,211.6
PolypGen,/home/samsul/Documents/Polyp Detection/Polyp-Gen:/seq14/images/174.jpg,pgen_seq14,0,818,698,1335,1063,1064,1440,125919,24873,37449,8.218,large,large,medium,178.0
PolypGen,/home/samsul/Documents/Polyp Detection/Polyp-Gen:/seq14/images/174.jpg,pgen_seq14,1,383,744,916,1063,1064,1440,117717,23253,33754,7.683,large,large,medium,172.1
PolypGen,/home/samsul/Documents/Polyp Detection/Polyp-Gen:/seq14/images/71.jpg,pgen_seq14,0,850,374,1217,650,1064,1440,73659,14550,20136,4.808,large,large,medium,136.1
PolypGen,/home/samsul/Documents/Polyp Detection/Polyp-Gen:/seq14/images/198.jpg,pgen_seq14,0,1155,582,1313,840,1064,1440,14059,2777,8135,0.918,medium,large,small,59.5
PolypGen,/home/samsul/Documents/Polyp Detection/Polyp-Gen:/seq14/images/198.jpg,pgen_seq14,1,678,594,1236,984,1064,1440,138254,27309,43174,9.023,large,large,large,186.5
PolypGen,/home/samsul/Documents/Polyp Detection/Polyp-Gen:/seq14/images/198.jpg,pgen_seq14,2,1241,888,1257,897,1064,1440,30,6,34,0.002,small,small,small,2.8
PolypGen,/home/samsul/Documents/Polyp Detection/Polyp-Gen:/seq14/images/234.jpg,pgen_seq14,0,447,275,1256,888,1064,1440,277608,54836,98240,18.119,large,large,large,264.2
PolypGen,/home/samsul/Documents/Polyp Detection/Polyp-Gen:/seq14/images/241.jpg,pgen_seq14,0,339,316,644,638,1064,1440,54686,10802,19524,3.569,large,large,medium,117.3
PolypGen,/home/samsul/Documents/Polyp Detection/Polyp-Gen:/seq14/images/150.jpg,pgen_seq14,0,956,452,1414,859,1064,1440,131903,26055,36992,8.609,large,large,medium,182.1
PolypGen,/home/samsul/Documents/Polyp Detection/Polyp-Gen:/seq14/images/204.jpg,pgen_seq14,0,708,400,1195,803,1064,1440,105262,20792,38944,6.87,large,large,medium,162.7
PolypGen,/home/samsul/Documents/Polyp Detection/Polyp-Gen:/seq14/images/204.jpg,pgen_seq14,1,1045,418,1097,422,1064,1440,121,24,52,0.008,small,small,small,5.5
PolypGen,/home/samsul/Documents/Polyp Detection/Polyp-Gen:/seq14/images/204.jpg,pgen_seq14,2,1109,421,1124,423,1064,1440,26,5,9,0.002,small,small,small,2.5
PolypGen,/home/samsul/Documents/Polyp Detection/Polyp-Gen:/seq14/images/204.jpg,pgen_seq14,3,1130,421,1299,640,1064,1440,13569,2680,7388,0.886,medium,large,small,58.4
PolypGen,/home/samsul/Documents/Polyp Detection/Polyp-Gen:/seq14/images/232.jpg,pgen_seq14,0,386,232,1236,865,1064,1440,322010,63607,106575,21.017,large,large,large,284.6
PolypGen,/home/samsul/Documents/Polyp Detection/Polyp-Gen:/seq14/images/76.jpg,pgen_seq14,0,839,74,1275,452,1064,1440,109232,21577,32716,7.129,large,large,medium,165.7
PolypGen,/home/samsul/Documents/Polyp Detection/Polyp-Gen:/seq14/images/200.jpg,pgen_seq14,0,692,571,1251,1005,1064,1440,144724,28587,48119,9.446,large,large,large,190.8
PolypGen,/home/samsul/Documents/Polyp Detection/Polyp-Gen:/seq14/images/200.jpg,pgen_seq14,1,1194,594,1310,816,1064,1440,8615,1702,5154,0.562,medium,medium,small,46.6
PolypGen,/home/samsul/Documents/Polyp Detection/Polyp-Gen:/seq14/images/18.jpg,pgen_seq14,0,1226,571,1377,757,1064,1440,11739,2319,5615,0.766,medium,large,small,54.3
PolypGen,/home/samsul/Documents/Polyp Detection/Polyp-Gen:/seq14/images/192.jpg,pgen_seq14,0,569,741,1343,1063,1064,1440,164837,32560,49447,10.758,large,large,large,203.6
PolypGen,/home/samsul/Documents/Polyp Detection/Polyp-Gen:/seq14/images/192.jpg,pgen_seq14,1,1022,919,1219,1063,1064,1440,11687,2309,5671,0.763,medium,large,small,54.2
PolypGen,/home/samsul/Documents/Polyp Detection/Polyp-Gen:/seq14/images/49.jpg,pgen_seq14,0,869,0,1423,541,1064,1440,189239,37381,59419,12.351,large,large,large,218.2
PolypGen,/home/samsul/Documents/Polyp Detection/Polyp-Gen:/seq14/images/40.jpg,pgen_seq14,0,978,395,1235,735,1064,1440,35800,7072,17378,2.337,medium,large,medium,94.9
PolypGen,/home/samsul/Documents/Polyp Detection/Polyp-Gen:/seq14/images/40.jpg,pgen_seq14,1,791,460,1174,827,1064,1440,91008,17977,27913,5.94,large,large,medium,151.3
PolypGen,/home/samsul/Documents/Polyp Detection/Polyp-Gen:/seq14/images/68.jpg,pgen_seq14,0,736,344,1099,672,1064,1440,94553,18677,23656,6.171,large,large,medium,154.2
PolypGen,/home/samsul/Documents/Polyp Detection/Polyp-Gen:/seq14/images/197.jpg,pgen_seq14,0,668,583,1248,1039,1064,1440,160341,31672,52448,10.465,large,large,large,200.8
PolypGen,/home/samsul/Documents/Polyp Detection/Polyp-Gen:/seq14/images/197.jpg,pgen_seq14,1,1176,620,1298,858,1064,1440,12688,2506,5807,0.828,medium,large,small,56.5
PolypGen,/home/samsul/Documents/Polyp Detection/Polyp-Gen:/seq14/images/235.jpg,pgen_seq14,0,437,257,1201,744,1064,1440,222434,43938,73742,14.518,large,large,large,236.5
PolypGen,/home/samsul/Documents/Polyp Detection/Polyp-Gen:/seq14/images/57.jpg,pgen_seq14,0,948,0,1422,651,1064,1440,241611,47726,61175,15.769,large,large,large,246.5
PolypGen,/home/samsul/Documents/Polyp Detection/Polyp-Gen:/seq14/images/220.jpg,pgen_seq14,0,816,679,1394,1063,1064,1440,153971,30414,44033,10.049,large,large,large,196.8
PolypGen,/home/samsul/Documents/Polyp Detection/Polyp-Gen:/seq14/images/81.jpg,pgen_seq14,0,814,338,1212,742,1064,1440,123567,24408,31920,8.065,large,large,medium,176.3
PolypGen,/home/samsul/Documents/Polyp Detection/Polyp-Gen:/seq14/images/159.jpg,pgen_seq14,0,862,621,1350,1061,1064,1440,141210,27893,42597,9.216,large,large,large,188.5
PolypGen,/home/samsul/Documents/Polyp Detection/Polyp-Gen:/seq14/images/159.jpg,pgen_seq14,1,735,827,904,1063,1064,1440,18033,3562,7959,1.177,medium,large,small,67.3
PolypGen,/home/samsul/Documents/Polyp Detection/Polyp-Gen:/seq14/images/247.jpg,pgen_seq14,0,906,490,1422,976,1064,1440,169580,33497,49734,11.068,large,large,large,206.5
PolypGen,/home/samsul/Documents/Polyp Detection/Polyp-Gen:/seq14/images/11.jpg,pgen_seq14,0,963,402,1422,980,1064,1440,196743,38863,52610,12.841,large,large,large,222.4
PolypGen,/home/samsul/Documents/Polyp Detection/Polyp-Gen:/seq14/images/29.jpg,pgen_seq14,0,1176,375,1415,696,1064,1440,38418,7589,15265,2.507,medium,large,medium,98.3
PolypGen,/home/samsul/Documents/Polyp Detection/Polyp-Gen:/seq14/images/29.jpg,pgen_seq14,1,1057,439,1313,755,1064,1440,39385,7780,16093,2.571,medium,large,medium,99.5
PolypGen,/home/samsul/Documents/Polyp Detection/Polyp-Gen:/seq14/images/29.jpg,pgen_seq14,2,1347,698,1354,713,1064,1440,29,6,25,0.002,small,small,small,2.8
PolypGen,/home/samsul/Documents/Polyp Detection/Polyp-Gen:/seq14/images/156.jpg,pgen_seq14,0,719,67,1421,962,1064,1440,326591,64512,124422,21.316,large,large,large,286.6
PolypGen,/home/samsul/Documents/Polyp Detection/Polyp-Gen:/seq14/images/85.jpg,pgen_seq14,0,856,500,1205,775,1064,1440,67445,13322,19081,4.402,large,large,medium,130.2
PolypGen,/home/samsul/Documents/Polyp Detection/Polyp-Gen:/seq14/images/145.jpg,pgen_seq14,0,866,773,1379,1063,1064,1440,81044,16009,29545,5.29,large,large,medium,142.8
PolypGen,/home/samsul/Documents/Polyp Detection/Polyp-Gen:/seq14/images/54.jpg,pgen_seq14,0,1144,1,1420,397,1064,1440,49708,9819,21722,3.244,large,large,medium,111.8
PolypGen,/home/samsul/Documents/Polyp Detection/Polyp-Gen:/seq14/images/51.jpg,pgen_seq14,0,935,0,1422,579,1064,1440,155171,30651,55909,10.128,large,large,large,197.6
PolypGen,/home/samsul/Documents/Polyp Detection/Polyp-Gen:/seq14/images/209.jpg,pgen_seq14,0,922,520,1270,956,1064,1440,90951,17966,30126,5.936,large,large,medium,151.2
PolypGen,/home/samsul/Documents/Polyp Detection/Polyp-Gen:/seq14/images/209.jpg,pgen_seq14,1,1222,574,1360,797,1064,1440,15754,3112,6150,1.028,medium,large,small,62.9
PolypGen,/home/samsul/Documents/Polyp Detection/Polyp-Gen:/seq14/images/6.jpg,pgen_seq14,0,704,766,1265,1063,1064,1440,137946,27249,33082,9.003,large,large,medium,186.3
PolypGen,/home/samsul/Documents/Polyp Detection/Polyp-Gen:/seq14/images/58.jpg,pgen_seq14,0,771,0,1421,456,1064,1440,219957,43448,58767,14.356,large,large,large,235.2
PolypGen,/home/samsul/Documents/Polyp Detection/Polyp-Gen:/seq14/images/66.jpg,pgen_seq14,0,555,117,1263,760,1064,1440,364817,72063,90192,23.811,large,large,large,302.9
PolypGen,/home/samsul/Documents/Polyp Detection/Polyp-Gen:/seq14/images/10.jpg,pgen_seq14,0,1062,314,1422,876,1064,1440,149862,29602,40147,9.781,large,large,large,194.1
PolypGen,/home/samsul/Documents/Polyp Detection/Polyp-Gen:/seq14/images/34.jpg,pgen_seq14,0,1178,810,1254,916,1064,1440,2341,462,1627,0.153,small,medium,small,24.3
PolypGen,/home/samsul/Documents/Polyp Detection/Polyp-Gen:/seq14/images/34.jpg,pgen_seq14,1,951,892,1220,1059,1064,1440,29758,5878,8960,1.942,medium,large,small,86.5
PolypGen,/home/samsul/Documents/Polyp Detection/Polyp-Gen:/seq14/images/34.jpg,pgen_seq14,2,1273,954,1284,971,1064,1440,34,7,43,0.002,small,small,small,3.0
PolypGen,/home/samsul/Documents/Polyp Detection/Polyp-Gen:/seq14/images/37.jpg,pgen_seq14,0,1085,476,1331,788,1064,1440,39410,7785,15271,2.572,medium,large,medium,99.6
PolypGen,/home/samsul/Documents/Polyp Detection/Polyp-Gen:/seq14/images/37.jpg,pgen_seq14,1,886,534,1234,901,1064,1440,82116,16220,25369,5.359,large,large,medium,143.7
PolypGen,/home/samsul/Documents/Polyp Detection/Polyp-Gen:/seq14/images/37.jpg,pgen_seq14,2,1239,791,1279,823,1064,1440,140,28,267,0.009,small,small,small,6.0
PolypGen,/home/samsul/Documents/Polyp Detection/Polyp-Gen:/seq14/images/67.jpg,pgen_seq14,0,724,379,1187,746,1064,1440,122998,24296,33729,8.028,large,large,medium,175.9
PolypGen,/home/samsul/Documents/Polyp Detection/Polyp-Gen:/seq14/images/27.jpg,pgen_seq14,0,1007,379,1332,796,1064,1440,73443,14507,26917,4.793,large,large,medium,135.9
PolypGen,/home/samsul/Documents/Polyp Detection/Polyp-Gen:/seq14/images/27.jpg,pgen_seq14,1,1184,391,1396,759,1064,1440,32386,6397,15525,2.114,medium,large,medium,90.2
PolypGen,/home/samsul/Documents/Polyp Detection/Polyp-Gen:/seq14/images/182.jpg,pgen_seq14,0,948,367,1405,1036,1064,1440,147885,29212,60614,9.652,large,large,large,192.9
PolypGen,/home/samsul/Documents/Polyp Detection/Polyp-Gen:/seq14/images/182.jpg,pgen_seq14,1,1242,398,1424,807,1064,1440,24333,4807,14821,1.588,medium,large,medium,78.2
PolypGen,/home/samsul/Documents/Polyp Detection/Polyp-Gen:/seq14/images/182.jpg,pgen_seq14,2,514,404,1161,1060,1064,1440,220100,43477,84096,14.365,large,large,large,235.3
PolypGen,/home/samsul/Documents/Polyp Detection/Polyp-Gen:/seq14/images/126.jpg,pgen_seq14,0,909,762,1356,1062,1064,1440,95643,18892,26637,6.242,large,large,medium,155.1
PolypGen,/home/samsul/Documents/Polyp Detection/Polyp-Gen:/seq14/images/126.jpg,pgen_seq14,1,1312,838,1375,893,1064,1440,1309,259,708,0.085,small,medium,small,18.2
PolypGen,/home/samsul/Documents/Polyp Detection/Polyp-Gen:/seq14/images/126.jpg,pgen_seq14,2,751,871,948,1060,1064,1440,19299,3812,7431,1.26,medium,large,small,69.7
PolypGen,/home/samsul/Documents/Polyp Detection/Polyp-Gen:/seq14/images/82.jpg,pgen_seq14,0,848,448,1207,761,1064,1440,86327,17052,22329,5.634,large,large,medium,147.3
PolypGen,/home/samsul/Documents/Polyp Detection/Polyp-Gen:/seq14/images/78.jpg,pgen_seq14,0,755,51,1235,462,1064,1440,129874,25654,39145,8.477,large,large,medium,180.7
PolypGen,/home/samsul/Documents/Polyp Detection/Polyp-Gen:/seq14/images/162.jpg,pgen_seq14,0,918,882,1314,1063,1064,1440,56573,11175,14272,3.692,large,large,medium,119.3
PolypGen,/home/samsul/Documents/Polyp Detection/Polyp-Gen:/seq14/images/62.jpg,pgen_seq14,0,354,0,1368,441,1064,1440,353486,69824,88618,23.071,large,large,large,298.2
PolypGen,/home/samsul/Documents/Polyp Detection/Polyp-Gen:/seq14/images/39.jpg,pgen_seq14,0,866,706,1351,1060,1064,1440,136832,27029,34080,8.931,large,large,medium,185.5
PolypGen,/home/samsul/Documents/Polyp Detection/Polyp-Gen:/seq14/images/244.jpg,pgen_seq14,0,658,477,1062,726,1064,1440,58736,11602,20000,3.834,large,large,medium,121.5
PolypGen,/home/samsul/Documents/Polyp Detection/Polyp-Gen:/seq14/images/179.jpg,pgen_seq14,0,1012,489,1395,1052,1064,1440,105982,20935,42780,6.917,large,large,large,163.3
PolypGen,/home/samsul/Documents/Polyp Detection/Polyp-Gen:/seq14/images/179.jpg,pgen_seq14,1,515,506,1203,1063,1064,1440,212819,42038,75943,13.89,large,large,large,231.4
PolypGen,/home/samsul/Documents/Polyp Detection/Polyp-Gen:/seq14/images/179.jpg,pgen_seq14,2,1209,1053,1224,1063,1064,1440,39,8,35,0.003,small,small,small,3.2
PolypGen,/home/samsul/Documents/Polyp Detection/Polyp-Gen:/seq14/images/154.jpg,pgen_seq14,0,1070,575,1363,964,1064,1440,51001,10074,22649,3.329,large,large,medium,113.3
PolypGen,/home/samsul/Documents/Polyp Detection/Polyp-Gen:/seq14/images/99.jpg,pgen_seq14,0,881,793,1226,1060,1064,1440,73438,14506,18317,4.793,large,large,medium,135.9
PolypGen,/home/samsul/Documents/Polyp Detection/Polyp-Gen:/seq14/images/99.jpg,pgen_seq14,1,611,834,899,1060,1064,1440,37737,7454,12959,2.463,medium,large,medium,97.4
PolypGen,/home/samsul/Documents/Polyp Detection/Polyp-Gen:/seq14/images/99.jpg,pgen_seq14,2,906,1060,933,1063,1064,1440,60,12,22,0.004,small,small,small,3.9
PolypGen,/home/samsul/Documents/Polyp Detection/Polyp-Gen:/seq14/images/131.jpg,pgen_seq14,0,1152,558,1424,861,1064,1440,29084,5745,16393,1.898,medium,large,medium,85.5
PolypGen,/home/samsul/Documents/Polyp Detection/Polyp-Gen:/seq14/images/131.jpg,pgen_seq14,1,1143,562,1151,569,1064,1440,28,6,14,0.002,small,small,small,2.8
PolypGen,/home/samsul/Documents/Polyp Detection/Polyp-Gen:/seq14/images/131.jpg,pgen_seq14,2,885,576,1352,1063,1064,1440,145174,28676,45113,9.475,large,large,large,191.1
PolypGen,/home/samsul/Documents/Polyp Detection/Polyp-Gen:/seq14/images/131.jpg,pgen_seq14,3,758,729,883,851,1064,1440,9003,1778,3061,0.588,medium,medium,small,47.6
PolypGen,/home/samsul/Documents/Polyp Detection/Polyp-Gen:/seq14/images/190.jpg,pgen_seq14,0,545,557,1313,1055,1064,1440,264348,52217,75799,17.253,large,large,large,257.8
PolypGen,/home/samsul/Documents/Polyp Detection/Polyp-Gen:/seq14/images/191.jpg,pgen_seq14,0,567,722,1313,1063,1064,1440,196275,38770,50464,12.81,large,large,large,222.2
PolypGen,/home/samsul/Documents/Polyp Detection/Polyp-Gen:/seq14/images/236.jpg,pgen_seq14,0,428,256,1095,706,1064,1440,167027,32993,59510,10.901,large,large,large,205.0
PolypGen,/home/samsul/Documents/Polyp Detection/Polyp-Gen:/seq14/images/170.jpg,pgen_seq14,0,810,918,1187,1063,1064,1440,37612,7430,10901,2.455,medium,large,medium,97.3
PolypGen,/home/samsul/Documents/Polyp Detection/Polyp-Gen:/seq14/images/170.jpg,pgen_seq14,1,537,924,892,1063,1064,1440,25517,5040,9845,1.665,medium,large,small,80.1
PolypGen,/home/samsul/Documents/Polyp Detection/Polyp-Gen:/seq14/images/86.jpg,pgen_seq14,0,879,503,1209,797,1064,1440,61902,12228,19288,4.04,large,large,medium,124.8
PolypGen,/home/samsul/Documents/Polyp Detection/Polyp-Gen:/seq14/images/177.jpg,pgen_seq14,0,452,526,1387,1063,1064,1440,349151,68968,99470,22.788,large,large,large,296.3
PolypGen,/home/samsul/Documents/Polyp Detection/Polyp-Gen:/seq14/images/177.jpg,pgen_seq14,1,1283,572,1430,843,1064,1440,12281,2426,7952,0.802,medium,large,small,55.6
PolypGen,/home/samsul/Documents/Polyp Detection/Polyp-Gen:/seq14/images/31.jpg,pgen_seq14,0,1132,843,1263,962,1064,1440,7541,1490,3129,0.492,medium,medium,small,43.6
PolypGen,/home/samsul/Documents/Polyp Detection/Polyp-Gen:/seq14/images/31.jpg,pgen_seq14,1,1103,877,1114,888,1064,1440,28,6,28,0.002,small,small,small,2.8
PolypGen,/home/samsul/Documents/Polyp Detection/Polyp-Gen:/seq14/images/31.jpg,pgen_seq14,2,1057,890,1168,1032,1064,1440,8255,1631,3164,0.539,medium,medium,small,45.6
PolypGen,/home/samsul/Documents/Polyp Detection/Polyp-Gen:/seq14/images/8.jpg,pgen_seq14,0,1190,442,1430,816,1064,1440,51789,10230,17852,3.38,large,large,medium,114.1
PolypGen,/home/samsul/Documents/Polyp Detection/Polyp-Gen:/seq14/images/41.jpg,pgen_seq14,0,957,362,1239,706,1064,1440,50761,10027,19286,3.313,large,large,medium,113.0
PolypGen,/home/samsul/Documents/Polyp Detection/Polyp-Gen:/seq14/images/41.jpg,pgen_seq14,1,784,439,1159,799,1064,1440,81513,16101,26812,5.32,large,large,medium,143.2
PolypGen,/home/samsul/Documents/Polyp Detection/Polyp-Gen:/seq14/images/41.jpg,pgen_seq14,2,1162,737,1173,749,1064,1440,27,5,31,0.002,small,small,small,2.5
PolypGen,/home/samsul/Documents/Polyp Detection/Polyp-Gen:/seq14/images/83.jpg,pgen_seq14,0,473,671,1029,1063,1064,1440,172581,34090,43240,11.264,large,large,large,208.3
PolypGen,/home/samsul/Documents/Polyp Detection/Polyp-Gen:/seq14/images/173.jpg,pgen_seq14,0,799,738,1327,1062,1064,1440,117910,23291,33960,7.696,large,large,medium,172.2
PolypGen,/home/samsul/Documents/Polyp Detection/Polyp-Gen:/seq14/images/173.jpg,pgen_seq14,1,365,770,874,1061,1064,1440,101977,20144,29416,6.656,large,large,medium,160.2
PolypGen,/home/samsul/Documents/Polyp Detection/Polyp-Gen:/seq14/images/172.jpg,pgen_seq14,0,941,468,1415,954,1064,1440,166800,32948,45694,10.887,large,large,large,204.8
PolypGen,/home/samsul/Documents/Polyp Detection/Polyp-Gen:/seq14/images/79.jpg,pgen_seq14,0,700,83,1204,529,1064,1440,147542,29144,44590,9.63,large,large,large,192.6
PolypGen,/home/samsul/Documents/Polyp Detection/Polyp-Gen:/seq14/images/193.jpg,pgen_seq14,0,561,737,1325,1063,1064,1440,178080,35176,49413,11.623,large,large,large,211.6
PolypGen,/home/samsul/Documents/Polyp Detection/Polyp-Gen:/seq14/images/188.jpg,pgen_seq14,0,528,418,1346,1046,1064,1440,336101,66390,101758,21.936,large,large,large,290.7
PolypGen,/home/samsul/Documents/Polyp Detection/Polyp-Gen:/seq14/images/158.jpg,pgen_seq14,0,827,292,1419,1005,1064,1440,239993,47406,83635,15.664,large,large,large,245.7
PolypGen,/home/samsul/Documents/Polyp Detection/Polyp-Gen:/seq14/images/158.jpg,pgen_seq14,1,699,647,873,826,1064,1440,13743,2715,6222,0.897,medium,large,small,58.8
PolypGen,/home/samsul/Documents/Polyp Detection/Polyp-Gen:/seq14/images/158.jpg,pgen_seq14,2,879,828,894,830,1064,1440,39,8,9,0.003,small,small,small,3.2
PolypGen,/home/samsul/Documents/Polyp Detection/Polyp-Gen:/seq14/images/50.jpg,pgen_seq14,0,899,601,1360,1035,1064,1440,109900,21709,39698,7.173,large,large,medium,166.3
PolypGen,/home/samsul/Documents/Polyp Detection/Polyp-Gen:/seq14/images/186.jpg,pgen_seq14,0,590,359,1354,861,1064,1440,237052,46825,76009,15.472,large,large,large,244.2
PolypGen,/home/samsul/Documents/Polyp Detection/Polyp-Gen:/seq14/images/52.jpg,pgen_seq14,0,987,0,1423,480,1064,1440,115410,22797,41520,7.533,large,large,large,170.4
PolypGen,/home/samsul/Documents/Polyp Detection/Polyp-Gen:/seq14/images/95.jpg,pgen_seq14,0,958,488,1395,895,1064,1440,119102,23526,35300,7.773,large,large,medium,173.1
PolypGen,/home/samsul/Documents/Polyp Detection/Polyp-Gen:/seq14/images/19.jpg,pgen_seq14,0,1179,575,1406,869,1064,1440,28154,5561,13286,1.838,medium,large,medium,84.1
PolypGen,/home/samsul/Documents/Polyp Detection/Polyp-Gen:/seq14/images/171.jpg,pgen_seq14,0,800,852,1210,1063,1064,1440,50284,9933,17211,3.282,large,large,medium,112.5
PolypGen,/home/samsul/Documents/Polyp Detection/Polyp-Gen:/seq14/images/171.jpg,pgen_seq14,1,421,863,896,1063,1064,1440,53976,10662,18899,3.523,large,large,medium,116.5
PolypGen,/home/samsul/Documents/Polyp Detection/Polyp-Gen:/seq14/images/60.jpg,pgen_seq14,0,422,0,1423,462,1064,1440,371400,73363,91640,24.24,large,large,large,305.6
PolypGen,/home/samsul/Documents/Polyp Detection/Polyp-Gen:/seq14/images/124.jpg,pgen_seq14,0,932,796,1341,1063,1064,1440,84607,16712,21705,5.522,large,large,medium,145.9
PolypGen,/home/samsul/Documents/Polyp Detection/Polyp-Gen:/seq14/images/124.jpg,pgen_seq14,1,731,896,955,1062,1064,1440,19317,3816,7422,1.261,medium,large,small,69.7
PolypGen,/home/samsul/Documents/Polyp Detection/Polyp-Gen:/seq14/images/189.jpg,pgen_seq14,0,504,379,1295,939,1064,1440,302408,59735,87765,19.737,large,large,large,275.8
PolypGen,/home/samsul/Documents/Polyp Detection/Polyp-Gen:/seq14/images/69.jpg,pgen_seq14,0,794,467,1216,714,1064,1440,61976,12242,20722,4.045,large,large,medium,124.8
PolypGen,/home/samsul/Documents/Polyp Detection/Polyp-Gen:/seq14/images/14.jpg,pgen_seq14,0,1225,333,1429,807,1064,1440,71804,14184,19235,4.686,large,large,medium,134.4
PolypGen,/home/samsul/Documents/Polyp Detection/Polyp-Gen:/seq14/images/70.jpg,pgen_seq14,0,800,327,1167,660,1064,1440,86822,17150,24279,5.667,large,large,medium,147.8
PolypGen,/home/samsul/Documents/Polyp Detection/Polyp-Gen:/seq14/images/117.jpg,pgen_seq14,0,969,472,1358,881,1064,1440,94996,18765,31585,6.2,large,large,medium,154.6
PolypGen,/home/samsul/Documents/Polyp Detection/Polyp-Gen:/seq14/images/23.jpg,pgen_seq14,0,636,643,1194,1063,1064,1440,179090,35376,46487,11.689,large,large,large,212.2
PolypGen,/home/samsul/Documents/Polyp Detection/Polyp-Gen:/seq14/images/199.jpg,pgen_seq14,0,677,579,1233,977,1064,1440,145014,28645,43900,9.465,large,large,large,191.0
PolypGen,/home/samsul/Documents/Polyp Detection/Polyp-Gen:/seq14/images/199.jpg,pgen_seq14,1,1185,596,1319,869,1064,1440,11064,2185,7307,0.722,medium,large,small,52.7
PolypGen,/home/samsul/Documents/Polyp Detection/Polyp-Gen:/seq14/images/205.jpg,pgen_seq14,0,662,340,1152,751,1064,1440,101253,20001,39959,6.609,large,large,medium,159.6
PolypGen,/home/samsul/Documents/Polyp Detection/Polyp-Gen:/seq14/images/205.jpg,pgen_seq14,1,1092,370,1252,557,1064,1440,11381,2248,5979,0.743,medium,large,small,53.5
PolypGen,/home/samsul/Documents/Polyp Detection/Polyp-Gen:/seq14/images/205.jpg,pgen_seq14,2,1176,571,1201,602,1064,1440,128,25,164,0.008,small,small,small,5.6
PolypGen,/home/samsul/Documents/Polyp Detection/Polyp-Gen:/seq14/images/205.jpg,pgen_seq14,3,1154,603,1175,623,1064,1440,81,16,91,0.005,small,small,small,4.5
PolypGen,/home/samsul/Documents/Polyp Detection/Polyp-Gen:/seq14/images/64.jpg,pgen_seq14,0,282,0,1218,650,1064,1440,509186,100580,120491,33.233,large,large,large,357.9
PolypGen,/home/samsul/Documents/Polyp Detection/Polyp-Gen:/seq14/images/28.jpg,pgen_seq14,0,883,758,1328,1063,1064,1440,102651,20277,26958,6.7,large,large,medium,160.7
PolypGen,/home/samsul/Documents/Polyp Detection/Polyp-Gen:/seq14/images/17.jpg,pgen_seq14,0,791,786,1295,1063,1064,1440,114295,22577,27731,7.46,large,large,medium,169.5
PolypGen,/home/samsul/Documents/Polyp Detection/Polyp-Gen:/seq14/images/36.jpg,pgen_seq14,0,1077,454,1338,776,1064,1440,43442,8581,16716,2.835,medium,large,medium,104.5
PolypGen,/home/samsul/Documents/Polyp Detection/Polyp-Gen:/seq14/images/36.jpg,pgen_seq14,1,905,531,1232,883,1064,1440,74850,14785,22871,4.885,large,large,medium,137.2
PolypGen,/home/samsul/Documents/Polyp Detection/Polyp-Gen:/seq14/images/36.jpg,pgen_seq14,2,1267,778,1281,800,1064,1440,62,12,68,0.004,small,small,small,3.9
PolypGen,/home/samsul/Documents/Polyp Detection/Polyp-Gen:/seq14/images/36.jpg,pgen_seq14,3,1237,801,1266,822,1064,1440,108,21,130,0.007,small,small,small,5.2
PolypGen,/home/samsul/Documents/Polyp Detection/Polyp-Gen:/seq14/images/87.jpg,pgen_seq14,0,857,350,1313,787,1064,1440,145680,28776,39539,9.508,large,large,medium,191.4
PolypGen,/home/samsul/Documents/Polyp Detection/Polyp-Gen:/seq14/images/216.jpg,pgen_seq14,0,745,629,1419,1061,1064,1440,162049,32010,57733,10.577,large,large,large,201.9
PolypGen,/home/samsul/Documents/Polyp Detection/Polyp-Gen:/seq14/images/216.jpg,pgen_seq14,1,899,906,1218,1062,1064,1440,21667,4280,9924,1.414,medium,large,small,73.8
PolypGen,/home/samsul/Documents/Polyp Detection/Polyp-Gen:/seq14/images/21.jpg,pgen_seq14,0,640,737,1188,1063,1064,1440,143629,28371,35461,9.374,large,large,medium,190.1
PolypGen,/home/samsul/Documents/Polyp Detection/Polyp-Gen:/seq14/images/208.jpg,pgen_seq14,0,1023,479,1307,775,1064,1440,39501,7803,16720,2.578,medium,large,medium,99.7
PolypGen,/home/samsul/Documents/Polyp Detection/Polyp-Gen:/seq14/images/208.jpg,pgen_seq14,1,815,558,1024,786,1064,1440,22088,4363,9499,1.442,medium,large,small,74.5
PolypGen,/home/samsul/Documents/Polyp Detection/Polyp-Gen:/seq14/images/208.jpg,pgen_seq14,2,1153,786,1186,804,1064,1440,65,13,128,0.004,small,small,small,4.1
PolypGen,/home/samsul/Documents/Polyp Detection/Polyp-Gen:/seq14/images/208.jpg,pgen_seq14,3,1063,835,1084,837,1064,1440,36,7,13,0.002,small,small,small,3.0
PolypGen,/home/samsul/Documents/Polyp Detection/Polyp-Gen:/seq14/images/72.jpg,pgen_seq14,0,975,494,1424,910,1064,1440,128431,25369,37067,8.382,large,large,medium,179.7
PolypGen,/home/samsul/Documents/Polyp Detection/Polyp-Gen:/seq14/images/0.jpg,pgen_seq14,0,372,622,961,1063,1064,1440,202098,39921,51512,13.19,large,large,large,225.5
PolypGen,/home/samsul/Documents/Polyp Detection/Polyp-Gen:/seq14/images/147.jpg,pgen_seq14,0,1027,810,1346,1063,1064,1440,47066,9297,16055,3.072,large,large,medium,108.8
PolypGen,/home/samsul/Documents/Polyp Detection/Polyp-Gen:/seq14/images/147.jpg,pgen_seq14,1,961,1029,1000,1063,1064,1440,764,151,277,0.05,small,small,small,13.9
PolypGen,/home/samsul/Documents/Polyp Detection/Polyp-Gen:/seq14/images/194.jpg,pgen_seq14,0,608,738,1214,1063,1064,1440,164821,32557,39088,10.757,large,large,medium,203.6
PolypGen,/home/samsul/Documents/Polyp Detection/Polyp-Gen:/seq14/images/148.jpg,pgen_seq14,0,982,678,1386,1062,1064,1440,85882,16964,30800,5.605,large,large,medium,147.0
PolypGen,/home/samsul/Documents/Polyp Detection/Polyp-Gen:/seq14/images/148.jpg,pgen_seq14,1,1343,743,1390,841,1064,1440,1757,347,939,0.115,small,medium,small,21.0
PolypGen,/home/samsul/Documents/Polyp Detection/Polyp-Gen:/seq14/images/26.jpg,pgen_seq14,0,758,518,1272,949,1064,1440,159818,31569,43947,10.431,large,large,large,200.5
PolypGen,/home/samsul/Documents/Polyp Detection/Polyp-Gen:/seq14/images/26.jpg,pgen_seq14,1,1186,518,1311,723,1064,1440,5931,1172,5127,0.387,medium,medium,small,38.6
PolypGen,/home/samsul/Documents/Polyp Detection/Polyp-Gen:/seq14/images/26.jpg,pgen_seq14,2,1288,737,1302,747,1064,1440,35,7,33,0.002,small,small,small,3.0
PolypGen,/home/samsul/Documents/Polyp Detection/Polyp-Gen:/seq14/images/12.jpg,pgen_seq14,0,913,456,1428,1018,1064,1440,208809,41246,57384,13.628,large,large,large,229.2
PolypGen,/home/samsul/Documents/Polyp Detection/Polyp-Gen:/seq14/images/221.jpg,pgen_seq14,0,645,711,1343,1063,1064,1440,170767,33732,48740,11.146,large,large,large,207.2
PolypGen,/home/samsul/Documents/Polyp Detection/Polyp-Gen:/seq14/images/22.jpg,pgen_seq14,0,615,642,1195,1062,1064,1440,177213,35005,48316,11.566,large,large,large,211.1
PolypGen,/home/samsul/Documents/Polyp Detection/Polyp-Gen:/seq14/images/129.jpg,pgen_seq14,0,914,649,1396,1063,1064,1440,130181,25715,39594,8.497,large,large,medium,180.9
PolypGen,/home/samsul/Documents/Polyp Detection/Polyp-Gen:/seq14/images/129.jpg,pgen_seq14,1,740,788,925,959,1064,1440,14366,2838,6319,0.938,medium,large,small,60.1
PolypGen,/home/samsul/Documents/Polyp Detection/Polyp-Gen:/seq14/images/129.jpg,pgen_seq14,2,928,952,940,955,1064,1440,31,6,10,0.002,small,small,small,2.8
PolypGen,/home/samsul/Documents/Polyp Detection/Polyp-Gen:/seq14/images/140.jpg,pgen_seq14,0,861,578,1421,1062,1064,1440,206010,40693,53745,13.446,large,large,large,227.6
PolypGen,/home/samsul/Documents/Polyp Detection/Polyp-Gen:/seq14/images/140.jpg,pgen_seq14,1,597,733,933,1057,1064,1440,40686,8037,21635,2.655,medium,large,medium,101.2
PolypGen,/home/samsul/Documents/Polyp Detection/Polyp-Gen:/seq14/images/248.jpg,pgen_seq14,0,926,467,1419,973,1064,1440,185778,36697,49473,12.125,large,large,large,216.2
PolypGen,/home/samsul/Documents/Polyp Detection/Polyp-Gen:/seq14/images/32.jpg,pgen_seq14,0,1197,928,1242,998,1064,1440,1041,206,645,0.068,small,medium,small,16.2
PolypGen,/home/samsul/Documents/Polyp Detection/Polyp-Gen:/seq14/images/32.jpg,pgen_seq14,1,1048,961,1175,1063,1064,1440,8555,1690,2604,0.558,medium,medium,small,46.4
PolypGen,/home/samsul/Documents/Polyp Detection/Polyp-Gen:/seq14/images/178.jpg,pgen_seq14,0,487,479,1393,1063,1064,1440,347462,68634,104809,22.678,large,large,large,295.6
PolypGen,/home/samsul/Documents/Polyp Detection/Polyp-Gen:/seq14/images/178.jpg,pgen_seq14,1,1289,547,1418,821,1064,1440,11235,2219,7062,0.733,medium,large,small,53.2
PolypGen,/home/samsul/Documents/Polyp Detection/Polyp-Gen:/seq14/images/9.jpg,pgen_seq14,0,1101,280,1423,808,1064,1440,130811,25839,33752,8.538,large,large,medium,181.4
PolypGen,/home/samsul/Documents/Polyp Detection/Polyp-Gen:/seq14/images/44.jpg,pgen_seq14,0,757,81,1422,808,1064,1440,363804,71863,95772,23.745,large,large,large,302.5
PolypGen,/home/samsul/Documents/Polyp Detection/Polyp-Gen:/seq14/images/106.jpg,pgen_seq14,0,970,477,1422,888,1064,1440,124362,24565,36866,8.117,large,large,medium,176.9
PolypGen,/home/samsul/Documents/Polyp Detection/Polyp-Gen:/seq14/images/80.jpg,pgen_seq14,0,750,186,1221,631,1064,1440,140484,27750,41583,9.169,large,large,large,188.0
PolypGen,/home/samsul/Documents/Polyp Detection/Polyp-Gen:/seq14/images/35.jpg,pgen_seq14,0,1095,484,1339,792,1064,1440,40625,8025,14954,2.651,medium,large,medium,101.1
PolypGen,/home/samsul/Documents/Polyp Detection/Polyp-Gen:/seq14/images/35.jpg,pgen_seq14,1,905,549,1250,936,1064,1440,85276,16845,26518,5.566,large,large,medium,146.5
PolypGen,/home/samsul/Documents/Polyp Detection/Polyp-Gen:/seq14/images/35.jpg,pgen_seq14,2,1275,798,1285,831,1064,1440,77,15,74,0.005,small,small,small,4.4
PolypGen,/home/samsul/Documents/Polyp Detection/Polyp-Gen:/seq14/images/48.jpg,pgen_seq14,0,800,0,1421,617,1064,1440,276904,54697,75930,18.073,large,large,large,263.9
PolypGen,/home/samsul/Documents/Polyp Detection/Polyp-Gen:/seq14/images/33.jpg,pgen_seq14,0,1010,954,1167,1062,1064,1440,10658,2105,3402,0.696,medium,large,small,51.8
PolypGen,/home/samsul/Documents/Polyp Detection/Polyp-Gen:/seq14/images/141.jpg,pgen_seq14,0,674,521,1428,1063,1064,1440,263795,52108,80981,17.217,large,large,large,257.6
PolypGen,/home/samsul/Documents/Polyp Detection/Polyp-Gen:/seq14/images/43.jpg,pgen_seq14,0,836,139,1404,850,1064,1440,300548,59368,80025,19.616,large,large,large,274.9
PolypGen,/home/samsul/Documents/Polyp Detection/Polyp-Gen:/seq14/images/223.jpg,pgen_seq14,0,410,363,1357,1063,1064,1440,508770,100498,131269,33.206,large,large,large,357.7
PolypGen,/home/samsul/Documents/Polyp Detection/Polyp-Gen:/seq14/images/55.jpg,pgen_seq14,0,1093,0,1422,469,1064,1440,100584,19868,30637,6.565,large,large,medium,159.0
PolypGen,/home/samsul/Documents/Polyp Detection/Polyp-Gen:/seq14/images/183.jpg,pgen_seq14,0,959,453,1421,969,1064,1440,155014,30620,47283,10.117,large,large,large,197.5
PolypGen,/home/samsul/Documents/Polyp Detection/Polyp-Gen:/seq14/images/183.jpg,pgen_seq14,1,941,724,1202,1027,1064,1440,26262,5188,15733,1.714,medium,large,medium,81.3
PolypGen,/home/samsul/Documents/Polyp Detection/Polyp-Gen:/seq14/images/245.jpg,pgen_seq14,0,897,452,1422,964,1064,1440,176612,34886,53301,11.527,large,large,large,210.8
PolypGen,/home/samsul/Documents/Polyp Detection/Polyp-Gen:/seq14/images/143.jpg,pgen_seq14,0,908,690,1411,1063,1064,1440,140067,27668,37234,9.142,large,large,medium,187.7
PolypGen,/home/samsul/Documents/Polyp Detection/Polyp-Gen:/seq14/images/143.jpg,pgen_seq14,1,692,813,941,1063,1064,1440,32767,6472,12395,2.139,medium,large,medium,90.8
PolypGen,/home/samsul/Documents/Polyp Detection/Polyp-Gen:/seq14/images/213.jpg,pgen_seq14,0,892,597,1421,926,1064,1440,99571,19668,34548,6.499,large,large,medium,158.2
PolypGen,/home/samsul/Documents/Polyp Detection/Polyp-Gen:/seq14/images/213.jpg,pgen_seq14,1,828,782,1300,1063,1064,1440,85703,16929,26348,5.594,large,large,medium,146.8
PolypGen,/home/samsul/Documents/Polyp Detection/Polyp-Gen:/seq14/images/213.jpg,pgen_seq14,2,818,856,826,877,1064,1440,54,11,39,0.004,small,small,small,3.7
PolypGen,/home/samsul/Documents/Polyp Detection/Polyp-Gen:/seq14/images/213.jpg,pgen_seq14,3,737,879,889,1063,1064,1440,13910,2748,5591,0.908,medium,large,small,59.2
PolypGen,/home/samsul/Documents/Polyp Detection/Polyp-Gen:/seq14/images/175.jpg,pgen_seq14,0,856,701,1339,1061,1064,1440,127014,25089,34513,8.29,large,large,medium,178.7
PolypGen,/home/samsul/Documents/Polyp Detection/Polyp-Gen:/seq14/images/175.jpg,pgen_seq14,1,421,744,920,1063,1064,1440,104009,20545,31605,6.788,large,large,medium,161.7
PolypGen,/home/samsul/Documents/Polyp Detection/Polyp-Gen:/seq14/images/175.jpg,pgen_seq14,2,921,1062,939,1063,1064,1440,25,5,8,0.002,small,small,small,2.5
PolypGen,/home/samsul/Documents/Polyp Detection/Polyp-Gen:/seq14/images/125.jpg,pgen_seq14,0,913,789,1319,1063,1064,1440,84024,16597,22109,5.484,large,large,medium,145.4
PolypGen,/home/samsul/Documents/Polyp Detection/Polyp-Gen:/seq14/images/125.jpg,pgen_seq14,1,716,887,940,1062,1064,1440,20834,4115,7822,1.36,medium,large,small,72.4
PolypGen,/home/samsul/Documents/Polyp Detection/Polyp-Gen:/seq14/images/47.jpg,pgen_seq14,0,717,0,1426,718,1064,1440,391332,77300,100838,25.541,large,large,large,313.7
PolypGen,/home/samsul/Documents/Polyp Detection/Polyp-Gen:/seq14/images/206.jpg,pgen_seq14,0,1147,648,1382,952,1064,1440,33843,6685,14218,2.209,medium,large,medium,92.3
PolypGen,/home/samsul/Documents/Polyp Detection/Polyp-Gen:/seq14/images/206.jpg,pgen_seq14,1,1142,767,1185,848,1064,1440,1184,234,713,0.077,small,medium,small,17.3
PolypGen,/home/samsul/Documents/Polyp Detection/Polyp-Gen:/seq14/images/157.jpg,pgen_seq14,0,1149,280,1424,881,1064,1440,96349,19032,32820,6.288,large,large,medium,155.7
PolypGen,/home/samsul/Documents/Polyp Detection/Polyp-Gen:/seq14/images/157.jpg,pgen_seq14,1,700,413,1333,939,1064,1440,162821,32162,65999,10.627,large,large,large,202.4
PolypGen,/home/samsul/Documents/Polyp Detection/Polyp-Gen:/seq14/images/133.jpg,pgen_seq14,0,1139,549,1394,826,1064,1440,23321,4607,14058,1.522,medium,large,medium,76.6
PolypGen,/home/samsul/Documents/Polyp Detection/Polyp-Gen:/seq14/images/133.jpg,pgen_seq14,1,736,557,1340,1063,1064,1440,158959,31399,60590,10.375,large,large,large,199.9
PolypGen,/home/samsul/Documents/Polyp Detection/Polyp-Gen:/seq14/images/233.jpg,pgen_seq14,0,489,280,1278,866,1064,1440,272300,53788,91601,17.772,large,large,large,261.7
PolypGen,/home/samsul/Documents/Polyp Detection/Polyp-Gen:/seq14/images/184.jpg,pgen_seq14,0,549,157,1356,697,1064,1440,221176,43689,86346,14.436,large,large,large,235.9
PolypGen,/home/samsul/Documents/Polyp Detection/Polyp-Gen:/seq14/images/13.jpg,pgen_seq14,0,1059,269,1422,814,1064,1440,152116,30048,39258,9.928,large,large,medium,195.6
PolypGen,/home/samsul/Documents/Polyp Detection/Polyp-Gen:/seq14/images/144.jpg,pgen_seq14,0,742,739,1393,1063,1064,1440,127441,25174,41857,8.318,large,large,large,179.0
PolypGen,/home/samsul/Documents/Polyp Detection/Polyp-Gen:/seq14/images/53.jpg,pgen_seq14,0,1097,0,1427,430,1064,1440,65663,12970,28180,4.286,large,large,medium,128.5
PolypGen,/home/samsul/Documents/Polyp Detection/Polyp-Gen:/seq14/images/196.jpg,pgen_seq14,0,573,680,1265,1063,1064,1440,180501,35655,52565,11.781,large,large,large,213.1
PolypGen,/home/samsul/Documents/Polyp Detection/Polyp-Gen:/seq14/images/196.jpg,pgen_seq14,1,1095,685,1313,986,1064,1440,24605,4860,13064,1.606,medium,large,medium,78.7
PolypGen,/home/samsul/Documents/Polyp Detection/Polyp-Gen:/seq14/images/196.jpg,pgen_seq14,2,1268,989,1277,1000,1064,1440,28,6,24,0.002,small,small,small,2.8
PolypGen,/home/samsul/Documents/Polyp Detection/Polyp-Gen:/seq14/images/196.jpg,pgen_seq14,3,1047,1063,1072,1063,1064,1440,26,5,5,0.002,small,small,small,2.5
PolypGen,/home/samsul/Documents/Polyp Detection/Polyp-Gen:/seq14/images/16.jpg,pgen_seq14,0,1280,379,1365,542,1064,1440,10458,2066,2786,0.683,medium,large,small,51.3
PolypGen,/home/samsul/Documents/Polyp Detection/Polyp-Gen:/seq14/images/195.jpg,pgen_seq14,0,1132,561,1404,926,1064,1440,61363,12121,19737,4.005,large,large,medium,124.2
PolypGen,/home/samsul/Documents/Polyp Detection/Polyp-Gen:/seq14/images/195.jpg,pgen_seq14,1,1127,753,1130,768,1064,1440,28,6,13,0.002,small,small,small,2.8
PolypGen,/home/samsul/Documents/Polyp Detection/Polyp-Gen:/seq14/images/195.jpg,pgen_seq14,2,1128,771,1210,922,1064,1440,5020,992,2492,0.328,small,medium,small,35.5
PolypGen,/home/samsul/Documents/Polyp Detection/Polyp-Gen:/seq14/images/42.jpg,pgen_seq14,0,913,363,1260,772,1064,1440,84007,16594,28184,5.483,large,large,medium,145.4
PolypGen,/home/samsul/Documents/Polyp Detection/Polyp-Gen:/seq14/images/42.jpg,pgen_seq14,1,826,542,1053,833,1064,1440,32593,6438,13151,2.127,medium,large,medium,90.5
PolypGen,/home/samsul/Documents/Polyp Detection/Polyp-Gen:/seq14/images/42.jpg,pgen_seq14,2,1128,774,1156,810,1064,1440,124,24,212,0.008,small,small,small,5.5
PolypGen,/home/samsul/Documents/Polyp Detection/Polyp-Gen:/seq14/images/42.jpg,pgen_seq14,3,1067,826,1108,839,1064,1440,78,15,116,0.005,small,small,small,4.4
PolypGen,/home/samsul/Documents/Polyp Detection/Polyp-Gen:/seq14/images/218.jpg,pgen_seq14,0,729,539,1425,1044,1064,1440,237447,46903,69666,15.498,large,large,large,244.4
PolypGen,/home/samsul/Documents/Polyp Detection/Polyp-Gen:/seq14/images/222.jpg,pgen_seq14,0,501,585,1426,1063,1064,1440,320041,63218,87616,20.888,large,large,large,283.7
PolypGen,/home/samsul/Documents/Polyp Detection/Polyp-Gen:/seq14/images/38.jpg,pgen_seq14,0,996,391,1272,711,1064,1440,45236,8936,17564,2.952,medium,large,medium,106.7
PolypGen,/home/samsul/Documents/Polyp Detection/Polyp-Gen:/seq14/images/38.jpg,pgen_seq14,1,820,454,1203,823,1064,1440,81331,16065,28065,5.308,large,large,medium,143.0
PolypGen,/home/samsul/Documents/Polyp Detection/Polyp-Gen:/seq14/images/237.jpg,pgen_seq14,0,397,272,957,698,1064,1440,134923,26651,47318,8.806,large,large,large,184.2
PolypGen,/home/samsul/Documents/Polyp Detection/Polyp-Gen:/seq14/images/15.jpg,pgen_seq14,0,1267,314,1407,653,1064,1440,36473,7205,9470,2.38,medium,large,small,95.8
PolypGen,/home/samsul/Documents/Polyp Detection/Polyp-Gen:/seq14/images/25.jpg,pgen_seq14,0,728,549,1252,965,1064,1440,165423,32676,43244,10.797,large,large,large,204.0
PolypGen,/home/samsul/Documents/Polyp Detection/Polyp-Gen:/seq14/images/152.jpg,pgen_seq14,0,1324,656,1406,846,1064,1440,7317,1445,3131,0.478,medium,medium,small,42.9
PolypGen,/home/samsul/Documents/Polyp Detection/Polyp-Gen:/seq14/images/152.jpg,pgen_seq14,1,1109,706,1330,958,1064,1440,30521,6029,11095,1.992,medium,large,medium,87.6
PolypGen,/home/samsul/Documents/Polyp Detection/Polyp-Gen:/seq14/images/152.jpg,pgen_seq14,2,1045,885,1100,958,1064,1440,2091,413,819,0.136,small,medium,small,22.9
PolypGen,/home/samsul/Documents/Polyp Detection/Polyp-Gen:/seq14/images/146.jpg,pgen_seq14,0,998,809,1345,1063,1064,1440,58064,11469,17529,3.79,large,large,medium,120.8
PolypGen,/home/samsul/Documents/Polyp Detection/Polyp-Gen:/seq14/images/146.jpg,pgen_seq14,1,912,998,983,1063,1064,1440,2484,491,939,0.162,small,medium,small,25.0
PolypGen,/home/samsul/Documents/Polyp Detection/Polyp-Gen:/seq14/images/84.jpg,pgen_seq14,0,976,495,1399,888,1064,1440,108968,21525,32999,7.112,large,large,medium,165.5
PolypGen,/home/samsul/Documents/Polyp Detection/Polyp-Gen:/seq14/images/212.jpg,pgen_seq14,0,1084,558,1419,866,1064,1440,56368,11134,20508,3.679,large,large,medium,119.1
PolypGen,/home/samsul/Documents/Polyp Detection/Polyp-Gen:/seq14/images/212.jpg,pgen_seq14,1,708,589,1348,1060,1064,1440,182728,36094,59763,11.926,large,large,large,214.4
PolypGen,/home/samsul/Documents/Polyp Detection/Polyp-Gen:/seq14/images/246.jpg,pgen_seq14,0,905,477,1422,976,1064,1440,186165,36773,51160,12.15,large,large,large,216.4
PolypGen,/home/samsul/Documents/Polyp Detection/Polyp-Gen:/seq14/images/217.jpg,pgen_seq14,0,1142,632,1371,945,1064,1440,42533,8402,14266,2.776,medium,large,medium,103.4
PolypGen,/home/samsul/Documents/Polyp Detection/Polyp-Gen:/seq14/images/134.jpg,pgen_seq14,0,690,563,1383,1063,1064,1440,174120,34394,68680,11.364,large,large,large,209.3
PolypGen,/home/samsul/Documents/Polyp Detection/Polyp-Gen:/seq14/images/134.jpg,pgen_seq14,1,1210,602,1402,863,1064,1440,17625,3481,9988,1.15,medium,large,small,66.6
PolypGen,/home/samsul/Documents/Polyp Detection/Polyp-Gen:/seq14/images/215.jpg,pgen_seq14,0,672,616,1424,1062,1064,1440,184916,36527,66487,12.069,large,large,large,215.7
PolypGen,/home/samsul/Documents/Polyp Detection/Polyp-Gen:/seq14/images/215.jpg,pgen_seq14,1,902,905,1197,1062,1064,1440,20676,4084,9238,1.349,medium,large,small,72.1
PolypGen,/home/samsul/Documents/Polyp Detection/Polyp-Gen:/seq14/images/135.jpg,pgen_seq14,0,678,543,1365,1063,1064,1440,176807,34925,70805,11.54,large,large,large,210.9
PolypGen,/home/samsul/Documents/Polyp Detection/Polyp-Gen:/seq14/images/135.jpg,pgen_seq14,1,1208,588,1399,850,1064,1440,12759,2520,9975,0.833,medium,large,small,56.6
PolypGen,/home/samsul/Documents/Polyp Detection/Polyp-Gen:/seq14/images/219.jpg,pgen_seq14,0,750,578,1419,1062,1064,1440,235163,46452,64188,15.348,large,large,large,243.2
PolypGen,/home/samsul/Documents/Polyp Detection/Polyp-Gen:/seq14/images/63.jpg,pgen_seq14,0,309,0,1300,544,1064,1440,447463,88388,106793,29.205,large,large,large,335.5
PolypGen,/home/samsul/Documents/Polyp Detection/Polyp-Gen:/seq14/images/228.jpg,pgen_seq14,0,1165,643,1411,955,1064,1440,45633,9014,15271,2.978,medium,large,medium,107.1
PolypGen,/home/samsul/Documents/Polyp Detection/Polyp-Gen:/seq14/images/228.jpg,pgen_seq14,1,1160,778,1169,820,1064,1440,124,24,85,0.008,small,small,small,5.5
PolypGen,/home/samsul/Documents/Polyp Detection/Polyp-Gen:/seq14/images/228.jpg,pgen_seq14,2,1171,825,1180,842,1064,1440,48,9,36,0.003,small,small,small,3.4
PolypGen,/home/samsul/Documents/Polyp Detection/Polyp-Gen:/seq14/images/228.jpg,pgen_seq14,3,1193,865,1252,976,1064,1440,948,187,1327,0.062,small,small,small,15.4
PolypGen,/home/samsul/Documents/Polyp Detection/Polyp-Gen:/seq14/images/242.jpg,pgen_seq14,0,377,298,644,601,1064,1440,42352,8366,16093,2.764,medium,large,medium,103.2
PolypGen,/home/samsul/Documents/Polyp Detection/Polyp-Gen:/seq14/images/56.jpg,pgen_seq14,0,1084,0,1423,669,1064,1440,183973,36340,44998,12.007,large,large,large,215.1
PolypGen,/home/samsul/Documents/Polyp Detection/Polyp-Gen:/seq14/images/201.jpg,pgen_seq14,0,704,511,1246,995,1064,1440,141184,27888,52021,9.215,large,large,large,188.4
PolypGen,/home/samsul/Documents/Polyp Detection/Polyp-Gen:/seq14/images/201.jpg,pgen_seq14,1,1211,549,1320,781,1064,1440,7071,1397,5063,0.462,medium,medium,small,42.2
PolypGen,/home/samsul/Documents/Polyp Detection/Polyp-Gen:/seq14/images/201.jpg,pgen_seq14,2,1279,785,1297,815,1064,1440,91,18,116,0.006,small,small,small,4.8
PolypGen,/home/samsul/Documents/Polyp Detection/Polyp-Gen:/seq14/images/20.jpg,pgen_seq14,0,692,838,1230,1063,1064,1440,97988,19356,24062,6.395,large,large,medium,157.0
PolypGen,/home/samsul/Documents/Polyp Detection/Polyp-Gen:/seq14/images/46.jpg,pgen_seq14,0,683,28,1422,768,1064,1440,443275,87560,108314,28.931,large,large,large,333.9
PolypGen,/home/samsul/Documents/Polyp Detection/Polyp-Gen:/seq14/images/210.jpg,pgen_seq14,0,834,637,1308,1019,1064,1440,95775,18919,35936,6.251,large,large,medium,155.2
PolypGen,/home/samsul/Documents/Polyp Detection/Polyp-Gen:/seq14/images/153.jpg,pgen_seq14,0,1149,692,1411,1063,1064,1440,54966,10857,19326,3.587,large,large,medium,117.6
PolypGen,/home/samsul/Documents/Polyp Detection/Polyp-Gen:/seq14/images/127.jpg,pgen_seq14,0,726,732,1328,1062,1064,1440,127759,25236,39426,8.338,large,large,medium,179.3
PolypGen,/home/samsul/Documents/Polyp Detection/Polyp-Gen:/seq14/images/127.jpg,pgen_seq14,1,1258,747,1375,887,1064,1440,8199,1620,3287,0.535,medium,medium,small,45.4
PolypGen,/home/samsul/Documents/Polyp Detection/Polyp-Gen:/seq14/images/127.jpg,pgen_seq14,2,1330,894,1354,926,1064,1440,186,37,163,0.012,small,small,small,6.9
PolypGen,/home/samsul/Documents/Polyp Detection/Polyp-Gen:/seq14/images/142.jpg,pgen_seq14,0,699,563,1414,1063,1064,1440,209454,41374,70857,13.671,large,large,large,229.5
PolypGen,/home/samsul/Documents/Polyp Detection/Polyp-Gen:/seq14/images/202.jpg,pgen_seq14,0,682,489,1243,969,1064,1440,140811,27815,53397,9.19,large,large,large,188.2
PolypGen,/home/samsul/Documents/Polyp Detection/Polyp-Gen:/seq14/images/202.jpg,pgen_seq14,1,1198,533,1320,746,1064,1440,9493,1875,5199,0.62,medium,large,small,48.9
PolypGen,/home/samsul/Documents/Polyp Detection/Polyp-Gen:/seq14/images/74.jpg,pgen_seq14,0,898,594,1216,735,1064,1440,27084,5350,8948,1.768,medium,large,small,82.5
PolypGen,/home/samsul/Documents/Polyp Detection/Polyp-Gen:/seq14/images/136.jpg,pgen_seq14,0,873,551,1414,1055,1064,1440,163728,32341,54066,10.686,large,large,large,202.9
PolypGen,/home/samsul/Documents/Polyp Detection/Polyp-Gen:/seq14/images/136.jpg,pgen_seq14,1,766,706,886,833,1064,1440,7751,1531,3059,0.506,medium,medium,small,44.2
PolypGen,/home/samsul/Documents/Polyp Detection/Polyp-Gen:/seq14/images/185.jpg,pgen_seq14,0,524,216,1320,754,1064,1440,218834,43226,84856,14.283,large,large,large,234.6
PolypGen,/home/samsul/Documents/Polyp Detection/Polyp-Gen:/seq14/images/155.jpg,pgen_seq14,0,775,288,1423,941,1064,1440,228512,45138,83841,14.914,large,large,large,239.7
PolypGen,/home/samsul/Documents/Polyp Detection/Polyp-Gen:/seq14/images/45.jpg,pgen_seq14,0,712,47,1423,757,1064,1440,394958,78016,99996,25.778,large,large,large,315.2
PolypGen,/home/samsul/Documents/Polyp Detection/Polyp-Gen:/seq14/images/128.jpg,pgen_seq14,0,985,424,1423,883,1064,1440,138664,27390,39889,9.05,large,large,medium,186.7
PolypGen,/home/samsul/Documents/Polyp Detection/Polyp-Gen:/seq14/images/180.jpg,pgen_seq14,0,560,518,1404,1063,1064,1440,285282,56352,91135,18.62,large,large,large,267.9
PolypGen,/home/samsul/Documents/Polyp Detection/Polyp-Gen:/seq14/images/180.jpg,pgen_seq14,1,1278,536,1436,823,1064,1440,17759,3508,9045,1.159,medium,large,small,66.8
PolypGen,/home/samsul/Documents/Polyp Detection/Polyp-Gen:/seq14/images/73.jpg,pgen_seq14,0,858,530,1246,715,1064,1440,43001,8494,14292,2.807,medium,large,medium,104.0
PolypGen,/home/samsul/Documents/Polyp Detection/Polyp-Gen:/seq14/images/132.jpg,pgen_seq14,0,1154,552,1423,857,1064,1440,28698,5669,16320,1.873,medium,large,medium,85.0
PolypGen,/home/samsul/Documents/Polyp Detection/Polyp-Gen:/seq14/images/132.jpg,pgen_seq14,1,891,570,1384,1062,1064,1440,140408,27735,48107,9.164,large,large,large,187.9
PolypGen,/home/samsul/Documents/Polyp Detection/Polyp-Gen:/seq14/images/132.jpg,pgen_seq14,2,766,703,895,845,1064,1440,9823,1940,3672,0.641,medium,large,small,49.7
PolypGen,/home/samsul/Documents/Polyp Detection/Polyp-Gen:/seq14/images/207.jpg,pgen_seq14,0,716,416,1178,797,1064,1440,89742,17727,34936,5.857,large,large,medium,150.2
PolypGen,/home/samsul/Documents/Polyp Detection/Polyp-Gen:/seq14/images/207.jpg,pgen_seq14,1,1134,427,1272,606,1064,1440,9051,1788,4942,0.591,medium,medium,small,47.7
PolypGen,/home/samsul/Documents/Polyp Detection/Polyp-Gen:/seq14/images/151.jpg,pgen_seq14,0,1071,611,1345,930,1064,1440,52400,10351,17383,3.42,large,large,medium,114.8
PolypGen,/home/samsul/Documents/Polyp Detection/Polyp-Gen:/seq14/images/151.jpg,pgen_seq14,1,1346,660,1382,783,1064,1440,2420,478,906,0.158,small,medium,small,24.7
PolypGen,/home/samsul/Documents/Polyp Detection/Polyp-Gen:/seq14/images/151.jpg,pgen_seq14,2,1347,801,1363,815,1064,1440,51,10,50,0.003,small,small,small,3.6
PolypGen,/home/samsul/Documents/Polyp Detection/Polyp-Gen:/seq14/images/151.jpg,pgen_seq14,3,1003,845,1071,933,1064,1440,3289,650,1213,0.215,small,medium,small,28.8
PolypGen,/home/samsul/Documents/Polyp Detection/Polyp-Gen:/seq14/images/88.jpg,pgen_seq14,0,858,402,1310,845,1064,1440,143193,28285,39730,9.346,large,large,medium,189.8
PolypGen,/home/samsul/Documents/Polyp Detection/Polyp-Gen:/seq14/images/65.jpg,pgen_seq14,0,356,0,1217,671,1064,1440,480662,94946,114423,31.372,large,large,large,347.7
PolypGen,/home/samsul/Documents/Polyp Detection/Polyp-Gen:/seq14/images/176.jpg,pgen_seq14,0,905,669,1357,1063,1064,1440,125660,24822,35345,8.201,large,large,medium,177.8
PolypGen,/home/samsul/Documents/Polyp Detection/Polyp-Gen:/seq14/images/176.jpg,pgen_seq14,1,455,714,964,1063,1064,1440,123383,24372,35259,8.053,large,large,medium,176.2
PolypGen,/home/samsul/Documents/Polyp Detection/Polyp-Gen:/seq14/images/176.jpg,pgen_seq14,2,1348,791,1405,860,1064,1440,1302,257,802,0.085,small,medium,small,18.1
PolypGen,/home/samsul/Documents/Polyp Detection/Polyp-Gen:/seq14/images/176.jpg,pgen_seq14,3,1359,862,1382,891,1064,1440,142,28,142,0.009,small,small,small,6.0
PolypGen,/home/samsul/Documents/Polyp Detection/Polyp-Gen:/seq14/images/161.jpg,pgen_seq14,0,958,456,1433,883,1064,1440,134044,26478,40243,8.749,large,large,large,183.6
PolypGen,/home/samsul/Documents/Polyp Detection/Polyp-Gen:/seq14/images/139.jpg,pgen_seq14,0,938,436,1418,872,1064,1440,137347,27130,41520,8.964,large,large,large,185.9
PolypGen,/home/samsul/Documents/Polyp Detection/Polyp-Gen:/seq14/images/77.jpg,pgen_seq14,0,858,58,1289,459,1064,1440,109444,21619,34304,7.143,large,large,medium,165.9
PolypGen,/home/samsul/Documents/Polyp Detection/Polyp-Gen:/seq14/images/61.jpg,pgen_seq14,0,956,504,1405,912,1064,1440,132500,26173,36356,8.648,large,large,medium,182.5
PolypGen,/home/samsul/Documents/Polyp Detection/Polyp-Gen:/seq14/images/149.jpg,pgen_seq14,0,1077,648,1323,1017,1064,1440,65761,12990,18052,4.292,large,large,medium,128.6
PolypGen,/home/samsul/Documents/Polyp Detection/Polyp-Gen:/seq14/images/240.jpg,pgen_seq14,0,377,339,789,697,1064,1440,80770,15955,29287,5.272,large,large,medium,142.5
PolypGen,/home/samsul/Documents/Polyp Detection/Polyp-Gen:/seq14/images/224.jpg,pgen_seq14,0,642,0,1141,600,1064,1440,197000,38914,59358,12.858,large,large,large,222.6
PolypGen,/home/samsul/Documents/Polyp Detection/Polyp-Gen:/seq14/images/239.jpg,pgen_seq14,0,538,352,915,726,1064,1440,82833,16362,28000,5.406,large,large,medium,144.3
PolypGen,/home/samsul/Documents/Polyp Detection/Polyp-Gen:/seq14/images/130.jpg,pgen_seq14,0,754,592,1428,1063,1064,1440,181062,35765,62933,11.817,large,large,large,213.4
PolypGen,/home/samsul/Documents/Polyp Detection/Polyp-Gen:/seq14/images/24.jpg,pgen_seq14,0,698,574,1248,996,1064,1440,176475,34859,46039,11.518,large,large,large,210.7
PolypGen,/home/samsul/Documents/Polyp Detection/Polyp-Gen:/seq14/images/203.jpg,pgen_seq14,0,1155,445,1315,674,1064,1440,13646,2696,7315,0.891,medium,large,small,58.6
PolypGen,/home/samsul/Documents/Polyp Detection/Polyp-Gen:/seq14/images/203.jpg,pgen_seq14,1,703,465,1275,877,1064,1440,107656,21265,46745,7.026,large,large,large,164.5
PolypGen,/home/samsul/Documents/Polyp Detection/Polyp-Gen:/seq14/images/160.jpg,pgen_seq14,0,1283,712,1415,873,1064,1440,13299,2627,4256,0.868,medium,large,small,57.8
PolypGen,/home/samsul/Documents/Polyp Detection/Polyp-Gen:/seq14/images/160.jpg,pgen_seq14,1,896,801,1373,1063,1064,1440,87792,17342,24832,5.73,large,large,medium,148.6
PolypGen,/home/samsul/Documents/Polyp Detection/Polyp-Gen:/seq14/images/160.jpg,pgen_seq14,2,809,957,903,1059,1064,1440,5267,1040,1933,0.344,medium,medium,small,36.4
PolypGen,/home/samsul/Documents/Polyp Detection/Polyp-Gen:/seq14/images/160.jpg,pgen_seq14,3,905,1060,949,1063,1064,1440,138,27,36,0.009,small,small,small,5.9
PolypGen,/home/samsul/Documents/Polyp Detection/Polyp-Gen:/seq14/images/243.jpg,pgen_seq14,0,404,331,700,644,1064,1440,50595,9994,18421,3.302,large,large,medium,112.8
PolypGen,/home/samsul/Documents/Polyp Detection/Polyp-Gen:/seq14/images/30.jpg,pgen_seq14,0,1093,550,1356,854,1064,1440,40252,7951,15905,2.627,medium,large,medium,100.6
PolypGen,/home/samsul/Documents/Polyp Detection/Polyp-Gen:/seq14/images/30.jpg,pgen_seq14,1,916,619,1222,947,1064,1440,57532,11364,19951,3.755,large,large,medium,120.3
PolypGen,/home/samsul/Documents/Polyp Detection/Polyp-Gen:/seq14/images/30.jpg,pgen_seq14,2,1258,869,1270,880,1064,1440,37,7,31,0.002,small,small,small,3.0
PolypGen,/home/samsul/Documents/Polyp Detection/Polyp-Gen:/seq14/images/30.jpg,pgen_seq14,3,1224,889,1240,894,1064,1440,33,7,20,0.002,small,small,small,3.0
PolypGen,/home/samsul/Documents/Polyp Detection/Polyp-Gen:/seq14/images/187.jpg,pgen_seq14,0,1091,504,1371,835,1064,1440,43357,8564,18428,2.83,medium,large,medium,104.4
PolypGen,/home/samsul/Documents/Polyp Detection/Polyp-Gen:/seq14/images/187.jpg,pgen_seq14,1,816,543,1266,1063,1064,1440,129854,25650,46414,8.475,large,large,large,180.7
PolypGen,/home/samsul/Documents/Polyp Detection/Polyp-Gen:/seq14/images/187.jpg,pgen_seq14,2,603,651,880,966,1064,1440,53864,10640,17353,3.516,large,large,medium,116.4
PolypGen,/home/samsul/Documents/Polyp Detection/Polyp-Gen:/seq14/images/187.jpg,pgen_seq14,3,1279,838,1299,867,1064,1440,73,14,124,0.005,small,small,small,4.2
PolypGen,/home/samsul/Documents/Polyp Detection/Polyp-Gen:/seq14/images/187.jpg,pgen_seq14,4,884,967,897,969,1064,1440,26,5,8,0.002,small,small,small,2.5
PolypGen,/home/samsul/Documents/Polyp Detection/Polyp-Gen:/seq14/images/231.jpg,pgen_seq14,0,366,191,1111,797,1064,1440,265481,52441,89446,17.327,large,large,large,258.4
PolypGen,/home/samsul/Documents/Polyp Detection/Polyp-Gen:/seq14/images/181.jpg,pgen_seq14,0,1009,500,1407,1063,1064,1440,117472,23204,44452,7.667,large,large,large,171.9
PolypGen,/home/samsul/Documents/Polyp Detection/Polyp-Gen:/seq14/images/181.jpg,pgen_seq14,1,539,549,1141,1062,1064,1440,197017,38917,61223,12.859,large,large,large,222.6
PolypGen,/home/samsul/Documents/Polyp Detection/Polyp-Gen:/seq14/images/181.jpg,pgen_seq14,2,1301,579,1422,824,1064,1440,11130,2199,5928,0.726,medium,large,small,52.9
PolypGen,/home/samsul/Documents/Polyp Detection/Polyp-Gen:/seq14/images/138.jpg,pgen_seq14,0,902,678,1375,1063,1064,1440,129191,25519,36141,8.432,large,large,medium,180.3
PolypGen,/home/samsul/Documents/Polyp Detection/Polyp-Gen:/seq14/images/138.jpg,pgen_seq14,1,680,779,974,1063,1064,1440,40742,8048,16607,2.659,medium,large,medium,101.2
PolypGen,/home/samsul/Documents/Polyp Detection/Polyp-Gen:/seq14/images/59.jpg,pgen_seq14,0,700,0,1420,415,1064,1440,223034,44056,59247,14.557,large,large,large,236.8
PolypGen,/home/samsul/Documents/Polyp Detection/Polyp-Gen:/seq14/images/214.jpg,pgen_seq14,0,732,607,1419,1063,1064,1440,202931,40085,62107,13.245,large,large,large,225.9
PolypGen,/home/samsul/Documents/Polyp Detection/Polyp-Gen:/seq14/images/230.jpg,pgen_seq14,0,336,166,836,616,1064,1440,129398,25560,44632,8.445,large,large,large,180.4
PolypGen,/home/samsul/Documents/Polyp Detection/Polyp-Gen:/seq14/images/137.jpg,pgen_seq14,0,683,655,1423,1063,1064,1440,186584,36856,59865,12.178,large,large,large,216.6
PolypGen,/home/samsul/Documents/Polyp Detection/Polyp-Gen:/seq15/images/75.jpg,pgen_seq15,0,78,114,168,274,1072,1354,9748,2178,3273,0.672,medium,large,small,52.7
PolypGen,/home/samsul/Documents/Polyp Detection/Polyp-Gen:/seq15/images/75.jpg,pgen_seq15,1,645,201,956,472,1072,1354,63190,14118,18960,4.353,large,large,medium,134.1
PolypGen,/home/samsul/Documents/Polyp Detection/Polyp-Gen:/seq15/images/71.jpg,pgen_seq15,0,620,212,1064,616,1072,1354,140852,31469,40266,9.704,large,large,large,200.2
PolypGen,/home/samsul/Documents/Polyp Detection/Polyp-Gen:/seq15/images/93.jpg,pgen_seq15,0,670,161,1116,518,1072,1354,123027,27487,35753,8.476,large,large,medium,187.1
PolypGen,/home/samsul/Documents/Polyp Detection/Polyp-Gen:/seq15/images/76.jpg,pgen_seq15,0,78,115,172,274,1072,1354,9646,2155,3396,0.665,medium,large,small,52.4
PolypGen,/home/samsul/Documents/Polyp Detection/Polyp-Gen:/seq15/images/76.jpg,pgen_seq15,1,646,193,955,465,1072,1354,62862,14045,18908,4.331,large,large,medium,133.7
PolypGen,/home/samsul/Documents/Polyp Detection/Polyp-Gen:/seq15/images/18.jpg,pgen_seq15,0,969,420,1283,792,1072,1354,90611,20244,26251,6.243,large,large,medium,160.5
PolypGen,/home/samsul/Documents/Polyp Detection/Polyp-Gen:/seq15/images/111.jpg,pgen_seq15,0,616,225,1061,626,1072,1354,140066,31294,40057,9.65,large,large,large,199.6
PolypGen,/home/samsul/Documents/Polyp Detection/Polyp-Gen:/seq15/images/3.jpg,pgen_seq15,0,617,216,1064,620,1072,1354,141649,31647,40537,9.759,large,large,large,200.7
PolypGen,/home/samsul/Documents/Polyp Detection/Polyp-Gen:/seq15/images/49.jpg,pgen_seq15,0,140,8,216,90,1072,1354,2638,589,1428,0.182,small,medium,small,27.4
PolypGen,/home/samsul/Documents/Polyp Detection/Polyp-Gen:/seq15/images/49.jpg,pgen_seq15,1,680,91,1038,354,1072,1354,67254,15026,21175,4.633,large,large,medium,138.3
PolypGen,/home/samsul/Documents/Polyp Detection/Polyp-Gen:/seq15/images/40.jpg,pgen_seq15,0,136,31,223,141,1072,1354,5237,1170,2182,0.361,medium,medium,small,38.6
PolypGen,/home/samsul/Documents/Polyp Detection/Polyp-Gen:/seq15/images/40.jpg,pgen_seq15,1,648,176,1035,482,1072,1354,92256,20612,26613,6.356,large,large,medium,162.0
PolypGen,/home/samsul/Documents/Polyp Detection/Polyp-Gen:/seq15/images/68.jpg,pgen_seq15,0,105,74,196,215,1072,1354,8037,1796,2919,0.554,medium,medium,small,47.8
PolypGen,/home/samsul/Documents/Polyp Detection/Polyp-Gen:/seq15/images/68.jpg,pgen_seq15,1,648,165,951,410,1072,1354,56131,12541,16708,3.867,large,large,medium,126.4
PolypGen,/home/samsul/Documents/Polyp Detection/Polyp-Gen:/seq15/images/57.jpg,pgen_seq15,0,59,151,122,265,1072,1354,4530,1012,1644,0.312,small,medium,small,35.9
PolypGen,/home/samsul/Documents/Polyp Detection/Polyp-Gen:/seq15/images/57.jpg,pgen_seq15,1,470,294,802,568,1072,1354,69598,15550,20460,4.795,large,large,medium,140.7
PolypGen,/home/samsul/Documents/Polyp Detection/Polyp-Gen:/seq15/images/81.jpg,pgen_seq15,0,65,135,155,292,1072,1354,8941,1998,3212,0.616,medium,medium,small,50.4
PolypGen,/home/samsul/Documents/Polyp Detection/Polyp-Gen:/seq15/images/81.jpg,pgen_seq15,1,562,242,871,542,1072,1354,65987,14743,20847,4.546,large,large,medium,137.0
PolypGen,/home/samsul/Documents/Polyp Detection/Polyp-Gen:/seq15/images/101.jpg,pgen_seq15,0,663,159,1113,521,1072,1354,123905,27683,36577,8.536,large,large,medium,187.7
PolypGen,/home/samsul/Documents/Polyp Detection/Polyp-Gen:/seq15/images/104.jpg,pgen_seq15,0,620,219,1068,622,1072,1354,140878,31475,40528,9.706,large,large,large,200.2
PolypGen,/home/samsul/Documents/Polyp Detection/Polyp-Gen:/seq15/images/11.jpg,pgen_seq15,0,268,600,471,938,1072,1354,48155,10759,15451,3.318,large,large,medium,117.0
PolypGen,/home/samsul/Documents/Polyp Detection/Polyp-Gen:/seq15/images/29.jpg,pgen_seq15,0,164,2,249,83,1072,1354,3964,886,1576,0.273,small,medium,small,33.6
PolypGen,/home/samsul/Documents/Polyp Detection/Polyp-Gen:/seq15/images/29.jpg,pgen_seq15,1,660,158,1042,451,1072,1354,87879,19634,25158,6.054,large,large,medium,158.1
PolypGen,/home/samsul/Documents/Polyp Detection/Polyp-Gen:/seq15/images/85.jpg,pgen_seq15,0,68,154,161,310,1072,1354,10123,2262,3297,0.697,medium,large,small,53.7
PolypGen,/home/samsul/Documents/Polyp Detection/Polyp-Gen:/seq15/images/85.jpg,pgen_seq15,1,564,319,857,582,1072,1354,58371,13041,17341,4.021,large,large,medium,128.9
PolypGen,/home/samsul/Documents/Polyp Detection/Polyp-Gen:/seq15/images/54.jpg,pgen_seq15,0,61,108,134,217,1072,1354,3462,773,1819,0.239,small,medium,small,31.4
PolypGen,/home/samsul/Documents/Polyp Detection/Polyp-Gen:/seq15/images/54.jpg,pgen_seq15,1,486,182,827,477,1072,1354,71758,16032,22617,4.944,large,large,medium,142.9
PolypGen,/home/samsul/Documents/Polyp Detection/Polyp-Gen:/seq15/images/51.jpg,pgen_seq15,0,670,64,1007,301,1072,1354,56821,12695,17973,3.915,large,large,medium,127.1
PolypGen,/home/samsul/Documents/Polyp Detection/Polyp-Gen:/seq15/images/6.jpg,pgen_seq15,0,617,215,1063,622,1072,1354,141570,31630,40746,9.753,large,large,large,200.7
PolypGen,/home/samsul/Documents/Polyp Detection/Polyp-Gen:/seq15/images/58.jpg,pgen_seq15,0,58,154,128,272,1072,1354,4601,1028,1888,0.317,medium,medium,small,36.2
PolypGen,/home/samsul/Documents/Polyp Detection/Polyp-Gen:/seq15/images/58.jpg,pgen_seq15,1,481,293,789,568,1072,1354,64169,14337,19054,4.421,large,large,medium,135.1
PolypGen,/home/samsul/Documents/Polyp Detection/Polyp-Gen:/seq15/images/66.jpg,pgen_seq15,0,108,77,202,214,1072,1354,8222,1837,2929,0.566,medium,medium,small,48.4
PolypGen,/home/samsul/Documents/Polyp Detection/Polyp-Gen:/seq15/images/66.jpg,pgen_seq15,1,646,168,948,417,1072,1354,55642,12432,16924,3.833,large,large,medium,125.8
PolypGen,/home/samsul/Documents/Polyp Detection/Polyp-Gen:/seq15/images/10.jpg,pgen_seq15,0,621,216,1061,619,1072,1354,141571,31630,39805,9.754,large,large,medium,200.7
PolypGen,/home/samsul/Documents/Polyp Detection/Polyp-Gen:/seq15/images/34.jpg,pgen_seq15,0,137,34,220,138,1072,1354,4087,913,1971,0.282,small,medium,small,34.1
PolypGen,/home/samsul/Documents/Polyp Detection/Polyp-Gen:/seq15/images/34.jpg,pgen_seq15,1,609,212,976,507,1072,1354,86615,19352,24337,5.967,large,large,medium,157.0
PolypGen,/home/samsul/Documents/Polyp Detection/Polyp-Gen:/seq15/images/37.jpg,pgen_seq15,0,110,15,216,137,1072,1354,5927,1324,2940,0.408,medium,medium,small,41.1
PolypGen,/home/samsul/Documents/Polyp Detection/Polyp-Gen:/seq15/images/37.jpg,pgen_seq15,1,648,226,1026,531,1072,1354,92274,20616,25911,6.357,large,large,medium,162.0
PolypGen,/home/samsul/Documents/Polyp Detection/Polyp-Gen:/seq15/images/110.jpg,pgen_seq15,0,620,221,1059,620,1072,1354,140134,31309,39322,9.655,large,large,medium,199.7
PolypGen,/home/samsul/Documents/Polyp Detection/Polyp-Gen:/seq15/images/115.jpg,pgen_seq15,0,620,215,1068,627,1072,1354,143005,31950,41430,9.852,large,large,large,201.7
PolypGen,/home/samsul/Documents/Polyp Detection/Polyp-Gen:/seq15/images/67.jpg,pgen_seq15,0,102,78,196,219,1072,1354,8569,1914,3014,0.59,medium,medium,small,49.4
PolypGen,/home/samsul/Documents/Polyp Detection/Polyp-Gen:/seq15/images/67.jpg,pgen_seq15,1,645,158,949,423,1072,1354,58055,12971,18126,4.0,large,large,medium,128.5
PolypGen,/home/samsul/Documents/Polyp Detection/Polyp-Gen:/seq15/images/27.jpg,pgen_seq15,0,184,0,257,53,1072,1354,2361,527,893,0.163,small,medium,small,25.9
PolypGen,/home/samsul/Documents/Polyp Detection/Polyp-Gen:/seq15/images/27.jpg,pgen_seq15,1,693,54,1043,275,1072,1354,51896,11595,17409,3.575,large,large,medium,121.5
PolypGen,/home/samsul/Documents/Polyp Detection/Polyp-Gen:/seq15/images/82.jpg,pgen_seq15,0,621,216,1060,617,1072,1354,139214,31103,39519,9.591,large,large,medium,199.0
PolypGen,/home/samsul/Documents/Polyp Detection/Polyp-Gen:/seq15/images/78.jpg,pgen_seq15,0,72,121,168,283,1072,1354,10445,2334,3532,0.72,medium,large,small,54.5
PolypGen,/home/samsul/Documents/Polyp Detection/Polyp-Gen:/seq15/images/78.jpg,pgen_seq15,1,638,205,955,478,1072,1354,66124,14773,19467,4.556,large,large,medium,137.1
PolypGen,/home/samsul/Documents/Polyp Detection/Polyp-Gen:/seq15/images/62.jpg,pgen_seq15,0,112,70,199,202,1072,1354,7265,1623,2615,0.501,medium,medium,small,45.5
PolypGen,/home/samsul/Documents/Polyp Detection/Polyp-Gen:/seq15/images/62.jpg,pgen_seq15,1,625,192,917,430,1072,1354,52390,11705,15645,3.609,large,large,medium,122.1
PolypGen,/home/samsul/Documents/Polyp Detection/Polyp-Gen:/seq15/images/39.jpg,pgen_seq15,0,617,219,1060,620,1072,1354,140487,31388,39878,9.679,large,large,medium,199.9
PolypGen,/home/samsul/Documents/Polyp Detection/Polyp-Gen:/seq15/images/89.jpg,pgen_seq15,0,79,159,171,309,1072,1354,10258,2292,3137,0.707,medium,large,small,54.0
PolypGen,/home/samsul/Documents/Polyp Detection/Polyp-Gen:/seq15/images/89.jpg,pgen_seq15,1,547,316,821,575,1072,1354,51642,11538,15975,3.558,large,large,medium,121.2
PolypGen,/home/samsul/Documents/Polyp Detection/Polyp-Gen:/seq15/images/99.jpg,pgen_seq15,0,666,163,1114,515,1072,1354,122295,27323,35411,8.425,large,large,medium,186.5
PolypGen,/home/samsul/Documents/Polyp Detection/Polyp-Gen:/seq15/images/105.jpg,pgen_seq15,0,619,215,1064,624,1072,1354,142599,31860,40855,9.824,large,large,large,201.4
PolypGen,/home/samsul/Documents/Polyp Detection/Polyp-Gen:/seq15/images/112.jpg,pgen_seq15,0,617,216,1063,620,1072,1354,140612,31416,40447,9.687,large,large,large,200.0
PolypGen,/home/samsul/Documents/Polyp Detection/Polyp-Gen:/seq15/images/86.jpg,pgen_seq15,0,71,161,171,319,1072,1354,11330,2531,3588,0.781,medium,large,small,56.8
PolypGen,/home/samsul/Documents/Polyp Detection/Polyp-Gen:/seq15/images/86.jpg,pgen_seq15,1,567,336,858,602,1072,1354,56994,12734,17419,3.927,large,large,medium,127.3
PolypGen,/home/samsul/Documents/Polyp Detection/Polyp-Gen:/seq15/images/31.jpg,pgen_seq15,0,129,27,220,137,1072,1354,4867,1087,2282,0.335,medium,medium,small,37.2
PolypGen,/home/samsul/Documents/Polyp Detection/Polyp-Gen:/seq15/images/31.jpg,pgen_seq15,1,615,219,996,526,1072,1354,91810,20512,26287,6.325,large,large,medium,161.6
PolypGen,/home/samsul/Documents/Polyp Detection/Polyp-Gen:/seq15/images/8.jpg,pgen_seq15,0,620,219,1063,617,1072,1354,139699,31212,39580,9.625,large,large,medium,199.3
PolypGen,/home/samsul/Documents/Polyp Detection/Polyp-Gen:/seq15/images/98.jpg,pgen_seq15,0,674,159,1116,520,1072,1354,121691,27188,35829,8.384,large,large,medium,186.1
PolypGen,/home/samsul/Documents/Polyp Detection/Polyp-Gen:/seq15/images/103.jpg,pgen_seq15,0,617,215,1060,624,1072,1354,144123,32200,40671,9.929,large,large,large,202.5
PolypGen,/home/samsul/Documents/Polyp Detection/Polyp-Gen:/seq15/images/41.jpg,pgen_seq15,0,122,36,223,160,1072,1354,5976,1335,2849,0.412,medium,medium,small,41.2
PolypGen,/home/samsul/Documents/Polyp Detection/Polyp-Gen:/seq15/images/41.jpg,pgen_seq15,1,655,199,1047,511,1072,1354,96970,21665,27483,6.681,large,large,medium,166.1
PolypGen,/home/samsul/Documents/Polyp Detection/Polyp-Gen:/seq15/images/109.jpg,pgen_seq15,0,617,219,1064,624,1072,1354,142760,31895,40637,9.835,large,large,large,201.5
PolypGen,/home/samsul/Documents/Polyp Detection/Polyp-Gen:/seq15/images/83.jpg,pgen_seq15,0,620,211,1061,622,1072,1354,141954,31715,40686,9.78,large,large,large,200.9
PolypGen,/home/samsul/Documents/Polyp Detection/Polyp-Gen:/seq15/images/79.jpg,pgen_seq15,0,68,124,162,285,1072,1354,9550,2134,3438,0.658,medium,large,small,52.1
PolypGen,/home/samsul/Documents/Polyp Detection/Polyp-Gen:/seq15/images/79.jpg,pgen_seq15,1,599,212,925,490,1072,1354,66447,14846,20383,4.578,large,large,medium,137.5
PolypGen,/home/samsul/Documents/Polyp Detection/Polyp-Gen:/seq15/images/50.jpg,pgen_seq15,0,619,219,1061,620,1072,1354,140703,31436,39788,9.694,large,large,medium,200.1
PolypGen,/home/samsul/Documents/Polyp Detection/Polyp-Gen:/seq15/images/1.jpg,pgen_seq15,0,619,219,1056,622,1072,1354,139876,31251,39535,9.637,large,large,medium,199.5
PolypGen,/home/samsul/Documents/Polyp Detection/Polyp-Gen:/seq15/images/52.jpg,pgen_seq15,0,584,105,965,386,1072,1354,76231,17032,24068,5.252,large,large,medium,147.3
PolypGen,/home/samsul/Documents/Polyp Detection/Polyp-Gen:/seq15/images/95.jpg,pgen_seq15,0,676,161,1114,515,1072,1354,119985,26807,34819,8.266,large,large,medium,184.7
PolypGen,/home/samsul/Documents/Polyp Detection/Polyp-Gen:/seq15/images/19.jpg,pgen_seq15,0,981,274,1283,589,1072,1354,66345,14823,21392,4.571,large,large,medium,137.4
PolypGen,/home/samsul/Documents/Polyp Detection/Polyp-Gen:/seq15/images/60.jpg,pgen_seq15,0,623,221,1057,624,1072,1354,140555,31403,39264,9.684,large,large,medium,200.0
PolypGen,/home/samsul/Documents/Polyp Detection/Polyp-Gen:/seq15/images/69.jpg,pgen_seq15,0,98,83,195,219,1072,1354,8410,1879,3000,0.579,medium,medium,small,48.9
PolypGen,/home/samsul/Documents/Polyp Detection/Polyp-Gen:/seq15/images/69.jpg,pgen_seq15,1,648,162,956,420,1072,1354,57559,12860,17881,3.966,large,large,medium,128.0
PolypGen,/home/samsul/Documents/Polyp Detection/Polyp-Gen:/seq15/images/14.jpg,pgen_seq15,0,263,238,483,680,1072,1354,78749,17594,21874,5.425,large,large,medium,149.7
PolypGen,/home/samsul/Documents/Polyp Detection/Polyp-Gen:/seq15/images/91.jpg,pgen_seq15,0,79,154,178,308,1072,1354,11039,2466,3463,0.761,medium,large,small,56.0
PolypGen,/home/samsul/Documents/Polyp Detection/Polyp-Gen:/seq15/images/91.jpg,pgen_seq15,1,562,314,833,569,1072,1354,52026,11624,15557,3.584,large,large,medium,121.7
PolypGen,/home/samsul/Documents/Polyp Detection/Polyp-Gen:/seq15/images/70.jpg,pgen_seq15,0,98,80,193,222,1072,1354,8764,1958,3067,0.604,medium,medium,small,49.9
PolypGen,/home/samsul/Documents/Polyp Detection/Polyp-Gen:/seq15/images/70.jpg,pgen_seq15,1,653,165,961,421,1072,1354,58237,13011,17742,4.012,large,large,medium,128.7
PolypGen,/home/samsul/Documents/Polyp Detection/Polyp-Gen:/seq15/images/23.jpg,pgen_seq15,0,903,194,1235,479,1072,1354,76444,17079,21278,5.267,large,large,medium,147.5
PolypGen,/home/samsul/Documents/Polyp Detection/Polyp-Gen:/seq15/images/64.jpg,pgen_seq15,0,109,71,205,212,1072,1354,8299,1854,3077,0.572,medium,medium,small,48.6
PolypGen,/home/samsul/Documents/Polyp Detection/Polyp-Gen:/seq15/images/64.jpg,pgen_seq15,1,639,179,938,427,1072,1354,53746,12008,16689,3.703,large,large,medium,123.6
PolypGen,/home/samsul/Documents/Polyp Detection/Polyp-Gen:/seq15/images/28.jpg,pgen_seq15,0,617,217,1060,620,1072,1354,139488,31164,40076,9.61,large,large,large,199.2
PolypGen,/home/samsul/Documents/Polyp Detection/Polyp-Gen:/seq15/images/17.jpg,pgen_seq15,0,619,221,1060,616,1072,1354,140595,31412,39106,9.686,large,large,medium,200.0
PolypGen,/home/samsul/Documents/Polyp Detection/Polyp-Gen:/seq15/images/36.jpg,pgen_seq15,0,128,44,215,154,1072,1354,5616,1255,2182,0.387,medium,medium,small,40.0
PolypGen,/home/samsul/Documents/Polyp Detection/Polyp-Gen:/seq15/images/36.jpg,pgen_seq15,1,631,226,1015,541,1072,1354,91253,20388,27181,6.287,large,large,medium,161.1
PolypGen,/home/samsul/Documents/Polyp Detection/Polyp-Gen:/seq15/images/87.jpg,pgen_seq15,0,76,170,169,319,1072,1354,9332,2085,3150,0.643,medium,large,small,51.5
PolypGen,/home/samsul/Documents/Polyp Detection/Polyp-Gen:/seq15/images/87.jpg,pgen_seq15,1,553,321,830,598,1072,1354,54220,12114,17267,3.735,large,large,medium,124.2
PolypGen,/home/samsul/Documents/Polyp Detection/Polyp-Gen:/seq15/images/4.jpg,pgen_seq15,0,621,221,1066,624,1072,1354,140637,31421,40257,9.689,large,large,large,200.0
PolypGen,/home/samsul/Documents/Polyp Detection/Polyp-Gen:/seq15/images/5.jpg,pgen_seq15,0,619,218,1066,622,1072,1354,139973,31273,40537,9.643,large,large,large,199.5
PolypGen,/home/samsul/Documents/Polyp Detection/Polyp-Gen:/seq15/images/21.jpg,pgen_seq15,0,1004,137,1268,420,1072,1354,49024,10953,16815,3.377,large,large,medium,118.1
PolypGen,/home/samsul/Documents/Polyp Detection/Polyp-Gen:/seq15/images/72.jpg,pgen_seq15,0,99,84,190,229,1072,1354,8685,1940,3001,0.598,medium,medium,small,49.7
PolypGen,/home/samsul/Documents/Polyp Detection/Polyp-Gen:/seq15/images/72.jpg,pgen_seq15,1,656,176,965,434,1072,1354,59546,13304,17938,4.102,large,large,medium,130.2
PolypGen,/home/samsul/Documents/Polyp Detection/Polyp-Gen:/seq15/images/0.jpg,pgen_seq15,0,621,216,1059,616,1072,1354,138995,31054,39331,9.576,large,large,medium,198.8
PolypGen,/home/samsul/Documents/Polyp Detection/Polyp-Gen:/seq15/images/113.jpg,pgen_seq15,0,621,216,1061,619,1072,1354,138101,30855,39805,9.514,large,large,medium,198.2
PolypGen,/home/samsul/Documents/Polyp Detection/Polyp-Gen:/seq15/images/26.jpg,pgen_seq15,0,743,10,1087,234,1072,1354,58817,13141,17343,4.052,large,large,medium,129.4
PolypGen,/home/samsul/Documents/Polyp Detection/Polyp-Gen:/seq15/images/12.jpg,pgen_seq15,0,268,590,468,919,1072,1354,48590,10856,14819,3.348,large,large,medium,117.6
PolypGen,/home/samsul/Documents/Polyp Detection/Polyp-Gen:/seq15/images/108.jpg,pgen_seq15,0,617,218,1070,619,1072,1354,140727,31441,40776,9.695,large,large,large,200.1
PolypGen,/home/samsul/Documents/Polyp Detection/Polyp-Gen:/seq15/images/22.jpg,pgen_seq15,0,899,94,1209,312,1072,1354,48620,10863,15217,3.35,large,large,medium,117.6
PolypGen,/home/samsul/Documents/Polyp Detection/Polyp-Gen:/seq15/images/100.jpg,pgen_seq15,0,670,159,1117,513,1072,1354,120412,26902,35533,8.296,large,large,medium,185.1
PolypGen,/home/samsul/Documents/Polyp Detection/Polyp-Gen:/seq15/images/32.jpg,pgen_seq15,0,135,29,229,143,1072,1354,5937,1326,2441,0.409,medium,medium,small,41.1
PolypGen,/home/samsul/Documents/Polyp Detection/Polyp-Gen:/seq15/images/32.jpg,pgen_seq15,1,611,220,982,536,1072,1354,91897,20532,26347,6.331,large,large,medium,161.7
PolypGen,/home/samsul/Documents/Polyp Detection/Polyp-Gen:/seq15/images/9.jpg,pgen_seq15,0,623,218,1063,626,1072,1354,140373,31362,40298,9.671,large,large,large,199.8
PolypGen,/home/samsul/Documents/Polyp Detection/Polyp-Gen:/seq15/images/44.jpg,pgen_seq15,0,120,27,229,144,1072,1354,6885,1538,2900,0.474,medium,medium,small,44.3
PolypGen,/home/samsul/Documents/Polyp Detection/Polyp-Gen:/seq15/images/44.jpg,pgen_seq15,1,695,202,1070,536,1072,1354,97772,21844,28142,6.736,large,large,medium,166.8
PolypGen,/home/samsul/Documents/Polyp Detection/Polyp-Gen:/seq15/images/106.jpg,pgen_seq15,0,617,221,1063,624,1072,1354,142417,31819,40347,9.812,large,large,large,201.3
PolypGen,/home/samsul/Documents/Polyp Detection/Polyp-Gen:/seq15/images/80.jpg,pgen_seq15,0,68,131,158,286,1072,1354,8989,2008,3172,0.619,medium,medium,small,50.6
PolypGen,/home/samsul/Documents/Polyp Detection/Polyp-Gen:/seq15/images/80.jpg,pgen_seq15,1,588,242,901,525,1072,1354,66072,14762,19924,4.552,large,large,medium,137.1
PolypGen,/home/samsul/Documents/Polyp Detection/Polyp-Gen:/seq15/images/35.jpg,pgen_seq15,0,619,214,1000,531,1072,1354,94798,21180,27140,6.531,large,large,medium,164.2
PolypGen,/home/samsul/Documents/Polyp Detection/Polyp-Gen:/seq15/images/48.jpg,pgen_seq15,0,177,13,253,83,1072,1354,3084,689,1221,0.212,small,medium,small,29.6
PolypGen,/home/samsul/Documents/Polyp Detection/Polyp-Gen:/seq15/images/48.jpg,pgen_seq15,1,683,121,1049,406,1072,1354,76518,17096,23451,5.272,large,large,medium,147.5
PolypGen,/home/samsul/Documents/Polyp Detection/Polyp-Gen:/seq15/images/33.jpg,pgen_seq15,0,146,25,220,117,1072,1354,3543,792,1558,0.244,small,medium,small,31.8
PolypGen,/home/samsul/Documents/Polyp Detection/Polyp-Gen:/seq15/images/33.jpg,pgen_seq15,1,599,205,965,497,1072,1354,85395,19079,24025,5.883,large,large,medium,155.9
PolypGen,/home/samsul/Documents/Polyp Detection/Polyp-Gen:/seq15/images/43.jpg,pgen_seq15,0,120,53,203,165,1072,1354,5914,1321,2121,0.407,medium,medium,small,41.0
PolypGen,/home/samsul/Documents/Polyp Detection/Polyp-Gen:/seq15/images/43.jpg,pgen_seq15,1,699,299,1104,639,1072,1354,110472,24682,30932,7.611,large,large,medium,177.3
PolypGen,/home/samsul/Documents/Polyp Detection/Polyp-Gen:/seq15/images/90.jpg,pgen_seq15,0,78,158,173,313,1072,1354,10624,2374,3346,0.732,medium,large,small,55.0
PolypGen,/home/samsul/Documents/Polyp Detection/Polyp-Gen:/seq15/images/90.jpg,pgen_seq15,1,558,326,833,572,1072,1354,50329,11245,15231,3.467,large,large,medium,119.7
PolypGen,/home/samsul/Documents/Polyp Detection/Polyp-Gen:/seq15/images/55.jpg,pgen_seq15,0,51,157,124,278,1072,1354,5251,1173,2017,0.362,medium,medium,small,38.6
PolypGen,/home/samsul/Documents/Polyp Detection/Polyp-Gen:/seq15/images/55.jpg,pgen_seq15,1,491,283,830,585,1072,1354,77847,17393,23017,5.363,large,large,medium,148.8
PolypGen,/home/samsul/Documents/Polyp Detection/Polyp-Gen:/seq15/images/47.jpg,pgen_seq15,0,164,16,239,104,1072,1354,3527,788,1511,0.243,small,medium,small,31.7
PolypGen,/home/samsul/Documents/Polyp Detection/Polyp-Gen:/seq15/images/47.jpg,pgen_seq15,1,670,145,1045,438,1072,1354,83008,18546,24698,5.719,large,large,medium,153.7
PolypGen,/home/samsul/Documents/Polyp Detection/Polyp-Gen:/seq15/images/13.jpg,pgen_seq15,0,277,567,472,906,1072,1354,49079,10965,14889,3.381,large,large,medium,118.2
PolypGen,/home/samsul/Documents/Polyp Detection/Polyp-Gen:/seq15/images/53.jpg,pgen_seq15,0,515,144,869,461,1072,1354,76889,17179,25222,5.297,large,large,medium,147.9
PolypGen,/home/samsul/Documents/Polyp Detection/Polyp-Gen:/seq15/images/16.jpg,pgen_seq15,0,339,3,547,103,1072,1354,16049,3586,4716,1.106,medium,large,small,67.6
PolypGen,/home/samsul/Documents/Polyp Detection/Polyp-Gen:/seq15/images/16.jpg,pgen_seq15,1,878,718,1194,1013,1072,1354,68410,15284,20964,4.713,large,large,medium,139.5
PolypGen,/home/samsul/Documents/Polyp Detection/Polyp-Gen:/seq15/images/42.jpg,pgen_seq15,0,115,57,212,170,1072,1354,6944,1551,2496,0.478,medium,medium,small,44.4
PolypGen,/home/samsul/Documents/Polyp Detection/Polyp-Gen:/seq15/images/42.jpg,pgen_seq15,1,672,243,1067,595,1072,1354,109323,24425,31231,7.532,large,large,medium,176.3
PolypGen,/home/samsul/Documents/Polyp Detection/Polyp-Gen:/seq15/images/114.jpg,pgen_seq15,0,621,221,1061,624,1072,1354,140541,31400,39805,9.683,large,large,medium,199.9
PolypGen,/home/samsul/Documents/Polyp Detection/Polyp-Gen:/seq15/images/38.jpg,pgen_seq15,0,123,26,219,146,1072,1354,6110,1365,2622,0.421,medium,medium,small,41.7
PolypGen,/home/samsul/Documents/Polyp Detection/Polyp-Gen:/seq15/images/38.jpg,pgen_seq15,1,649,219,1036,528,1072,1354,93705,20936,26873,6.456,large,large,medium,163.3
PolypGen,/home/samsul/Documents/Polyp Detection/Polyp-Gen:/seq15/images/15.jpg,pgen_seq15,0,288,2,533,192,1072,1354,34904,7798,10498,2.405,medium,large,medium,99.6
PolypGen,/home/samsul/Documents/Polyp Detection/Polyp-Gen:/seq15/images/15.jpg,pgen_seq15,1,838,873,1147,1069,1072,1354,45025,10059,13644,3.102,large,large,medium,113.2
PolypGen,/home/samsul/Documents/Polyp Detection/Polyp-Gen:/seq15/images/25.jpg,pgen_seq15,0,840,1,1151,157,1072,1354,34927,7803,10944,2.406,medium,large,medium,99.7
PolypGen,/home/samsul/Documents/Polyp Detection/Polyp-Gen:/seq15/images/96.jpg,pgen_seq15,0,663,162,1114,514,1072,1354,122660,27405,35648,8.451,large,large,medium,186.8
PolypGen,/home/samsul/Documents/Polyp Detection/Polyp-Gen:/seq15/images/84.jpg,pgen_seq15,0,68,148,155,309,1072,1354,9359,2091,3185,0.645,medium,large,small,51.6
PolypGen,/home/samsul/Documents/Polyp Detection/Polyp-Gen:/seq15/images/84.jpg,pgen_seq15,1,565,304,866,575,1072,1354,60374,13489,18353,4.159,large,large,medium,131.1
PolypGen,/home/samsul/Documents/Polyp Detection/Polyp-Gen:/seq15/images/107.jpg,pgen_seq15,0,622,221,1060,624,1072,1354,138897,31032,39625,9.569,large,large,medium,198.8
PolypGen,/home/samsul/Documents/Polyp Detection/Polyp-Gen:/seq15/images/97.jpg,pgen_seq15,0,667,161,1114,518,1072,1354,122422,27352,35833,8.434,large,large,medium,186.6
PolypGen,/home/samsul/Documents/Polyp Detection/Polyp-Gen:/seq15/images/102.jpg,pgen_seq15,0,621,216,1068,629,1072,1354,143132,31979,41438,9.861,large,large,large,201.8
PolypGen,/home/samsul/Documents/Polyp Detection/Polyp-Gen:/seq15/images/63.jpg,pgen_seq15,0,110,76,203,207,1072,1354,7699,1720,2772,0.53,medium,medium,small,46.8
PolypGen,/home/samsul/Documents/Polyp Detection/Polyp-Gen:/seq15/images/63.jpg,pgen_seq15,1,632,181,929,436,1072,1354,55421,12382,17044,3.818,large,large,medium,125.6
PolypGen,/home/samsul/Documents/Polyp Detection/Polyp-Gen:/seq15/images/56.jpg,pgen_seq15,0,56,155,124,279,1072,1354,4647,1038,1927,0.32,medium,medium,small,36.4
PolypGen,/home/samsul/Documents/Polyp Detection/Polyp-Gen:/seq15/images/56.jpg,pgen_seq15,1,486,293,814,588,1072,1354,73493,16420,21758,5.063,large,large,medium,144.6
PolypGen,/home/samsul/Documents/Polyp Detection/Polyp-Gen:/seq15/images/20.jpg,pgen_seq15,0,997,226,1289,520,1072,1354,60567,13532,19311,4.173,large,large,medium,131.3
PolypGen,/home/samsul/Documents/Polyp Detection/Polyp-Gen:/seq15/images/46.jpg,pgen_seq15,0,147,23,249,129,1072,1354,6057,1353,2462,0.417,medium,medium,small,41.5
PolypGen,/home/samsul/Documents/Polyp Detection/Polyp-Gen:/seq15/images/46.jpg,pgen_seq15,1,679,185,1060,515,1072,1354,95998,21448,28250,6.614,large,large,medium,165.3
PolypGen,/home/samsul/Documents/Polyp Detection/Polyp-Gen:/seq15/images/74.jpg,pgen_seq15,0,85,105,181,256,1072,1354,9525,2128,3294,0.656,medium,large,small,52.1
PolypGen,/home/samsul/Documents/Polyp Detection/Polyp-Gen:/seq15/images/74.jpg,pgen_seq15,1,653,192,968,460,1072,1354,62247,13907,18992,4.288,large,large,medium,133.1
PolypGen,/home/samsul/Documents/Polyp Detection/Polyp-Gen:/seq15/images/92.jpg,pgen_seq15,0,648,163,1117,513,1072,1354,122920,27463,36858,8.469,large,large,medium,187.0
PolypGen,/home/samsul/Documents/Polyp Detection/Polyp-Gen:/seq15/images/7.jpg,pgen_seq15,0,616,221,1068,620,1072,1354,139647,31200,40484,9.621,large,large,large,199.3
PolypGen,/home/samsul/Documents/Polyp Detection/Polyp-Gen:/seq15/images/45.jpg,pgen_seq15,0,139,29,242,119,1072,1354,6051,1352,2114,0.417,medium,medium,small,41.5
PolypGen,/home/samsul/Documents/Polyp Detection/Polyp-Gen:/seq15/images/45.jpg,pgen_seq15,1,680,196,1053,521,1072,1354,93881,20975,27240,6.468,large,large,medium,163.4
PolypGen,/home/samsul/Documents/Polyp Detection/Polyp-Gen:/seq15/images/73.jpg,pgen_seq15,0,99,87,196,229,1072,1354,8793,1965,3131,0.606,medium,medium,small,50.0
PolypGen,/home/samsul/Documents/Polyp Detection/Polyp-Gen:/seq15/images/73.jpg,pgen_seq15,1,660,169,969,434,1072,1354,60411,13497,18423,4.162,large,large,medium,131.1
PolypGen,/home/samsul/Documents/Polyp Detection/Polyp-Gen:/seq15/images/94.jpg,pgen_seq15,0,623,222,1064,626,1072,1354,141014,31505,39994,9.715,large,large,medium,200.3
PolypGen,/home/samsul/Documents/Polyp Detection/Polyp-Gen:/seq15/images/88.jpg,pgen_seq15,0,74,169,165,318,1072,1354,9933,2219,3083,0.684,medium,large,small,53.2
PolypGen,/home/samsul/Documents/Polyp Detection/Polyp-Gen:/seq15/images/88.jpg,pgen_seq15,1,540,327,816,580,1072,1354,52064,11632,15719,3.587,large,large,medium,121.7
PolypGen,/home/samsul/Documents/Polyp Detection/Polyp-Gen:/seq15/images/65.jpg,pgen_seq15,0,109,70,202,205,1072,1354,7802,1743,2856,0.538,medium,medium,small,47.1
PolypGen,/home/samsul/Documents/Polyp Detection/Polyp-Gen:/seq15/images/65.jpg,pgen_seq15,1,645,166,939,420,1072,1354,55522,12405,16807,3.825,large,large,medium,125.7
PolypGen,/home/samsul/Documents/Polyp Detection/Polyp-Gen:/seq15/images/77.jpg,pgen_seq15,0,75,124,172,283,1072,1354,10037,2242,3503,0.691,medium,large,small,53.4
PolypGen,/home/samsul/Documents/Polyp Detection/Polyp-Gen:/seq15/images/77.jpg,pgen_seq15,1,643,213,959,490,1072,1354,64728,14462,19689,4.459,large,large,medium,135.7
PolypGen,/home/samsul/Documents/Polyp Detection/Polyp-Gen:/seq15/images/61.jpg,pgen_seq15,0,112,85,203,214,1072,1354,7384,1650,2672,0.509,medium,medium,small,45.8
PolypGen,/home/samsul/Documents/Polyp Detection/Polyp-Gen:/seq15/images/61.jpg,pgen_seq15,1,622,209,908,450,1072,1354,52176,11657,15517,3.595,large,large,medium,121.8
PolypGen,/home/samsul/Documents/Polyp Detection/Polyp-Gen:/seq15/images/24.jpg,pgen_seq15,0,891,50,1208,316,1072,1354,61769,13800,18970,4.256,large,large,medium,132.6
PolypGen,/home/samsul/Documents/Polyp Detection/Polyp-Gen:/seq15/images/30.jpg,pgen_seq15,0,139,17,226,106,1072,1354,3789,847,1769,0.261,small,medium,small,32.8
PolypGen,/home/samsul/Documents/Polyp Detection/Polyp-Gen:/seq15/images/30.jpg,pgen_seq15,1,618,158,1005,465,1072,1354,90967,20324,26700,6.267,large,large,medium,160.9
PolypGen,/home/samsul/Documents/Polyp Detection/Polyp-Gen:/seq15/images/2.jpg,pgen_seq15,0,621,221,1061,630,1072,1354,140780,31453,40397,9.699,large,large,large,200.1
PolypGen,/home/samsul/Documents/Polyp Detection/Polyp-Gen:/seq15/images/59.jpg,pgen_seq15,0,61,149,129,275,1072,1354,5119,1144,1958,0.353,medium,medium,small,38.2
PolypGen,/home/samsul/Documents/Polyp Detection/Polyp-Gen:/seq15/images/59.jpg,pgen_seq15,1,474,276,777,546,1072,1354,58281,13021,18406,4.015,large,large,medium,128.8
PolypGen,/home/samsul/Documents/Polyp Detection/Polyp-Gen:/seq16/images/18.jpg,pgen_seq16,0,254,3,742,586,720,930,222119,105191,135243,33.172,large,large,large,366.0
PolypGen,/home/samsul/Documents/Polyp Detection/Polyp-Gen:/seq16/images/3.jpg,pgen_seq16,0,270,4,921,593,720,930,284467,134718,182177,42.483,large,large,large,414.2
PolypGen,/home/samsul/Documents/Polyp Detection/Polyp-Gen:/seq16/images/11.jpg,pgen_seq16,0,330,4,828,565,720,930,211487,100156,132810,31.584,large,large,large,357.1
PolypGen,/home/samsul/Documents/Polyp Detection/Polyp-Gen:/seq16/images/29.jpg,pgen_seq16,0,259,126,610,568,720,930,117149,55480,73848,17.495,large,large,large,265.8
PolypGen,/home/samsul/Documents/Polyp Detection/Polyp-Gen:/seq16/images/10.jpg,pgen_seq16,0,369,3,838,549,720,930,196674,93141,121753,29.372,large,large,large,344.4
PolypGen,/home/samsul/Documents/Polyp Detection/Polyp-Gen:/seq16/images/37.jpg,pgen_seq16,0,386,605,676,713,720,930,27845,13187,15022,4.158,large,large,medium,129.6
PolypGen,/home/samsul/Documents/Polyp Detection/Polyp-Gen:/seq16/images/27.jpg,pgen_seq16,0,254,132,608,570,720,930,119054,56382,73805,17.78,large,large,large,267.9
PolypGen,/home/samsul/Documents/Polyp Detection/Polyp-Gen:/seq16/images/39.jpg,pgen_seq16,0,386,58,911,627,720,930,225393,106742,141989,33.661,large,large,large,368.7
PolypGen,/home/samsul/Documents/Polyp Detection/Polyp-Gen:/seq16/images/31.jpg,pgen_seq16,0,261,95,613,542,720,930,122068,57809,74894,18.23,large,large,large,271.3
PolypGen,/home/samsul/Documents/Polyp Detection/Polyp-Gen:/seq16/images/8.jpg,pgen_seq16,0,365,2,848,550,720,930,212969,100858,125838,31.805,large,large,large,358.4
PolypGen,/home/samsul/Documents/Polyp Detection/Polyp-Gen:/seq16/images/19.jpg,pgen_seq16,0,253,4,722,571,720,930,195974,92810,126427,29.267,large,large,large,343.8
PolypGen,/home/samsul/Documents/Polyp Detection/Polyp-Gen:/seq16/images/14.jpg,pgen_seq16,0,276,4,799,572,720,930,229939,108895,141201,34.34,large,large,large,372.4
PolypGen,/home/samsul/Documents/Polyp Detection/Polyp-Gen:/seq16/images/28.jpg,pgen_seq16,0,257,130,613,568,720,930,116912,55367,74221,17.46,large,large,large,265.5
PolypGen,/home/samsul/Documents/Polyp Detection/Polyp-Gen:/seq16/images/17.jpg,pgen_seq16,0,244,4,753,592,720,930,234104,110867,142259,34.962,large,large,large,375.7
PolypGen,/home/samsul/Documents/Polyp Detection/Polyp-Gen:/seq16/images/36.jpg,pgen_seq16,0,527,545,780,716,720,930,35186,16663,20690,5.255,large,large,medium,145.7
PolypGen,/home/samsul/Documents/Polyp Detection/Polyp-Gen:/seq16/images/4.jpg,pgen_seq16,0,355,4,917,587,720,930,242563,114873,155710,36.225,large,large,large,382.4
PolypGen,/home/samsul/Documents/Polyp Detection/Polyp-Gen:/seq16/images/5.jpg,pgen_seq16,0,460,75,922,572,720,930,151592,71791,109195,22.639,large,large,large,302.3
PolypGen,/home/samsul/Documents/Polyp Detection/Polyp-Gen:/seq16/images/21.jpg,pgen_seq16,0,265,124,679,562,720,930,127748,60499,86279,19.078,large,large,large,277.5
PolypGen,/home/samsul/Documents/Polyp Detection/Polyp-Gen:/seq16/images/26.jpg,pgen_seq16,0,249,144,620,577,720,930,118735,56231,76459,17.732,large,large,large,267.6
PolypGen,/home/samsul/Documents/Polyp Detection/Polyp-Gen:/seq16/images/22.jpg,pgen_seq16,0,264,134,646,568,720,930,119140,56422,78901,17.793,large,large,large,268.0
PolypGen,/home/samsul/Documents/Polyp Detection/Polyp-Gen:/seq16/images/32.jpg,pgen_seq16,0,270,102,623,546,720,930,119666,56672,74603,17.871,large,large,large,268.6
PolypGen,/home/samsul/Documents/Polyp Detection/Polyp-Gen:/seq16/images/9.jpg,pgen_seq16,0,376,3,837,517,720,930,187390,88744,112679,27.985,large,large,large,336.1
PolypGen,/home/samsul/Documents/Polyp Detection/Polyp-Gen:/seq16/images/33.jpg,pgen_seq16,0,278,111,622,552,720,930,114526,54237,72216,17.104,large,large,large,262.8
PolypGen,/home/samsul/Documents/Polyp Detection/Polyp-Gen:/seq16/images/13.jpg,pgen_seq16,0,290,3,796,563,720,930,219318,103865,134699,32.754,large,large,large,363.7
PolypGen,/home/samsul/Documents/Polyp Detection/Polyp-Gen:/seq16/images/16.jpg,pgen_seq16,0,256,4,773,590,720,930,233048,110367,144000,34.804,large,large,large,374.9
PolypGen,/home/samsul/Documents/Polyp Detection/Polyp-Gen:/seq16/images/38.jpg,pgen_seq16,0,379,393,767,714,720,930,100741,47709,59320,15.045,large,large,large,246.5
PolypGen,/home/samsul/Documents/Polyp Detection/Polyp-Gen:/seq16/images/15.jpg,pgen_seq16,0,250,3,793,597,720,930,246904,116929,153289,36.873,large,large,large,385.8
PolypGen,/home/samsul/Documents/Polyp Detection/Polyp-Gen:/seq16/images/25.jpg,pgen_seq16,0,245,142,632,584,720,930,126805,60052,81401,18.937,large,large,large,276.5
PolypGen,/home/samsul/Documents/Polyp Detection/Polyp-Gen:/seq16/images/20.jpg,pgen_seq16,0,254,103,672,575,720,930,141409,66969,93858,21.118,large,large,large,292.0
PolypGen,/home/samsul/Documents/Polyp Detection/Polyp-Gen:/seq16/images/7.jpg,pgen_seq16,0,302,3,916,692,720,930,324243,153555,200964,48.423,large,large,large,442.2
PolypGen,/home/samsul/Documents/Polyp Detection/Polyp-Gen:/seq16/images/24.jpg,pgen_seq16,0,248,142,633,580,720,930,122168,57856,80250,18.245,large,large,large,271.4
PolypGen,/home/samsul/Documents/Polyp Detection/Polyp-Gen:/seq16/images/30.jpg,pgen_seq16,0,268,111,617,550,720,930,116733,55283,72931,17.433,large,large,large,265.3
PolypGen,/home/samsul/Documents/Polyp Detection/Polyp-Gen:/seq16/images/2.jpg,pgen_seq16,0,387,4,922,598,720,930,246733,116848,151034,36.848,large,large,large,385.7
PolypGen,/home/samsul/Documents/Polyp Detection/Polyp-Gen:/seq17/images/18.jpg,pgen_seq17,0,223,10,542,243,720,930,56849,26923,35462,8.49,large,large,medium,185.1
PolypGen,/home/samsul/Documents/Polyp Detection/Polyp-Gen:/seq17/images/49.jpg,pgen_seq17,0,138,126,393,374,720,930,52085,24666,30188,7.779,large,large,medium,177.2
PolypGen,/home/samsul/Documents/Polyp Detection/Polyp-Gen:/seq17/images/40.jpg,pgen_seq17,0,54,143,361,468,720,930,87454,41417,47551,13.061,large,large,large,229.6
PolypGen,/home/samsul/Documents/Polyp Detection/Polyp-Gen:/seq17/images/11.jpg,pgen_seq17,0,278,327,547,546,720,930,44816,21224,28131,6.693,large,large,medium,164.4
PolypGen,/home/samsul/Documents/Polyp Detection/Polyp-Gen:/seq17/images/29.jpg,pgen_seq17,0,215,140,516,386,720,930,59434,28147,35326,8.876,large,large,medium,189.3
PolypGen,/home/samsul/Documents/Polyp Detection/Polyp-Gen:/seq17/images/54.jpg,pgen_seq17,0,161,87,448,333,720,930,59376,28119,33689,8.867,large,large,medium,189.2
PolypGen,/home/samsul/Documents/Polyp Detection/Polyp-Gen:/seq17/images/51.jpg,pgen_seq17,0,105,58,454,384,720,930,92716,43909,54201,13.846,large,large,large,236.4
PolypGen,/home/samsul/Documents/Polyp Detection/Polyp-Gen:/seq17/images/58.jpg,pgen_seq17,0,131,23,404,260,720,930,50166,23758,30883,7.492,large,large,medium,173.9
PolypGen,/home/samsul/Documents/Polyp Detection/Polyp-Gen:/seq17/images/10.jpg,pgen_seq17,0,254,355,490,511,720,930,27978,13250,17621,4.178,large,large,medium,129.9
PolypGen,/home/samsul/Documents/Polyp Detection/Polyp-Gen:/seq17/images/34.jpg,pgen_seq17,0,172,10,632,380,720,930,134891,63882,80997,20.145,large,large,large,285.2
PolypGen,/home/samsul/Documents/Polyp Detection/Polyp-Gen:/seq17/images/37.jpg,pgen_seq17,0,55,312,295,547,720,930,48151,22803,26935,7.191,large,large,medium,170.4
PolypGen,/home/samsul/Documents/Polyp Detection/Polyp-Gen:/seq17/images/27.jpg,pgen_seq17,0,211,139,514,385,720,930,59277,28072,35560,8.853,large,large,medium,189.1
PolypGen,/home/samsul/Documents/Polyp Detection/Polyp-Gen:/seq17/images/39.jpg,pgen_seq17,0,64,222,376,527,720,930,80360,38057,45359,12.001,large,large,large,220.1
PolypGen,/home/samsul/Documents/Polyp Detection/Polyp-Gen:/seq17/images/31.jpg,pgen_seq17,0,211,140,517,386,720,930,59900,28367,35911,8.946,large,large,medium,190.0
PolypGen,/home/samsul/Documents/Polyp Detection/Polyp-Gen:/seq17/images/50.jpg,pgen_seq17,0,132,46,449,330,720,930,73988,35039,42921,11.05,large,large,large,211.2
PolypGen,/home/samsul/Documents/Polyp Detection/Polyp-Gen:/seq17/images/52.jpg,pgen_seq17,0,55,45,348,376,720,930,74728,35390,46225,11.16,large,large,large,212.3
PolypGen,/home/samsul/Documents/Polyp Detection/Polyp-Gen:/seq17/images/19.jpg,pgen_seq17,0,262,89,574,332,720,930,57527,27244,36168,8.591,large,large,medium,186.2
PolypGen,/home/samsul/Documents/Polyp Detection/Polyp-Gen:/seq17/images/60.jpg,pgen_seq17,0,79,68,331,321,720,930,51153,24225,30433,7.639,large,large,medium,175.6
PolypGen,/home/samsul/Documents/Polyp Detection/Polyp-Gen:/seq17/images/14.jpg,pgen_seq17,0,309,103,677,406,720,930,83848,39709,53124,12.522,large,large,large,224.9
PolypGen,/home/samsul/Documents/Polyp Detection/Polyp-Gen:/seq17/images/23.jpg,pgen_seq17,0,211,137,513,385,720,930,59455,28157,35730,8.879,large,large,medium,189.3
PolypGen,/home/samsul/Documents/Polyp Detection/Polyp-Gen:/seq17/images/28.jpg,pgen_seq17,0,211,140,514,392,720,930,59341,28103,36424,8.862,large,large,medium,189.2
PolypGen,/home/samsul/Documents/Polyp Detection/Polyp-Gen:/seq17/images/17.jpg,pgen_seq17,0,191,141,480,393,720,930,58469,27690,34747,8.732,large,large,medium,187.8
PolypGen,/home/samsul/Documents/Polyp Detection/Polyp-Gen:/seq17/images/36.jpg,pgen_seq17,0,97,10,539,428,720,930,150629,71335,87905,22.495,large,large,large,301.4
PolypGen,/home/samsul/Documents/Polyp Detection/Polyp-Gen:/seq17/images/21.jpg,pgen_seq17,0,219,122,504,383,720,930,59265,28067,35486,8.851,large,large,medium,189.0
PolypGen,/home/samsul/Documents/Polyp Detection/Polyp-Gen:/seq17/images/26.jpg,pgen_seq17,0,212,139,518,389,720,930,59099,27988,36493,8.826,large,large,medium,188.8
PolypGen,/home/samsul/Documents/Polyp Detection/Polyp-Gen:/seq17/images/12.jpg,pgen_seq17,0,248,188,550,427,720,930,56152,26593,34439,8.386,large,large,medium,184.0
PolypGen,/home/samsul/Documents/Polyp Detection/Polyp-Gen:/seq17/images/22.jpg,pgen_seq17,0,219,162,510,397,720,930,53297,25240,32635,7.96,large,large,medium,179.3
PolypGen,/home/samsul/Documents/Polyp Detection/Polyp-Gen:/seq17/images/32.jpg,pgen_seq17,0,209,142,523,392,720,930,60838,28812,37444,9.086,large,large,medium,191.5
PolypGen,/home/samsul/Documents/Polyp Detection/Polyp-Gen:/seq17/images/9.jpg,pgen_seq17,0,346,646,528,708,720,930,9815,4648,5460,1.466,medium,large,small,76.9
PolypGen,/home/samsul/Documents/Polyp Detection/Polyp-Gen:/seq17/images/44.jpg,pgen_seq17,0,139,181,499,472,720,930,85609,40543,49921,12.785,large,large,large,227.2
PolypGen,/home/samsul/Documents/Polyp Detection/Polyp-Gen:/seq17/images/48.jpg,pgen_seq17,0,119,10,481,252,720,930,67919,32165,41774,10.143,large,large,large,202.4
PolypGen,/home/samsul/Documents/Polyp Detection/Polyp-Gen:/seq17/images/33.jpg,pgen_seq17,0,54,10,543,428,720,930,175318,83027,97231,26.182,large,large,large,325.1
PolypGen,/home/samsul/Documents/Polyp Detection/Polyp-Gen:/seq17/images/55.jpg,pgen_seq17,0,115,34,441,304,720,930,70731,33497,41967,10.563,large,large,large,206.5
PolypGen,/home/samsul/Documents/Polyp Detection/Polyp-Gen:/seq17/images/47.jpg,pgen_seq17,0,109,109,415,385,720,930,68246,32320,40273,10.192,large,large,large,202.9
PolypGen,/home/samsul/Documents/Polyp Detection/Polyp-Gen:/seq17/images/53.jpg,pgen_seq17,0,139,22,495,331,720,930,86370,40903,52411,12.899,large,large,large,228.2
PolypGen,/home/samsul/Documents/Polyp Detection/Polyp-Gen:/seq17/images/16.jpg,pgen_seq17,0,112,10,547,337,720,930,111651,52876,67726,16.674,large,large,large,259.5
PolypGen,/home/samsul/Documents/Polyp Detection/Polyp-Gen:/seq17/images/42.jpg,pgen_seq17,0,53,10,599,504,720,930,209308,99124,128229,31.259,large,large,large,355.3
PolypGen,/home/samsul/Documents/Polyp Detection/Polyp-Gen:/seq17/images/15.jpg,pgen_seq17,0,122,213,377,432,720,930,46586,22062,26672,6.957,large,large,medium,167.6
PolypGen,/home/samsul/Documents/Polyp Detection/Polyp-Gen:/seq17/images/25.jpg,pgen_seq17,0,211,140,511,390,720,930,58478,27694,35780,8.733,large,large,medium,187.8
PolypGen,/home/samsul/Documents/Polyp Detection/Polyp-Gen:/seq17/images/56.jpg,pgen_seq17,0,131,127,390,364,720,930,49779,23574,29305,7.434,large,large,medium,173.2
PolypGen,/home/samsul/Documents/Polyp Detection/Polyp-Gen:/seq17/images/20.jpg,pgen_seq17,0,185,47,457,280,720,930,47462,22477,30253,7.088,large,large,medium,169.2
PolypGen,/home/samsul/Documents/Polyp Detection/Polyp-Gen:/seq17/images/45.jpg,pgen_seq17,0,104,36,543,425,720,930,130980,62030,81266,19.561,large,large,large,281.0
PolypGen,/home/samsul/Documents/Polyp Detection/Polyp-Gen:/seq17/images/30.jpg,pgen_seq17,0,211,140,513,391,720,930,59954,28393,36161,8.954,large,large,medium,190.1
PolypGen,/home/samsul/Documents/Polyp Detection/Polyp-Gen:/seq17/images/59.jpg,pgen_seq17,0,132,163,371,384,720,930,43608,20652,25232,6.513,large,large,medium,162.2
PolypGen,/home/samsul/Documents/Polyp Detection/Polyp-Gen:/seq18/images/18.jpg,pgen_seq18,0,35,116,509,550,720,700,147860,116828,163259,29.337,large,large,large,385.7
PolypGen,/home/samsul/Documents/Polyp Detection/Polyp-Gen:/seq18/images/3.jpg,pgen_seq18,0,35,24,670,514,720,700,213434,168639,246737,42.348,large,large,large,463.4
PolypGen,/home/samsul/Documents/Polyp Detection/Polyp-Gen:/seq18/images/49.jpg,pgen_seq18,0,139,77,595,386,720,700,113705,89841,111937,22.561,large,large,large,338.2
PolypGen,/home/samsul/Documents/Polyp Detection/Polyp-Gen:/seq18/images/40.jpg,pgen_seq18,0,163,12,687,374,720,700,140676,111151,150578,27.912,large,large,large,376.2
PolypGen,/home/samsul/Documents/Polyp Detection/Polyp-Gen:/seq18/images/57.jpg,pgen_seq18,0,107,83,656,498,720,700,154557,122119,180780,30.666,large,large,large,394.3
PolypGen,/home/samsul/Documents/Polyp Detection/Polyp-Gen:/seq18/images/11.jpg,pgen_seq18,0,251,23,686,462,720,700,116357,91936,151577,23.087,large,large,large,342.1
PolypGen,/home/samsul/Documents/Polyp Detection/Polyp-Gen:/seq18/images/29.jpg,pgen_seq18,0,121,12,688,329,720,700,131205,103668,142715,26.033,large,large,large,363.3
PolypGen,/home/samsul/Documents/Polyp Detection/Polyp-Gen:/seq18/images/6.jpg,pgen_seq18,0,108,11,688,421,720,700,147975,116919,188674,29.36,large,large,large,385.8
PolypGen,/home/samsul/Documents/Polyp Detection/Polyp-Gen:/seq18/images/10.jpg,pgen_seq18,0,192,36,687,518,720,700,161392,127520,189288,32.022,large,large,large,402.9
PolypGen,/home/samsul/Documents/Polyp Detection/Polyp-Gen:/seq18/images/34.jpg,pgen_seq18,0,107,10,687,406,720,700,140867,111302,182248,27.95,large,large,large,376.4
PolypGen,/home/samsul/Documents/Polyp Detection/Polyp-Gen:/seq18/images/37.jpg,pgen_seq18,0,139,12,688,371,720,700,146462,115723,156444,29.06,large,large,large,383.9
PolypGen,/home/samsul/Documents/Polyp Detection/Polyp-Gen:/seq18/images/27.jpg,pgen_seq18,0,8,10,561,424,720,700,169898,134240,181657,33.71,large,large,large,413.4
PolypGen,/home/samsul/Documents/Polyp Detection/Polyp-Gen:/seq18/images/62.jpg,pgen_seq18,0,163,101,610,473,720,700,104828,82827,132033,20.799,large,large,large,324.7
PolypGen,/home/samsul/Documents/Polyp Detection/Polyp-Gen:/seq18/images/39.jpg,pgen_seq18,0,105,11,687,418,720,700,177063,139902,187942,35.132,large,large,large,422.1
PolypGen,/home/samsul/Documents/Polyp Detection/Polyp-Gen:/seq18/images/31.jpg,pgen_seq18,0,128,10,686,320,720,700,118962,93995,137362,23.604,large,large,large,345.9
PolypGen,/home/samsul/Documents/Polyp Detection/Polyp-Gen:/seq18/images/8.jpg,pgen_seq18,0,150,12,687,500,720,700,177056,139896,207867,35.13,large,large,large,422.0
PolypGen,/home/samsul/Documents/Polyp Detection/Polyp-Gen:/seq18/images/41.jpg,pgen_seq18,0,115,10,687,355,720,700,149028,117751,156648,29.569,large,large,large,387.2
PolypGen,/home/samsul/Documents/Polyp Detection/Polyp-Gen:/seq18/images/50.jpg,pgen_seq18,0,214,77,526,408,720,700,60067,47460,82106,11.918,large,large,large,245.8
PolypGen,/home/samsul/Documents/Polyp Detection/Polyp-Gen:/seq18/images/1.jpg,pgen_seq18,0,164,88,580,458,720,700,98259,77637,122238,19.496,large,large,large,314.4
PolypGen,/home/samsul/Documents/Polyp Detection/Polyp-Gen:/seq18/images/52.jpg,pgen_seq18,0,294,177,659,438,720,700,67734,53518,75767,13.439,large,large,large,261.0
PolypGen,/home/samsul/Documents/Polyp Detection/Polyp-Gen:/seq18/images/19.jpg,pgen_seq18,0,51,225,519,626,720,700,137904,108961,148968,27.362,large,large,large,372.5
PolypGen,/home/samsul/Documents/Polyp Detection/Polyp-Gen:/seq18/images/14.jpg,pgen_seq18,0,9,11,479,448,720,700,161436,127554,163001,32.031,large,large,large,403.0
PolypGen,/home/samsul/Documents/Polyp Detection/Polyp-Gen:/seq18/images/23.jpg,pgen_seq18,0,9,12,517,436,720,700,176055,139105,170923,34.932,large,large,large,420.8
PolypGen,/home/samsul/Documents/Polyp Detection/Polyp-Gen:/seq18/images/28.jpg,pgen_seq18,0,9,11,610,387,720,700,188175,148681,179322,37.336,large,large,large,435.1
PolypGen,/home/samsul/Documents/Polyp Detection/Polyp-Gen:/seq18/images/17.jpg,pgen_seq18,0,46,172,546,597,720,700,160388,126726,168633,31.823,large,large,large,401.7
PolypGen,/home/samsul/Documents/Polyp Detection/Polyp-Gen:/seq18/images/36.jpg,pgen_seq18,0,52,13,686,415,720,700,164809,130219,202197,32.7,large,large,large,407.2
PolypGen,/home/samsul/Documents/Polyp Detection/Polyp-Gen:/seq18/images/4.jpg,pgen_seq18,0,36,10,687,453,720,700,201566,159262,228731,39.993,large,large,large,450.3
PolypGen,/home/samsul/Documents/Polyp Detection/Polyp-Gen:/seq18/images/5.jpg,pgen_seq18,0,43,11,687,458,720,700,189603,149810,228314,37.62,large,large,large,436.7
PolypGen,/home/samsul/Documents/Polyp Detection/Polyp-Gen:/seq18/images/21.jpg,pgen_seq18,0,9,11,508,377,720,700,143466,113356,144988,28.465,large,large,large,379.9
PolypGen,/home/samsul/Documents/Polyp Detection/Polyp-Gen:/seq18/images/0.jpg,pgen_seq18,0,102,43,686,538,720,700,234750,185481,229262,46.577,large,large,large,486.0
PolypGen,/home/samsul/Documents/Polyp Detection/Polyp-Gen:/seq18/images/26.jpg,pgen_seq18,0,62,12,557,580,720,700,174409,137805,222992,34.605,large,large,large,418.9
PolypGen,/home/samsul/Documents/Polyp Detection/Polyp-Gen:/seq18/images/12.jpg,pgen_seq18,0,64,14,629,414,720,700,164403,129899,179331,32.62,large,large,large,406.7
PolypGen,/home/samsul/Documents/Polyp Detection/Polyp-Gen:/seq18/images/22.jpg,pgen_seq18,0,30,12,528,394,720,700,148958,117695,151006,29.555,large,large,large,387.1
PolypGen,/home/samsul/Documents/Polyp Detection/Polyp-Gen:/seq18/images/32.jpg,pgen_seq18,0,83,12,687,371,720,700,157020,124065,172089,31.155,large,large,large,397.4
PolypGen,/home/samsul/Documents/Polyp Detection/Polyp-Gen:/seq18/images/9.jpg,pgen_seq18,0,200,160,687,564,720,700,117323,92700,156160,23.278,large,large,large,343.6
PolypGen,/home/samsul/Documents/Polyp Detection/Polyp-Gen:/seq18/images/44.jpg,pgen_seq18,0,109,13,686,332,720,700,144973,114547,146141,28.764,large,large,large,381.9
PolypGen,/home/samsul/Documents/Polyp Detection/Polyp-Gen:/seq18/images/35.jpg,pgen_seq18,0,44,10,683,445,720,700,183166,144724,220476,36.342,large,large,large,429.3
PolypGen,/home/samsul/Documents/Polyp Detection/Polyp-Gen:/seq18/images/48.jpg,pgen_seq18,0,123,54,585,375,720,700,115669,91393,117796,22.95,large,large,large,341.1
PolypGen,/home/samsul/Documents/Polyp Detection/Polyp-Gen:/seq18/images/33.jpg,pgen_seq18,0,111,11,687,392,720,700,168805,133377,174154,33.493,large,large,large,412.1
PolypGen,/home/samsul/Documents/Polyp Detection/Polyp-Gen:/seq18/images/43.jpg,pgen_seq18,0,161,12,687,333,720,700,119482,94406,134079,23.707,large,large,large,346.7
PolypGen,/home/samsul/Documents/Polyp Detection/Polyp-Gen:/seq18/images/47.jpg,pgen_seq18,0,276,149,686,457,720,700,79190,62570,100345,15.712,large,large,large,282.3
PolypGen,/home/samsul/Documents/Polyp Detection/Polyp-Gen:/seq18/images/13.jpg,pgen_seq18,0,9,11,688,533,720,700,283018,223619,281000,56.154,large,large,large,533.6
PolypGen,/home/samsul/Documents/Polyp Detection/Polyp-Gen:/seq18/images/53.jpg,pgen_seq18,0,290,138,646,409,720,700,56082,44312,76724,11.127,large,large,large,237.5
PolypGen,/home/samsul/Documents/Polyp Detection/Polyp-Gen:/seq18/images/16.jpg,pgen_seq18,0,8,73,450,590,720,700,176441,139410,181313,35.008,large,large,large,421.3
PolypGen,/home/samsul/Documents/Polyp Detection/Polyp-Gen:/seq18/images/42.jpg,pgen_seq18,0,161,12,686,344,720,700,130584,103177,138396,25.91,large,large,large,362.4
PolypGen,/home/samsul/Documents/Polyp Detection/Polyp-Gen:/seq18/images/38.jpg,pgen_seq18,0,79,10,685,320,720,700,131837,104168,149157,26.158,large,large,large,364.2
PolypGen,/home/samsul/Documents/Polyp Detection/Polyp-Gen:/seq18/images/15.jpg,pgen_seq18,0,10,10,450,471,720,700,153607,121368,160981,30.478,large,large,large,393.1
PolypGen,/home/samsul/Documents/Polyp Detection/Polyp-Gen:/seq18/images/25.jpg,pgen_seq18,0,9,11,500,449,720,700,176091,139134,170657,34.939,large,large,large,420.9
PolypGen,/home/samsul/Documents/Polyp Detection/Polyp-Gen:/seq18/images/20.jpg,pgen_seq18,0,7,60,469,509,720,700,153460,121252,164622,30.448,large,large,large,392.9
PolypGen,/home/samsul/Documents/Polyp Detection/Polyp-Gen:/seq18/images/46.jpg,pgen_seq18,0,75,69,675,516,720,700,191656,151432,212739,38.027,large,large,large,439.1
PolypGen,/home/samsul/Documents/Polyp Detection/Polyp-Gen:/seq18/images/7.jpg,pgen_seq18,0,110,11,687,493,720,700,180179,142364,220582,35.75,large,large,large,425.8
PolypGen,/home/samsul/Documents/Polyp Detection/Polyp-Gen:/seq18/images/45.jpg,pgen_seq18,0,56,12,687,481,720,700,202080,159668,234698,40.095,large,large,large,450.9
PolypGen,/home/samsul/Documents/Polyp Detection/Polyp-Gen:/seq18/images/61.jpg,pgen_seq18,0,58,73,635,461,720,700,148857,117615,177653,29.535,large,large,large,387.0
PolypGen,/home/samsul/Documents/Polyp Detection/Polyp-Gen:/seq18/images/24.jpg,pgen_seq18,0,60,11,687,498,720,700,211790,167340,242144,42.022,large,large,large,461.6
PolypGen,/home/samsul/Documents/Polyp Detection/Polyp-Gen:/seq18/images/30.jpg,pgen_seq18,0,144,11,687,307,720,700,111945,88450,127659,22.211,large,large,large,335.6
PolypGen,/home/samsul/Documents/Polyp Detection/Polyp-Gen:/seq18/images/2.jpg,pgen_seq18,0,10,12,687,522,720,700,249471,197113,273745,49.498,large,large,large,501.0
PolypGen,/home/samsul/Documents/Polyp Detection/Polyp-Gen:/seq19/images/18.jpg,pgen_seq19,0,230,11,678,386,720,700,130636,103219,133392,25.92,large,large,large,362.5
PolypGen,/home/samsul/Documents/Polyp Detection/Polyp-Gen:/seq19/images/3.jpg,pgen_seq19,0,78,10,390,284,720,700,68111,53816,68010,13.514,large,large,large,261.8
PolypGen,/home/samsul/Documents/Polyp Detection/Polyp-Gen:/seq19/images/40.jpg,pgen_seq19,0,42,10,372,207,720,700,49073,38774,51783,9.737,large,large,large,222.2
PolypGen,/home/samsul/Documents/Polyp Detection/Polyp-Gen:/seq19/images/11.jpg,pgen_seq19,0,151,11,575,328,720,700,109877,86816,106785,21.801,large,large,large,332.5
PolypGen,/home/samsul/Documents/Polyp Detection/Polyp-Gen:/seq19/images/29.jpg,pgen_seq19,0,115,10,562,328,720,700,118685,93776,112918,23.549,large,large,large,345.5
PolypGen,/home/samsul/Documents/Polyp Detection/Polyp-Gen:/seq19/images/54.jpg,pgen_seq19,0,52,11,369,317,720,700,79173,62556,77137,15.709,large,large,large,282.2
PolypGen,/home/samsul/Documents/Polyp Detection/Polyp-Gen:/seq19/images/51.jpg,pgen_seq19,0,121,10,511,68,720,700,18399,14537,18227,3.651,large,large,medium,136.0
PolypGen,/home/samsul/Documents/Polyp Detection/Polyp-Gen:/seq19/images/6.jpg,pgen_seq19,0,329,12,687,360,720,700,100669,79541,98995,19.974,large,large,large,318.2
PolypGen,/home/samsul/Documents/Polyp Detection/Polyp-Gen:/seq19/images/10.jpg,pgen_seq19,0,133,11,529,324,720,700,103445,81734,98495,20.525,large,large,large,322.6
PolypGen,/home/samsul/Documents/Polyp Detection/Polyp-Gen:/seq19/images/34.jpg,pgen_seq19,0,80,10,542,275,720,700,104417,82502,97310,20.718,large,large,large,324.1
PolypGen,/home/samsul/Documents/Polyp Detection/Polyp-Gen:/seq19/images/37.jpg,pgen_seq19,0,59,11,517,267,720,700,96743,76439,93205,19.195,large,large,large,312.0
PolypGen,/home/samsul/Documents/Polyp Detection/Polyp-Gen:/seq19/images/27.jpg,pgen_seq19,0,164,10,585,339,720,700,117078,92506,110033,23.23,large,large,large,343.2
PolypGen,/home/samsul/Documents/Polyp Detection/Polyp-Gen:/seq19/images/39.jpg,pgen_seq19,0,78,10,497,258,720,700,86119,68045,82631,17.087,large,large,large,294.3
PolypGen,/home/samsul/Documents/Polyp Detection/Polyp-Gen:/seq19/images/31.jpg,pgen_seq19,0,103,10,560,309,720,700,118968,93999,108563,23.605,large,large,large,346.0
PolypGen,/home/samsul/Documents/Polyp Detection/Polyp-Gen:/seq19/images/8.jpg,pgen_seq19,0,244,11,682,352,720,700,119253,94225,118628,23.661,large,large,large,346.4
PolypGen,/home/samsul/Documents/Polyp Detection/Polyp-Gen:/seq19/images/41.jpg,pgen_seq19,0,81,10,429,155,720,700,39827,31468,40260,7.902,large,large,large,200.2
PolypGen,/home/samsul/Documents/Polyp Detection/Polyp-Gen:/seq19/images/50.jpg,pgen_seq19,0,141,12,333,79,720,700,9204,7272,10370,1.826,medium,medium,medium,96.2
PolypGen,/home/samsul/Documents/Polyp Detection/Polyp-Gen:/seq19/images/1.jpg,pgen_seq19,0,111,10,526,274,720,700,90613,71595,87103,17.979,large,large,large,301.9
PolypGen,/home/samsul/Documents/Polyp Detection/Polyp-Gen:/seq19/images/52.jpg,pgen_seq19,0,110,10,199,68,720,700,3926,3102,4196,0.779,medium,medium,small,62.8
PolypGen,/home/samsul/Documents/Polyp Detection/Polyp-Gen:/seq19/images/19.jpg,pgen_seq19,0,189,11,650,372,720,700,134618,106365,132143,26.71,large,large,large,368.0
PolypGen,/home/samsul/Documents/Polyp Detection/Polyp-Gen:/seq19/images/14.jpg,pgen_seq19,0,229,12,681,372,720,700,131314,103754,129211,26.054,large,large,large,363.5
PolypGen,/home/samsul/Documents/Polyp Detection/Polyp-Gen:/seq19/images/23.jpg,pgen_seq19,0,170,10,630,350,720,700,132547,104728,124208,26.299,large,large,large,365.2
PolypGen,/home/samsul/Documents/Polyp Detection/Polyp-Gen:/seq19/images/28.jpg,pgen_seq19,0,133,10,555,343,720,700,118520,93645,111630,23.516,large,large,large,345.3
PolypGen,/home/samsul/Documents/Polyp Detection/Polyp-Gen:/seq19/images/17.jpg,pgen_seq19,0,348,46,687,437,720,700,107448,84897,105308,21.319,large,large,large,328.8
PolypGen,/home/samsul/Documents/Polyp Detection/Polyp-Gen:/seq19/images/36.jpg,pgen_seq19,0,60,10,525,273,720,700,102790,81217,97204,20.395,large,large,large,321.6
PolypGen,/home/samsul/Documents/Polyp Detection/Polyp-Gen:/seq19/images/4.jpg,pgen_seq19,0,62,11,405,265,720,700,71786,56720,69310,14.243,large,large,large,268.7
PolypGen,/home/samsul/Documents/Polyp Detection/Polyp-Gen:/seq19/images/5.jpg,pgen_seq19,0,131,11,552,274,720,700,93574,73935,88026,18.566,large,large,large,306.8
PolypGen,/home/samsul/Documents/Polyp Detection/Polyp-Gen:/seq19/images/21.jpg,pgen_seq19,0,170,10,628,349,720,700,129040,101958,123307,25.603,large,large,large,360.3
PolypGen,/home/samsul/Documents/Polyp Detection/Polyp-Gen:/seq19/images/0.jpg,pgen_seq19,0,202,10,687,308,720,700,117095,92520,114816,23.233,large,large,large,343.2
PolypGen,/home/samsul/Documents/Polyp Detection/Polyp-Gen:/seq19/images/26.jpg,pgen_seq19,0,159,12,610,348,720,700,126811,100196,120355,25.161,large,large,large,357.2
PolypGen,/home/samsul/Documents/Polyp Detection/Polyp-Gen:/seq19/images/12.jpg,pgen_seq19,0,209,10,651,352,720,700,124107,98060,120058,24.624,large,large,large,353.3
PolypGen,/home/samsul/Documents/Polyp Detection/Polyp-Gen:/seq19/images/22.jpg,pgen_seq19,0,175,10,628,345,720,700,128516,101544,120529,25.499,large,large,large,359.6
PolypGen,/home/samsul/Documents/Polyp Detection/Polyp-Gen:/seq19/images/32.jpg,pgen_seq19,0,98,10,556,301,720,700,115482,91245,105899,22.913,large,large,large,340.8
PolypGen,/home/samsul/Documents/Polyp Detection/Polyp-Gen:/seq19/images/9.jpg,pgen_seq19,0,115,10,486,319,720,700,96423,76186,91117,19.132,large,large,large,311.5
PolypGen,/home/samsul/Documents/Polyp Detection/Polyp-Gen:/seq19/images/44.jpg,pgen_seq19,0,411,10,685,135,720,700,17417,13762,27378,3.456,large,large,medium,132.4
PolypGen,/home/samsul/Documents/Polyp Detection/Polyp-Gen:/seq19/images/35.jpg,pgen_seq19,0,111,11,491,280,720,700,83292,65811,81280,16.526,large,large,large,289.5
PolypGen,/home/samsul/Documents/Polyp Detection/Polyp-Gen:/seq19/images/48.jpg,pgen_seq19,0,294,11,585,83,720,700,14537,11486,16842,2.884,large,large,medium,120.9
PolypGen,/home/samsul/Documents/Polyp Detection/Polyp-Gen:/seq19/images/33.jpg,pgen_seq19,0,86,10,554,287,720,700,112081,88558,103018,22.238,large,large,large,335.8
PolypGen,/home/samsul/Documents/Polyp Detection/Polyp-Gen:/seq19/images/43.jpg,pgen_seq19,0,63,10,456,145,720,700,37376,29532,42338,7.416,large,large,large,193.9
PolypGen,/home/samsul/Documents/Polyp Detection/Polyp-Gen:/seq19/images/55.jpg,pgen_seq19,0,228,11,688,365,720,700,128434,101479,129308,25.483,large,large,large,359.5
PolypGen,/home/samsul/Documents/Polyp Detection/Polyp-Gen:/seq19/images/47.jpg,pgen_seq19,0,137,11,330,126,720,700,17304,13672,17781,3.433,large,large,medium,131.9
PolypGen,/home/samsul/Documents/Polyp Detection/Polyp-Gen:/seq19/images/13.jpg,pgen_seq19,0,164,10,638,292,720,700,108995,86120,106212,21.626,large,large,large,331.1
PolypGen,/home/samsul/Documents/Polyp Detection/Polyp-Gen:/seq19/images/53.jpg,pgen_seq19,0,42,11,376,301,720,700,76769,60657,77025,15.232,large,large,large,277.9
PolypGen,/home/samsul/Documents/Polyp Detection/Polyp-Gen:/seq19/images/16.jpg,pgen_seq19,0,340,45,687,418,720,700,106261,83959,102836,21.084,large,large,large,327.0
PolypGen,/home/samsul/Documents/Polyp Detection/Polyp-Gen:/seq19/images/42.jpg,pgen_seq19,0,78,11,426,166,720,700,41406,32716,43017,8.215,large,large,large,204.1
PolypGen,/home/samsul/Documents/Polyp Detection/Polyp-Gen:/seq19/images/38.jpg,pgen_seq19,0,65,10,503,261,720,700,91039,71932,87410,18.063,large,large,large,302.6
PolypGen,/home/samsul/Documents/Polyp Detection/Polyp-Gen:/seq19/images/15.jpg,pgen_seq19,0,279,10,687,399,720,700,125454,99124,126033,24.892,large,large,large,355.3
PolypGen,/home/samsul/Documents/Polyp Detection/Polyp-Gen:/seq19/images/25.jpg,pgen_seq19,0,173,9,628,351,720,700,129758,102525,123582,25.746,large,large,large,361.3
PolypGen,/home/samsul/Documents/Polyp Detection/Polyp-Gen:/seq19/images/20.jpg,pgen_seq19,0,166,9,623,373,720,700,134679,106413,132085,26.722,large,large,large,368.1
PolypGen,/home/samsul/Documents/Polyp Detection/Polyp-Gen:/seq19/images/46.jpg,pgen_seq19,0,72,9,400,296,720,700,76642,60557,74866,15.207,large,large,large,277.7
PolypGen,/home/samsul/Documents/Polyp Detection/Polyp-Gen:/seq19/images/7.jpg,pgen_seq19,0,395,10,687,392,720,700,86486,68335,88667,17.16,large,large,large,295.0
PolypGen,/home/samsul/Documents/Polyp Detection/Polyp-Gen:/seq19/images/45.jpg,pgen_seq19,0,294,11,619,144,720,700,30078,23765,34516,5.968,large,large,medium,173.9
PolypGen,/home/samsul/Documents/Polyp Detection/Polyp-Gen:/seq19/images/24.jpg,pgen_seq19,0,119,10,541,278,720,700,90443,71461,89906,17.945,large,large,large,301.6
PolypGen,/home/samsul/Documents/Polyp Detection/Polyp-Gen:/seq19/images/30.jpg,pgen_seq19,0,113,11,559,316,720,700,116594,92124,108075,23.134,large,large,large,342.5
PolypGen,/home/samsul/Documents/Polyp Detection/Polyp-Gen:/seq19/images/2.jpg,pgen_seq19,0,170,11,658,293,720,700,111376,88001,109343,22.098,large,large,large,334.7
PolypGen,/home/samsul/Documents/Polyp Detection/Polyp-Gen:/seq2/images/18.jpg,pgen_seq2,0,663,451,986,697,1080,1380,59261,12746,17212,3.976,large,large,medium,127.4
PolypGen,/home/samsul/Documents/Polyp Detection/Polyp-Gen:/seq2/images/3.jpg,pgen_seq2,0,922,395,1252,671,1080,1380,68947,14829,19720,4.626,large,large,medium,137.4
PolypGen,/home/samsul/Documents/Polyp Detection/Polyp-Gen:/seq2/images/49.jpg,pgen_seq2,0,840,881,1293,1079,1080,1380,55905,12024,19432,3.751,large,large,medium,123.7
PolypGen,/home/samsul/Documents/Polyp Detection/Polyp-Gen:/seq2/images/40.jpg,pgen_seq2,0,518,239,1029,675,1080,1380,174589,37551,48123,11.714,large,large,large,218.7
PolypGen,/home/samsul/Documents/Polyp Detection/Polyp-Gen:/seq2/images/57.jpg,pgen_seq2,0,849,413,1287,833,1080,1380,134877,29009,39751,9.05,large,large,medium,192.2
PolypGen,/home/samsul/Documents/Polyp Detection/Polyp-Gen:/seq2/images/11.jpg,pgen_seq2,0,744,394,1078,676,1080,1380,57961,12466,20391,3.889,large,large,medium,126.0
PolypGen,/home/samsul/Documents/Polyp Detection/Polyp-Gen:/seq2/images/29.jpg,pgen_seq2,0,698,378,1133,757,1080,1380,123931,26655,35635,8.315,large,large,medium,184.2
PolypGen,/home/samsul/Documents/Polyp Detection/Polyp-Gen:/seq2/images/54.jpg,pgen_seq2,0,818,451,1253,863,1080,1380,130066,27975,38729,8.727,large,large,medium,188.7
PolypGen,/home/samsul/Documents/Polyp Detection/Polyp-Gen:/seq2/images/51.jpg,pgen_seq2,0,770,512,1199,916,1080,1380,126501,27208,37456,8.488,large,large,medium,186.1
PolypGen,/home/samsul/Documents/Polyp Detection/Polyp-Gen:/seq2/images/6.jpg,pgen_seq2,0,926,384,1243,649,1080,1380,61469,13221,18193,4.124,large,large,medium,129.7
PolypGen,/home/samsul/Documents/Polyp Detection/Polyp-Gen:/seq2/images/58.jpg,pgen_seq2,0,737,404,1301,1065,1080,1380,251133,54014,80447,16.85,large,large,large,262.2
PolypGen,/home/samsul/Documents/Polyp Detection/Polyp-Gen:/seq2/images/10.jpg,pgen_seq2,0,942,393,1235,658,1080,1380,58655,12616,16820,3.936,large,large,medium,126.7
PolypGen,/home/samsul/Documents/Polyp Detection/Polyp-Gen:/seq2/images/34.jpg,pgen_seq2,0,579,322,1052,727,1080,1380,146613,31534,41391,9.837,large,large,large,200.4
PolypGen,/home/samsul/Documents/Polyp Detection/Polyp-Gen:/seq2/images/37.jpg,pgen_seq2,0,560,293,1037,713,1080,1380,156983,33764,43282,10.533,large,large,large,207.3
PolypGen,/home/samsul/Documents/Polyp Detection/Polyp-Gen:/seq2/images/27.jpg,pgen_seq2,0,710,421,1131,774,1080,1380,113851,24487,32131,7.639,large,large,medium,176.6
PolypGen,/home/samsul/Documents/Polyp Detection/Polyp-Gen:/seq2/images/62.jpg,pgen_seq2,0,900,421,1308,815,1080,1380,114834,24699,34747,7.705,large,large,medium,177.3
PolypGen,/home/samsul/Documents/Polyp Detection/Polyp-Gen:/seq2/images/39.jpg,pgen_seq2,0,522,253,1027,679,1080,1380,166655,35844,46471,11.182,large,large,large,213.6
PolypGen,/home/samsul/Documents/Polyp Detection/Polyp-Gen:/seq2/images/31.jpg,pgen_seq2,0,652,350,1091,739,1080,1380,110466,23759,36908,7.412,large,large,medium,173.9
PolypGen,/home/samsul/Documents/Polyp Detection/Polyp-Gen:/seq2/images/8.jpg,pgen_seq2,0,939,382,1246,646,1080,1380,50523,10867,17555,3.39,large,large,medium,117.6
PolypGen,/home/samsul/Documents/Polyp Detection/Polyp-Gen:/seq2/images/41.jpg,pgen_seq2,0,507,223,1032,678,1080,1380,183193,39401,51588,12.292,large,large,large,224.0
PolypGen,/home/samsul/Documents/Polyp Detection/Polyp-Gen:/seq2/images/50.jpg,pgen_seq2,0,748,571,1210,976,1080,1380,136038,29259,40430,9.128,large,large,large,193.0
PolypGen,/home/samsul/Documents/Polyp Detection/Polyp-Gen:/seq2/images/1.jpg,pgen_seq2,0,787,387,1259,858,1080,1380,148364,31910,48018,9.955,large,large,large,201.6
PolypGen,/home/samsul/Documents/Polyp Detection/Polyp-Gen:/seq2/images/52.jpg,pgen_seq2,0,703,480,1220,1078,1080,1380,220432,47411,66736,14.79,large,large,large,245.7
PolypGen,/home/samsul/Documents/Polyp Detection/Polyp-Gen:/seq2/images/19.jpg,pgen_seq2,0,656,422,1009,697,1080,1380,71461,15370,21014,4.795,large,large,medium,139.9
PolypGen,/home/samsul/Documents/Polyp Detection/Polyp-Gen:/seq2/images/60.jpg,pgen_seq2,0,901,419,1324,831,1080,1380,118602,25509,37663,7.958,large,large,medium,180.2
PolypGen,/home/samsul/Documents/Polyp Detection/Polyp-Gen:/seq2/images/14.jpg,pgen_seq2,0,644,523,1009,848,1080,1380,81447,17518,25663,5.465,large,large,medium,149.3
PolypGen,/home/samsul/Documents/Polyp Detection/Polyp-Gen:/seq2/images/23.jpg,pgen_seq2,0,637,377,1135,827,1080,1380,159741,34357,48404,10.718,large,large,large,209.2
PolypGen,/home/samsul/Documents/Polyp Detection/Polyp-Gen:/seq2/images/28.jpg,pgen_seq2,0,684,386,1173,796,1080,1380,141760,30490,43315,9.512,large,large,large,197.0
PolypGen,/home/samsul/Documents/Polyp Detection/Polyp-Gen:/seq2/images/17.jpg,pgen_seq2,0,644,515,1013,834,1080,1380,80148,17238,25466,5.378,large,large,medium,148.1
PolypGen,/home/samsul/Documents/Polyp Detection/Polyp-Gen:/seq2/images/36.jpg,pgen_seq2,0,565,307,1045,714,1080,1380,152194,32734,42209,10.212,large,large,large,204.2
PolypGen,/home/samsul/Documents/Polyp Detection/Polyp-Gen:/seq2/images/4.jpg,pgen_seq2,0,924,395,1250,680,1080,1380,71435,15364,20115,4.793,large,large,medium,139.9
PolypGen,/home/samsul/Documents/Polyp Detection/Polyp-Gen:/seq2/images/5.jpg,pgen_seq2,0,922,390,1244,650,1080,1380,64118,13791,18132,4.302,large,large,medium,132.5
PolypGen,/home/samsul/Documents/Polyp Detection/Polyp-Gen:/seq2/images/21.jpg,pgen_seq2,0,690,393,1088,714,1080,1380,93048,20013,27633,6.243,large,large,medium,159.6
PolypGen,/home/samsul/Documents/Polyp Detection/Polyp-Gen:/seq2/images/0.jpg,pgen_seq2,0,900,418,1270,764,1080,1380,91567,19694,27689,6.144,large,large,medium,158.4
PolypGen,/home/samsul/Documents/Polyp Detection/Polyp-Gen:/seq2/images/26.jpg,pgen_seq2,0,611,415,1137,865,1080,1380,148586,31958,51120,9.97,large,large,large,201.7
PolypGen,/home/samsul/Documents/Polyp Detection/Polyp-Gen:/seq2/images/12.jpg,pgen_seq2,0,697,430,1061,682,1080,1380,69633,14977,19862,4.672,large,large,medium,138.1
PolypGen,/home/samsul/Documents/Polyp Detection/Polyp-Gen:/seq2/images/22.jpg,pgen_seq2,0,699,380,1106,710,1080,1380,95750,20594,29046,6.424,large,large,medium,161.9
PolypGen,/home/samsul/Documents/Polyp Detection/Polyp-Gen:/seq2/images/32.jpg,pgen_seq2,0,658,392,1037,745,1080,1380,105600,22713,28933,7.085,large,large,medium,170.1
PolypGen,/home/samsul/Documents/Polyp Detection/Polyp-Gen:/seq2/images/9.jpg,pgen_seq2,0,904,381,1248,779,1080,1380,103511,22263,29607,6.945,large,large,medium,168.4
PolypGen,/home/samsul/Documents/Polyp Detection/Polyp-Gen:/seq2/images/44.jpg,pgen_seq2,0,445,160,1037,643,1080,1380,223693,48112,61731,15.009,large,large,large,247.5
PolypGen,/home/samsul/Documents/Polyp Detection/Polyp-Gen:/seq2/images/35.jpg,pgen_seq2,0,579,322,1052,727,1080,1380,146613,31534,41391,9.837,large,large,large,200.4
PolypGen,/home/samsul/Documents/Polyp Detection/Polyp-Gen:/seq2/images/48.jpg,pgen_seq2,0,874,958,1161,1076,1080,1380,25334,5449,7371,1.7,medium,large,small,83.3
PolypGen,/home/samsul/Documents/Polyp Detection/Polyp-Gen:/seq2/images/33.jpg,pgen_seq2,0,659,369,1092,762,1080,1380,124573,26793,36778,8.358,large,large,medium,184.7
PolypGen,/home/samsul/Documents/Polyp Detection/Polyp-Gen:/seq2/images/43.jpg,pgen_seq2,0,499,218,1034,661,1080,1380,190982,41077,51186,12.814,large,large,large,228.7
PolypGen,/home/samsul/Documents/Polyp Detection/Polyp-Gen:/seq2/images/55.jpg,pgen_seq2,0,733,423,1269,1079,1080,1380,243281,52325,75882,16.323,large,large,large,258.1
PolypGen,/home/samsul/Documents/Polyp Detection/Polyp-Gen:/seq2/images/13.jpg,pgen_seq2,0,692,504,1024,732,1080,1380,53814,11574,16401,3.611,large,large,medium,121.4
PolypGen,/home/samsul/Documents/Polyp Detection/Polyp-Gen:/seq2/images/53.jpg,pgen_seq2,0,811,464,1239,876,1080,1380,127993,27529,38107,8.588,large,large,medium,187.2
PolypGen,/home/samsul/Documents/Polyp Detection/Polyp-Gen:/seq2/images/16.jpg,pgen_seq2,0,710,524,1015,748,1080,1380,47953,10314,14808,3.217,large,large,medium,114.6
PolypGen,/home/samsul/Documents/Polyp Detection/Polyp-Gen:/seq2/images/42.jpg,pgen_seq2,0,503,210,1036,657,1080,1380,183164,39395,51454,12.29,large,large,large,224.0
PolypGen,/home/samsul/Documents/Polyp Detection/Polyp-Gen:/seq2/images/38.jpg,pgen_seq2,0,527,255,1041,697,1080,1380,179248,38553,49070,12.027,large,large,large,221.6
PolypGen,/home/samsul/Documents/Polyp Detection/Polyp-Gen:/seq2/images/15.jpg,pgen_seq2,0,703,524,1016,749,1080,1380,52473,11286,15263,3.521,large,large,medium,119.9
PolypGen,/home/samsul/Documents/Polyp Detection/Polyp-Gen:/seq2/images/25.jpg,pgen_seq2,0,724,388,1122,725,1080,1380,98319,21147,29006,6.597,large,large,medium,164.1
PolypGen,/home/samsul/Documents/Polyp Detection/Polyp-Gen:/seq2/images/56.jpg,pgen_seq2,0,834,409,1281,839,1080,1380,137204,29510,41530,9.206,large,large,large,193.8
PolypGen,/home/samsul/Documents/Polyp Detection/Polyp-Gen:/seq2/images/20.jpg,pgen_seq2,0,601,401,1067,833,1080,1380,143422,30847,43492,9.623,large,large,large,198.2
PolypGen,/home/samsul/Documents/Polyp Detection/Polyp-Gen:/seq2/images/7.jpg,pgen_seq2,0,927,380,1250,648,1080,1380,60623,13039,18746,4.068,large,large,medium,128.8
PolypGen,/home/samsul/Documents/Polyp Detection/Polyp-Gen:/seq2/images/61.jpg,pgen_seq2,0,795,418,1318,1073,1080,1380,239223,51452,73933,16.051,large,large,large,256.0
PolypGen,/home/samsul/Documents/Polyp Detection/Polyp-Gen:/seq2/images/24.jpg,pgen_seq2,0,719,369,1139,725,1080,1380,110846,23841,32326,7.437,large,large,medium,174.2
PolypGen,/home/samsul/Documents/Polyp Detection/Polyp-Gen:/seq2/images/30.jpg,pgen_seq2,0,680,374,1110,735,1080,1380,115949,24938,33557,7.78,large,large,medium,178.2
PolypGen,/home/samsul/Documents/Polyp Detection/Polyp-Gen:/seq2/images/2.jpg,pgen_seq2,0,921,390,1256,669,1080,1380,66435,14289,20235,4.458,large,large,medium,134.9
PolypGen,/home/samsul/Documents/Polyp Detection/Polyp-Gen:/seq2/images/59.jpg,pgen_seq2,0,874,401,1311,824,1080,1380,130247,28014,39943,8.739,large,large,medium,188.9
PolypGen,/home/samsul/Documents/Polyp Detection/Polyp-Gen:/seq20/images/3.jpg,pgen_seq20,0,605,6,923,338,720,930,67456,31946,50307,10.074,large,large,large,201.7
PolypGen,/home/samsul/Documents/Polyp Detection/Polyp-Gen:/seq20/images/49.jpg,pgen_seq20,0,174,30,512,441,720,930,54502,25811,66144,8.139,large,large,large,181.3
PolypGen,/home/samsul/Documents/Polyp Detection/Polyp-Gen:/seq20/images/40.jpg,pgen_seq20,0,660,331,824,522,720,930,6874,3255,15003,1.027,medium,medium,medium,64.4
PolypGen,/home/samsul/Documents/Polyp Detection/Polyp-Gen:/seq20/images/29.jpg,pgen_seq20,0,389,346,765,672,720,930,62950,29812,58383,9.401,large,large,large,194.8
PolypGen,/home/samsul/Documents/Polyp Detection/Polyp-Gen:/seq20/images/34.jpg,pgen_seq20,0,652,355,759,482,720,930,6755,3199,6547,1.009,medium,medium,small,63.8
PolypGen,/home/samsul/Documents/Polyp Detection/Polyp-Gen:/seq20/images/34.jpg,pgen_seq20,1,628,394,712,511,720,930,3513,1664,4750,0.525,medium,medium,small,46.0
PolypGen,/home/samsul/Documents/Polyp Detection/Polyp-Gen:/seq20/images/37.jpg,pgen_seq20,0,680,324,803,437,720,930,9538,4517,6695,1.424,medium,large,small,75.8
PolypGen,/home/samsul/Documents/Polyp Detection/Polyp-Gen:/seq20/images/27.jpg,pgen_seq20,0,351,369,880,712,720,930,133564,63253,86343,19.947,large,large,large,283.8
PolypGen,/home/samsul/Documents/Polyp Detection/Polyp-Gen:/seq20/images/39.jpg,pgen_seq20,0,719,319,844,519,720,930,14969,7089,11994,2.236,medium,large,medium,95.0
PolypGen,/home/samsul/Documents/Polyp Detection/Polyp-Gen:/seq20/images/31.jpg,pgen_seq20,0,484,125,595,256,720,930,8622,4083,7001,1.288,medium,medium,small,72.1
PolypGen,/home/samsul/Documents/Polyp Detection/Polyp-Gen:/seq20/images/31.jpg,pgen_seq20,1,640,297,711,406,720,930,2767,1310,3751,0.413,medium,medium,small,40.8
PolypGen,/home/samsul/Documents/Polyp Detection/Polyp-Gen:/seq20/images/31.jpg,pgen_seq20,2,627,352,704,507,720,930,4916,2328,5763,0.734,medium,medium,small,54.4
PolypGen,/home/samsul/Documents/Polyp Detection/Polyp-Gen:/seq20/images/23.jpg,pgen_seq20,0,217,439,734,714,720,930,113169,53595,67707,16.901,large,large,large,261.2
PolypGen,/home/samsul/Documents/Polyp Detection/Polyp-Gen:/seq20/images/28.jpg,pgen_seq20,0,359,314,899,709,720,930,152580,72259,101458,22.787,large,large,large,303.3
PolypGen,/home/samsul/Documents/Polyp Detection/Polyp-Gen:/seq20/images/17.jpg,pgen_seq20,0,361,618,613,714,720,930,20709,9807,11622,3.093,large,large,medium,111.7
PolypGen,/home/samsul/Documents/Polyp Detection/Polyp-Gen:/seq20/images/36.jpg,pgen_seq20,0,660,335,735,465,720,930,5716,2707,4715,0.854,medium,medium,small,58.7
PolypGen,/home/samsul/Documents/Polyp Detection/Polyp-Gen:/seq20/images/21.jpg,pgen_seq20,0,57,433,597,714,720,930,119087,56397,72250,17.785,large,large,large,268.0
PolypGen,/home/samsul/Documents/Polyp Detection/Polyp-Gen:/seq20/images/26.jpg,pgen_seq20,0,333,403,664,696,720,930,71678,33945,46225,10.705,large,large,large,207.9
PolypGen,/home/samsul/Documents/Polyp Detection/Polyp-Gen:/seq20/images/22.jpg,pgen_seq20,0,165,481,658,714,720,930,95556,45253,54744,14.271,large,large,large,240.0
PolypGen,/home/samsul/Documents/Polyp Detection/Polyp-Gen:/seq20/images/32.jpg,pgen_seq20,0,499,113,611,225,720,930,6058,2869,6047,0.905,medium,medium,small,60.4
PolypGen,/home/samsul/Documents/Polyp Detection/Polyp-Gen:/seq20/images/32.jpg,pgen_seq20,1,664,324,712,415,720,930,2201,1042,2135,0.329,medium,medium,small,36.4
PolypGen,/home/samsul/Documents/Polyp Detection/Polyp-Gen:/seq20/images/44.jpg,pgen_seq20,0,626,258,864,534,720,930,29072,13768,31352,4.342,large,large,medium,132.4
PolypGen,/home/samsul/Documents/Polyp Detection/Polyp-Gen:/seq20/images/35.jpg,pgen_seq20,0,547,250,612,360,720,930,4407,2087,3469,0.658,medium,medium,small,51.5
PolypGen,/home/samsul/Documents/Polyp Detection/Polyp-Gen:/seq20/images/35.jpg,pgen_seq20,1,648,362,741,478,720,930,6203,2938,5208,0.926,medium,medium,small,61.2
PolypGen,/home/samsul/Documents/Polyp Detection/Polyp-Gen:/seq20/images/35.jpg,pgen_seq20,2,633,403,713,511,720,930,2606,1234,4181,0.389,medium,medium,small,39.6
PolypGen,/home/samsul/Documents/Polyp Detection/Polyp-Gen:/seq20/images/48.jpg,pgen_seq20,0,257,5,921,713,720,930,412263,195240,223286,61.569,large,large,large,498.6
PolypGen,/home/samsul/Documents/Polyp Detection/Polyp-Gen:/seq20/images/33.jpg,pgen_seq20,0,515,164,606,295,720,930,7096,3361,5751,1.06,medium,medium,small,65.4
PolypGen,/home/samsul/Documents/Polyp Detection/Polyp-Gen:/seq20/images/33.jpg,pgen_seq20,1,640,327,730,444,720,930,4621,2188,5085,0.69,medium,medium,small,52.8
PolypGen,/home/samsul/Documents/Polyp Detection/Polyp-Gen:/seq20/images/33.jpg,pgen_seq20,2,658,398,724,515,720,930,3025,1433,3744,0.452,medium,medium,small,42.7
PolypGen,/home/samsul/Documents/Polyp Detection/Polyp-Gen:/seq20/images/43.jpg,pgen_seq20,0,683,317,818,512,720,930,14098,6677,12624,2.105,medium,large,medium,92.2
PolypGen,/home/samsul/Documents/Polyp Detection/Polyp-Gen:/seq20/images/47.jpg,pgen_seq20,0,217,13,916,707,720,930,370647,175531,230397,55.353,large,large,large,472.8
PolypGen,/home/samsul/Documents/Polyp Detection/Polyp-Gen:/seq20/images/42.jpg,pgen_seq20,0,683,314,834,513,720,930,15081,7142,14397,2.252,medium,large,medium,95.4
PolypGen,/home/samsul/Documents/Polyp Detection/Polyp-Gen:/seq20/images/38.jpg,pgen_seq20,0,666,319,845,492,720,930,19572,9269,14833,2.923,large,large,medium,108.6
PolypGen,/home/samsul/Documents/Polyp Detection/Polyp-Gen:/seq20/images/15.jpg,pgen_seq20,0,175,254,282,406,720,930,9935,4705,7825,1.484,medium,large,small,77.4
PolypGen,/home/samsul/Documents/Polyp Detection/Polyp-Gen:/seq20/images/25.jpg,pgen_seq20,0,301,386,812,714,720,930,123090,58293,79774,18.383,large,large,large,272.4
PolypGen,/home/samsul/Documents/Polyp Detection/Polyp-Gen:/seq20/images/20.jpg,pgen_seq20,0,215,602,595,716,720,930,28748,13614,20750,4.293,large,large,medium,131.7
PolypGen,/home/samsul/Documents/Polyp Detection/Polyp-Gen:/seq20/images/46.jpg,pgen_seq20,0,415,183,824,508,720,930,75735,35867,63299,11.31,large,large,large,213.7
PolypGen,/home/samsul/Documents/Polyp Detection/Polyp-Gen:/seq20/images/45.jpg,pgen_seq20,0,600,248,814,474,720,930,25930,12280,23113,3.872,large,large,medium,125.0
PolypGen,/home/samsul/Documents/Polyp Detection/Polyp-Gen:/seq20/images/24.jpg,pgen_seq20,0,239,417,748,715,720,930,122327,57932,72216,18.269,large,large,large,271.6
PolypGen,/home/samsul/Documents/Polyp Detection/Polyp-Gen:/seq21/images/18.jpg,pgen_seq21,0,234,231,380,376,720,930,16053,7602,10164,2.397,medium,large,medium,98.4
PolypGen,/home/samsul/Documents/Polyp Detection/Polyp-Gen:/seq21/images/18.jpg,pgen_seq21,1,356,627,790,714,720,930,26555,12576,18129,3.966,large,large,medium,126.5
PolypGen,/home/samsul/Documents/Polyp Detection/Polyp-Gen:/seq21/images/3.jpg,pgen_seq21,0,15,173,487,714,720,930,200474,94941,121410,29.939,large,large,large,347.7
PolypGen,/home/samsul/Documents/Polyp Detection/Polyp-Gen:/seq21/images/11.jpg,pgen_seq21,0,158,214,846,712,720,930,251693,119197,162822,37.589,large,large,large,389.6
PolypGen,/home/samsul/Documents/Polyp Detection/Polyp-Gen:/seq21/images/29.jpg,pgen_seq21,0,360,578,876,712,720,930,47752,22614,33054,7.131,large,large,medium,169.7
PolypGen,/home/samsul/Documents/Polyp Detection/Polyp-Gen:/seq21/images/6.jpg,pgen_seq21,0,143,201,655,714,720,930,190115,90035,124875,28.392,large,large,large,338.6
PolypGen,/home/samsul/Documents/Polyp Detection/Polyp-Gen:/seq21/images/10.jpg,pgen_seq21,0,43,74,760,657,720,930,307801,145769,198578,45.968,large,large,large,430.8
PolypGen,/home/samsul/Documents/Polyp Detection/Polyp-Gen:/seq21/images/27.jpg,pgen_seq21,0,277,270,434,413,720,930,16882,7995,10775,2.521,medium,large,medium,100.9
PolypGen,/home/samsul/Documents/Polyp Detection/Polyp-Gen:/seq21/images/27.jpg,pgen_seq21,1,420,692,692,716,720,930,4607,2182,3232,0.688,medium,medium,small,52.7
PolypGen,/home/samsul/Documents/Polyp Detection/Polyp-Gen:/seq21/images/8.jpg,pgen_seq21,0,382,15,694,235,720,930,45979,21775,32759,6.867,large,large,medium,166.5
PolypGen,/home/samsul/Documents/Polyp Detection/Polyp-Gen:/seq21/images/19.jpg,pgen_seq21,0,256,266,388,405,720,930,14833,7025,8818,2.215,medium,large,small,94.6
PolypGen,/home/samsul/Documents/Polyp Detection/Polyp-Gen:/seq21/images/19.jpg,pgen_seq21,1,381,624,771,715,720,930,23031,10907,17036,3.44,large,large,medium,117.8
PolypGen,/home/samsul/Documents/Polyp Detection/Polyp-Gen:/seq21/images/14.jpg,pgen_seq21,0,226,53,354,156,720,930,10403,4927,6354,1.554,medium,large,small,79.2
PolypGen,/home/samsul/Documents/Polyp Detection/Polyp-Gen:/seq21/images/14.jpg,pgen_seq21,1,279,361,871,713,720,930,151154,71584,99134,22.574,large,large,large,301.9
PolypGen,/home/samsul/Documents/Polyp Detection/Polyp-Gen:/seq21/images/23.jpg,pgen_seq21,0,244,311,394,468,720,930,18518,8770,11299,2.766,medium,large,medium,105.7
PolypGen,/home/samsul/Documents/Polyp Detection/Polyp-Gen:/seq21/images/23.jpg,pgen_seq21,1,448,691,707,714,720,930,3792,1796,2955,0.566,medium,medium,small,47.8
PolypGen,/home/samsul/Documents/Polyp Detection/Polyp-Gen:/seq21/images/28.jpg,pgen_seq21,0,384,39,531,157,720,930,12200,5778,8341,1.822,medium,large,small,85.8
PolypGen,/home/samsul/Documents/Polyp Detection/Polyp-Gen:/seq21/images/28.jpg,pgen_seq21,1,366,520,797,713,720,930,66196,31349,39690,9.886,large,large,medium,199.8
PolypGen,/home/samsul/Documents/Polyp Detection/Polyp-Gen:/seq21/images/17.jpg,pgen_seq21,0,272,103,410,222,720,930,12436,5889,7899,1.857,medium,large,small,86.6
PolypGen,/home/samsul/Documents/Polyp Detection/Polyp-Gen:/seq21/images/17.jpg,pgen_seq21,1,336,448,857,714,720,930,99500,47121,66005,14.86,large,large,large,244.9
PolypGen,/home/samsul/Documents/Polyp Detection/Polyp-Gen:/seq21/images/5.jpg,pgen_seq21,0,184,256,639,713,720,930,157741,74703,98906,23.557,large,large,large,308.4
PolypGen,/home/samsul/Documents/Polyp Detection/Polyp-Gen:/seq21/images/21.jpg,pgen_seq21,0,290,292,420,404,720,930,11138,5275,7010,1.663,medium,large,small,82.0
PolypGen,/home/samsul/Documents/Polyp Detection/Polyp-Gen:/seq21/images/21.jpg,pgen_seq21,1,378,604,738,714,720,930,29266,13860,18977,4.371,large,large,medium,132.8
PolypGen,/home/samsul/Documents/Polyp Detection/Polyp-Gen:/seq21/images/26.jpg,pgen_seq21,0,282,263,429,399,720,930,14717,6970,9602,2.198,medium,large,small,94.2
PolypGen,/home/samsul/Documents/Polyp Detection/Polyp-Gen:/seq21/images/26.jpg,pgen_seq21,1,390,660,721,714,720,930,14045,6651,8648,2.098,medium,large,small,92.0
PolypGen,/home/samsul/Documents/Polyp Detection/Polyp-Gen:/seq21/images/12.jpg,pgen_seq21,0,226,21,343,120,720,930,8755,4146,5588,1.307,medium,medium,small,72.7
PolypGen,/home/samsul/Documents/Polyp Detection/Polyp-Gen:/seq21/images/12.jpg,pgen_seq21,1,256,302,859,712,720,930,177041,83843,117564,26.44,large,large,large,326.7
PolypGen,/home/samsul/Documents/Polyp Detection/Polyp-Gen:/seq21/images/22.jpg,pgen_seq21,0,297,308,430,427,720,930,12094,5727,7615,1.806,medium,large,small,85.4
PolypGen,/home/samsul/Documents/Polyp Detection/Polyp-Gen:/seq21/images/22.jpg,pgen_seq21,1,385,618,754,713,720,930,26778,12682,16822,3.999,large,large,medium,127.1
PolypGen,/home/samsul/Documents/Polyp Detection/Polyp-Gen:/seq21/images/9.jpg,pgen_seq21,0,112,54,715,635,720,930,257341,121872,166477,38.432,large,large,large,393.9
PolypGen,/home/samsul/Documents/Polyp Detection/Polyp-Gen:/seq21/images/55.jpg,pgen_seq21,0,16,30,471,713,720,930,249073,117956,147712,37.197,large,large,large,387.5
PolypGen,/home/samsul/Documents/Polyp Detection/Polyp-Gen:/seq21/images/16.jpg,pgen_seq21,0,268,88,397,200,720,930,10906,5165,6957,1.629,medium,large,small,81.1
PolypGen,/home/samsul/Documents/Polyp Detection/Polyp-Gen:/seq21/images/16.jpg,pgen_seq21,1,316,424,868,713,720,930,113557,53778,75948,16.959,large,large,large,261.7
PolypGen,/home/samsul/Documents/Polyp Detection/Polyp-Gen:/seq21/images/15.jpg,pgen_seq21,0,259,84,391,197,720,930,11129,5270,7180,1.662,medium,large,small,81.9
PolypGen,/home/samsul/Documents/Polyp Detection/Polyp-Gen:/seq21/images/15.jpg,pgen_seq21,1,320,419,864,714,720,930,118084,55922,76398,17.635,large,large,large,266.8
PolypGen,/home/samsul/Documents/Polyp Detection/Polyp-Gen:/seq21/images/25.jpg,pgen_seq21,0,281,259,418,395,720,930,14460,6848,8954,2.159,medium,large,small,93.4
PolypGen,/home/samsul/Documents/Polyp Detection/Polyp-Gen:/seq21/images/25.jpg,pgen_seq21,1,408,665,771,716,720,930,11668,5526,8964,1.743,medium,large,small,83.9
PolypGen,/home/samsul/Documents/Polyp Detection/Polyp-Gen:/seq21/images/20.jpg,pgen_seq21,0,271,274,401,392,720,930,11504,5448,7383,1.718,medium,large,small,83.3
PolypGen,/home/samsul/Documents/Polyp Detection/Polyp-Gen:/seq21/images/20.jpg,pgen_seq21,1,363,614,751,714,720,930,28655,13570,18607,4.279,large,large,medium,131.4
PolypGen,/home/samsul/Documents/Polyp Detection/Polyp-Gen:/seq21/images/7.jpg,pgen_seq21,0,140,23,731,602,720,930,228323,108129,162609,34.098,large,large,large,371.0
PolypGen,/home/samsul/Documents/Polyp Detection/Polyp-Gen:/seq22/images/18.jpg,pgen_seq22,0,367,125,696,401,720,930,67675,32050,43290,10.107,large,large,large,202.0
PolypGen,/home/samsul/Documents/Polyp Detection/Polyp-Gen:/seq22/images/40.jpg,pgen_seq22,0,298,96,612,402,720,930,73158,34646,45798,10.926,large,large,large,210.0
PolypGen,/home/samsul/Documents/Polyp Detection/Polyp-Gen:/seq22/images/11.jpg,pgen_seq22,0,197,51,387,233,720,930,27956,13239,16553,4.175,large,large,medium,129.8
PolypGen,/home/samsul/Documents/Polyp Detection/Polyp-Gen:/seq22/images/29.jpg,pgen_seq22,0,366,69,613,284,720,930,41639,19719,25369,6.218,large,large,medium,158.5
PolypGen,/home/samsul/Documents/Polyp Detection/Polyp-Gen:/seq22/images/6.jpg,pgen_seq22,0,378,11,567,181,720,930,26589,12592,15387,3.971,large,large,medium,126.6
PolypGen,/home/samsul/Documents/Polyp Detection/Polyp-Gen:/seq22/images/10.jpg,pgen_seq22,0,209,29,397,215,720,930,28659,13572,16738,4.28,large,large,medium,131.5
PolypGen,/home/samsul/Documents/Polyp Detection/Polyp-Gen:/seq22/images/34.jpg,pgen_seq22,0,366,56,628,315,720,930,52705,24960,32383,7.871,large,large,medium,178.3
PolypGen,/home/samsul/Documents/Polyp Detection/Polyp-Gen:/seq22/images/37.jpg,pgen_seq22,0,340,41,631,326,720,930,64820,30698,39550,9.68,large,large,medium,197.7
PolypGen,/home/samsul/Documents/Polyp Detection/Polyp-Gen:/seq22/images/27.jpg,pgen_seq22,0,374,79,620,305,720,930,42704,20224,26553,6.378,large,large,medium,160.5
PolypGen,/home/samsul/Documents/Polyp Detection/Polyp-Gen:/seq22/images/39.jpg,pgen_seq22,0,306,74,619,384,720,930,74473,35269,46247,11.122,large,large,large,211.9
PolypGen,/home/samsul/Documents/Polyp Detection/Polyp-Gen:/seq22/images/31.jpg,pgen_seq22,0,366,66,620,302,720,930,44859,21244,28621,6.699,large,large,medium,164.5
PolypGen,/home/samsul/Documents/Polyp Detection/Polyp-Gen:/seq22/images/8.jpg,pgen_seq22,0,367,11,574,169,720,930,27387,12970,15662,4.09,large,large,medium,128.5
PolypGen,/home/samsul/Documents/Polyp Detection/Polyp-Gen:/seq22/images/41.jpg,pgen_seq22,0,393,174,545,295,720,930,14484,6859,8840,2.163,medium,large,small,93.5
PolypGen,/home/samsul/Documents/Polyp Detection/Polyp-Gen:/seq22/images/1.jpg,pgen_seq22,0,268,65,582,361,720,930,73858,34978,44306,11.03,large,large,large,211.0
PolypGen,/home/samsul/Documents/Polyp Detection/Polyp-Gen:/seq22/images/14.jpg,pgen_seq22,0,324,264,535,453,720,930,30477,14433,19076,4.552,large,large,medium,135.6
PolypGen,/home/samsul/Documents/Polyp Detection/Polyp-Gen:/seq22/images/23.jpg,pgen_seq22,0,435,120,630,293,720,930,25108,11891,16151,3.75,large,large,medium,123.0
PolypGen,/home/samsul/Documents/Polyp Detection/Polyp-Gen:/seq22/images/28.jpg,pgen_seq22,0,379,65,622,288,720,930,41266,19543,25884,6.163,large,large,medium,157.7
PolypGen,/home/samsul/Documents/Polyp Detection/Polyp-Gen:/seq22/images/17.jpg,pgen_seq22,0,341,130,664,406,720,930,67901,32157,42503,10.141,large,large,large,202.3
PolypGen,/home/samsul/Documents/Polyp Detection/Polyp-Gen:/seq22/images/36.jpg,pgen_seq22,0,339,53,620,320,720,930,58717,27807,35791,8.769,large,large,medium,188.2
PolypGen,/home/samsul/Documents/Polyp Detection/Polyp-Gen:/seq22/images/4.jpg,pgen_seq22,0,418,10,655,151,720,930,25356,12008,16005,3.787,large,large,medium,123.6
PolypGen,/home/samsul/Documents/Polyp Detection/Polyp-Gen:/seq22/images/5.jpg,pgen_seq22,0,410,10,644,174,720,930,31384,14863,18363,4.687,large,large,medium,137.6
PolypGen,/home/samsul/Documents/Polyp Detection/Polyp-Gen:/seq22/images/21.jpg,pgen_seq22,0,383,41,566,198,720,930,22488,10650,13768,3.358,large,large,medium,116.4
PolypGen,/home/samsul/Documents/Polyp Detection/Polyp-Gen:/seq22/images/0.jpg,pgen_seq22,0,443,101,597,227,720,930,15460,7322,9322,2.309,medium,large,small,96.6
PolypGen,/home/samsul/Documents/Polyp Detection/Polyp-Gen:/seq22/images/26.jpg,pgen_seq22,0,390,82,624,300,720,930,38106,18046,24373,5.691,large,large,medium,151.6
PolypGen,/home/samsul/Documents/Polyp Detection/Polyp-Gen:/seq22/images/12.jpg,pgen_seq22,0,140,106,289,260,720,930,18192,8615,11011,2.717,medium,large,medium,104.7
PolypGen,/home/samsul/Documents/Polyp Detection/Polyp-Gen:/seq22/images/22.jpg,pgen_seq22,0,447,29,628,174,720,930,20691,9799,12584,3.09,large,large,medium,111.7
PolypGen,/home/samsul/Documents/Polyp Detection/Polyp-Gen:/seq22/images/32.jpg,pgen_seq22,0,373,30,635,286,720,930,52196,24719,32010,7.795,large,large,medium,177.4
PolypGen,/home/samsul/Documents/Polyp Detection/Polyp-Gen:/seq22/images/9.jpg,pgen_seq22,0,58,28,192,207,720,930,17003,8052,11508,2.539,medium,large,medium,101.3
PolypGen,/home/samsul/Documents/Polyp Detection/Polyp-Gen:/seq22/images/44.jpg,pgen_seq22,0,291,83,575,370,720,930,64495,30544,38872,9.632,large,large,medium,197.2
PolypGen,/home/samsul/Documents/Polyp Detection/Polyp-Gen:/seq22/images/35.jpg,pgen_seq22,0,336,69,607,337,720,930,55530,26298,34651,8.293,large,large,medium,183.0
PolypGen,/home/samsul/Documents/Polyp Detection/Polyp-Gen:/seq22/images/33.jpg,pgen_seq22,0,382,36,645,284,720,930,48514,22975,31131,7.245,large,large,medium,171.0
PolypGen,/home/samsul/Documents/Polyp Detection/Polyp-Gen:/seq22/images/43.jpg,pgen_seq22,0,303,90,599,392,720,930,71462,33843,42618,10.672,large,large,large,207.6
PolypGen,/home/samsul/Documents/Polyp Detection/Polyp-Gen:/seq22/images/13.jpg,pgen_seq22,0,217,155,319,264,720,930,9065,4293,5366,1.354,medium,medium,small,73.9
PolypGen,/home/samsul/Documents/Polyp Detection/Polyp-Gen:/seq22/images/16.jpg,pgen_seq22,0,366,135,725,434,720,930,81301,38503,51147,12.142,large,large,large,221.4
PolypGen,/home/samsul/Documents/Polyp Detection/Polyp-Gen:/seq22/images/42.jpg,pgen_seq22,0,293,101,588,399,720,930,70173,33233,41914,10.48,large,large,large,205.7
PolypGen,/home/samsul/Documents/Polyp Detection/Polyp-Gen:/seq22/images/38.jpg,pgen_seq22,0,334,47,607,311,720,930,56423,26721,34387,8.426,large,large,medium,184.5
PolypGen,/home/samsul/Documents/Polyp Detection/Polyp-Gen:/seq22/images/15.jpg,pgen_seq22,0,376,201,693,461,720,930,63879,30252,39306,9.54,large,large,medium,196.3
PolypGen,/home/samsul/Documents/Polyp Detection/Polyp-Gen:/seq22/images/25.jpg,pgen_seq22,0,405,102,627,299,720,930,33689,15954,20910,5.031,large,large,medium,142.5
PolypGen,/home/samsul/Documents/Polyp Detection/Polyp-Gen:/seq22/images/20.jpg,pgen_seq22,0,359,139,637,392,720,930,53405,25292,33561,7.976,large,large,medium,179.5
PolypGen,/home/samsul/Documents/Polyp Detection/Polyp-Gen:/seq22/images/7.jpg,pgen_seq22,0,355,205,581,412,720,930,36870,17461,22361,5.506,large,large,medium,149.1
PolypGen,/home/samsul/Documents/Polyp Detection/Polyp-Gen:/seq22/images/45.jpg,pgen_seq22,0,284,21,624,376,720,930,94852,44920,57491,14.165,large,large,large,239.2
PolypGen,/home/samsul/Documents/Polyp Detection/Polyp-Gen:/seq22/images/24.jpg,pgen_seq22,0,419,85,643,289,720,930,34914,16535,21844,5.214,large,large,medium,145.1
PolypGen,/home/samsul/Documents/Polyp Detection/Polyp-Gen:/seq22/images/30.jpg,pgen_seq22,0,385,73,481,154,720,930,6118,2897,3767,0.914,medium,medium,small,60.7
PolypGen,/home/samsul/Documents/Polyp Detection/Polyp-Gen:/seq22/images/2.jpg,pgen_seq22,0,397,10,589,134,720,930,20691,9799,11425,3.09,large,large,medium,111.7
PolypGen,/home/samsul/Documents/Polyp Detection/Polyp-Gen:/seq23/images/18.jpg,pgen_seq23,0,578,301,780,643,720,850,53213,30168,39474,8.695,large,large,medium,196.0
PolypGen,/home/samsul/Documents/Polyp Detection/Polyp-Gen:/seq23/images/3.jpg,pgen_seq23,0,269,215,414,451,720,850,19723,11181,19617,3.223,large,large,medium,119.3
PolypGen,/home/samsul/Documents/Polyp Detection/Polyp-Gen:/seq23/images/40.jpg,pgen_seq23,0,428,306,734,656,720,850,81782,46364,61090,13.363,large,large,large,243.0
PolypGen,/home/samsul/Documents/Polyp Detection/Polyp-Gen:/seq23/images/29.jpg,pgen_seq23,0,402,407,613,571,720,850,26534,15043,19831,4.336,large,large,medium,138.4
PolypGen,/home/samsul/Documents/Polyp Detection/Polyp-Gen:/seq23/images/51.jpg,pgen_seq23,0,217,309,426,504,720,850,28486,16149,23334,4.655,large,large,medium,143.4
PolypGen,/home/samsul/Documents/Polyp Detection/Polyp-Gen:/seq23/images/37.jpg,pgen_seq23,0,308,29,612,300,720,850,63935,36246,47032,10.447,large,large,large,214.8
PolypGen,/home/samsul/Documents/Polyp Detection/Polyp-Gen:/seq23/images/27.jpg,pgen_seq23,0,370,461,608,719,720,850,44779,25386,35093,7.317,large,large,medium,179.8
PolypGen,/home/samsul/Documents/Polyp Detection/Polyp-Gen:/seq23/images/39.jpg,pgen_seq23,0,432,269,732,623,720,850,81435,46167,60578,13.306,large,large,large,242.4
PolypGen,/home/samsul/Documents/Polyp Detection/Polyp-Gen:/seq23/images/31.jpg,pgen_seq23,0,415,465,637,651,720,850,27963,15853,23641,4.569,large,large,medium,142.1
PolypGen,/home/samsul/Documents/Polyp Detection/Polyp-Gen:/seq23/images/50.jpg,pgen_seq23,0,338,282,390,347,720,850,2148,1218,1983,0.351,medium,medium,small,39.4
PolypGen,/home/samsul/Documents/Polyp Detection/Polyp-Gen:/seq23/images/1.jpg,pgen_seq23,0,415,338,493,468,720,850,7341,4162,5867,1.2,medium,medium,small,72.8
PolypGen,/home/samsul/Documents/Polyp Detection/Polyp-Gen:/seq23/images/14.jpg,pgen_seq23,0,613,272,766,560,720,850,34055,19306,25231,5.565,large,large,medium,156.8
PolypGen,/home/samsul/Documents/Polyp Detection/Polyp-Gen:/seq23/images/23.jpg,pgen_seq23,0,582,198,784,540,720,850,51036,28933,39474,8.339,large,large,medium,191.9
PolypGen,/home/samsul/Documents/Polyp Detection/Polyp-Gen:/seq23/images/17.jpg,pgen_seq23,0,484,92,657,440,720,850,46445,26331,34427,7.589,large,large,medium,183.1
PolypGen,/home/samsul/Documents/Polyp Detection/Polyp-Gen:/seq23/images/36.jpg,pgen_seq23,0,289,172,566,482,720,850,65446,37103,49015,10.694,large,large,large,217.3
PolypGen,/home/samsul/Documents/Polyp Detection/Polyp-Gen:/seq23/images/4.jpg,pgen_seq23,0,157,227,284,449,720,850,17366,9845,16182,2.838,large,large,medium,112.0
PolypGen,/home/samsul/Documents/Polyp Detection/Polyp-Gen:/seq23/images/5.jpg,pgen_seq23,0,309,162,491,418,720,850,33727,19121,26663,5.511,large,large,medium,156.0
PolypGen,/home/samsul/Documents/Polyp Detection/Polyp-Gen:/seq23/images/21.jpg,pgen_seq23,0,545,95,755,399,720,850,49312,27956,36484,8.058,large,large,medium,188.7
PolypGen,/home/samsul/Documents/Polyp Detection/Polyp-Gen:/seq23/images/26.jpg,pgen_seq23,0,359,140,545,354,720,850,24307,13780,22793,3.972,large,large,medium,132.5
PolypGen,/home/samsul/Documents/Polyp Detection/Polyp-Gen:/seq23/images/22.jpg,pgen_seq23,0,579,175,789,532,720,850,54251,30756,42824,8.865,large,large,large,197.9
PolypGen,/home/samsul/Documents/Polyp Detection/Polyp-Gen:/seq23/images/32.jpg,pgen_seq23,0,402,424,636,638,720,850,34682,19662,28644,5.667,large,large,medium,158.2
PolypGen,/home/samsul/Documents/Polyp Detection/Polyp-Gen:/seq23/images/44.jpg,pgen_seq23,0,329,198,493,388,720,850,24953,14146,17866,4.077,large,large,medium,134.2
PolypGen,/home/samsul/Documents/Polyp Detection/Polyp-Gen:/seq23/images/35.jpg,pgen_seq23,0,248,119,575,454,720,850,84552,47934,62479,13.816,large,large,large,247.0
PolypGen,/home/samsul/Documents/Polyp Detection/Polyp-Gen:/seq23/images/48.jpg,pgen_seq23,0,301,307,356,346,720,850,1506,854,1270,0.246,small,medium,small,33.0
PolypGen,/home/samsul/Documents/Polyp Detection/Polyp-Gen:/seq23/images/43.jpg,pgen_seq23,0,408,469,579,717,720,850,34068,19314,24280,5.567,large,large,medium,156.8
PolypGen,/home/samsul/Documents/Polyp Detection/Polyp-Gen:/seq23/images/43.jpg,pgen_seq23,1,558,484,607,663,720,850,4569,2590,5102,0.747,medium,medium,small,57.4
PolypGen,/home/samsul/Documents/Polyp Detection/Polyp-Gen:/seq23/images/43.jpg,pgen_seq23,2,338,516,434,719,720,850,9286,5264,11218,1.517,medium,large,medium,81.9
PolypGen,/home/samsul/Documents/Polyp Detection/Polyp-Gen:/seq23/images/55.jpg,pgen_seq23,0,287,353,503,537,720,850,29821,16906,22759,4.873,large,large,medium,146.7
PolypGen,/home/samsul/Documents/Polyp Detection/Polyp-Gen:/seq23/images/47.jpg,pgen_seq23,0,624,249,846,608,720,850,63720,36124,45512,10.412,large,large,large,214.5
PolypGen,/home/samsul/Documents/Polyp Detection/Polyp-Gen:/seq23/images/16.jpg,pgen_seq23,0,521,209,711,550,720,850,51183,29017,37032,8.363,large,large,medium,192.2
PolypGen,/home/samsul/Documents/Polyp Detection/Polyp-Gen:/seq23/images/42.jpg,pgen_seq23,0,337,249,462,386,720,850,12210,6922,9858,1.995,medium,large,small,93.9
PolypGen,/home/samsul/Documents/Polyp Detection/Polyp-Gen:/seq23/images/38.jpg,pgen_seq23,0,369,247,740,669,720,850,118807,67354,89208,19.413,large,large,large,292.8
PolypGen,/home/samsul/Documents/Polyp Detection/Polyp-Gen:/seq23/images/15.jpg,pgen_seq23,0,565,131,723,379,720,850,31482,17848,22445,5.144,large,large,medium,150.7
PolypGen,/home/samsul/Documents/Polyp Detection/Polyp-Gen:/seq23/images/25.jpg,pgen_seq23,0,494,166,690,471,720,850,45346,25708,34175,7.409,large,large,medium,180.9
PolypGen,/home/samsul/Documents/Polyp Detection/Polyp-Gen:/seq23/images/20.jpg,pgen_seq23,0,547,107,719,376,720,850,36176,20509,26481,5.911,large,large,medium,161.6
PolypGen,/home/samsul/Documents/Polyp Detection/Polyp-Gen:/seq23/images/46.jpg,pgen_seq23,0,563,323,847,621,720,850,64295,36450,48310,10.506,large,large,large,215.4
PolypGen,/home/samsul/Documents/Polyp Detection/Polyp-Gen:/seq23/images/45.jpg,pgen_seq23,0,420,386,700,648,720,850,40276,22833,41897,6.581,large,large,large,170.5
PolypGen,/home/samsul/Documents/Polyp Detection/Polyp-Gen:/seq23/images/2.jpg,pgen_seq23,0,369,264,451,410,720,850,6547,3712,6917,1.07,medium,medium,small,68.7
PolypGen,/home/samsul/Documents/Polyp Detection/Polyp-Gen:/seq3/images/3.jpg,pgen_seq3,0,436,228,830,644,1080,1380,104555,22488,35427,7.015,large,large,medium,169.2
PolypGen,/home/samsul/Documents/Polyp Detection/Polyp-Gen:/seq3/images/11.jpg,pgen_seq3,0,714,511,975,867,1080,1380,51331,11040,20117,3.444,large,large,medium,118.6
PolypGen,/home/samsul/Documents/Polyp Detection/Polyp-Gen:/seq3/images/6.jpg,pgen_seq3,0,444,362,804,877,1080,1380,82051,17648,40064,5.505,large,large,large,149.9
PolypGen,/home/samsul/Documents/Polyp Detection/Polyp-Gen:/seq3/images/10.jpg,pgen_seq3,0,639,485,906,1014,1080,1380,73325,15771,30550,4.92,large,large,medium,141.7
PolypGen,/home/samsul/Documents/Polyp Detection/Polyp-Gen:/seq3/images/8.jpg,pgen_seq3,0,574,379,867,762,1080,1380,63651,13690,24282,4.271,large,large,medium,132.0
PolypGen,/home/samsul/Documents/Polyp Detection/Polyp-Gen:/seq3/images/1.jpg,pgen_seq3,0,154,51,701,711,1080,1380,229019,49258,77908,15.366,large,large,large,250.4
PolypGen,/home/samsul/Documents/Polyp Detection/Polyp-Gen:/seq3/images/14.jpg,pgen_seq3,0,1236,369,1359,902,1080,1380,44473,9565,14242,2.984,large,large,medium,110.4
PolypGen,/home/samsul/Documents/Polyp Detection/Polyp-Gen:/seq3/images/14.jpg,pgen_seq3,1,676,907,903,1078,1080,1380,20782,4470,8435,1.394,medium,large,small,75.4
PolypGen,/home/samsul/Documents/Polyp Detection/Polyp-Gen:/seq3/images/4.jpg,pgen_seq3,0,487,257,856,789,1080,1380,119425,25686,42416,8.013,large,large,large,180.8
PolypGen,/home/samsul/Documents/Polyp Detection/Polyp-Gen:/seq3/images/5.jpg,pgen_seq3,0,520,305,874,667,1080,1380,80354,17283,27716,5.391,large,large,medium,148.3
PolypGen,/home/samsul/Documents/Polyp Detection/Polyp-Gen:/seq3/images/0.jpg,pgen_seq3,0,130,25,715,775,1080,1380,267908,57622,94654,17.976,large,large,large,270.9
PolypGen,/home/samsul/Documents/Polyp Detection/Polyp-Gen:/seq3/images/12.jpg,pgen_seq3,0,717,714,995,1076,1080,1380,44519,9575,21783,2.987,large,large,medium,110.4
PolypGen,/home/samsul/Documents/Polyp Detection/Polyp-Gen:/seq3/images/9.jpg,pgen_seq3,0,610,416,900,889,1080,1380,70126,15083,29667,4.705,large,large,medium,138.6
PolypGen,/home/samsul/Documents/Polyp Detection/Polyp-Gen:/seq3/images/13.jpg,pgen_seq3,0,719,738,1003,1079,1080,1380,39070,8403,20964,2.621,medium,large,medium,103.4
PolypGen,/home/samsul/Documents/Polyp Detection/Polyp-Gen:/seq3/images/7.jpg,pgen_seq3,0,450,343,799,933,1080,1380,86380,18579,44489,5.796,large,large,large,153.8
PolypGen,/home/samsul/Documents/Polyp Detection/Polyp-Gen:/seq3/images/2.jpg,pgen_seq3,0,181,177,665,730,1080,1380,185330,39861,57790,12.435,large,large,large,225.3
PolypGen,/home/samsul/Documents/Polyp Detection/Polyp-Gen:/seq4/images/3.jpg,pgen_seq4,0,726,740,1089,1026,1080,1380,83375,17932,22469,5.594,large,large,medium,151.1
PolypGen,/home/samsul/Documents/Polyp Detection/Polyp-Gen:/seq4/images/40.jpg,pgen_seq4,0,491,646,911,1052,1080,1380,120757,25973,36853,8.102,large,large,medium,181.9
PolypGen,/home/samsul/Documents/Polyp Detection/Polyp-Gen:/seq4/images/11.jpg,pgen_seq4,0,485,880,884,1078,1080,1380,68824,14803,17120,4.618,large,large,medium,137.3
PolypGen,/home/samsul/Documents/Polyp Detection/Polyp-Gen:/seq4/images/29.jpg,pgen_seq4,0,383,749,893,1079,1080,1380,134142,28851,36379,9.0,large,large,medium,191.7
PolypGen,/home/samsul/Documents/Polyp Detection/Polyp-Gen:/seq4/images/6.jpg,pgen_seq4,0,632,782,980,1078,1080,1380,77152,16594,22294,5.177,large,large,medium,145.4
PolypGen,/home/samsul/Documents/Polyp Detection/Polyp-Gen:/seq4/images/10.jpg,pgen_seq4,0,503,852,808,1079,1080,1380,51151,11002,15006,3.432,large,large,medium,118.4
PolypGen,/home/samsul/Documents/Polyp Detection/Polyp-Gen:/seq4/images/34.jpg,pgen_seq4,0,447,667,916,1079,1080,1380,150997,32477,41749,10.131,large,large,large,203.3
PolypGen,/home/samsul/Documents/Polyp Detection/Polyp-Gen:/seq4/images/37.jpg,pgen_seq4,0,439,646,899,1071,1080,1380,142713,30695,42239,9.575,large,large,large,197.7
PolypGen,/home/samsul/Documents/Polyp Detection/Polyp-Gen:/seq4/images/27.jpg,pgen_seq4,0,350,759,898,1077,1080,1380,137652,29606,37667,9.236,large,large,medium,194.2
PolypGen,/home/samsul/Documents/Polyp Detection/Polyp-Gen:/seq4/images/39.jpg,pgen_seq4,0,422,666,842,1058,1080,1380,120087,25828,35586,8.057,large,large,medium,181.3
PolypGen,/home/samsul/Documents/Polyp Detection/Polyp-Gen:/seq4/images/31.jpg,pgen_seq4,0,436,700,916,1079,1080,1380,142475,30644,39312,9.56,large,large,medium,197.5
PolypGen,/home/samsul/Documents/Polyp Detection/Polyp-Gen:/seq4/images/8.jpg,pgen_seq4,0,612,770,929,1041,1080,1380,60872,13092,18604,4.084,large,large,medium,129.1
PolypGen,/home/samsul/Documents/Polyp Detection/Polyp-Gen:/seq4/images/41.jpg,pgen_seq4,0,494,643,906,1030,1080,1380,115832,24913,34465,7.772,large,large,medium,178.1
PolypGen,/home/samsul/Documents/Polyp Detection/Polyp-Gen:/seq4/images/1.jpg,pgen_seq4,0,963,688,1273,1057,1080,1380,76712,16499,24749,5.147,large,large,medium,144.9
PolypGen,/home/samsul/Documents/Polyp Detection/Polyp-Gen:/seq4/images/19.jpg,pgen_seq4,0,359,963,698,1076,1080,1380,34953,7518,8337,2.345,medium,large,small,97.8
PolypGen,/home/samsul/Documents/Polyp Detection/Polyp-Gen:/seq4/images/14.jpg,pgen_seq4,0,515,983,806,1079,1080,1380,24927,5361,6092,1.673,medium,large,small,82.6
PolypGen,/home/samsul/Documents/Polyp Detection/Polyp-Gen:/seq4/images/23.jpg,pgen_seq4,0,357,98,977,666,1080,1380,243794,52435,75999,16.358,large,large,large,258.4
PolypGen,/home/samsul/Documents/Polyp Detection/Polyp-Gen:/seq4/images/28.jpg,pgen_seq4,0,365,746,891,1079,1080,1380,140602,30241,37858,9.434,large,large,medium,196.2
PolypGen,/home/samsul/Documents/Polyp Detection/Polyp-Gen:/seq4/images/36.jpg,pgen_seq4,0,459,649,899,1075,1080,1380,138409,29769,40501,9.287,large,large,large,194.7
PolypGen,/home/samsul/Documents/Polyp Detection/Polyp-Gen:/seq4/images/4.jpg,pgen_seq4,0,698,745,1054,1039,1080,1380,78119,16802,22651,5.241,large,large,medium,146.3
PolypGen,/home/samsul/Documents/Polyp Detection/Polyp-Gen:/seq4/images/5.jpg,pgen_seq4,0,676,752,1038,1036,1080,1380,76690,16495,22251,5.146,large,large,medium,144.9
PolypGen,/home/samsul/Documents/Polyp Detection/Polyp-Gen:/seq4/images/21.jpg,pgen_seq4,0,460,0,938,400,1080,1380,103722,22309,41313,6.959,large,large,large,168.5
PolypGen,/home/samsul/Documents/Polyp Detection/Polyp-Gen:/seq4/images/0.jpg,pgen_seq4,0,1009,667,1293,1026,1080,1380,73576,15825,22067,4.937,large,large,medium,141.9
PolypGen,/home/samsul/Documents/Polyp Detection/Polyp-Gen:/seq4/images/26.jpg,pgen_seq4,0,318,741,844,1079,1080,1380,143195,30799,38425,9.608,large,large,medium,198.0
PolypGen,/home/samsul/Documents/Polyp Detection/Polyp-Gen:/seq4/images/12.jpg,pgen_seq4,0,473,934,797,1079,1080,1380,43339,9321,10206,2.908,large,large,medium,108.9
PolypGen,/home/samsul/Documents/Polyp Detection/Polyp-Gen:/seq4/images/22.jpg,pgen_seq4,0,485,6,753,445,1080,1380,72458,15584,25457,4.862,large,large,medium,140.9
PolypGen,/home/samsul/Documents/Polyp Detection/Polyp-Gen:/seq4/images/32.jpg,pgen_seq4,0,443,690,908,1079,1080,1380,142235,30592,39089,9.543,large,large,medium,197.4
PolypGen,/home/samsul/Documents/Polyp Detection/Polyp-Gen:/seq4/images/9.jpg,pgen_seq4,0,525,853,864,1079,1080,1380,61992,13333,16600,4.159,large,large,medium,130.3
PolypGen,/home/samsul/Documents/Polyp Detection/Polyp-Gen:/seq4/images/44.jpg,pgen_seq4,0,717,561,1110,951,1080,1380,108587,23355,33134,7.286,large,large,medium,172.4
PolypGen,/home/samsul/Documents/Polyp Detection/Polyp-Gen:/seq4/images/35.jpg,pgen_seq4,0,441,642,912,1079,1080,1380,154339,33195,44465,10.356,large,large,large,205.6
PolypGen,/home/samsul/Documents/Polyp Detection/Polyp-Gen:/seq4/images/33.jpg,pgen_seq4,0,448,672,912,1079,1080,1380,145516,31298,40805,9.764,large,large,large,199.6
PolypGen,/home/samsul/Documents/Polyp Detection/Polyp-Gen:/seq4/images/43.jpg,pgen_seq4,0,710,569,1061,929,1080,1380,94913,20414,27331,6.368,large,large,medium,161.2
PolypGen,/home/samsul/Documents/Polyp Detection/Polyp-Gen:/seq4/images/47.jpg,pgen_seq4,0,660,352,1338,1079,1080,1380,285213,61344,106317,19.137,large,large,large,279.5
PolypGen,/home/samsul/Documents/Polyp Detection/Polyp-Gen:/seq4/images/13.jpg,pgen_seq4,0,492,965,783,1078,1080,1380,28436,6116,7160,1.908,medium,large,small,88.2
PolypGen,/home/samsul/Documents/Polyp Detection/Polyp-Gen:/seq4/images/16.jpg,pgen_seq4,0,495,1002,799,1076,1080,1380,18942,4074,4920,1.271,medium,large,small,72.0
PolypGen,/home/samsul/Documents/Polyp Detection/Polyp-Gen:/seq4/images/42.jpg,pgen_seq4,0,629,584,1029,957,1080,1380,109372,23524,32257,7.338,large,large,medium,173.1
PolypGen,/home/samsul/Documents/Polyp Detection/Polyp-Gen:/seq4/images/38.jpg,pgen_seq4,0,413,657,851,1074,1080,1380,127609,27446,39468,8.562,large,large,medium,186.9
PolypGen,/home/samsul/Documents/Polyp Detection/Polyp-Gen:/seq4/images/15.jpg,pgen_seq4,0,526,973,843,1079,1080,1380,28463,6122,7318,1.91,medium,large,small,88.3
PolypGen,/home/samsul/Documents/Polyp Detection/Polyp-Gen:/seq4/images/25.jpg,pgen_seq4,0,314,657,859,1079,1080,1380,187774,40387,49675,12.599,large,large,large,226.8
PolypGen,/home/samsul/Documents/Polyp Detection/Polyp-Gen:/seq4/images/20.jpg,pgen_seq4,0,331,885,767,1079,1080,1380,74005,15917,18328,4.965,large,large,medium,142.4
PolypGen,/home/samsul/Documents/Polyp Detection/Polyp-Gen:/seq4/images/46.jpg,pgen_seq4,0,667,590,1016,944,1080,1380,88857,19111,26724,5.962,large,large,medium,156.0
PolypGen,/home/samsul/Documents/Polyp Detection/Polyp-Gen:/seq4/images/7.jpg,pgen_seq4,0,625,766,962,1023,1080,1380,62238,13386,18756,4.176,large,large,medium,130.6
PolypGen,/home/samsul/Documents/Polyp Detection/Polyp-Gen:/seq4/images/45.jpg,pgen_seq4,0,696,569,1085,970,1080,1380,116109,24973,33720,7.79,large,large,medium,178.3
PolypGen,/home/samsul/Documents/Polyp Detection/Polyp-Gen:/seq4/images/24.jpg,pgen_seq4,0,332,431,910,1008,1080,1380,254326,54701,71979,17.064,large,large,large,263.9
PolypGen,/home/samsul/Documents/Polyp Detection/Polyp-Gen:/seq4/images/30.jpg,pgen_seq4,0,384,718,903,1079,1080,1380,147589,31744,40487,9.903,large,large,large,201.0
PolypGen,/home/samsul/Documents/Polyp Detection/Polyp-Gen:/seq4/images/2.jpg,pgen_seq4,0,832,700,1209,1075,1080,1380,107321,23083,30569,7.201,large,large,medium,171.4
PolypGen,/home/samsul/Documents/Polyp Detection/Polyp-Gen:/seq5/images/75.jpg,pgen_seq5,0,815,873,1234,1063,1064,1440,58939,11642,15846,3.847,large,large,medium,121.7
PolypGen,/home/samsul/Documents/Polyp Detection/Polyp-Gen:/seq5/images/211.jpg,pgen_seq5,0,1093,22,1351,302,1064,1440,33470,6611,14376,2.184,medium,large,medium,91.7
PolypGen,/home/samsul/Documents/Polyp Detection/Polyp-Gen:/seq5/images/174.jpg,pgen_seq5,0,1214,176,1367,456,1064,1440,22939,4531,8548,1.497,medium,large,small,76.0
PolypGen,/home/samsul/Documents/Polyp Detection/Polyp-Gen:/seq5/images/198.jpg,pgen_seq5,0,1193,85,1383,351,1064,1440,20290,4008,10073,1.324,medium,large,medium,71.4
PolypGen,/home/samsul/Documents/Polyp Detection/Polyp-Gen:/seq5/images/234.jpg,pgen_seq5,0,589,0,1038,139,1064,1440,44113,8714,12444,2.879,medium,large,medium,105.3
PolypGen,/home/samsul/Documents/Polyp Detection/Polyp-Gen:/seq5/images/241.jpg,pgen_seq5,0,78,0,584,489,1064,1440,194585,38437,49073,12.7,large,large,large,221.2
PolypGen,/home/samsul/Documents/Polyp Detection/Polyp-Gen:/seq5/images/150.jpg,pgen_seq5,0,535,657,952,966,1064,1440,103225,20390,25596,6.737,large,large,medium,161.1
PolypGen,/home/samsul/Documents/Polyp Detection/Polyp-Gen:/seq5/images/204.jpg,pgen_seq5,0,1197,57,1374,315,1064,1440,22109,4367,9107,1.443,medium,large,small,74.6
PolypGen,/home/samsul/Documents/Polyp Detection/Polyp-Gen:/seq5/images/166.jpg,pgen_seq5,0,1106,103,1412,552,1064,1440,47074,9299,27289,3.072,large,large,medium,108.8
PolypGen,/home/samsul/Documents/Polyp Detection/Polyp-Gen:/seq5/images/166.jpg,pgen_seq5,1,1089,174,1310,563,1064,1440,29532,5833,17102,1.927,medium,large,medium,86.2
PolypGen,/home/samsul/Documents/Polyp Detection/Polyp-Gen:/seq5/images/232.jpg,pgen_seq5,0,683,0,1134,178,1064,1440,54531,10772,15982,3.559,large,large,medium,117.1
PolypGen,/home/samsul/Documents/Polyp Detection/Polyp-Gen:/seq5/images/93.jpg,pgen_seq5,0,574,547,1360,1063,1064,1440,328748,64938,80371,21.457,large,large,large,287.5
PolypGen,/home/samsul/Documents/Polyp Detection/Polyp-Gen:/seq5/images/76.jpg,pgen_seq5,0,750,808,1180,1063,1064,1440,85087,16807,21795,5.553,large,large,medium,146.3
PolypGen,/home/samsul/Documents/Polyp Detection/Polyp-Gen:/seq5/images/200.jpg,pgen_seq5,0,1208,71,1405,341,1064,1440,25269,4991,10599,1.649,medium,large,medium,79.7
PolypGen,/home/samsul/Documents/Polyp Detection/Polyp-Gen:/seq5/images/18.jpg,pgen_seq5,0,570,891,867,1063,1064,1440,42733,8441,10184,2.789,medium,large,medium,103.7
PolypGen,/home/samsul/Documents/Polyp Detection/Polyp-Gen:/seq5/images/192.jpg,pgen_seq5,0,1165,91,1365,341,1064,1440,22038,4353,9966,1.438,medium,large,small,74.4
PolypGen,/home/samsul/Documents/Polyp Detection/Polyp-Gen:/seq5/images/3.jpg,pgen_seq5,0,470,762,855,1031,1064,1440,75449,14904,20587,4.924,large,large,medium,137.8
PolypGen,/home/samsul/Documents/Polyp Detection/Polyp-Gen:/seq5/images/49.jpg,pgen_seq5,0,153,727,498,1034,1064,1440,69962,13820,21050,4.566,large,large,medium,132.7
PolypGen,/home/samsul/Documents/Polyp Detection/Polyp-Gen:/seq5/images/40.jpg,pgen_seq5,0,955,727,1293,1024,1064,1440,75078,14830,19955,4.9,large,large,medium,137.4
PolypGen,/home/samsul/Documents/Polyp Detection/Polyp-Gen:/seq5/images/197.jpg,pgen_seq5,0,1186,96,1397,358,1064,1440,20907,4130,11014,1.365,medium,large,medium,72.5
PolypGen,/home/samsul/Documents/Polyp Detection/Polyp-Gen:/seq5/images/235.jpg,pgen_seq5,0,570,0,1012,129,1064,1440,40141,7929,11376,2.62,medium,large,medium,100.5
PolypGen,/home/samsul/Documents/Polyp Detection/Polyp-Gen:/seq5/images/57.jpg,pgen_seq5,0,470,945,826,1063,1064,1440,34742,6863,8392,2.268,medium,large,small,93.5
PolypGen,/home/samsul/Documents/Polyp Detection/Polyp-Gen:/seq5/images/220.jpg,pgen_seq5,0,944,0,1200,74,1064,1440,14081,2781,3807,0.919,medium,large,small,59.5
PolypGen,/home/samsul/Documents/Polyp Detection/Polyp-Gen:/seq5/images/167.jpg,pgen_seq5,0,1098,150,1405,561,1064,1440,54493,10764,25066,3.557,large,large,medium,117.1
PolypGen,/home/samsul/Documents/Polyp Detection/Polyp-Gen:/seq5/images/167.jpg,pgen_seq5,1,1104,276,1333,595,1064,1440,29257,5779,14538,1.91,medium,large,medium,85.8
PolypGen,/home/samsul/Documents/Polyp Detection/Polyp-Gen:/seq5/images/167.jpg,pgen_seq5,2,1336,564,1349,582,1064,1440,60,12,53,0.004,small,small,small,3.9
PolypGen,/home/samsul/Documents/Polyp Detection/Polyp-Gen:/seq5/images/81.jpg,pgen_seq5,0,736,694,1271,1062,1064,1440,146708,28979,39068,9.575,large,large,medium,192.1
PolypGen,/home/samsul/Documents/Polyp Detection/Polyp-Gen:/seq5/images/101.jpg,pgen_seq5,0,444,381,1206,967,1064,1440,341962,67548,88470,22.319,large,large,large,293.3
PolypGen,/home/samsul/Documents/Polyp Detection/Polyp-Gen:/seq5/images/159.jpg,pgen_seq5,0,1085,108,1405,611,1064,1440,49818,9841,31957,3.251,large,large,medium,111.9
PolypGen,/home/samsul/Documents/Polyp Detection/Polyp-Gen:/seq5/images/159.jpg,pgen_seq5,1,1055,139,1342,689,1064,1440,80844,15969,31346,5.276,large,large,medium,142.6
PolypGen,/home/samsul/Documents/Polyp Detection/Polyp-Gen:/seq5/images/104.jpg,pgen_seq5,0,1176,619,1272,779,1064,1440,9622,1901,3085,0.628,medium,large,small,49.2
PolypGen,/home/samsul/Documents/Polyp Detection/Polyp-Gen:/seq5/images/247.jpg,pgen_seq5,0,232,454,817,1063,1064,1440,231622,45752,70609,15.117,large,large,large,241.4
PolypGen,/home/samsul/Documents/Polyp Detection/Polyp-Gen:/seq5/images/11.jpg,pgen_seq5,0,553,924,842,1063,1064,1440,33824,6681,8020,2.208,medium,large,small,92.2
PolypGen,/home/samsul/Documents/Polyp Detection/Polyp-Gen:/seq5/images/29.jpg,pgen_seq5,0,877,727,1213,1015,1064,1440,72692,14359,19238,4.744,large,large,medium,135.2
PolypGen,/home/samsul/Documents/Polyp Detection/Polyp-Gen:/seq5/images/156.jpg,pgen_seq5,0,1153,187,1423,712,1064,1440,39844,7870,28157,2.601,medium,large,medium,100.1
PolypGen,/home/samsul/Documents/Polyp Detection/Polyp-Gen:/seq5/images/156.jpg,pgen_seq5,1,1102,219,1361,736,1064,1440,68188,13469,26603,4.45,large,large,medium,131.0
PolypGen,/home/samsul/Documents/Polyp Detection/Polyp-Gen:/seq5/images/85.jpg,pgen_seq5,0,847,700,1278,1063,1064,1440,101816,20112,31061,6.645,large,large,medium,160.0
PolypGen,/home/samsul/Documents/Polyp Detection/Polyp-Gen:/seq5/images/54.jpg,pgen_seq5,0,380,960,698,1063,1064,1440,24957,4930,6553,1.629,medium,large,small,79.2
PolypGen,/home/samsul/Documents/Polyp Detection/Polyp-Gen:/seq5/images/51.jpg,pgen_seq5,0,229,784,603,1063,1064,1440,72787,14378,20741,4.751,large,large,medium,135.3
PolypGen,/home/samsul/Documents/Polyp Detection/Polyp-Gen:/seq5/images/209.jpg,pgen_seq5,0,1164,72,1374,351,1064,1440,29179,5764,11670,1.904,medium,large,medium,85.7
PolypGen,/home/samsul/Documents/Polyp Detection/Polyp-Gen:/seq5/images/6.jpg,pgen_seq5,0,250,387,656,805,1064,1440,121830,24065,33686,7.952,large,large,medium,175.0
PolypGen,/home/samsul/Documents/Polyp Detection/Polyp-Gen:/seq5/images/58.jpg,pgen_seq5,0,466,937,832,1063,1064,1440,38019,7510,9207,2.481,medium,large,small,97.8
PolypGen,/home/samsul/Documents/Polyp Detection/Polyp-Gen:/seq5/images/238.jpg,pgen_seq5,0,313,0,842,168,1064,1440,69632,13754,17693,4.545,large,large,medium,132.3
PolypGen,/home/samsul/Documents/Polyp Detection/Polyp-Gen:/seq5/images/10.jpg,pgen_seq5,0,545,906,876,1063,1064,1440,43037,8501,10362,2.809,medium,large,medium,104.0
PolypGen,/home/samsul/Documents/Polyp Detection/Polyp-Gen:/seq5/images/34.jpg,pgen_seq5,0,908,740,1253,1033,1064,1440,74857,14787,20094,4.886,large,large,medium,137.2
PolypGen,/home/samsul/Documents/Polyp Detection/Polyp-Gen:/seq5/images/37.jpg,pgen_seq5,0,898,718,1268,1037,1064,1440,85002,16791,23451,5.548,large,large,medium,146.2
PolypGen,/home/samsul/Documents/Polyp Detection/Polyp-Gen:/seq5/images/27.jpg,pgen_seq5,0,863,738,1195,1020,1064,1440,69266,13682,18615,4.521,large,large,medium,132.0
PolypGen,/home/samsul/Documents/Polyp Detection/Polyp-Gen:/seq5/images/182.jpg,pgen_seq5,0,1156,29,1277,176,1064,1440,9150,1807,3567,0.597,medium,medium,small,48.0
PolypGen,/home/samsul/Documents/Polyp Detection/Polyp-Gen:/seq5/images/82.jpg,pgen_seq5,0,823,687,1292,1059,1064,1440,116872,23086,34629,7.628,large,large,medium,171.4
PolypGen,/home/samsul/Documents/Polyp Detection/Polyp-Gen:/seq5/images/78.jpg,pgen_seq5,0,694,765,1175,1063,1064,1440,110356,21799,28468,7.203,large,large,medium,166.6
PolypGen,/home/samsul/Documents/Polyp Detection/Polyp-Gen:/seq5/images/162.jpg,pgen_seq5,0,1081,130,1399,628,1064,1440,48887,9657,31443,3.191,large,large,medium,110.9
PolypGen,/home/samsul/Documents/Polyp Detection/Polyp-Gen:/seq5/images/162.jpg,pgen_seq5,1,1045,166,1350,689,1064,1440,78776,15561,31673,5.141,large,large,medium,140.8
PolypGen,/home/samsul/Documents/Polyp Detection/Polyp-Gen:/seq5/images/62.jpg,pgen_seq5,0,588,943,868,1063,1064,1440,26233,5182,6716,1.712,medium,large,small,81.2
PolypGen,/home/samsul/Documents/Polyp Detection/Polyp-Gen:/seq5/images/39.jpg,pgen_seq5,0,304,447,746,880,1064,1440,139113,27479,37978,9.08,large,large,medium,187.0
PolypGen,/home/samsul/Documents/Polyp Detection/Polyp-Gen:/seq5/images/244.jpg,pgen_seq5,0,65,18,556,908,1064,1440,279659,55241,86592,18.253,large,large,large,265.2
PolypGen,/home/samsul/Documents/Polyp Detection/Polyp-Gen:/seq5/images/179.jpg,pgen_seq5,0,1219,126,1421,456,1064,1440,30281,5981,13273,1.976,medium,large,medium,87.3
PolypGen,/home/samsul/Documents/Polyp Detection/Polyp-Gen:/seq5/images/179.jpg,pgen_seq5,1,1236,246,1329,453,1064,1440,3495,690,3862,0.228,small,medium,small,29.6
PolypGen,/home/samsul/Documents/Polyp Detection/Polyp-Gen:/seq5/images/154.jpg,pgen_seq5,0,1152,143,1419,693,1064,1440,46965,9277,29169,3.065,large,large,medium,108.7
PolypGen,/home/samsul/Documents/Polyp Detection/Polyp-Gen:/seq5/images/154.jpg,pgen_seq5,1,1128,166,1353,708,1064,1440,60338,11919,24241,3.938,large,large,medium,123.2
PolypGen,/home/samsul/Documents/Polyp Detection/Polyp-Gen:/seq5/images/89.jpg,pgen_seq5,0,873,709,1289,1063,1064,1440,101999,20148,29241,6.657,large,large,medium,160.2
PolypGen,/home/samsul/Documents/Polyp Detection/Polyp-Gen:/seq5/images/99.jpg,pgen_seq5,0,111,414,778,938,1064,1440,245819,48557,69274,16.044,large,large,large,248.6
PolypGen,/home/samsul/Documents/Polyp Detection/Polyp-Gen:/seq5/images/190.jpg,pgen_seq5,0,1183,71,1357,327,1064,1440,22820,4508,8884,1.489,medium,large,small,75.8
PolypGen,/home/samsul/Documents/Polyp Detection/Polyp-Gen:/seq5/images/191.jpg,pgen_seq5,0,1167,97,1365,355,1064,1440,22845,4513,10181,1.491,medium,large,medium,75.8
PolypGen,/home/samsul/Documents/Polyp Detection/Polyp-Gen:/seq5/images/236.jpg,pgen_seq5,0,566,0,993,107,1064,1440,33308,6579,9131,2.174,medium,large,small,91.5
PolypGen,/home/samsul/Documents/Polyp Detection/Polyp-Gen:/seq5/images/170.jpg,pgen_seq5,0,1178,154,1405,581,1064,1440,42296,8355,19276,2.761,medium,large,medium,103.1
PolypGen,/home/samsul/Documents/Polyp Detection/Polyp-Gen:/seq5/images/170.jpg,pgen_seq5,1,1168,252,1324,575,1064,1440,18246,3604,10048,1.191,medium,large,medium,67.7
PolypGen,/home/samsul/Documents/Polyp Detection/Polyp-Gen:/seq5/images/170.jpg,pgen_seq5,2,1326,576,1340,582,1064,1440,50,10,21,0.003,small,small,small,3.6
PolypGen,/home/samsul/Documents/Polyp Detection/Polyp-Gen:/seq5/images/169.jpg,pgen_seq5,0,1158,168,1401,599,1064,1440,42087,8313,20821,2.747,medium,large,medium,102.9
PolypGen,/home/samsul/Documents/Polyp Detection/Polyp-Gen:/seq5/images/169.jpg,pgen_seq5,1,1154,255,1328,614,1064,1440,28381,5606,12444,1.852,medium,large,medium,84.5
PolypGen,/home/samsul/Documents/Polyp Detection/Polyp-Gen:/seq5/images/86.jpg,pgen_seq5,0,837,691,1271,1063,1064,1440,110084,21745,32050,7.185,large,large,medium,166.4
PolypGen,/home/samsul/Documents/Polyp Detection/Polyp-Gen:/seq5/images/177.jpg,pgen_seq5,0,1217,175,1425,499,1064,1440,35984,7108,13417,2.349,medium,large,medium,95.1
PolypGen,/home/samsul/Documents/Polyp Detection/Polyp-Gen:/seq5/images/31.jpg,pgen_seq5,0,899,718,1236,1017,1064,1440,75494,14912,20030,4.927,large,large,medium,137.8
PolypGen,/home/samsul/Documents/Polyp Detection/Polyp-Gen:/seq5/images/8.jpg,pgen_seq5,0,493,772,869,1041,1064,1440,75674,14948,20107,4.939,large,large,medium,138.0
PolypGen,/home/samsul/Documents/Polyp Detection/Polyp-Gen:/seq5/images/164.jpg,pgen_seq5,0,1071,78,1425,543,1064,1440,58803,11615,32678,3.838,large,large,medium,121.6
PolypGen,/home/samsul/Documents/Polyp Detection/Polyp-Gen:/seq5/images/164.jpg,pgen_seq5,1,1055,117,1335,595,1064,1440,60159,11883,26587,3.926,large,large,medium,123.0
PolypGen,/home/samsul/Documents/Polyp Detection/Polyp-Gen:/seq5/images/98.jpg,pgen_seq5,0,142,438,839,977,1064,1440,272340,53796,74453,17.775,large,large,large,261.7
PolypGen,/home/samsul/Documents/Polyp Detection/Polyp-Gen:/seq5/images/41.jpg,pgen_seq5,0,933,683,1292,1021,1064,1440,89443,17668,24107,5.838,large,large,medium,150.0
PolypGen,/home/samsul/Documents/Polyp Detection/Polyp-Gen:/seq5/images/83.jpg,pgen_seq5,0,277,367,703,798,1064,1440,139013,27459,36437,9.073,large,large,medium,187.0
PolypGen,/home/samsul/Documents/Polyp Detection/Polyp-Gen:/seq5/images/165.jpg,pgen_seq5,0,1098,78,1426,546,1064,1440,58311,11518,30479,3.806,large,large,medium,121.1
PolypGen,/home/samsul/Documents/Polyp Detection/Polyp-Gen:/seq5/images/165.jpg,pgen_seq5,1,1081,144,1335,564,1064,1440,45193,8927,21206,2.95,medium,large,medium,106.6
PolypGen,/home/samsul/Documents/Polyp Detection/Polyp-Gen:/seq5/images/173.jpg,pgen_seq5,0,1199,168,1387,470,1064,1440,28715,5672,11312,1.874,medium,large,medium,85.0
PolypGen,/home/samsul/Documents/Polyp Detection/Polyp-Gen:/seq5/images/173.jpg,pgen_seq5,1,1211,269,1312,474,1064,1440,8174,1615,4151,0.533,medium,medium,small,45.3
PolypGen,/home/samsul/Documents/Polyp Detection/Polyp-Gen:/seq5/images/172.jpg,pgen_seq5,0,521,745,876,1017,1064,1440,76049,15022,19198,4.964,large,large,medium,138.3
PolypGen,/home/samsul/Documents/Polyp Detection/Polyp-Gen:/seq5/images/79.jpg,pgen_seq5,0,669,697,1217,1063,1064,1440,152467,30117,39799,9.951,large,large,medium,195.8
PolypGen,/home/samsul/Documents/Polyp Detection/Polyp-Gen:/seq5/images/193.jpg,pgen_seq5,0,1160,93,1361,345,1064,1440,24141,4769,10095,1.576,medium,large,medium,77.9
PolypGen,/home/samsul/Documents/Polyp Detection/Polyp-Gen:/seq5/images/188.jpg,pgen_seq5,0,1147,62,1329,276,1064,1440,21640,4275,7772,1.412,medium,large,small,73.8
PolypGen,/home/samsul/Documents/Polyp Detection/Polyp-Gen:/seq5/images/158.jpg,pgen_seq5,0,1069,122,1407,609,1064,1440,54794,10824,32678,3.576,large,large,medium,117.4
PolypGen,/home/samsul/Documents/Polyp Detection/Polyp-Gen:/seq5/images/158.jpg,pgen_seq5,1,1028,145,1360,690,1064,1440,89400,17659,35915,5.835,large,large,medium,149.9
PolypGen,/home/samsul/Documents/Polyp Detection/Polyp-Gen:/seq5/images/50.jpg,pgen_seq5,0,324,463,775,883,1064,1440,143120,28271,37589,9.341,large,large,medium,189.7
PolypGen,/home/samsul/Documents/Polyp Detection/Polyp-Gen:/seq5/images/1.jpg,pgen_seq5,0,485,641,890,995,1064,1440,94644,18695,28470,6.177,large,large,medium,154.3
PolypGen,/home/samsul/Documents/Polyp Detection/Polyp-Gen:/seq5/images/186.jpg,pgen_seq5,0,1069,0,1244,138,1064,1440,14798,2923,4832,0.966,medium,large,small,61.0
PolypGen,/home/samsul/Documents/Polyp Detection/Polyp-Gen:/seq5/images/52.jpg,pgen_seq5,0,378,945,758,1063,1064,1440,32509,6422,8956,2.122,medium,large,small,90.4
PolypGen,/home/samsul/Documents/Polyp Detection/Polyp-Gen:/seq5/images/95.jpg,pgen_seq5,0,704,643,1112,965,1064,1440,96645,19090,26095,6.308,large,large,medium,155.9
PolypGen,/home/samsul/Documents/Polyp Detection/Polyp-Gen:/seq5/images/19.jpg,pgen_seq5,0,646,912,933,1060,1064,1440,31682,6258,8476,2.068,medium,large,small,89.3
PolypGen,/home/samsul/Documents/Polyp Detection/Polyp-Gen:/seq5/images/171.jpg,pgen_seq5,0,1181,152,1408,543,1064,1440,39839,7869,17655,2.6,medium,large,medium,100.1
PolypGen,/home/samsul/Documents/Polyp Detection/Polyp-Gen:/seq5/images/171.jpg,pgen_seq5,1,1174,245,1323,542,1064,1440,13539,2674,8830,0.884,medium,large,small,58.3
PolypGen,/home/samsul/Documents/Polyp Detection/Polyp-Gen:/seq5/images/60.jpg,pgen_seq5,0,462,957,772,1063,1064,1440,28492,5628,6573,1.86,medium,large,small,84.7
PolypGen,/home/samsul/Documents/Polyp Detection/Polyp-Gen:/seq5/images/189.jpg,pgen_seq5,0,1200,118,1356,313,1064,1440,16839,3326,6078,1.099,medium,large,small,65.1
PolypGen,/home/samsul/Documents/Polyp Detection/Polyp-Gen:/seq5/images/163.jpg,pgen_seq5,0,1064,83,1421,585,1064,1440,58107,11478,35570,3.792,large,large,medium,120.9
PolypGen,/home/samsul/Documents/Polyp Detection/Polyp-Gen:/seq5/images/163.jpg,pgen_seq5,1,1050,110,1342,638,1064,1440,69741,13776,30617,4.552,large,large,medium,132.4
PolypGen,/home/samsul/Documents/Polyp Detection/Polyp-Gen:/seq5/images/225.jpg,pgen_seq5,0,685,0,1199,230,1064,1440,80548,15911,23499,5.257,large,large,medium,142.3
PolypGen,/home/samsul/Documents/Polyp Detection/Polyp-Gen:/seq5/images/14.jpg,pgen_seq5,0,488,916,835,1063,1064,1440,41186,8136,10174,2.688,medium,large,medium,101.8
PolypGen,/home/samsul/Documents/Polyp Detection/Polyp-Gen:/seq5/images/91.jpg,pgen_seq5,0,952,576,1354,1034,1064,1440,139664,27588,36539,9.115,large,large,medium,187.4
PolypGen,/home/samsul/Documents/Polyp Detection/Polyp-Gen:/seq5/images/249.jpg,pgen_seq5,0,331,190,903,999,1064,1440,334818,66137,91680,21.853,large,large,large,290.2
PolypGen,/home/samsul/Documents/Polyp Detection/Polyp-Gen:/seq5/images/117.jpg,pgen_seq5,0,646,630,1062,956,1064,1440,103718,20488,26935,6.769,large,large,medium,161.5
PolypGen,/home/samsul/Documents/Polyp Detection/Polyp-Gen:/seq5/images/23.jpg,pgen_seq5,0,701,849,1029,1060,1064,1440,55171,10898,13777,3.601,large,large,medium,117.8
PolypGen,/home/samsul/Documents/Polyp Detection/Polyp-Gen:/seq5/images/199.jpg,pgen_seq5,0,1167,71,1396,338,1064,1440,21700,4286,12176,1.416,medium,large,medium,73.9
PolypGen,/home/samsul/Documents/Polyp Detection/Polyp-Gen:/seq5/images/205.jpg,pgen_seq5,0,1183,42,1376,320,1064,1440,25974,5131,10692,1.695,medium,large,medium,80.8
PolypGen,/home/samsul/Documents/Polyp Detection/Polyp-Gen:/seq5/images/28.jpg,pgen_seq5,0,279,439,709,858,1064,1440,131034,25883,35757,8.552,large,large,medium,181.5
PolypGen,/home/samsul/Documents/Polyp Detection/Polyp-Gen:/seq5/images/17.jpg,pgen_seq5,0,248,387,638,809,1064,1440,126495,24987,32670,8.256,large,large,medium,178.4
PolypGen,/home/samsul/Documents/Polyp Detection/Polyp-Gen:/seq5/images/36.jpg,pgen_seq5,0,908,726,1260,1034,1064,1440,80626,15926,21546,5.262,large,large,medium,142.4
PolypGen,/home/samsul/Documents/Polyp Detection/Polyp-Gen:/seq5/images/87.jpg,pgen_seq5,0,820,684,1259,1063,1064,1440,120000,23704,33027,7.832,large,large,medium,173.7
PolypGen,/home/samsul/Documents/Polyp Detection/Polyp-Gen:/seq5/images/4.jpg,pgen_seq5,0,471,758,840,1033,1064,1440,77725,15353,20172,5.073,large,large,medium,139.8
PolypGen,/home/samsul/Documents/Polyp Detection/Polyp-Gen:/seq5/images/216.jpg,pgen_seq5,0,935,0,1224,129,1064,1440,26752,5284,7447,1.746,medium,large,small,82.0
PolypGen,/home/samsul/Documents/Polyp Detection/Polyp-Gen:/seq5/images/5.jpg,pgen_seq5,0,478,772,839,1031,1064,1440,72378,14297,18592,4.724,large,large,medium,134.9
PolypGen,/home/samsul/Documents/Polyp Detection/Polyp-Gen:/seq5/images/21.jpg,pgen_seq5,0,744,840,1031,1051,1064,1440,47081,9300,12060,3.073,large,large,medium,108.8
PolypGen,/home/samsul/Documents/Polyp Detection/Polyp-Gen:/seq5/images/208.jpg,pgen_seq5,0,1176,76,1375,355,1064,1440,29811,5889,11062,1.946,medium,large,medium,86.6
PolypGen,/home/samsul/Documents/Polyp Detection/Polyp-Gen:/seq5/images/72.jpg,pgen_seq5,0,420,506,907,936,1064,1440,154388,30496,41546,10.076,large,large,large,197.1
PolypGen,/home/samsul/Documents/Polyp Detection/Polyp-Gen:/seq5/images/0.jpg,pgen_seq5,0,320,226,782,675,1064,1440,151897,30004,41156,9.914,large,large,large,195.5
PolypGen,/home/samsul/Documents/Polyp Detection/Polyp-Gen:/seq5/images/147.jpg,pgen_seq5,0,1200,302,1379,628,1064,1440,40278,7956,11627,2.629,medium,large,medium,100.6
PolypGen,/home/samsul/Documents/Polyp Detection/Polyp-Gen:/seq5/images/194.jpg,pgen_seq5,0,269,391,671,764,1064,1440,122543,24206,29772,7.998,large,large,medium,175.6
PolypGen,/home/samsul/Documents/Polyp Detection/Polyp-Gen:/seq5/images/148.jpg,pgen_seq5,0,1179,236,1381,692,1064,1440,39988,7899,18325,2.61,medium,large,medium,100.3
PolypGen,/home/samsul/Documents/Polyp Detection/Polyp-Gen:/seq5/images/148.jpg,pgen_seq5,1,1165,288,1302,696,1064,1440,27343,5401,11149,1.785,medium,large,medium,82.9
PolypGen,/home/samsul/Documents/Polyp Detection/Polyp-Gen:/seq5/images/26.jpg,pgen_seq5,0,811,833,1139,1045,1064,1440,52206,10312,13842,3.407,large,large,medium,114.6
PolypGen,/home/samsul/Documents/Polyp Detection/Polyp-Gen:/seq5/images/12.jpg,pgen_seq5,0,554,927,873,1063,1064,1440,35991,7109,8660,2.349,medium,large,small,95.1
PolypGen,/home/samsul/Documents/Polyp Detection/Polyp-Gen:/seq5/images/221.jpg,pgen_seq5,0,976,0,1180,68,1064,1440,10506,2075,2794,0.686,medium,large,small,51.4
PolypGen,/home/samsul/Documents/Polyp Detection/Polyp-Gen:/seq5/images/22.jpg,pgen_seq5,0,718,822,1042,1060,1064,1440,59704,11793,15343,3.897,large,large,medium,122.5
PolypGen,/home/samsul/Documents/Polyp Detection/Polyp-Gen:/seq5/images/100.jpg,pgen_seq5,0,132,382,840,930,1064,1440,280330,55374,76887,18.296,large,large,large,265.5
PolypGen,/home/samsul/Documents/Polyp Detection/Polyp-Gen:/seq5/images/248.jpg,pgen_seq5,0,276,359,842,1063,1064,1440,281494,55604,78960,18.372,large,large,large,266.1
PolypGen,/home/samsul/Documents/Polyp Detection/Polyp-Gen:/seq5/images/32.jpg,pgen_seq5,0,899,719,1243,1017,1064,1440,76604,15132,20376,5.0,large,large,medium,138.8
PolypGen,/home/samsul/Documents/Polyp Detection/Polyp-Gen:/seq5/images/178.jpg,pgen_seq5,0,1206,175,1419,520,1064,1440,36545,7219,14626,2.385,medium,large,medium,95.9
PolypGen,/home/samsul/Documents/Polyp Detection/Polyp-Gen:/seq5/images/178.jpg,pgen_seq5,1,1200,278,1314,513,1064,1440,6988,1380,5361,0.456,medium,medium,small,41.9
PolypGen,/home/samsul/Documents/Polyp Detection/Polyp-Gen:/seq5/images/9.jpg,pgen_seq5,0,518,817,885,1063,1064,1440,70794,13984,17955,4.621,large,large,medium,133.4
PolypGen,/home/samsul/Documents/Polyp Detection/Polyp-Gen:/seq5/images/44.jpg,pgen_seq5,0,527,672,1144,1063,1064,1440,197323,38977,47853,12.879,large,large,large,222.8
PolypGen,/home/samsul/Documents/Polyp Detection/Polyp-Gen:/seq5/images/106.jpg,pgen_seq5,0,712,657,1112,952,1064,1440,90464,17869,23446,5.904,large,large,medium,150.8
PolypGen,/home/samsul/Documents/Polyp Detection/Polyp-Gen:/seq5/images/80.jpg,pgen_seq5,0,661,697,1238,1063,1064,1440,161475,31896,41901,10.539,large,large,large,201.5
PolypGen,/home/samsul/Documents/Polyp Detection/Polyp-Gen:/seq5/images/35.jpg,pgen_seq5,0,923,748,1292,1031,1064,1440,76183,15048,20757,4.972,large,large,medium,138.4
PolypGen,/home/samsul/Documents/Polyp Detection/Polyp-Gen:/seq5/images/48.jpg,pgen_seq5,0,151,737,486,1026,1064,1440,61363,12121,19247,4.005,large,large,medium,124.2
PolypGen,/home/samsul/Documents/Polyp Detection/Polyp-Gen:/seq5/images/229.jpg,pgen_seq5,0,710,0,1155,162,1064,1440,51106,10095,14360,3.336,large,large,medium,113.4
PolypGen,/home/samsul/Documents/Polyp Detection/Polyp-Gen:/seq5/images/33.jpg,pgen_seq5,0,894,723,1259,1028,1064,1440,82635,16323,22123,5.393,large,large,medium,144.2
PolypGen,/home/samsul/Documents/Polyp Detection/Polyp-Gen:/seq5/images/43.jpg,pgen_seq5,0,773,644,1246,1045,1064,1440,150190,29667,37639,9.803,large,large,medium,194.4
PolypGen,/home/samsul/Documents/Polyp Detection/Polyp-Gen:/seq5/images/90.jpg,pgen_seq5,0,988,712,1356,1063,1064,1440,89766,17732,25657,5.859,large,large,medium,150.3
PolypGen,/home/samsul/Documents/Polyp Detection/Polyp-Gen:/seq5/images/223.jpg,pgen_seq5,0,862,0,1149,66,1064,1440,14748,2913,3812,0.963,medium,large,small,60.9
PolypGen,/home/samsul/Documents/Polyp Detection/Polyp-Gen:/seq5/images/55.jpg,pgen_seq5,0,406,959,764,1063,1064,1440,29843,5895,7446,1.948,medium,large,small,86.6
PolypGen,/home/samsul/Documents/Polyp Detection/Polyp-Gen:/seq5/images/183.jpg,pgen_seq5,0,518,744,882,1015,1064,1440,76047,15022,19611,4.963,large,large,medium,138.3
PolypGen,/home/samsul/Documents/Polyp Detection/Polyp-Gen:/seq5/images/245.jpg,pgen_seq5,0,121,116,662,940,1064,1440,296303,58529,88326,19.339,large,large,large,273.0
PolypGen,/home/samsul/Documents/Polyp Detection/Polyp-Gen:/seq5/images/226.jpg,pgen_seq5,0,660,0,1182,239,1064,1440,86863,17158,24794,5.669,large,large,medium,147.8
PolypGen,/home/samsul/Documents/Polyp Detection/Polyp-Gen:/seq5/images/213.jpg,pgen_seq5,0,1055,1,1338,262,1064,1440,39616,7825,14698,2.586,medium,large,medium,99.8
PolypGen,/home/samsul/Documents/Polyp Detection/Polyp-Gen:/seq5/images/175.jpg,pgen_seq5,0,1300,154,1425,398,1064,1440,15701,3101,6098,1.025,medium,large,small,62.8
PolypGen,/home/samsul/Documents/Polyp Detection/Polyp-Gen:/seq5/images/227.jpg,pgen_seq5,0,668,0,1153,210,1064,1440,71169,14058,20256,4.645,large,large,medium,133.8
PolypGen,/home/samsul/Documents/Polyp Detection/Polyp-Gen:/seq5/images/47.jpg,pgen_seq5,0,239,675,740,1056,1064,1440,135747,26814,37879,8.86,large,large,medium,184.8
PolypGen,/home/samsul/Documents/Polyp Detection/Polyp-Gen:/seq5/images/206.jpg,pgen_seq5,0,520,747,872,1009,1064,1440,72070,14236,18339,4.704,large,large,medium,134.6
PolypGen,/home/samsul/Documents/Polyp Detection/Polyp-Gen:/seq5/images/157.jpg,pgen_seq5,0,1098,126,1417,614,1064,1440,50109,9898,30910,3.27,large,large,medium,112.3
PolypGen,/home/samsul/Documents/Polyp Detection/Polyp-Gen:/seq5/images/157.jpg,pgen_seq5,1,1063,145,1343,676,1064,1440,75471,14908,29529,4.926,large,large,medium,137.8
PolypGen,/home/samsul/Documents/Polyp Detection/Polyp-Gen:/seq5/images/233.jpg,pgen_seq5,0,679,0,1130,182,1064,1440,56510,11162,16339,3.688,large,large,medium,119.2
PolypGen,/home/samsul/Documents/Polyp Detection/Polyp-Gen:/seq5/images/184.jpg,pgen_seq5,0,1149,0,1248,87,1064,1440,3687,728,1738,0.241,small,medium,small,30.4
PolypGen,/home/samsul/Documents/Polyp Detection/Polyp-Gen:/seq5/images/13.jpg,pgen_seq5,0,500,912,824,1063,1064,1440,39344,7772,9758,2.568,medium,large,small,99.5
PolypGen,/home/samsul/Documents/Polyp Detection/Polyp-Gen:/seq5/images/53.jpg,pgen_seq5,0,384,967,692,1060,1064,1440,21429,4233,5737,1.399,medium,large,small,73.4
PolypGen,/home/samsul/Documents/Polyp Detection/Polyp-Gen:/seq5/images/196.jpg,pgen_seq5,0,1179,104,1385,361,1064,1440,18412,3637,10549,1.202,medium,large,medium,68.0
PolypGen,/home/samsul/Documents/Polyp Detection/Polyp-Gen:/seq5/images/16.jpg,pgen_seq5,0,498,899,832,1063,1064,1440,43772,8646,10919,2.857,medium,large,medium,104.9
PolypGen,/home/samsul/Documents/Polyp Detection/Polyp-Gen:/seq5/images/195.jpg,pgen_seq5,0,520,744,875,1010,1064,1440,72786,14377,18776,4.751,large,large,medium,135.3
PolypGen,/home/samsul/Documents/Polyp Detection/Polyp-Gen:/seq5/images/42.jpg,pgen_seq5,0,863,646,1277,1024,1064,1440,121817,24063,31069,7.951,large,large,medium,175.0
PolypGen,/home/samsul/Documents/Polyp Detection/Polyp-Gen:/seq5/images/218.jpg,pgen_seq5,0,940,3,1189,74,1064,1440,14112,2788,3556,0.921,medium,large,small,59.6
PolypGen,/home/samsul/Documents/Polyp Detection/Polyp-Gen:/seq5/images/222.jpg,pgen_seq5,0,960,0,1153,41,1064,1440,5474,1081,1609,0.357,medium,medium,small,37.1
PolypGen,/home/samsul/Documents/Polyp Detection/Polyp-Gen:/seq5/images/38.jpg,pgen_seq5,0,917,702,1293,1031,1064,1440,91184,18012,24575,5.951,large,large,medium,151.4
PolypGen,/home/samsul/Documents/Polyp Detection/Polyp-Gen:/seq5/images/237.jpg,pgen_seq5,0,568,0,957,96,1064,1440,27567,5445,7473,1.799,medium,large,small,83.3
PolypGen,/home/samsul/Documents/Polyp Detection/Polyp-Gen:/seq5/images/15.jpg,pgen_seq5,0,452,902,823,1063,1064,1440,45462,8980,11904,2.967,medium,large,medium,106.9
PolypGen,/home/samsul/Documents/Polyp Detection/Polyp-Gen:/seq5/images/25.jpg,pgen_seq5,0,751,874,1074,1063,1064,1440,48309,9543,12160,3.153,large,large,medium,110.2
PolypGen,/home/samsul/Documents/Polyp Detection/Polyp-Gen:/seq5/images/152.jpg,pgen_seq5,0,1201,226,1404,750,1064,1440,33829,6682,21156,2.208,medium,large,medium,92.2
PolypGen,/home/samsul/Documents/Polyp Detection/Polyp-Gen:/seq5/images/152.jpg,pgen_seq5,1,1174,256,1340,768,1064,1440,46567,9198,16923,3.039,medium,large,medium,108.2
PolypGen,/home/samsul/Documents/Polyp Detection/Polyp-Gen:/seq5/images/96.jpg,pgen_seq5,0,602,859,1137,1063,1064,1440,83263,16447,21705,5.434,large,large,medium,144.7
PolypGen,/home/samsul/Documents/Polyp Detection/Polyp-Gen:/seq5/images/84.jpg,pgen_seq5,0,460,524,950,934,1064,1440,153783,30377,39862,10.037,large,large,medium,196.7
PolypGen,/home/samsul/Documents/Polyp Detection/Polyp-Gen:/seq5/images/212.jpg,pgen_seq5,0,1095,10,1356,279,1064,1440,34124,6741,13973,2.227,medium,large,medium,92.6
PolypGen,/home/samsul/Documents/Polyp Detection/Polyp-Gen:/seq5/images/246.jpg,pgen_seq5,0,175,319,793,1063,1064,1440,289148,57116,91092,18.872,large,large,large,269.7
PolypGen,/home/samsul/Documents/Polyp Detection/Polyp-Gen:/seq5/images/217.jpg,pgen_seq5,0,524,751,879,1020,1064,1440,71809,14184,18987,4.687,large,large,medium,134.4
PolypGen,/home/samsul/Documents/Polyp Detection/Polyp-Gen:/seq5/images/215.jpg,pgen_seq5,0,969,0,1274,183,1064,1440,33821,6681,11122,2.207,medium,large,medium,92.2
PolypGen,/home/samsul/Documents/Polyp Detection/Polyp-Gen:/seq5/images/97.jpg,pgen_seq5,0,345,671,964,1063,1064,1440,198673,39244,48130,12.967,large,large,large,223.5
PolypGen,/home/samsul/Documents/Polyp Detection/Polyp-Gen:/seq5/images/102.jpg,pgen_seq5,0,1068,490,1310,866,1064,1440,60075,11867,18096,3.921,large,large,medium,122.9
PolypGen,/home/samsul/Documents/Polyp Detection/Polyp-Gen:/seq5/images/219.jpg,pgen_seq5,0,964,0,1187,71,1064,1440,11765,2324,3186,0.768,medium,large,small,54.4
PolypGen,/home/samsul/Documents/Polyp Detection/Polyp-Gen:/seq5/images/168.jpg,pgen_seq5,0,1110,152,1397,607,1064,1440,51030,10080,25941,3.331,large,large,medium,113.3
PolypGen,/home/samsul/Documents/Polyp Detection/Polyp-Gen:/seq5/images/168.jpg,pgen_seq5,1,1107,252,1337,621,1064,1440,35659,7044,16883,2.327,medium,large,medium,94.7
PolypGen,/home/samsul/Documents/Polyp Detection/Polyp-Gen:/seq5/images/228.jpg,pgen_seq5,0,518,720,882,1008,1064,1440,77470,15303,20837,5.056,large,large,medium,139.6
PolypGen,/home/samsul/Documents/Polyp Detection/Polyp-Gen:/seq5/images/242.jpg,pgen_seq5,0,68,36,553,697,1064,1440,250543,49490,63552,16.352,large,large,large,251.0
PolypGen,/home/samsul/Documents/Polyp Detection/Polyp-Gen:/seq5/images/56.jpg,pgen_seq5,0,437,956,793,1063,1064,1440,31394,6201,7616,2.049,medium,large,small,88.9
PolypGen,/home/samsul/Documents/Polyp Detection/Polyp-Gen:/seq5/images/201.jpg,pgen_seq5,0,1221,82,1389,329,1064,1440,16096,3179,8279,1.051,medium,large,small,63.6
PolypGen,/home/samsul/Documents/Polyp Detection/Polyp-Gen:/seq5/images/20.jpg,pgen_seq5,0,740,884,1027,1052,1064,1440,38822,7669,9614,2.534,medium,large,small,98.8
PolypGen,/home/samsul/Documents/Polyp Detection/Polyp-Gen:/seq5/images/46.jpg,pgen_seq5,0,360,470,1065,1041,1064,1440,303729,59996,79769,19.824,large,large,large,276.4
PolypGen,/home/samsul/Documents/Polyp Detection/Polyp-Gen:/seq5/images/210.jpg,pgen_seq5,0,1128,40,1371,333,1064,1440,36113,7133,14170,2.357,medium,large,medium,95.3
PolypGen,/home/samsul/Documents/Polyp Detection/Polyp-Gen:/seq5/images/153.jpg,pgen_seq5,0,1183,197,1422,708,1064,1440,42227,8341,24273,2.756,medium,large,medium,103.1
PolypGen,/home/samsul/Documents/Polyp Detection/Polyp-Gen:/seq5/images/153.jpg,pgen_seq5,1,1152,242,1325,733,1064,1440,40538,8008,16910,2.646,medium,large,medium,101.0
PolypGen,/home/samsul/Documents/Polyp Detection/Polyp-Gen:/seq5/images/202.jpg,pgen_seq5,0,1210,101,1390,330,1064,1440,20611,4071,8223,1.345,medium,large,small,72.0
PolypGen,/home/samsul/Documents/Polyp Detection/Polyp-Gen:/seq5/images/92.jpg,pgen_seq5,0,740,456,1343,1063,1064,1440,297576,58780,72540,19.422,large,large,large,273.6
PolypGen,/home/samsul/Documents/Polyp Detection/Polyp-Gen:/seq5/images/185.jpg,pgen_seq5,0,1089,0,1231,110,1064,1440,8764,1731,3135,0.572,medium,medium,small,46.9
PolypGen,/home/samsul/Documents/Polyp Detection/Polyp-Gen:/seq5/images/155.jpg,pgen_seq5,0,1161,165,1423,628,1064,1440,36536,7217,24105,2.385,medium,large,medium,95.9
PolypGen,/home/samsul/Documents/Polyp Detection/Polyp-Gen:/seq5/images/155.jpg,pgen_seq5,1,1117,204,1365,650,1064,1440,53089,10487,21986,3.465,large,large,medium,115.6
PolypGen,/home/samsul/Documents/Polyp Detection/Polyp-Gen:/seq5/images/7.jpg,pgen_seq5,0,485,769,862,1046,1064,1440,78970,15599,20757,5.154,large,large,medium,140.9
PolypGen,/home/samsul/Documents/Polyp Detection/Polyp-Gen:/seq5/images/45.jpg,pgen_seq5,0,208,428,973,1053,1064,1440,356801,70479,94719,23.287,large,large,large,299.6
PolypGen,/home/samsul/Documents/Polyp Detection/Polyp-Gen:/seq5/images/128.jpg,pgen_seq5,0,603,580,1037,937,1064,1440,121820,24063,30761,7.951,large,large,medium,175.0
PolypGen,/home/samsul/Documents/Polyp Detection/Polyp-Gen:/seq5/images/180.jpg,pgen_seq5,0,1195,134,1417,434,1064,1440,29500,5827,13259,1.925,medium,large,medium,86.1
PolypGen,/home/samsul/Documents/Polyp Detection/Polyp-Gen:/seq5/images/180.jpg,pgen_seq5,1,1208,213,1331,416,1064,1440,4103,810,4997,0.268,small,medium,small,32.1
PolypGen,/home/samsul/Documents/Polyp Detection/Polyp-Gen:/seq5/images/180.jpg,pgen_seq5,2,1334,421,1342,431,1064,1440,32,6,20,0.002,small,small,small,2.8
PolypGen,/home/samsul/Documents/Polyp Detection/Polyp-Gen:/seq5/images/94.jpg,pgen_seq5,0,531,830,1196,1062,1064,1440,105672,20873,30652,6.897,large,large,medium,163.0
PolypGen,/home/samsul/Documents/Polyp Detection/Polyp-Gen:/seq5/images/207.jpg,pgen_seq5,0,1192,67,1390,351,1064,1440,29434,5814,11203,1.921,medium,large,medium,86.0
PolypGen,/home/samsul/Documents/Polyp Detection/Polyp-Gen:/seq5/images/151.jpg,pgen_seq5,0,1179,194,1400,709,1064,1440,41648,8227,22628,2.718,medium,large,medium,102.3
PolypGen,/home/samsul/Documents/Polyp Detection/Polyp-Gen:/seq5/images/151.jpg,pgen_seq5,1,1174,226,1178,237,1064,1440,25,5,12,0.002,small,small,small,2.5
PolypGen,/home/samsul/Documents/Polyp Detection/Polyp-Gen:/seq5/images/151.jpg,pgen_seq5,2,1157,241,1324,719,1064,1440,36301,7171,15896,2.369,medium,large,medium,95.6
PolypGen,/home/samsul/Documents/Polyp Detection/Polyp-Gen:/seq5/images/88.jpg,pgen_seq5,0,836,690,1263,1063,1064,1440,115724,22859,31619,7.553,large,large,medium,170.6
PolypGen,/home/samsul/Documents/Polyp Detection/Polyp-Gen:/seq5/images/161.jpg,pgen_seq5,0,525,719,922,1002,1064,1440,88281,17438,22327,5.762,large,large,medium,149.0
PolypGen,/home/samsul/Documents/Polyp Detection/Polyp-Gen:/seq5/images/139.jpg,pgen_seq5,0,531,544,988,945,1064,1440,136024,26869,36369,8.878,large,large,medium,185.0
PolypGen,/home/samsul/Documents/Polyp Detection/Polyp-Gen:/seq5/images/77.jpg,pgen_seq5,0,717,790,1166,1063,1064,1440,94107,18589,24356,6.142,large,large,medium,153.8
PolypGen,/home/samsul/Documents/Polyp Detection/Polyp-Gen:/seq5/images/61.jpg,pgen_seq5,0,363,485,843,900,1064,1440,145948,28829,39525,9.526,large,large,medium,191.6
PolypGen,/home/samsul/Documents/Polyp Detection/Polyp-Gen:/seq5/images/149.jpg,pgen_seq5,0,1175,198,1383,693,1064,1440,37308,7369,20477,2.435,medium,large,medium,96.9
PolypGen,/home/samsul/Documents/Polyp Detection/Polyp-Gen:/seq5/images/149.jpg,pgen_seq5,1,1156,250,1320,701,1064,1440,31064,6136,14732,2.027,medium,large,medium,88.4
PolypGen,/home/samsul/Documents/Polyp Detection/Polyp-Gen:/seq5/images/240.jpg,pgen_seq5,0,124,0,645,383,1064,1440,152956,30214,39595,9.983,large,large,medium,196.1
PolypGen,/home/samsul/Documents/Polyp Detection/Polyp-Gen:/seq5/images/224.jpg,pgen_seq5,0,705,0,1200,217,1064,1440,74212,14659,21359,4.844,large,large,medium,136.6
PolypGen,/home/samsul/Documents/Polyp Detection/Polyp-Gen:/seq5/images/239.jpg,pgen_seq5,0,518,664,868,983,1064,1440,82405,16278,22187,5.378,large,large,medium,144.0
PolypGen,/home/samsul/Documents/Polyp Detection/Polyp-Gen:/seq5/images/24.jpg,pgen_seq5,0,744,871,1044,1063,1064,1440,47446,9372,11475,3.097,large,large,medium,109.2
PolypGen,/home/samsul/Documents/Polyp Detection/Polyp-Gen:/seq5/images/203.jpg,pgen_seq5,0,1210,76,1382,330,1064,1440,15504,3063,8714,1.012,medium,large,small,62.4
PolypGen,/home/samsul/Documents/Polyp Detection/Polyp-Gen:/seq5/images/160.jpg,pgen_seq5,0,1117,155,1414,610,1064,1440,41136,8126,26842,2.685,medium,large,medium,101.7
PolypGen,/home/samsul/Documents/Polyp Detection/Polyp-Gen:/seq5/images/160.jpg,pgen_seq5,1,1082,175,1353,688,1064,1440,73887,14595,27616,4.822,large,large,medium,136.3
PolypGen,/home/samsul/Documents/Polyp Detection/Polyp-Gen:/seq5/images/243.jpg,pgen_seq5,0,68,155,523,866,1064,1440,242274,47857,64133,15.813,large,large,large,246.8
PolypGen,/home/samsul/Documents/Polyp Detection/Polyp-Gen:/seq5/images/30.jpg,pgen_seq5,0,899,729,1236,1020,1064,1440,70608,13947,19496,4.608,large,large,medium,133.3
PolypGen,/home/samsul/Documents/Polyp Detection/Polyp-Gen:/seq5/images/187.jpg,pgen_seq5,0,1107,15,1275,194,1064,1440,17583,3473,6009,1.148,medium,large,small,66.5
PolypGen,/home/samsul/Documents/Polyp Detection/Polyp-Gen:/seq5/images/231.jpg,pgen_seq5,0,710,0,1144,174,1064,1440,52859,10441,15037,3.45,large,large,medium,115.3
PolypGen,/home/samsul/Documents/Polyp Detection/Polyp-Gen:/seq5/images/181.jpg,pgen_seq5,0,1218,87,1358,289,1064,1440,13864,2739,5654,0.905,medium,large,small,59.1
PolypGen,/home/samsul/Documents/Polyp Detection/Polyp-Gen:/seq5/images/2.jpg,pgen_seq5,0,488,727,858,1012,1064,1440,80548,15911,20959,5.257,large,large,medium,142.3
PolypGen,/home/samsul/Documents/Polyp Detection/Polyp-Gen:/seq5/images/59.jpg,pgen_seq5,0,471,953,814,1063,1064,1440,31963,6314,7543,2.086,medium,large,small,89.7
PolypGen,/home/samsul/Documents/Polyp Detection/Polyp-Gen:/seq5/images/214.jpg,pgen_seq5,0,1003,1,1304,235,1064,1440,42110,8318,14019,2.748,medium,large,medium,102.9
PolypGen,/home/samsul/Documents/Polyp Detection/Polyp-Gen:/seq5/images/230.jpg,pgen_seq5,0,715,0,1152,175,1064,1440,53012,10472,15227,3.46,large,large,medium,115.5
PolypGen,/home/samsul/Documents/Polyp Detection/Polyp-Gen:/seq6/images/75.jpg,pgen_seq6,0,48,379,473,735,1080,1380,108609,23360,32710,7.287,large,large,medium,172.5
PolypGen,/home/samsul/Documents/Polyp Detection/Polyp-Gen:/seq6/images/71.jpg,pgen_seq6,0,38,355,421,810,1080,1380,96018,20652,37662,6.442,large,large,medium,162.2
PolypGen,/home/samsul/Documents/Polyp Detection/Polyp-Gen:/seq6/images/76.jpg,pgen_seq6,0,87,377,635,760,1080,1380,152201,32736,45342,10.212,large,large,large,204.2
PolypGen,/home/samsul/Documents/Polyp Detection/Polyp-Gen:/seq6/images/49.jpg,pgen_seq6,0,108,348,605,675,1080,1380,118337,25452,35132,7.94,large,large,medium,180.0
PolypGen,/home/samsul/Documents/Polyp Detection/Polyp-Gen:/seq6/images/40.jpg,pgen_seq6,0,88,95,555,395,1080,1380,93759,20166,30298,6.291,large,large,medium,160.2
PolypGen,/home/samsul/Documents/Polyp Detection/Polyp-Gen:/seq6/images/68.jpg,pgen_seq6,0,53,362,487,845,1080,1380,114379,24601,45283,7.674,large,large,large,177.0
PolypGen,/home/samsul/Documents/Polyp Detection/Polyp-Gen:/seq6/images/57.jpg,pgen_seq6,0,136,447,616,750,1080,1380,111023,23879,31450,7.449,large,large,medium,174.4
PolypGen,/home/samsul/Documents/Polyp Detection/Polyp-Gen:/seq6/images/81.jpg,pgen_seq6,0,64,3,1356,1001,1080,1380,854070,183694,277821,57.305,large,large,large,483.6
PolypGen,/home/samsul/Documents/Polyp Detection/Polyp-Gen:/seq6/images/29.jpg,pgen_seq6,0,160,1,705,213,1080,1380,36696,7893,25013,2.462,medium,large,medium,100.2
PolypGen,/home/samsul/Documents/Polyp Detection/Polyp-Gen:/seq6/images/85.jpg,pgen_seq6,0,65,405,805,853,1080,1380,194287,41787,71559,13.036,large,large,large,230.7
PolypGen,/home/samsul/Documents/Polyp Detection/Polyp-Gen:/seq6/images/54.jpg,pgen_seq6,0,113,436,637,837,1080,1380,128967,27738,45393,8.653,large,large,large,187.9
PolypGen,/home/samsul/Documents/Polyp Detection/Polyp-Gen:/seq6/images/51.jpg,pgen_seq6,0,108,418,671,831,1080,1380,136760,29414,50221,9.176,large,large,large,193.5
PolypGen,/home/samsul/Documents/Polyp Detection/Polyp-Gen:/seq6/images/58.jpg,pgen_seq6,0,100,397,558,726,1080,1380,104304,22434,32578,6.998,large,large,medium,169.0
PolypGen,/home/samsul/Documents/Polyp Detection/Polyp-Gen:/seq6/images/66.jpg,pgen_seq6,0,62,358,499,717,1080,1380,112061,24102,33914,7.519,large,large,medium,175.2
PolypGen,/home/samsul/Documents/Polyp Detection/Polyp-Gen:/seq6/images/34.jpg,pgen_seq6,0,152,0,688,241,1080,1380,69078,14857,27951,4.635,large,large,medium,137.5
PolypGen,/home/samsul/Documents/Polyp Detection/Polyp-Gen:/seq6/images/37.jpg,pgen_seq6,0,167,0,685,258,1080,1380,89339,19215,28911,5.994,large,large,medium,156.4
PolypGen,/home/samsul/Documents/Polyp Detection/Polyp-Gen:/seq6/images/67.jpg,pgen_seq6,0,57,348,494,721,1080,1380,111786,24043,35233,7.5,large,large,medium,175.0
PolypGen,/home/samsul/Documents/Polyp Detection/Polyp-Gen:/seq6/images/27.jpg,pgen_seq6,0,130,2,850,231,1080,1380,42057,9046,35667,2.822,medium,large,medium,107.3
PolypGen,/home/samsul/Documents/Polyp Detection/Polyp-Gen:/seq6/images/82.jpg,pgen_seq6,0,58,78,1360,1079,1080,1380,945395,203336,280811,63.432,large,large,large,508.8
PolypGen,/home/samsul/Documents/Polyp Detection/Polyp-Gen:/seq6/images/78.jpg,pgen_seq6,0,141,134,1201,830,1080,1380,426719,91779,159056,28.631,large,large,large,341.8
PolypGen,/home/samsul/Documents/Polyp Detection/Polyp-Gen:/seq6/images/62.jpg,pgen_seq6,0,35,273,463,762,1080,1380,101364,21801,45212,6.801,large,large,large,166.6
PolypGen,/home/samsul/Documents/Polyp Detection/Polyp-Gen:/seq6/images/39.jpg,pgen_seq6,0,107,51,598,348,1080,1380,95850,20616,31534,6.431,large,large,medium,162.0
PolypGen,/home/samsul/Documents/Polyp Detection/Polyp-Gen:/seq6/images/31.jpg,pgen_seq6,0,170,0,678,203,1080,1380,38391,8257,22333,2.576,medium,large,medium,102.5
PolypGen,/home/samsul/Documents/Polyp Detection/Polyp-Gen:/seq6/images/41.jpg,pgen_seq6,0,81,159,521,443,1080,1380,86505,18606,27032,5.804,large,large,medium,153.9
PolypGen,/home/samsul/Documents/Polyp Detection/Polyp-Gen:/seq6/images/83.jpg,pgen_seq6,0,75,406,808,882,1080,1380,208490,44842,75304,13.989,large,large,large,238.9
PolypGen,/home/samsul/Documents/Polyp Detection/Polyp-Gen:/seq6/images/79.jpg,pgen_seq6,0,134,124,1230,840,1080,1380,458889,98698,169172,30.79,large,large,large,354.5
PolypGen,/home/samsul/Documents/Polyp Detection/Polyp-Gen:/seq6/images/50.jpg,pgen_seq6,0,107,423,646,853,1080,1380,133843,28787,50058,8.98,large,large,large,191.4
PolypGen,/home/samsul/Documents/Polyp Detection/Polyp-Gen:/seq6/images/52.jpg,pgen_seq6,0,111,435,645,831,1080,1380,131387,28259,45682,8.816,large,large,large,189.7
PolypGen,/home/samsul/Documents/Polyp Detection/Polyp-Gen:/seq6/images/60.jpg,pgen_seq6,0,83,357,524,666,1080,1380,94961,20424,29470,6.372,large,large,medium,161.3
PolypGen,/home/samsul/Documents/Polyp Detection/Polyp-Gen:/seq6/images/69.jpg,pgen_seq6,0,55,367,467,729,1080,1380,101835,21903,32245,6.833,large,large,medium,167.0
PolypGen,/home/samsul/Documents/Polyp Detection/Polyp-Gen:/seq6/images/70.jpg,pgen_seq6,0,39,354,447,722,1080,1380,104969,22577,32460,7.043,large,large,medium,169.5
PolypGen,/home/samsul/Documents/Polyp Detection/Polyp-Gen:/seq6/images/64.jpg,pgen_seq6,0,53,300,480,647,1080,1380,103444,22249,32035,6.941,large,large,medium,168.3
PolypGen,/home/samsul/Documents/Polyp Detection/Polyp-Gen:/seq6/images/28.jpg,pgen_seq6,0,163,1,712,207,1080,1380,29798,6409,24487,1.999,medium,large,medium,90.3
PolypGen,/home/samsul/Documents/Polyp Detection/Polyp-Gen:/seq6/images/36.jpg,pgen_seq6,0,133,3,679,261,1080,1380,84987,18279,30471,5.702,large,large,medium,152.6
PolypGen,/home/samsul/Documents/Polyp Detection/Polyp-Gen:/seq6/images/72.jpg,pgen_seq6,0,35,372,403,710,1080,1380,88149,18959,26905,5.914,large,large,medium,155.4
PolypGen,/home/samsul/Documents/Polyp Detection/Polyp-Gen:/seq6/images/26.jpg,pgen_seq6,0,10,0,1105,473,1080,1380,183962,39567,111735,12.343,large,large,large,224.5
PolypGen,/home/samsul/Documents/Polyp Detection/Polyp-Gen:/seq6/images/32.jpg,pgen_seq6,0,155,0,675,216,1080,1380,47187,10149,24316,3.166,large,large,medium,113.7
PolypGen,/home/samsul/Documents/Polyp Detection/Polyp-Gen:/seq6/images/44.jpg,pgen_seq6,0,34,169,518,579,1080,1380,92626,19922,42873,6.215,large,large,large,159.3
PolypGen,/home/samsul/Documents/Polyp Detection/Polyp-Gen:/seq6/images/80.jpg,pgen_seq6,0,87,0,1356,967,1080,1380,750211,161356,264412,50.336,large,large,large,453.3
PolypGen,/home/samsul/Documents/Polyp Detection/Polyp-Gen:/seq6/images/35.jpg,pgen_seq6,0,132,0,681,248,1080,1380,79693,17140,29455,5.347,large,large,medium,147.7
PolypGen,/home/samsul/Documents/Polyp Detection/Polyp-Gen:/seq6/images/48.jpg,pgen_seq6,0,94,300,562,622,1080,1380,107301,23078,32582,7.199,large,large,medium,171.4
PolypGen,/home/samsul/Documents/Polyp Detection/Polyp-Gen:/seq6/images/33.jpg,pgen_seq6,0,162,0,668,212,1080,1380,53277,11459,23227,3.575,large,large,medium,120.8
PolypGen,/home/samsul/Documents/Polyp Detection/Polyp-Gen:/seq6/images/43.jpg,pgen_seq6,0,74,155,524,451,1080,1380,87015,18715,28809,5.838,large,large,medium,154.4
PolypGen,/home/samsul/Documents/Polyp Detection/Polyp-Gen:/seq6/images/55.jpg,pgen_seq6,0,109,438,633,839,1080,1380,127039,27324,45393,8.524,large,large,large,186.5
PolypGen,/home/samsul/Documents/Polyp Detection/Polyp-Gen:/seq6/images/47.jpg,pgen_seq6,0,99,249,543,540,1080,1380,95298,20497,27948,6.394,large,large,medium,161.5
PolypGen,/home/samsul/Documents/Polyp Detection/Polyp-Gen:/seq6/images/53.jpg,pgen_seq6,0,111,420,708,841,1080,1380,139649,30036,54277,9.37,large,large,large,195.6
PolypGen,/home/samsul/Documents/Polyp Detection/Polyp-Gen:/seq6/images/42.jpg,pgen_seq6,0,150,165,503,437,1080,1380,71322,15340,20786,4.785,large,large,medium,139.8
PolypGen,/home/samsul/Documents/Polyp Detection/Polyp-Gen:/seq6/images/38.jpg,pgen_seq6,0,143,0,680,270,1080,1380,93400,20089,31358,6.267,large,large,medium,159.9
PolypGen,/home/samsul/Documents/Polyp Detection/Polyp-Gen:/seq6/images/25.jpg,pgen_seq6,0,10,0,1096,467,1080,1380,189847,40832,109415,12.738,large,large,large,228.0
PolypGen,/home/samsul/Documents/Polyp Detection/Polyp-Gen:/seq6/images/84.jpg,pgen_seq6,0,78,431,814,864,1080,1380,188469,40536,68795,12.646,large,large,large,227.2
PolypGen,/home/samsul/Documents/Polyp Detection/Polyp-Gen:/seq6/images/63.jpg,pgen_seq6,0,35,296,465,641,1080,1380,101137,21753,32074,6.786,large,large,medium,166.4
PolypGen,/home/samsul/Documents/Polyp Detection/Polyp-Gen:/seq6/images/56.jpg,pgen_seq6,0,111,422,642,822,1080,1380,126328,27171,45884,8.476,large,large,large,186.0
PolypGen,/home/samsul/Documents/Polyp Detection/Polyp-Gen:/seq6/images/46.jpg,pgen_seq6,0,70,218,520,516,1080,1380,95621,20566,29003,6.416,large,large,medium,161.8
PolypGen,/home/samsul/Documents/Polyp Detection/Polyp-Gen:/seq6/images/74.jpg,pgen_seq6,0,35,354,405,782,1080,1380,88818,19103,34232,5.959,large,large,medium,156.0
PolypGen,/home/samsul/Documents/Polyp Detection/Polyp-Gen:/seq6/images/45.jpg,pgen_seq6,0,34,173,515,576,1080,1380,95863,20618,41882,6.432,large,large,large,162.0
PolypGen,/home/samsul/Documents/Polyp Detection/Polyp-Gen:/seq6/images/73.jpg,pgen_seq6,0,64,374,409,713,1080,1380,83398,17937,25302,5.596,large,large,medium,151.1
PolypGen,/home/samsul/Documents/Polyp Detection/Polyp-Gen:/seq6/images/65.jpg,pgen_seq6,0,51,358,506,842,1080,1380,118378,25461,47567,7.943,large,large,large,180.0
PolypGen,/home/samsul/Documents/Polyp Detection/Polyp-Gen:/seq6/images/77.jpg,pgen_seq6,0,105,328,848,851,1080,1380,241843,52016,83851,16.227,large,large,large,257.3
PolypGen,/home/samsul/Documents/Polyp Detection/Polyp-Gen:/seq6/images/61.jpg,pgen_seq6,0,65,318,486,639,1080,1380,95713,20586,29226,6.422,large,large,medium,161.9
PolypGen,/home/samsul/Documents/Polyp Detection/Polyp-Gen:/seq6/images/24.jpg,pgen_seq6,0,10,0,1108,468,1080,1380,187330,40291,110859,12.569,large,large,large,226.5
PolypGen,/home/samsul/Documents/Polyp Detection/Polyp-Gen:/seq6/images/30.jpg,pgen_seq6,0,171,2,688,203,1080,1380,35008,7530,22505,2.349,medium,large,medium,97.9
PolypGen,/home/samsul/Documents/Polyp Detection/Polyp-Gen:/seq6/images/59.jpg,pgen_seq6,0,82,398,555,801,1080,1380,110714,23812,41187,7.428,large,large,large,174.1
PolypGen,/home/samsul/Documents/Polyp Detection/Polyp-Gen:/seq8/images/71.jpg,pgen_seq8,0,8,0,678,1079,1080,1380,437274,94049,155865,29.339,large,large,large,346.0
PolypGen,/home/samsul/Documents/Polyp Detection/Polyp-Gen:/seq8/images/18.jpg,pgen_seq8,0,11,0,399,993,1080,1380,162745,35003,83164,10.92,large,large,large,211.1
PolypGen,/home/samsul/Documents/Polyp Detection/Polyp-Gen:/seq8/images/3.jpg,pgen_seq8,0,9,0,551,926,1080,1380,221032,47540,108263,14.83,large,large,large,246.0
PolypGen,/home/samsul/Documents/Polyp Detection/Polyp-Gen:/seq8/images/49.jpg,pgen_seq8,0,12,1,670,1079,1080,1380,433361,93208,152936,29.077,large,large,large,344.5
PolypGen,/home/samsul/Documents/Polyp Detection/Polyp-Gen:/seq8/images/40.jpg,pgen_seq8,0,12,0,506,899,1080,1380,197462,42470,95819,13.249,large,large,large,232.5
PolypGen,/home/samsul/Documents/Polyp Detection/Polyp-Gen:/seq8/images/57.jpg,pgen_seq8,0,8,0,678,1079,1080,1380,471617,101436,155865,31.644,large,large,large,359.4
PolypGen,/home/samsul/Documents/Polyp Detection/Polyp-Gen:/seq8/images/11.jpg,pgen_seq8,0,315,310,697,751,1080,1380,91827,19750,36410,6.161,large,large,medium,158.6
PolypGen,/home/samsul/Documents/Polyp Detection/Polyp-Gen:/seq8/images/54.jpg,pgen_seq8,0,7,0,686,1079,1080,1380,454845,97828,157955,30.518,large,large,large,352.9
PolypGen,/home/samsul/Documents/Polyp Detection/Polyp-Gen:/seq8/images/51.jpg,pgen_seq8,0,10,0,688,1076,1080,1380,441444,94946,157285,29.619,large,large,large,347.7
PolypGen,/home/samsul/Documents/Polyp Detection/Polyp-Gen:/seq8/images/6.jpg,pgen_seq8,0,6,0,538,1043,1080,1380,239315,51472,119682,16.057,large,large,large,256.0
PolypGen,/home/samsul/Documents/Polyp Detection/Polyp-Gen:/seq8/images/58.jpg,pgen_seq8,0,8,0,678,1079,1080,1380,471617,101436,155865,31.644,large,large,large,359.4
PolypGen,/home/samsul/Documents/Polyp Detection/Polyp-Gen:/seq8/images/27.jpg,pgen_seq8,0,6,0,437,912,1080,1380,229389,49337,84831,15.391,large,large,large,250.6
PolypGen,/home/samsul/Documents/Polyp Detection/Polyp-Gen:/seq8/images/62.jpg,pgen_seq8,0,10,0,846,1079,1080,1380,603442,129789,194424,40.489,large,large,large,406.5
PolypGen,/home/samsul/Documents/Polyp Detection/Polyp-Gen:/seq8/images/39.jpg,pgen_seq8,0,11,0,423,720,1080,1380,171681,36925,64045,11.519,large,large,large,216.8
PolypGen,/home/samsul/Documents/Polyp Detection/Polyp-Gen:/seq8/images/8.jpg,pgen_seq8,0,0,0,372,762,1080,1380,161064,34642,61212,10.807,large,large,large,210.0
PolypGen,/home/samsul/Documents/Polyp Detection/Polyp-Gen:/seq8/images/41.jpg,pgen_seq8,0,10,0,499,908,1080,1380,211755,45544,95799,14.208,large,large,large,240.8
PolypGen,/home/samsul/Documents/Polyp Detection/Polyp-Gen:/seq8/images/50.jpg,pgen_seq8,0,7,0,704,1076,1080,1380,446583,96051,161686,29.964,large,large,large,349.7
PolypGen,/home/samsul/Documents/Polyp Detection/Polyp-Gen:/seq8/images/1.jpg,pgen_seq8,0,6,0,565,953,1080,1380,240395,51704,114905,16.13,large,large,large,256.6
PolypGen,/home/samsul/Documents/Polyp Detection/Polyp-Gen:/seq8/images/52.jpg,pgen_seq8,0,8,0,700,1077,1080,1380,451500,97109,160677,30.294,large,large,large,351.6
PolypGen,/home/samsul/Documents/Polyp Detection/Polyp-Gen:/seq8/images/19.jpg,pgen_seq8,0,10,0,393,1079,1080,1380,173673,37354,89198,11.653,large,large,large,218.1
PolypGen,/home/samsul/Documents/Polyp Detection/Polyp-Gen:/seq8/images/60.jpg,pgen_seq8,0,10,0,778,1078,1080,1380,561180,120699,178464,37.653,large,large,large,392.0
PolypGen,/home/samsul/Documents/Polyp Detection/Polyp-Gen:/seq8/images/69.jpg,pgen_seq8,0,775,0,1031,500,1080,1380,91008,19574,27693,6.106,large,large,medium,157.9
PolypGen,/home/samsul/Documents/Polyp Detection/Polyp-Gen:/seq8/images/14.jpg,pgen_seq8,0,168,212,774,857,1080,1380,225989,48606,84338,15.163,large,large,large,248.8
PolypGen,/home/samsul/Documents/Polyp Detection/Polyp-Gen:/seq8/images/70.jpg,pgen_seq8,0,608,0,923,447,1080,1380,114971,24728,30449,7.714,large,large,medium,177.4
PolypGen,/home/samsul/Documents/Polyp Detection/Polyp-Gen:/seq8/images/23.jpg,pgen_seq8,0,6,0,561,1072,1080,1380,269142,57887,128315,18.058,large,large,large,271.5
PolypGen,/home/samsul/Documents/Polyp Detection/Polyp-Gen:/seq8/images/28.jpg,pgen_seq8,0,11,0,422,903,1080,1380,214562,46148,80106,14.396,large,large,large,242.4
PolypGen,/home/samsul/Documents/Polyp Detection/Polyp-Gen:/seq8/images/4.jpg,pgen_seq8,0,8,0,515,940,1080,1380,211466,45482,102815,14.189,large,large,large,240.6
PolypGen,/home/samsul/Documents/Polyp Detection/Polyp-Gen:/seq8/images/5.jpg,pgen_seq8,0,7,0,499,926,1080,1380,200569,43139,98294,13.457,large,large,large,234.4
PolypGen,/home/samsul/Documents/Polyp Detection/Polyp-Gen:/seq8/images/21.jpg,pgen_seq8,0,8,0,443,976,1080,1380,169499,36456,91618,11.373,large,large,large,215.4
PolypGen,/home/samsul/Documents/Polyp Detection/Polyp-Gen:/seq8/images/72.jpg,pgen_seq8,0,7,0,721,1079,1080,1380,451724,97157,166085,30.309,large,large,large,351.7
PolypGen,/home/samsul/Documents/Polyp Detection/Polyp-Gen:/seq8/images/0.jpg,pgen_seq8,0,7,0,667,1079,1080,1380,400441,86127,153542,26.868,large,large,large,331.1
PolypGen,/home/samsul/Documents/Polyp Detection/Polyp-Gen:/seq8/images/26.jpg,pgen_seq8,0,8,0,504,1041,1080,1380,241973,52044,111385,16.235,large,large,large,257.4
PolypGen,/home/samsul/Documents/Polyp Detection/Polyp-Gen:/seq8/images/12.jpg,pgen_seq8,0,453,607,810,950,1080,1380,64319,13834,26488,4.316,large,large,medium,132.7
PolypGen,/home/samsul/Documents/Polyp Detection/Polyp-Gen:/seq8/images/22.jpg,pgen_seq8,0,5,0,515,995,1080,1380,212503,45705,109467,14.258,large,large,large,241.2
PolypGen,/home/samsul/Documents/Polyp Detection/Polyp-Gen:/seq8/images/44.jpg,pgen_seq8,0,12,0,421,957,1080,1380,228522,49151,84479,15.333,large,large,large,250.2
PolypGen,/home/samsul/Documents/Polyp Detection/Polyp-Gen:/seq8/images/48.jpg,pgen_seq8,0,6,0,667,1079,1080,1380,441324,94920,153774,29.611,large,large,large,347.6
PolypGen,/home/samsul/Documents/Polyp Detection/Polyp-Gen:/seq8/images/43.jpg,pgen_seq8,0,10,1,470,941,1080,1380,224810,48352,93302,15.084,large,large,large,248.1
PolypGen,/home/samsul/Documents/Polyp Detection/Polyp-Gen:/seq8/images/55.jpg,pgen_seq8,0,9,0,659,1077,1080,1380,444593,95623,150939,29.83,large,large,large,348.9
PolypGen,/home/samsul/Documents/Polyp Detection/Polyp-Gen:/seq8/images/47.jpg,pgen_seq8,0,12,0,581,1004,1080,1380,358470,77100,123209,24.052,large,large,large,313.3
PolypGen,/home/samsul/Documents/Polyp Detection/Polyp-Gen:/seq8/images/13.jpg,pgen_seq8,0,169,277,782,1001,1080,1380,221897,47726,95743,14.888,large,large,large,246.5
PolypGen,/home/samsul/Documents/Polyp Detection/Polyp-Gen:/seq8/images/53.jpg,pgen_seq8,0,9,0,631,1077,1080,1380,429281,92330,144447,28.803,large,large,large,342.9
PolypGen,/home/samsul/Documents/Polyp Detection/Polyp-Gen:/seq8/images/42.jpg,pgen_seq8,0,10,0,429,932,1080,1380,214380,46109,84282,14.384,large,large,large,242.3
PolypGen,/home/samsul/Documents/Polyp Detection/Polyp-Gen:/seq8/images/38.jpg,pgen_seq8,0,6,0,332,724,1080,1380,85195,18324,50990,5.716,large,large,large,152.7
PolypGen,/home/samsul/Documents/Polyp Detection/Polyp-Gen:/seq8/images/25.jpg,pgen_seq8,0,7,0,538,972,1080,1380,243259,52320,111334,16.322,large,large,large,258.1
PolypGen,/home/samsul/Documents/Polyp Detection/Polyp-Gen:/seq8/images/56.jpg,pgen_seq8,0,7,0,665,1076,1080,1380,451094,97022,152652,30.267,large,large,large,351.5
PolypGen,/home/samsul/Documents/Polyp Detection/Polyp-Gen:/seq8/images/20.jpg,pgen_seq8,0,11,0,433,967,1080,1380,162277,34903,88068,10.888,large,large,large,210.8
PolypGen,/home/samsul/Documents/Polyp Detection/Polyp-Gen:/seq8/images/46.jpg,pgen_seq8,0,12,1,490,985,1080,1380,304442,65480,101478,20.427,large,large,large,288.7
PolypGen,/home/samsul/Documents/Polyp Detection/Polyp-Gen:/seq8/images/7.jpg,pgen_seq8,0,9,0,516,1079,1080,1380,234666,50472,118002,15.745,large,large,large,253.5
PolypGen,/home/samsul/Documents/Polyp Detection/Polyp-Gen:/seq8/images/45.jpg,pgen_seq8,0,10,0,390,977,1080,1380,238166,51225,80143,15.98,large,large,large,255.4
PolypGen,/home/samsul/Documents/Polyp Detection/Polyp-Gen:/seq8/images/65.jpg,pgen_seq8,0,345,29,1257,941,1080,1380,682678,146831,179285,45.805,large,large,large,432.4
PolypGen,/home/samsul/Documents/Polyp Detection/Polyp-Gen:/seq8/images/61.jpg,pgen_seq8,0,8,0,813,1078,1080,1380,606446,130435,187050,40.69,large,large,large,407.5
PolypGen,/home/samsul/Documents/Polyp Detection/Polyp-Gen:/seq8/images/24.jpg,pgen_seq8,0,12,0,541,1079,1080,1380,255188,54886,123112,17.122,large,large,large,264.4
PolypGen,/home/samsul/Documents/Polyp Detection/Polyp-Gen:/seq8/images/24.jpg,pgen_seq8,1,746,1070,757,1072,1080,1380,27,6,8,0.002,small,small,small,2.8
PolypGen,/home/samsul/Documents/Polyp Detection/Polyp-Gen:/seq8/images/2.jpg,pgen_seq8,0,6,0,551,1045,1080,1380,227993,49037,122836,15.297,large,large,large,249.9
PolypGen,/home/samsul/Documents/Polyp Detection/Polyp-Gen:/seq8/images/59.jpg,pgen_seq8,0,0,0,727,1074,1080,1380,531962,114415,168322,35.693,large,large,large,381.7
PolypGen,/home/samsul/Documents/Polyp Detection/Polyp-Gen:/seq9/images/18.jpg,pgen_seq9,0,1142,775,1243,979,1080,1380,16531,3556,4497,1.109,medium,large,small,67.3
PolypGen,/home/samsul/Documents/Polyp Detection/Polyp-Gen:/seq9/images/3.jpg,pgen_seq9,0,978,509,1173,997,1080,1380,74745,16076,20614,5.015,large,large,medium,143.1
PolypGen,/home/samsul/Documents/Polyp Detection/Polyp-Gen:/seq9/images/49.jpg,pgen_seq9,0,752,525,1027,1076,1080,1380,101183,21763,32768,6.789,large,large,medium,166.5
PolypGen,/home/samsul/Documents/Polyp Detection/Polyp-Gen:/seq9/images/40.jpg,pgen_seq9,0,678,631,858,1014,1080,1380,50804,10927,14949,3.409,large,large,medium,118.0
PolypGen,/home/samsul/Documents/Polyp Detection/Polyp-Gen:/seq9/images/11.jpg,pgen_seq9,0,1020,718,1177,1079,1080,1380,44414,9553,12302,2.98,large,large,medium,110.3
PolypGen,/home/samsul/Documents/Polyp Detection/Polyp-Gen:/seq9/images/29.jpg,pgen_seq9,0,736,568,891,936,1080,1380,37834,8137,12381,2.539,medium,large,medium,101.8
PolypGen,/home/samsul/Documents/Polyp Detection/Polyp-Gen:/seq9/images/6.jpg,pgen_seq9,0,811,448,1023,966,1080,1380,83520,17964,23777,5.604,large,large,medium,151.2
PolypGen,/home/samsul/Documents/Polyp Detection/Polyp-Gen:/seq9/images/10.jpg,pgen_seq9,0,1075,700,1234,1075,1080,1380,38400,8259,12939,2.576,medium,large,medium,102.5
PolypGen,/home/samsul/Documents/Polyp Detection/Polyp-Gen:/seq9/images/34.jpg,pgen_seq9,0,701,584,853,952,1080,1380,39327,8458,12143,2.639,medium,large,medium,103.8
PolypGen,/home/samsul/Documents/Polyp Detection/Polyp-Gen:/seq9/images/37.jpg,pgen_seq9,0,678,595,833,926,1080,1380,36701,7894,11139,2.462,medium,large,medium,100.3
PolypGen,/home/samsul/Documents/Polyp Detection/Polyp-Gen:/seq9/images/27.jpg,pgen_seq9,0,894,625,1059,1005,1080,1380,45221,9726,13603,3.034,large,large,medium,111.3
PolypGen,/home/samsul/Documents/Polyp Detection/Polyp-Gen:/seq9/images/39.jpg,pgen_seq9,0,680,603,846,988,1080,1380,45701,9829,13865,3.066,large,large,medium,111.9
PolypGen,/home/samsul/Documents/Polyp Detection/Polyp-Gen:/seq9/images/31.jpg,pgen_seq9,0,710,593,871,912,1080,1380,36081,7760,11150,2.421,medium,large,medium,99.4
PolypGen,/home/samsul/Documents/Polyp Detection/Polyp-Gen:/seq9/images/8.jpg,pgen_seq9,0,965,539,1154,1003,1080,1380,65019,13984,19002,4.363,large,large,medium,133.4
PolypGen,/home/samsul/Documents/Polyp Detection/Polyp-Gen:/seq9/images/41.jpg,pgen_seq9,0,663,618,880,1078,1080,1380,71270,15329,21615,4.782,large,large,medium,139.7
PolypGen,/home/samsul/Documents/Polyp Detection/Polyp-Gen:/seq9/images/50.jpg,pgen_seq9,0,749,528,1032,1074,1080,1380,104457,22467,33412,7.009,large,large,medium,169.1
PolypGen,/home/samsul/Documents/Polyp Detection/Polyp-Gen:/seq9/images/19.jpg,pgen_seq9,0,1165,794,1265,974,1080,1380,11889,2557,3932,0.798,medium,large,small,57.1
PolypGen,/home/samsul/Documents/Polyp Detection/Polyp-Gen:/seq9/images/14.jpg,pgen_seq9,0,1039,720,1177,1065,1080,1380,36745,7903,10344,2.465,medium,large,medium,100.3
PolypGen,/home/samsul/Documents/Polyp Detection/Polyp-Gen:/seq9/images/28.jpg,pgen_seq9,0,882,633,1034,954,1080,1380,37711,8111,10596,2.53,medium,large,medium,101.6
PolypGen,/home/samsul/Documents/Polyp Detection/Polyp-Gen:/seq9/images/17.jpg,pgen_seq9,0,1021,767,1140,1018,1080,1380,24751,5323,6504,1.661,medium,large,small,82.3
PolypGen,/home/samsul/Documents/Polyp Detection/Polyp-Gen:/seq9/images/36.jpg,pgen_seq9,0,699,603,864,964,1080,1380,42566,9155,12925,2.856,medium,large,medium,108.0
PolypGen,/home/samsul/Documents/Polyp Detection/Polyp-Gen:/seq9/images/4.jpg,pgen_seq9,0,864,470,1067,999,1080,1380,84643,18205,23255,5.679,large,large,medium,152.2
PolypGen,/home/samsul/Documents/Polyp Detection/Polyp-Gen:/seq9/images/5.jpg,pgen_seq9,0,832,452,1046,1005,1080,1380,91559,19693,25618,6.143,large,large,medium,158.3
PolypGen,/home/samsul/Documents/Polyp Detection/Polyp-Gen:/seq9/images/26.jpg,pgen_seq9,0,943,629,1085,976,1080,1380,38064,8187,10703,2.554,medium,large,medium,102.1
PolypGen,/home/samsul/Documents/Polyp Detection/Polyp-Gen:/seq9/images/12.jpg,pgen_seq9,0,1019,714,1179,1079,1080,1380,41172,8855,12674,2.762,medium,large,medium,106.2
PolypGen,/home/samsul/Documents/Polyp Detection/Polyp-Gen:/seq9/images/32.jpg,pgen_seq9,0,715,586,867,877,1080,1380,31631,6803,9609,2.122,medium,large,small,93.1
PolypGen,/home/samsul/Documents/Polyp Detection/Polyp-Gen:/seq9/images/9.jpg,pgen_seq9,0,1059,602,1217,1011,1080,1380,49476,10641,14021,3.32,large,large,medium,116.4
PolypGen,/home/samsul/Documents/Polyp Detection/Polyp-Gen:/seq9/images/44.jpg,pgen_seq9,0,768,552,1016,1079,1080,1380,95961,20639,28277,6.439,large,large,medium,162.1
PolypGen,/home/samsul/Documents/Polyp Detection/Polyp-Gen:/seq9/images/35.jpg,pgen_seq9,0,710,591,868,940,1080,1380,37968,8166,11969,2.548,medium,large,medium,102.0
PolypGen,/home/samsul/Documents/Polyp Detection/Polyp-Gen:/seq9/images/48.jpg,pgen_seq9,0,745,526,1019,1067,1080,1380,101199,21766,32058,6.79,large,large,medium,166.5
PolypGen,/home/samsul/Documents/Polyp Detection/Polyp-Gen:/seq9/images/33.jpg,pgen_seq9,0,693,589,855,987,1080,1380,44724,9619,13988,3.001,large,large,medium,110.7
PolypGen,/home/samsul/Documents/Polyp Detection/Polyp-Gen:/seq9/images/43.jpg,pgen_seq9,0,651,668,883,1078,1080,1380,68500,14733,20597,4.596,large,large,medium,137.0
PolypGen,/home/samsul/Documents/Polyp Detection/Polyp-Gen:/seq9/images/47.jpg,pgen_seq9,0,770,532,1049,1079,1080,1380,105449,22680,33002,7.075,large,large,medium,169.9
PolypGen,/home/samsul/Documents/Polyp Detection/Polyp-Gen:/seq9/images/13.jpg,pgen_seq9,0,1024,723,1173,1079,1080,1380,38246,8226,11518,2.566,medium,large,medium,102.3
PolypGen,/home/samsul/Documents/Polyp Detection/Polyp-Gen:/seq9/images/16.jpg,pgen_seq9,0,1024,723,1173,1079,1080,1380,35101,7550,11518,2.355,medium,large,medium,98.0
PolypGen,/home/samsul/Documents/Polyp Detection/Polyp-Gen:/seq9/images/42.jpg,pgen_seq9,0,616,663,798,870,1080,1380,28213,6068,8187,1.893,medium,large,small,87.9
PolypGen,/home/samsul/Documents/Polyp Detection/Polyp-Gen:/seq9/images/38.jpg,pgen_seq9,0,681,582,846,904,1080,1380,39447,8484,11532,2.647,medium,large,medium,103.9
PolypGen,/home/samsul/Documents/Polyp Detection/Polyp-Gen:/seq9/images/15.jpg,pgen_seq9,0,1037,711,1182,1079,1080,1380,37684,8105,11587,2.528,medium,large,medium,101.6
PolypGen,/home/samsul/Documents/Polyp Detection/Polyp-Gen:/seq9/images/46.jpg,pgen_seq9,0,768,530,1055,1069,1080,1380,103887,22344,33449,6.97,large,large,medium,168.7
PolypGen,/home/samsul/Documents/Polyp Detection/Polyp-Gen:/seq9/images/7.jpg,pgen_seq9,0,823,458,1030,986,1080,1380,85892,18474,23666,5.763,large,large,medium,153.4
PolypGen,/home/samsul/Documents/Polyp Detection/Polyp-Gen:/seq9/images/45.jpg,pgen_seq9,0,767,513,1041,1074,1080,1380,106679,22945,33241,7.158,large,large,medium,170.9
PolypGen,/home/samsul/Documents/Polyp Detection/Polyp-Gen:/seq9/images/30.jpg,pgen_seq9,0,722,548,883,968,1080,1380,45280,9739,14669,3.038,large,large,medium,111.4
