dataset,image,mask,group_id,n_polyp,has_polyp,img_h,img_w
CVC-ClinicDB,/home/samsul/Documents/Polyp Detection/CVC-ClinicDB/PNG/Original/1.png,/home/samsul/Documents/Polyp Detection/CVC-ClinicDB/PNG/Ground Truth/1.png,cvc_seq_1,1,1,288,384
CVC-ClinicDB,/home/samsul/Documents/Polyp Detection/CVC-ClinicDB/PNG/Original/10.png,/home/samsul/Documents/Polyp Detection/CVC-ClinicDB/PNG/Ground Truth/10.png,cvc_seq_1,1,1,288,384
CVC-ClinicDB,/home/samsul/Documents/Polyp Detection/CVC-ClinicDB/PNG/Original/100.png,/home/samsul/Documents/Polyp Detection/CVC-ClinicDB/PNG/Ground Truth/100.png,cvc_seq_5,1,1,288,384
CVC-ClinicDB,/home/samsul/Documents/Polyp Detection/CVC-ClinicDB/PNG/Original/101.png,/home/samsul/Documents/Polyp Detection/CVC-ClinicDB/PNG/Ground Truth/101.png,cvc_seq_5,1,1,288,384
CVC-ClinicDB,/home/samsul/Documents/Polyp Detection/CVC-ClinicDB/PNG/Original/102.png,/home/samsul/Documents/Polyp Detection/CVC-ClinicDB/PNG/Ground Truth/102.png,cvc_seq_5,1,1,288,384
CVC-ClinicDB,/home/samsul/Documents/Polyp Detection/CVC-ClinicDB/PNG/Original/103.png,/home/samsul/Documents/Polyp Detection/CVC-ClinicDB/PNG/Ground Truth/103.png,cvc_seq_5,1,1,288,384
CVC-ClinicDB,/home/samsul/Documents/Polyp Detection/CVC-ClinicDB/PNG/Original/104.png,/home/samsul/Documents/Polyp Detection/CVC-ClinicDB/PNG/Ground Truth/104.png,cvc_seq_6,1,1,288,384
CVC-ClinicDB,/home/samsul/Documents/Polyp Detection/CVC-ClinicDB/PNG/Original/105.png,/home/samsul/Documents/Polyp Detection/CVC-ClinicDB/PNG/Ground Truth/105.png,cvc_seq_6,1,1,288,384
CVC-ClinicDB,/home/samsul/Documents/Polyp Detection/CVC-ClinicDB/PNG/Original/106.png,/home/samsul/Documents/Polyp Detection/CVC-ClinicDB/PNG/Ground Truth/106.png,cvc_seq_6,1,1,288,384
CVC-ClinicDB,/home/samsul/Documents/Polyp Detection/CVC-ClinicDB/PNG/Original/107.png,/home/samsul/Documents/Polyp Detection/CVC-ClinicDB/PNG/Ground Truth/107.png,cvc_seq_6,1,1,288,384
CVC-ClinicDB,/home/samsul/Documents/Polyp Detection/CVC-ClinicDB/PNG/Original/108.png,/home/samsul/Documents/Polyp Detection/CVC-ClinicDB/PNG/Ground Truth/108.png,cvc_seq_6,1,1,288,384
CVC-ClinicDB,/home/samsul/Documents/Polyp Detection/CVC-ClinicDB/PNG/Original/109.png,/home/samsul/Documents/Polyp Detection/CVC-ClinicDB/PNG/Ground Truth/109.png,cvc_seq_6,1,1,288,384
CVC-ClinicDB,/home/samsul/Documents/Polyp Detection/CVC-ClinicDB/PNG/Original/11.png,/home/samsul/Documents/Polyp Detection/CVC-ClinicDB/PNG/Ground Truth/11.png,cvc_seq_1,1,1,288,384
CVC-ClinicDB,/home/samsul/Documents/Polyp Detection/CVC-ClinicDB/PNG/Original/110.png,/home/samsul/Documents/Polyp Detection/CVC-ClinicDB/PNG/Ground Truth/110.png,cvc_seq_6,1,1,288,384
CVC-ClinicDB,/home/samsul/Documents/Polyp Detection/CVC-ClinicDB/PNG/Original/111.png,/home/samsul/Documents/Polyp Detection/CVC-ClinicDB/PNG/Ground Truth/111.png,cvc_seq_6,1,1,288,384
CVC-ClinicDB,/home/samsul/Documents/Polyp Detection/CVC-ClinicDB/PNG/Original/112.png,/home/samsul/Documents/Polyp Detection/CVC-ClinicDB/PNG/Ground Truth/112.png,cvc_seq_6,1,1,288,384
CVC-ClinicDB,/home/samsul/Documents/Polyp Detection/CVC-ClinicDB/PNG/Original/113.png,/home/samsul/Documents/Polyp Detection/CVC-ClinicDB/PNG/Ground Truth/113.png,cvc_seq_6,1,1,288,384
CVC-ClinicDB,/home/samsul/Documents/Polyp Detection/CVC-ClinicDB/PNG/Original/114.png,/home/samsul/Documents/Polyp Detection/CVC-ClinicDB/PNG/Ground Truth/114.png,cvc_seq_6,1,1,288,384
CVC-ClinicDB,/home/samsul/Documents/Polyp Detection/CVC-ClinicDB/PNG/Original/115.png,/home/samsul/Documents/Polyp Detection/CVC-ClinicDB/PNG/Ground Truth/115.png,cvc_seq_6,1,1,288,384
CVC-ClinicDB,/home/samsul/Documents/Polyp Detection/CVC-ClinicDB/PNG/Original/116.png,/home/samsul/Documents/Polyp Detection/CVC-ClinicDB/PNG/Ground Truth/116.png,cvc_seq_6,1,1,288,384
CVC-ClinicDB,/home/samsul/Documents/Polyp Detection/CVC-ClinicDB/PNG/Original/117.png,/home/samsul/Documents/Polyp Detection/CVC-ClinicDB/PNG/Ground Truth/117.png,cvc_seq_6,1,1,288,384
CVC-ClinicDB,/home/samsul/Documents/Polyp Detection/CVC-ClinicDB/PNG/Original/118.png,/home/samsul/Documents/Polyp Detection/CVC-ClinicDB/PNG/Ground Truth/118.png,cvc_seq_6,1,1,288,384
CVC-ClinicDB,/home/samsul/Documents/Polyp Detection/CVC-ClinicDB/PNG/Original/119.png,/home/samsul/Documents/Polyp Detection/CVC-ClinicDB/PNG/Ground Truth/119.png,cvc_seq_6,1,1,288,384
CVC-ClinicDB,/home/samsul/Documents/Polyp Detection/CVC-ClinicDB/PNG/Original/12.png,/home/samsul/Documents/Polyp Detection/CVC-ClinicDB/PNG/Ground Truth/12.png,cvc_seq_1,1,1,288,384
CVC-ClinicDB,/home/samsul/Documents/Polyp Detection/CVC-ClinicDB/PNG/Original/120.png,/home/samsul/Documents/Polyp Detection/CVC-ClinicDB/PNG/Ground Truth/120.png,cvc_seq_6,1,1,288,384
CVC-ClinicDB,/home/samsul/Documents/Polyp Detection/CVC-ClinicDB/PNG/Original/121.png,/home/samsul/Documents/Polyp Detection/CVC-ClinicDB/PNG/Ground Truth/121.png,cvc_seq_6,1,1,288,384
CVC-ClinicDB,/home/samsul/Documents/Polyp Detection/CVC-ClinicDB/PNG/Original/122.png,/home/samsul/Documents/Polyp Detection/CVC-ClinicDB/PNG/Ground Truth/122.png,cvc_seq_6,1,1,288,384
CVC-ClinicDB,/home/samsul/Documents/Polyp Detection/CVC-ClinicDB/PNG/Original/123.png,/home/samsul/Documents/Polyp Detection/CVC-ClinicDB/PNG/Ground Truth/123.png,cvc_seq_6,1,1,288,384
CVC-ClinicDB,/home/samsul/Documents/Polyp Detection/CVC-ClinicDB/PNG/Original/124.png,/home/samsul/Documents/Polyp Detection/CVC-ClinicDB/PNG/Ground Truth/124.png,cvc_seq_6,1,1,288,384
CVC-ClinicDB,/home/samsul/Documents/Polyp Detection/CVC-ClinicDB/PNG/Original/125.png,/home/samsul/Documents/Polyp Detection/CVC-ClinicDB/PNG/Ground Truth/125.png,cvc_seq_6,1,1,288,384
CVC-ClinicDB,/home/samsul/Documents/Polyp Detection/CVC-ClinicDB/PNG/Original/126.png,/home/samsul/Documents/Polyp Detection/CVC-ClinicDB/PNG/Ground Truth/126.png,cvc_seq_6,1,1,288,384
CVC-ClinicDB,/home/samsul/Documents/Polyp Detection/CVC-ClinicDB/PNG/Original/127.png,/home/samsul/Documents/Polyp Detection/CVC-ClinicDB/PNG/Ground Truth/127.png,cvc_seq_7,1,1,288,384
CVC-ClinicDB,/home/samsul/Documents/Polyp Detection/CVC-ClinicDB/PNG/Original/128.png,/home/samsul/Documents/Polyp Detection/CVC-ClinicDB/PNG/Ground Truth/128.png,cvc_seq_7,1,1,288,384
CVC-ClinicDB,/home/samsul/Documents/Polyp Detection/CVC-ClinicDB/PNG/Original/129.png,/home/samsul/Documents/Polyp Detection/CVC-ClinicDB/PNG/Ground Truth/129.png,cvc_seq_7,1,1,288,384
CVC-ClinicDB,/home/samsul/Documents/Polyp Detection/CVC-ClinicDB/PNG/Original/13.png,/home/samsul/Documents/Polyp Detection/CVC-ClinicDB/PNG/Ground Truth/13.png,cvc_seq_1,1,1,288,384
CVC-ClinicDB,/home/samsul/Documents/Polyp Detection/CVC-ClinicDB/PNG/Original/130.png,/home/samsul/Documents/Polyp Detection/CVC-ClinicDB/PNG/Ground Truth/130.png,cvc_seq_7,1,1,288,384
CVC-ClinicDB,/home/samsul/Documents/Polyp Detection/CVC-ClinicDB/PNG/Original/131.png,/home/samsul/Documents/Polyp Detection/CVC-ClinicDB/PNG/Ground Truth/131.png,cvc_seq_7,1,1,288,384
CVC-ClinicDB,/home/samsul/Documents/Polyp Detection/CVC-ClinicDB/PNG/Original/132.png,/home/samsul/Documents/Polyp Detection/CVC-ClinicDB/PNG/Ground Truth/132.png,cvc_seq_7,1,1,288,384
CVC-ClinicDB,/home/samsul/Documents/Polyp Detection/CVC-ClinicDB/PNG/Original/133.png,/home/samsul/Documents/Polyp Detection/CVC-ClinicDB/PNG/Ground Truth/133.png,cvc_seq_7,1,1,288,384
CVC-ClinicDB,/home/samsul/Documents/Polyp Detection/CVC-ClinicDB/PNG/Original/134.png,/home/samsul/Documents/Polyp Detection/CVC-ClinicDB/PNG/Ground Truth/134.png,cvc_seq_7,1,1,288,384
CVC-ClinicDB,/home/samsul/Documents/Polyp Detection/CVC-ClinicDB/PNG/Original/135.png,/home/samsul/Documents/Polyp Detection/CVC-ClinicDB/PNG/Ground Truth/135.png,cvc_seq_7,1,1,288,384
CVC-ClinicDB,/home/samsul/Documents/Polyp Detection/CVC-ClinicDB/PNG/Original/136.png,/home/samsul/Documents/Polyp Detection/CVC-ClinicDB/PNG/Ground Truth/136.png,cvc_seq_7,1,1,288,384
CVC-ClinicDB,/home/samsul/Documents/Polyp Detection/CVC-ClinicDB/PNG/Original/137.png,/home/samsul/Documents/Polyp Detection/CVC-ClinicDB/PNG/Ground Truth/137.png,cvc_seq_7,1,1,288,384
CVC-ClinicDB,/home/samsul/Documents/Polyp Detection/CVC-ClinicDB/PNG/Original/138.png,/home/samsul/Documents/Polyp Detection/CVC-ClinicDB/PNG/Ground Truth/138.png,cvc_seq_7,1,1,288,384
CVC-ClinicDB,/home/samsul/Documents/Polyp Detection/CVC-ClinicDB/PNG/Original/139.png,/home/samsul/Documents/Polyp Detection/CVC-ClinicDB/PNG/Ground Truth/139.png,cvc_seq_7,1,1,288,384
CVC-ClinicDB,/home/samsul/Documents/Polyp Detection/CVC-ClinicDB/PNG/Original/14.png,/home/samsul/Documents/Polyp Detection/CVC-ClinicDB/PNG/Ground Truth/14.png,cvc_seq_1,1,1,288,384
CVC-ClinicDB,/home/samsul/Documents/Polyp Detection/CVC-ClinicDB/PNG/Original/140.png,/home/samsul/Documents/Polyp Detection/CVC-ClinicDB/PNG/Ground Truth/140.png,cvc_seq_7,1,1,288,384
CVC-ClinicDB,/home/samsul/Documents/Polyp Detection/CVC-ClinicDB/PNG/Original/141.png,/home/samsul/Documents/Polyp Detection/CVC-ClinicDB/PNG/Ground Truth/141.png,cvc_seq_7,1,1,288,384
CVC-ClinicDB,/home/samsul/Documents/Polyp Detection/CVC-ClinicDB/PNG/Original/142.png,/home/samsul/Documents/Polyp Detection/CVC-ClinicDB/PNG/Ground Truth/142.png,cvc_seq_7,1,1,288,384
CVC-ClinicDB,/home/samsul/Documents/Polyp Detection/CVC-ClinicDB/PNG/Original/143.png,/home/samsul/Documents/Polyp Detection/CVC-ClinicDB/PNG/Ground Truth/143.png,cvc_seq_7,1,1,288,384
CVC-ClinicDB,/home/samsul/Documents/Polyp Detection/CVC-ClinicDB/PNG/Original/144.png,/home/samsul/Documents/Polyp Detection/CVC-ClinicDB/PNG/Ground Truth/144.png,cvc_seq_7,1,1,288,384
CVC-ClinicDB,/home/samsul/Documents/Polyp Detection/CVC-ClinicDB/PNG/Original/145.png,/home/samsul/Documents/Polyp Detection/CVC-ClinicDB/PNG/Ground Truth/145.png,cvc_seq_7,1,1,288,384
CVC-ClinicDB,/home/samsul/Documents/Polyp Detection/CVC-ClinicDB/PNG/Original/146.png,/home/samsul/Documents/Polyp Detection/CVC-ClinicDB/PNG/Ground Truth/146.png,cvc_seq_7,1,1,288,384
CVC-ClinicDB,/home/samsul/Documents/Polyp Detection/CVC-ClinicDB/PNG/Original/147.png,/home/samsul/Documents/Polyp Detection/CVC-ClinicDB/PNG/Ground Truth/147.png,cvc_seq_7,1,1,288,384
CVC-ClinicDB,/home/samsul/Documents/Polyp Detection/CVC-ClinicDB/PNG/Original/148.png,/home/samsul/Documents/Polyp Detection/CVC-ClinicDB/PNG/Ground Truth/148.png,cvc_seq_7,1,1,288,384
CVC-ClinicDB,/home/samsul/Documents/Polyp Detection/CVC-ClinicDB/PNG/Original/149.png,/home/samsul/Documents/Polyp Detection/CVC-ClinicDB/PNG/Ground Truth/149.png,cvc_seq_7,1,1,288,384
CVC-ClinicDB,/home/samsul/Documents/Polyp Detection/CVC-ClinicDB/PNG/Original/15.png,/home/samsul/Documents/Polyp Detection/CVC-ClinicDB/PNG/Ground Truth/15.png,cvc_seq_1,1,1,288,384
CVC-ClinicDB,/home/samsul/Documents/Polyp Detection/CVC-ClinicDB/PNG/Original/150.png,/home/samsul/Documents/Polyp Detection/CVC-ClinicDB/PNG/Ground Truth/150.png,cvc_seq_7,1,1,288,384
CVC-ClinicDB,/home/samsul/Documents/Polyp Detection/CVC-ClinicDB/PNG/Original/151.png,/home/samsul/Documents/Polyp Detection/CVC-ClinicDB/PNG/Ground Truth/151.png,cvc_seq_7,1,1,288,384
CVC-ClinicDB,/home/samsul/Documents/Polyp Detection/CVC-ClinicDB/PNG/Original/152.png,/home/samsul/Documents/Polyp Detection/CVC-ClinicDB/PNG/Ground Truth/152.png,cvc_seq_8,1,1,288,384
CVC-ClinicDB,/home/samsul/Documents/Polyp Detection/CVC-ClinicDB/PNG/Original/153.png,/home/samsul/Documents/Polyp Detection/CVC-ClinicDB/PNG/Ground Truth/153.png,cvc_seq_8,1,1,288,384
CVC-ClinicDB,/home/samsul/Documents/Polyp Detection/CVC-ClinicDB/PNG/Original/154.png,/home/samsul/Documents/Polyp Detection/CVC-ClinicDB/PNG/Ground Truth/154.png,cvc_seq_8,1,1,288,384
CVC-ClinicDB,/home/samsul/Documents/Polyp Detection/CVC-ClinicDB/PNG/Original/155.png,/home/samsul/Documents/Polyp Detection/CVC-ClinicDB/PNG/Ground Truth/155.png,cvc_seq_8,1,1,288,384
CVC-ClinicDB,/home/samsul/Documents/Polyp Detection/CVC-ClinicDB/PNG/Original/156.png,/home/samsul/Documents/Polyp Detection/CVC-ClinicDB/PNG/Ground Truth/156.png,cvc_seq_8,1,1,288,384
CVC-ClinicDB,/home/samsul/Documents/Polyp Detection/CVC-ClinicDB/PNG/Original/157.png,/home/samsul/Documents/Polyp Detection/CVC-ClinicDB/PNG/Ground Truth/157.png,cvc_seq_8,1,1,288,384
CVC-ClinicDB,/home/samsul/Documents/Polyp Detection/CVC-ClinicDB/PNG/Original/158.png,/home/samsul/Documents/Polyp Detection/CVC-ClinicDB/PNG/Ground Truth/158.png,cvc_seq_8,1,1,288,384
CVC-ClinicDB,/home/samsul/Documents/Polyp Detection/CVC-ClinicDB/PNG/Original/159.png,/home/samsul/Documents/Polyp Detection/CVC-ClinicDB/PNG/Ground Truth/159.png,cvc_seq_8,1,1,288,384
CVC-ClinicDB,/home/samsul/Documents/Polyp Detection/CVC-ClinicDB/PNG/Original/16.png,/home/samsul/Documents/Polyp Detection/CVC-ClinicDB/PNG/Ground Truth/16.png,cvc_seq_1,1,1,288,384
CVC-ClinicDB,/home/samsul/Documents/Polyp Detection/CVC-ClinicDB/PNG/Original/160.png,/home/samsul/Documents/Polyp Detection/CVC-ClinicDB/PNG/Ground Truth/160.png,cvc_seq_8,1,1,288,384
CVC-ClinicDB,/home/samsul/Documents/Polyp Detection/CVC-ClinicDB/PNG/Original/161.png,/home/samsul/Documents/Polyp Detection/CVC-ClinicDB/PNG/Ground Truth/161.png,cvc_seq_8,1,1,288,384
CVC-ClinicDB,/home/samsul/Documents/Polyp Detection/CVC-ClinicDB/PNG/Original/162.png,/home/samsul/Documents/Polyp Detection/CVC-ClinicDB/PNG/Ground Truth/162.png,cvc_seq_8,1,1,288,384
CVC-ClinicDB,/home/samsul/Documents/Polyp Detection/CVC-ClinicDB/PNG/Original/163.png,/home/samsul/Documents/Polyp Detection/CVC-ClinicDB/PNG/Ground Truth/163.png,cvc_seq_8,1,1,288,384
CVC-ClinicDB,/home/samsul/Documents/Polyp Detection/CVC-ClinicDB/PNG/Original/164.png,/home/samsul/Documents/Polyp Detection/CVC-ClinicDB/PNG/Ground Truth/164.png,cvc_seq_8,1,1,288,384
CVC-ClinicDB,/home/samsul/Documents/Polyp Detection/CVC-ClinicDB/PNG/Original/165.png,/home/samsul/Documents/Polyp Detection/CVC-ClinicDB/PNG/Ground Truth/165.png,cvc_seq_8,1,1,288,384
CVC-ClinicDB,/home/samsul/Documents/Polyp Detection/CVC-ClinicDB/PNG/Original/166.png,/home/samsul/Documents/Polyp Detection/CVC-ClinicDB/PNG/Ground Truth/166.png,cvc_seq_8,1,1,288,384
CVC-ClinicDB,/home/samsul/Documents/Polyp Detection/CVC-ClinicDB/PNG/Original/167.png,/home/samsul/Documents/Polyp Detection/CVC-ClinicDB/PNG/Ground Truth/167.png,cvc_seq_8,1,1,288,384
CVC-ClinicDB,/home/samsul/Documents/Polyp Detection/CVC-ClinicDB/PNG/Original/168.png,/home/samsul/Documents/Polyp Detection/CVC-ClinicDB/PNG/Ground Truth/168.png,cvc_seq_8,1,1,288,384
CVC-ClinicDB,/home/samsul/Documents/Polyp Detection/CVC-ClinicDB/PNG/Original/169.png,/home/samsul/Documents/Polyp Detection/CVC-ClinicDB/PNG/Ground Truth/169.png,cvc_seq_8,1,1,288,384
CVC-ClinicDB,/home/samsul/Documents/Polyp Detection/CVC-ClinicDB/PNG/Original/17.png,/home/samsul/Documents/Polyp Detection/CVC-ClinicDB/PNG/Ground Truth/17.png,cvc_seq_1,1,1,288,384
CVC-ClinicDB,/home/samsul/Documents/Polyp Detection/CVC-ClinicDB/PNG/Original/170.png,/home/samsul/Documents/Polyp Detection/CVC-ClinicDB/PNG/Ground Truth/170.png,cvc_seq_8,1,1,288,384
CVC-ClinicDB,/home/samsul/Documents/Polyp Detection/CVC-ClinicDB/PNG/Original/171.png,/home/samsul/Documents/Polyp Detection/CVC-ClinicDB/PNG/Ground Truth/171.png,cvc_seq_8,1,1,288,384
CVC-ClinicDB,/home/samsul/Documents/Polyp Detection/CVC-ClinicDB/PNG/Original/172.png,/home/samsul/Documents/Polyp Detection/CVC-ClinicDB/PNG/Ground Truth/172.png,cvc_seq_8,1,1,288,384
CVC-ClinicDB,/home/samsul/Documents/Polyp Detection/CVC-ClinicDB/PNG/Original/173.png,/home/samsul/Documents/Polyp Detection/CVC-ClinicDB/PNG/Ground Truth/173.png,cvc_seq_8,1,1,288,384
CVC-ClinicDB,/home/samsul/Documents/Polyp Detection/CVC-ClinicDB/PNG/Original/174.png,/home/samsul/Documents/Polyp Detection/CVC-ClinicDB/PNG/Ground Truth/174.png,cvc_seq_8,1,1,288,384
CVC-ClinicDB,/home/samsul/Documents/Polyp Detection/CVC-ClinicDB/PNG/Original/175.png,/home/samsul/Documents/Polyp Detection/CVC-ClinicDB/PNG/Ground Truth/175.png,cvc_seq_8,1,1,288,384
CVC-ClinicDB,/home/samsul/Documents/Polyp Detection/CVC-ClinicDB/PNG/Original/176.png,/home/samsul/Documents/Polyp Detection/CVC-ClinicDB/PNG/Ground Truth/176.png,cvc_seq_8,1,1,288,384
CVC-ClinicDB,/home/samsul/Documents/Polyp Detection/CVC-ClinicDB/PNG/Original/177.png,/home/samsul/Documents/Polyp Detection/CVC-ClinicDB/PNG/Ground Truth/177.png,cvc_seq_8,1,1,288,384
CVC-ClinicDB,/home/samsul/Documents/Polyp Detection/CVC-ClinicDB/PNG/Original/178.png,/home/samsul/Documents/Polyp Detection/CVC-ClinicDB/PNG/Ground Truth/178.png,cvc_seq_9,1,1,288,384
CVC-ClinicDB,/home/samsul/Documents/Polyp Detection/CVC-ClinicDB/PNG/Original/179.png,/home/samsul/Documents/Polyp Detection/CVC-ClinicDB/PNG/Ground Truth/179.png,cvc_seq_9,1,1,288,384
CVC-ClinicDB,/home/samsul/Documents/Polyp Detection/CVC-ClinicDB/PNG/Original/18.png,/home/samsul/Documents/Polyp Detection/CVC-ClinicDB/PNG/Ground Truth/18.png,cvc_seq_1,1,1,288,384
CVC-ClinicDB,/home/samsul/Documents/Polyp Detection/CVC-ClinicDB/PNG/Original/180.png,/home/samsul/Documents/Polyp Detection/CVC-ClinicDB/PNG/Ground Truth/180.png,cvc_seq_9,1,1,288,384
CVC-ClinicDB,/home/samsul/Documents/Polyp Detection/CVC-ClinicDB/PNG/Original/181.png,/home/samsul/Documents/Polyp Detection/CVC-ClinicDB/PNG/Ground Truth/181.png,cvc_seq_9,1,1,288,384
CVC-ClinicDB,/home/samsul/Documents/Polyp Detection/CVC-ClinicDB/PNG/Original/182.png,/home/samsul/Documents/Polyp Detection/CVC-ClinicDB/PNG/Ground Truth/182.png,cvc_seq_9,1,1,288,384
CVC-ClinicDB,/home/samsul/Documents/Polyp Detection/CVC-ClinicDB/PNG/Original/183.png,/home/samsul/Documents/Polyp Detection/CVC-ClinicDB/PNG/Ground Truth/183.png,cvc_seq_9,1,1,288,384
CVC-ClinicDB,/home/samsul/Documents/Polyp Detection/CVC-ClinicDB/PNG/Original/184.png,/home/samsul/Documents/Polyp Detection/CVC-ClinicDB/PNG/Ground Truth/184.png,cvc_seq_9,1,1,288,384
CVC-ClinicDB,/home/samsul/Documents/Polyp Detection/CVC-ClinicDB/PNG/Original/185.png,/home/samsul/Documents/Polyp Detection/CVC-ClinicDB/PNG/Ground Truth/185.png,cvc_seq_9,1,1,288,384
CVC-ClinicDB,/home/samsul/Documents/Polyp Detection/CVC-ClinicDB/PNG/Original/186.png,/home/samsul/Documents/Polyp Detection/CVC-ClinicDB/PNG/Ground Truth/186.png,cvc_seq_9,1,1,288,384
CVC-ClinicDB,/home/samsul/Documents/Polyp Detection/CVC-ClinicDB/PNG/Original/187.png,/home/samsul/Documents/Polyp Detection/CVC-ClinicDB/PNG/Ground Truth/187.png,cvc_seq_9,1,1,288,384
CVC-ClinicDB,/home/samsul/Documents/Polyp Detection/CVC-ClinicDB/PNG/Original/188.png,/home/samsul/Documents/Polyp Detection/CVC-ClinicDB/PNG/Ground Truth/188.png,cvc_seq_9,1,1,288,384
CVC-ClinicDB,/home/samsul/Documents/Polyp Detection/CVC-ClinicDB/PNG/Original/189.png,/home/samsul/Documents/Polyp Detection/CVC-ClinicDB/PNG/Ground Truth/189.png,cvc_seq_9,1,1,288,384
CVC-ClinicDB,/home/samsul/Documents/Polyp Detection/CVC-ClinicDB/PNG/Original/19.png,/home/samsul/Documents/Polyp Detection/CVC-ClinicDB/PNG/Ground Truth/19.png,cvc_seq_1,1,1,288,384
CVC-ClinicDB,/home/samsul/Documents/Polyp Detection/CVC-ClinicDB/PNG/Original/190.png,/home/samsul/Documents/Polyp Detection/CVC-ClinicDB/PNG/Ground Truth/190.png,cvc_seq_9,1,1,288,384
CVC-ClinicDB,/home/samsul/Documents/Polyp Detection/CVC-ClinicDB/PNG/Original/191.png,/home/samsul/Documents/Polyp Detection/CVC-ClinicDB/PNG/Ground Truth/191.png,cvc_seq_9,1,1,288,384
CVC-ClinicDB,/home/samsul/Documents/Polyp Detection/CVC-ClinicDB/PNG/Original/192.png,/home/samsul/Documents/Polyp Detection/CVC-ClinicDB/PNG/Ground Truth/192.png,cvc_seq_9,1,1,288,384
CVC-ClinicDB,/home/samsul/Documents/Polyp Detection/CVC-ClinicDB/PNG/Original/193.png,/home/samsul/Documents/Polyp Detection/CVC-ClinicDB/PNG/Ground Truth/193.png,cvc_seq_9,1,1,288,384
CVC-ClinicDB,/home/samsul/Documents/Polyp Detection/CVC-ClinicDB/PNG/Original/194.png,/home/samsul/Documents/Polyp Detection/CVC-ClinicDB/PNG/Ground Truth/194.png,cvc_seq_9,1,1,288,384
CVC-ClinicDB,/home/samsul/Documents/Polyp Detection/CVC-ClinicDB/PNG/Original/195.png,/home/samsul/Documents/Polyp Detection/CVC-ClinicDB/PNG/Ground Truth/195.png,cvc_seq_9,1,1,288,384
CVC-ClinicDB,/home/samsul/Documents/Polyp Detection/CVC-ClinicDB/PNG/Original/196.png,/home/samsul/Documents/Polyp Detection/CVC-ClinicDB/PNG/Ground Truth/196.png,cvc_seq_9,1,1,288,384
CVC-ClinicDB,/home/samsul/Documents/Polyp Detection/CVC-ClinicDB/PNG/Original/197.png,/home/samsul/Documents/Polyp Detection/CVC-ClinicDB/PNG/Ground Truth/197.png,cvc_seq_9,1,1,288,384
CVC-ClinicDB,/home/samsul/Documents/Polyp Detection/CVC-ClinicDB/PNG/Original/198.png,/home/samsul/Documents/Polyp Detection/CVC-ClinicDB/PNG/Ground Truth/198.png,cvc_seq_9,1,1,288,384
CVC-ClinicDB,/home/samsul/Documents/Polyp Detection/CVC-ClinicDB/PNG/Original/199.png,/home/samsul/Documents/Polyp Detection/CVC-ClinicDB/PNG/Ground Truth/199.png,cvc_seq_9,1,1,288,384
CVC-ClinicDB,/home/samsul/Documents/Polyp Detection/CVC-ClinicDB/PNG/Original/2.png,/home/samsul/Documents/Polyp Detection/CVC-ClinicDB/PNG/Ground Truth/2.png,cvc_seq_1,1,1,288,384
CVC-ClinicDB,/home/samsul/Documents/Polyp Detection/CVC-ClinicDB/PNG/Original/20.png,/home/samsul/Documents/Polyp Detection/CVC-ClinicDB/PNG/Ground Truth/20.png,cvc_seq_1,1,1,288,384
CVC-ClinicDB,/home/samsul/Documents/Polyp Detection/CVC-ClinicDB/PNG/Original/200.png,/home/samsul/Documents/Polyp Detection/CVC-ClinicDB/PNG/Ground Truth/200.png,cvc_seq_10,1,1,288,384
CVC-ClinicDB,/home/samsul/Documents/Polyp Detection/CVC-ClinicDB/PNG/Original/201.png,/home/samsul/Documents/Polyp Detection/CVC-ClinicDB/PNG/Ground Truth/201.png,cvc_seq_10,1,1,288,384
CVC-ClinicDB,/home/samsul/Documents/Polyp Detection/CVC-ClinicDB/PNG/Original/202.png,/home/samsul/Documents/Polyp Detection/CVC-ClinicDB/PNG/Ground Truth/202.png,cvc_seq_10,1,1,288,384
CVC-ClinicDB,/home/samsul/Documents/Polyp Detection/CVC-ClinicDB/PNG/Original/203.png,/home/samsul/Documents/Polyp Detection/CVC-ClinicDB/PNG/Ground Truth/203.png,cvc_seq_10,1,1,288,384
CVC-ClinicDB,/home/samsul/Documents/Polyp Detection/CVC-ClinicDB/PNG/Original/204.png,/home/samsul/Documents/Polyp Detection/CVC-ClinicDB/PNG/Ground Truth/204.png,cvc_seq_10,1,1,288,384
CVC-ClinicDB,/home/samsul/Documents/Polyp Detection/CVC-ClinicDB/PNG/Original/205.png,/home/samsul/Documents/Polyp Detection/CVC-ClinicDB/PNG/Ground Truth/205.png,cvc_seq_10,1,1,288,384
CVC-ClinicDB,/home/samsul/Documents/Polyp Detection/CVC-ClinicDB/PNG/Original/206.png,/home/samsul/Documents/Polyp Detection/CVC-ClinicDB/PNG/Ground Truth/206.png,cvc_seq_11,1,1,288,384
CVC-ClinicDB,/home/samsul/Documents/Polyp Detection/CVC-ClinicDB/PNG/Original/207.png,/home/samsul/Documents/Polyp Detection/CVC-ClinicDB/PNG/Ground Truth/207.png,cvc_seq_11,1,1,288,384
CVC-ClinicDB,/home/samsul/Documents/Polyp Detection/CVC-ClinicDB/PNG/Original/208.png,/home/samsul/Documents/Polyp Detection/CVC-ClinicDB/PNG/Ground Truth/208.png,cvc_seq_11,1,1,288,384
CVC-ClinicDB,/home/samsul/Documents/Polyp Detection/CVC-ClinicDB/PNG/Original/209.png,/home/samsul/Documents/Polyp Detection/CVC-ClinicDB/PNG/Ground Truth/209.png,cvc_seq_11,1,1,288,384
CVC-ClinicDB,/home/samsul/Documents/Polyp Detection/CVC-ClinicDB/PNG/Original/21.png,/home/samsul/Documents/Polyp Detection/CVC-ClinicDB/PNG/Ground Truth/21.png,cvc_seq_1,1,1,288,384
CVC-ClinicDB,/home/samsul/Documents/Polyp Detection/CVC-ClinicDB/PNG/Original/210.png,/home/samsul/Documents/Polyp Detection/CVC-ClinicDB/PNG/Ground Truth/210.png,cvc_seq_11,1,1,288,384
CVC-ClinicDB,/home/samsul/Documents/Polyp Detection/CVC-ClinicDB/PNG/Original/211.png,/home/samsul/Documents/Polyp Detection/CVC-ClinicDB/PNG/Ground Truth/211.png,cvc_seq_11,1,1,288,384
CVC-ClinicDB,/home/samsul/Documents/Polyp Detection/CVC-ClinicDB/PNG/Original/212.png,/home/samsul/Documents/Polyp Detection/CVC-ClinicDB/PNG/Ground Truth/212.png,cvc_seq_11,1,1,288,384
CVC-ClinicDB,/home/samsul/Documents/Polyp Detection/CVC-ClinicDB/PNG/Original/213.png,/home/samsul/Documents/Polyp Detection/CVC-ClinicDB/PNG/Ground Truth/213.png,cvc_seq_11,1,1,288,384
CVC-ClinicDB,/home/samsul/Documents/Polyp Detection/CVC-ClinicDB/PNG/Original/214.png,/home/samsul/Documents/Polyp Detection/CVC-ClinicDB/PNG/Ground Truth/214.png,cvc_seq_11,1,1,288,384
CVC-ClinicDB,/home/samsul/Documents/Polyp Detection/CVC-ClinicDB/PNG/Original/215.png,/home/samsul/Documents/Polyp Detection/CVC-ClinicDB/PNG/Ground Truth/215.png,cvc_seq_11,1,1,288,384
CVC-ClinicDB,/home/samsul/Documents/Polyp Detection/CVC-ClinicDB/PNG/Original/216.png,/home/samsul/Documents/Polyp Detection/CVC-ClinicDB/PNG/Ground Truth/216.png,cvc_seq_11,1,1,288,384
CVC-ClinicDB,/home/samsul/Documents/Polyp Detection/CVC-ClinicDB/PNG/Original/217.png,/home/samsul/Documents/Polyp Detection/CVC-ClinicDB/PNG/Ground Truth/217.png,cvc_seq_11,1,1,288,384
CVC-ClinicDB,/home/samsul/Documents/Polyp Detection/CVC-ClinicDB/PNG/Original/218.png,/home/samsul/Documents/Polyp Detection/CVC-ClinicDB/PNG/Ground Truth/218.png,cvc_seq_11,1,1,288,384
CVC-ClinicDB,/home/samsul/Documents/Polyp Detection/CVC-ClinicDB/PNG/Original/219.png,/home/samsul/Documents/Polyp Detection/CVC-ClinicDB/PNG/Ground Truth/219.png,cvc_seq_11,1,1,288,384
CVC-ClinicDB,/home/samsul/Documents/Polyp Detection/CVC-ClinicDB/PNG/Original/22.png,/home/samsul/Documents/Polyp Detection/CVC-ClinicDB/PNG/Ground Truth/22.png,cvc_seq_1,1,1,288,384
CVC-ClinicDB,/home/samsul/Documents/Polyp Detection/CVC-ClinicDB/PNG/Original/220.png,/home/samsul/Documents/Polyp Detection/CVC-ClinicDB/PNG/Ground Truth/220.png,cvc_seq_11,1,1,288,384
CVC-ClinicDB,/home/samsul/Documents/Polyp Detection/CVC-ClinicDB/PNG/Original/221.png,/home/samsul/Documents/Polyp Detection/CVC-ClinicDB/PNG/Ground Truth/221.png,cvc_seq_11,1,1,288,384
CVC-ClinicDB,/home/samsul/Documents/Polyp Detection/CVC-ClinicDB/PNG/Original/222.png,/home/samsul/Documents/Polyp Detection/CVC-ClinicDB/PNG/Ground Truth/222.png,cvc_seq_11,1,1,288,384
CVC-ClinicDB,/home/samsul/Documents/Polyp Detection/CVC-ClinicDB/PNG/Original/223.png,/home/samsul/Documents/Polyp Detection/CVC-ClinicDB/PNG/Ground Truth/223.png,cvc_seq_11,1,1,288,384
CVC-ClinicDB,/home/samsul/Documents/Polyp Detection/CVC-ClinicDB/PNG/Original/224.png,/home/samsul/Documents/Polyp Detection/CVC-ClinicDB/PNG/Ground Truth/224.png,cvc_seq_11,1,1,288,384
CVC-ClinicDB,/home/samsul/Documents/Polyp Detection/CVC-ClinicDB/PNG/Original/225.png,/home/samsul/Documents/Polyp Detection/CVC-ClinicDB/PNG/Ground Truth/225.png,cvc_seq_11,1,1,288,384
CVC-ClinicDB,/home/samsul/Documents/Polyp Detection/CVC-ClinicDB/PNG/Original/226.png,/home/samsul/Documents/Polyp Detection/CVC-ClinicDB/PNG/Ground Truth/226.png,cvc_seq_11,1,1,288,384
CVC-ClinicDB,/home/samsul/Documents/Polyp Detection/CVC-ClinicDB/PNG/Original/227.png,/home/samsul/Documents/Polyp Detection/CVC-ClinicDB/PNG/Ground Truth/227.png,cvc_seq_11,1,1,288,384
CVC-ClinicDB,/home/samsul/Documents/Polyp Detection/CVC-ClinicDB/PNG/Original/228.png,/home/samsul/Documents/Polyp Detection/CVC-ClinicDB/PNG/Ground Truth/228.png,cvc_seq_12,1,1,288,384
CVC-ClinicDB,/home/samsul/Documents/Polyp Detection/CVC-ClinicDB/PNG/Original/229.png,/home/samsul/Documents/Polyp Detection/CVC-ClinicDB/PNG/Ground Truth/229.png,cvc_seq_12,1,1,288,384
CVC-ClinicDB,/home/samsul/Documents/Polyp Detection/CVC-ClinicDB/PNG/Original/23.png,/home/samsul/Documents/Polyp Detection/CVC-ClinicDB/PNG/Ground Truth/23.png,cvc_seq_1,1,1,288,384
CVC-ClinicDB,/home/samsul/Documents/Polyp Detection/CVC-ClinicDB/PNG/Original/230.png,/home/samsul/Documents/Polyp Detection/CVC-ClinicDB/PNG/Ground Truth/230.png,cvc_seq_12,1,1,288,384
CVC-ClinicDB,/home/samsul/Documents/Polyp Detection/CVC-ClinicDB/PNG/Original/231.png,/home/samsul/Documents/Polyp Detection/CVC-ClinicDB/PNG/Ground Truth/231.png,cvc_seq_12,1,1,288,384
CVC-ClinicDB,/home/samsul/Documents/Polyp Detection/CVC-ClinicDB/PNG/Original/232.png,/home/samsul/Documents/Polyp Detection/CVC-ClinicDB/PNG/Ground Truth/232.png,cvc_seq_12,1,1,288,384
CVC-ClinicDB,/home/samsul/Documents/Polyp Detection/CVC-ClinicDB/PNG/Original/233.png,/home/samsul/Documents/Polyp Detection/CVC-ClinicDB/PNG/Ground Truth/233.png,cvc_seq_12,1,1,288,384
CVC-ClinicDB,/home/samsul/Documents/Polyp Detection/CVC-ClinicDB/PNG/Original/234.png,/home/samsul/Documents/Polyp Detection/CVC-ClinicDB/PNG/Ground Truth/234.png,cvc_seq_12,1,1,288,384
CVC-ClinicDB,/home/samsul/Documents/Polyp Detection/CVC-ClinicDB/PNG/Original/235.png,/home/samsul/Documents/Polyp Detection/CVC-ClinicDB/PNG/Ground Truth/235.png,cvc_seq_12,1,1,288,384
CVC-ClinicDB,/home/samsul/Documents/Polyp Detection/CVC-ClinicDB/PNG/Original/236.png,/home/samsul/Documents/Polyp Detection/CVC-ClinicDB/PNG/Ground Truth/236.png,cvc_seq_12,1,1,288,384
CVC-ClinicDB,/home/samsul/Documents/Polyp Detection/CVC-ClinicDB/PNG/Original/237.png,/home/samsul/Documents/Polyp Detection/CVC-ClinicDB/PNG/Ground Truth/237.png,cvc_seq_12,1,1,288,384
CVC-ClinicDB,/home/samsul/Documents/Polyp Detection/CVC-ClinicDB/PNG/Original/238.png,/home/samsul/Documents/Polyp Detection/CVC-ClinicDB/PNG/Ground Truth/238.png,cvc_seq_12,1,1,288,384
CVC-ClinicDB,/home/samsul/Documents/Polyp Detection/CVC-ClinicDB/PNG/Original/239.png,/home/samsul/Documents/Polyp Detection/CVC-ClinicDB/PNG/Ground Truth/239.png,cvc_seq_12,1,1,288,384
CVC-ClinicDB,/home/samsul/Documents/Polyp Detection/CVC-ClinicDB/PNG/Original/24.png,/home/samsul/Documents/Polyp Detection/CVC-ClinicDB/PNG/Ground Truth/24.png,cvc_seq_1,1,1,288,384
CVC-ClinicDB,/home/samsul/Documents/Polyp Detection/CVC-ClinicDB/PNG/Original/240.png,/home/samsul/Documents/Polyp Detection/CVC-ClinicDB/PNG/Ground Truth/240.png,cvc_seq_12,1,1,288,384
CVC-ClinicDB,/home/samsul/Documents/Polyp Detection/CVC-ClinicDB/PNG/Original/241.png,/home/samsul/Documents/Polyp Detection/CVC-ClinicDB/PNG/Ground Truth/241.png,cvc_seq_12,1,1,288,384
CVC-ClinicDB,/home/samsul/Documents/Polyp Detection/CVC-ClinicDB/PNG/Original/242.png,/home/samsul/Documents/Polyp Detection/CVC-ClinicDB/PNG/Ground Truth/242.png,cvc_seq_12,1,1,288,384
CVC-ClinicDB,/home/samsul/Documents/Polyp Detection/CVC-ClinicDB/PNG/Original/243.png,/home/samsul/Documents/Polyp Detection/CVC-ClinicDB/PNG/Ground Truth/243.png,cvc_seq_12,1,1,288,384
CVC-ClinicDB,/home/samsul/Documents/Polyp Detection/CVC-ClinicDB/PNG/Original/244.png,/home/samsul/Documents/Polyp Detection/CVC-ClinicDB/PNG/Ground Truth/244.png,cvc_seq_12,1,1,288,384
CVC-ClinicDB,/home/samsul/Documents/Polyp Detection/CVC-ClinicDB/PNG/Original/245.png,/home/samsul/Documents/Polyp Detection/CVC-ClinicDB/PNG/Ground Truth/245.png,cvc_seq_12,1,1,288,384
CVC-ClinicDB,/home/samsul/Documents/Polyp Detection/CVC-ClinicDB/PNG/Original/246.png,/home/samsul/Documents/Polyp Detection/CVC-ClinicDB/PNG/Ground Truth/246.png,cvc_seq_12,1,1,288,384
CVC-ClinicDB,/home/samsul/Documents/Polyp Detection/CVC-ClinicDB/PNG/Original/247.png,/home/samsul/Documents/Polyp Detection/CVC-ClinicDB/PNG/Ground Truth/247.png,cvc_seq_12,1,1,288,384
CVC-ClinicDB,/home/samsul/Documents/Polyp Detection/CVC-ClinicDB/PNG/Original/248.png,/home/samsul/Documents/Polyp Detection/CVC-ClinicDB/PNG/Ground Truth/248.png,cvc_seq_12,1,1,288,384
CVC-ClinicDB,/home/samsul/Documents/Polyp Detection/CVC-ClinicDB/PNG/Original/249.png,/home/samsul/Documents/Polyp Detection/CVC-ClinicDB/PNG/Ground Truth/249.png,cvc_seq_12,1,1,288,384
CVC-ClinicDB,/home/samsul/Documents/Polyp Detection/CVC-ClinicDB/PNG/Original/25.png,/home/samsul/Documents/Polyp Detection/CVC-ClinicDB/PNG/Ground Truth/25.png,cvc_seq_1,1,1,288,384
CVC-ClinicDB,/home/samsul/Documents/Polyp Detection/CVC-ClinicDB/PNG/Original/250.png,/home/samsul/Documents/Polyp Detection/CVC-ClinicDB/PNG/Ground Truth/250.png,cvc_seq_12,1,1,288,384
CVC-ClinicDB,/home/samsul/Documents/Polyp Detection/CVC-ClinicDB/PNG/Original/251.png,/home/samsul/Documents/Polyp Detection/CVC-ClinicDB/PNG/Ground Truth/251.png,cvc_seq_12,1,1,288,384
CVC-ClinicDB,/home/samsul/Documents/Polyp Detection/CVC-ClinicDB/PNG/Original/252.png,/home/samsul/Documents/Polyp Detection/CVC-ClinicDB/PNG/Ground Truth/252.png,cvc_seq_12,1,1,288,384
CVC-ClinicDB,/home/samsul/Documents/Polyp Detection/CVC-ClinicDB/PNG/Original/253.png,/home/samsul/Documents/Polyp Detection/CVC-ClinicDB/PNG/Ground Truth/253.png,cvc_seq_13,1,1,288,384
CVC-ClinicDB,/home/samsul/Documents/Polyp Detection/CVC-ClinicDB/PNG/Original/254.png,/home/samsul/Documents/Polyp Detection/CVC-ClinicDB/PNG/Ground Truth/254.png,cvc_seq_13,1,1,288,384
CVC-ClinicDB,/home/samsul/Documents/Polyp Detection/CVC-ClinicDB/PNG/Original/255.png,/home/samsul/Documents/Polyp Detection/CVC-ClinicDB/PNG/Ground Truth/255.png,cvc_seq_13,1,1,288,384
CVC-ClinicDB,/home/samsul/Documents/Polyp Detection/CVC-ClinicDB/PNG/Original/256.png,/home/samsul/Documents/Polyp Detection/CVC-ClinicDB/PNG/Ground Truth/256.png,cvc_seq_13,1,1,288,384
CVC-ClinicDB,/home/samsul/Documents/Polyp Detection/CVC-ClinicDB/PNG/Original/257.png,/home/samsul/Documents/Polyp Detection/CVC-ClinicDB/PNG/Ground Truth/257.png,cvc_seq_13,1,1,288,384
CVC-ClinicDB,/home/samsul/Documents/Polyp Detection/CVC-ClinicDB/PNG/Original/258.png,/home/samsul/Documents/Polyp Detection/CVC-ClinicDB/PNG/Ground Truth/258.png,cvc_seq_13,1,1,288,384
CVC-ClinicDB,/home/samsul/Documents/Polyp Detection/CVC-ClinicDB/PNG/Original/259.png,/home/samsul/Documents/Polyp Detection/CVC-ClinicDB/PNG/Ground Truth/259.png,cvc_seq_13,1,1,288,384
CVC-ClinicDB,/home/samsul/Documents/Polyp Detection/CVC-ClinicDB/PNG/Original/26.png,/home/samsul/Documents/Polyp Detection/CVC-ClinicDB/PNG/Ground Truth/26.png,cvc_seq_2,1,1,288,384
CVC-ClinicDB,/home/samsul/Documents/Polyp Detection/CVC-ClinicDB/PNG/Original/260.png,/home/samsul/Documents/Polyp Detection/CVC-ClinicDB/PNG/Ground Truth/260.png,cvc_seq_13,1,1,288,384
CVC-ClinicDB,/home/samsul/Documents/Polyp Detection/CVC-ClinicDB/PNG/Original/261.png,/home/samsul/Documents/Polyp Detection/CVC-ClinicDB/PNG/Ground Truth/261.png,cvc_seq_13,1,1,288,384
CVC-ClinicDB,/home/samsul/Documents/Polyp Detection/CVC-ClinicDB/PNG/Original/262.png,/home/samsul/Documents/Polyp Detection/CVC-ClinicDB/PNG/Ground Truth/262.png,cvc_seq_13,1,1,288,384
CVC-ClinicDB,/home/samsul/Documents/Polyp Detection/CVC-ClinicDB/PNG/Original/263.png,/home/samsul/Documents/Polyp Detection/CVC-ClinicDB/PNG/Ground Truth/263.png,cvc_seq_13,1,1,288,384
CVC-ClinicDB,/home/samsul/Documents/Polyp Detection/CVC-ClinicDB/PNG/Original/264.png,/home/samsul/Documents/Polyp Detection/CVC-ClinicDB/PNG/Ground Truth/264.png,cvc_seq_13,1,1,288,384
CVC-ClinicDB,/home/samsul/Documents/Polyp Detection/CVC-ClinicDB/PNG/Original/265.png,/home/samsul/Documents/Polyp Detection/CVC-ClinicDB/PNG/Ground Truth/265.png,cvc_seq_13,1,1,288,384
CVC-ClinicDB,/home/samsul/Documents/Polyp Detection/CVC-ClinicDB/PNG/Original/266.png,/home/samsul/Documents/Polyp Detection/CVC-ClinicDB/PNG/Ground Truth/266.png,cvc_seq_13,1,1,288,384
CVC-ClinicDB,/home/samsul/Documents/Polyp Detection/CVC-ClinicDB/PNG/Original/267.png,/home/samsul/Documents/Polyp Detection/CVC-ClinicDB/PNG/Ground Truth/267.png,cvc_seq_13,1,1,288,384
CVC-ClinicDB,/home/samsul/Documents/Polyp Detection/CVC-ClinicDB/PNG/Original/268.png,/home/samsul/Documents/Polyp Detection/CVC-ClinicDB/PNG/Ground Truth/268.png,cvc_seq_13,1,1,288,384
CVC-ClinicDB,/home/samsul/Documents/Polyp Detection/CVC-ClinicDB/PNG/Original/269.png,/home/samsul/Documents/Polyp Detection/CVC-ClinicDB/PNG/Ground Truth/269.png,cvc_seq_13,1,1,288,384
CVC-ClinicDB,/home/samsul/Documents/Polyp Detection/CVC-ClinicDB/PNG/Original/27.png,/home/samsul/Documents/Polyp Detection/CVC-ClinicDB/PNG/Ground Truth/27.png,cvc_seq_2,1,1,288,384
CVC-ClinicDB,/home/samsul/Documents/Polyp Detection/CVC-ClinicDB/PNG/Original/270.png,/home/samsul/Documents/Polyp Detection/CVC-ClinicDB/PNG/Ground Truth/270.png,cvc_seq_13,1,1,288,384
CVC-ClinicDB,/home/samsul/Documents/Polyp Detection/CVC-ClinicDB/PNG/Original/271.png,/home/samsul/Documents/Polyp Detection/CVC-ClinicDB/PNG/Ground Truth/271.png,cvc_seq_13,1,1,288,384
CVC-ClinicDB,/home/samsul/Documents/Polyp Detection/CVC-ClinicDB/PNG/Original/272.png,/home/samsul/Documents/Polyp Detection/CVC-ClinicDB/PNG/Ground Truth/272.png,cvc_seq_13,1,1,288,384
CVC-ClinicDB,/home/samsul/Documents/Polyp Detection/CVC-ClinicDB/PNG/Original/273.png,/home/samsul/Documents/Polyp Detection/CVC-ClinicDB/PNG/Ground Truth/273.png,cvc_seq_13,1,1,288,384
CVC-ClinicDB,/home/samsul/Documents/Polyp Detection/CVC-ClinicDB/PNG/Original/274.png,/home/samsul/Documents/Polyp Detection/CVC-ClinicDB/PNG/Ground Truth/274.png,cvc_seq_13,1,1,288,384
CVC-ClinicDB,/home/samsul/Documents/Polyp Detection/CVC-ClinicDB/PNG/Original/275.png,/home/samsul/Documents/Polyp Detection/CVC-ClinicDB/PNG/Ground Truth/275.png,cvc_seq_13,1,1,288,384
CVC-ClinicDB,/home/samsul/Documents/Polyp Detection/CVC-ClinicDB/PNG/Original/276.png,/home/samsul/Documents/Polyp Detection/CVC-ClinicDB/PNG/Ground Truth/276.png,cvc_seq_13,1,1,288,384
CVC-ClinicDB,/home/samsul/Documents/Polyp Detection/CVC-ClinicDB/PNG/Original/277.png,/home/samsul/Documents/Polyp Detection/CVC-ClinicDB/PNG/Ground Truth/277.png,cvc_seq_13,1,1,288,384
CVC-ClinicDB,/home/samsul/Documents/Polyp Detection/CVC-ClinicDB/PNG/Original/278.png,/home/samsul/Documents/Polyp Detection/CVC-ClinicDB/PNG/Ground Truth/278.png,cvc_seq_14,1,1,288,384
CVC-ClinicDB,/home/samsul/Documents/Polyp Detection/CVC-ClinicDB/PNG/Original/279.png,/home/samsul/Documents/Polyp Detection/CVC-ClinicDB/PNG/Ground Truth/279.png,cvc_seq_14,1,1,288,384
CVC-ClinicDB,/home/samsul/Documents/Polyp Detection/CVC-ClinicDB/PNG/Original/28.png,/home/samsul/Documents/Polyp Detection/CVC-ClinicDB/PNG/Ground Truth/28.png,cvc_seq_2,1,1,288,384
CVC-ClinicDB,/home/samsul/Documents/Polyp Detection/CVC-ClinicDB/PNG/Original/280.png,/home/samsul/Documents/Polyp Detection/CVC-ClinicDB/PNG/Ground Truth/280.png,cvc_seq_14,1,1,288,384
CVC-ClinicDB,/home/samsul/Documents/Polyp Detection/CVC-ClinicDB/PNG/Original/281.png,/home/samsul/Documents/Polyp Detection/CVC-ClinicDB/PNG/Ground Truth/281.png,cvc_seq_14,1,1,288,384
CVC-ClinicDB,/home/samsul/Documents/Polyp Detection/CVC-ClinicDB/PNG/Original/282.png,/home/samsul/Documents/Polyp Detection/CVC-ClinicDB/PNG/Ground Truth/282.png,cvc_seq_14,1,1,288,384
CVC-ClinicDB,/home/samsul/Documents/Polyp Detection/CVC-ClinicDB/PNG/Original/283.png,/home/samsul/Documents/Polyp Detection/CVC-ClinicDB/PNG/Ground Truth/283.png,cvc_seq_14,1,1,288,384
CVC-ClinicDB,/home/samsul/Documents/Polyp Detection/CVC-ClinicDB/PNG/Original/284.png,/home/samsul/Documents/Polyp Detection/CVC-ClinicDB/PNG/Ground Truth/284.png,cvc_seq_14,1,1,288,384
CVC-ClinicDB,/home/samsul/Documents/Polyp Detection/CVC-ClinicDB/PNG/Original/285.png,/home/samsul/Documents/Polyp Detection/CVC-ClinicDB/PNG/Ground Truth/285.png,cvc_seq_14,1,1,288,384
CVC-ClinicDB,/home/samsul/Documents/Polyp Detection/CVC-ClinicDB/PNG/Original/286.png,/home/samsul/Documents/Polyp Detection/CVC-ClinicDB/PNG/Ground Truth/286.png,cvc_seq_14,1,1,288,384
CVC-ClinicDB,/home/samsul/Documents/Polyp Detection/CVC-ClinicDB/PNG/Original/287.png,/home/samsul/Documents/Polyp Detection/CVC-ClinicDB/PNG/Ground Truth/287.png,cvc_seq_14,1,1,288,384
CVC-ClinicDB,/home/samsul/Documents/Polyp Detection/CVC-ClinicDB/PNG/Original/288.png,/home/samsul/Documents/Polyp Detection/CVC-ClinicDB/PNG/Ground Truth/288.png,cvc_seq_14,1,1,288,384
CVC-ClinicDB,/home/samsul/Documents/Polyp Detection/CVC-ClinicDB/PNG/Original/289.png,/home/samsul/Documents/Polyp Detection/CVC-ClinicDB/PNG/Ground Truth/289.png,cvc_seq_14,1,1,288,384
CVC-ClinicDB,/home/samsul/Documents/Polyp Detection/CVC-ClinicDB/PNG/Original/29.png,/home/samsul/Documents/Polyp Detection/CVC-ClinicDB/PNG/Ground Truth/29.png,cvc_seq_2,1,1,288,384
CVC-ClinicDB,/home/samsul/Documents/Polyp Detection/CVC-ClinicDB/PNG/Original/290.png,/home/samsul/Documents/Polyp Detection/CVC-ClinicDB/PNG/Ground Truth/290.png,cvc_seq_14,1,1,288,384
CVC-ClinicDB,/home/samsul/Documents/Polyp Detection/CVC-ClinicDB/PNG/Original/291.png,/home/samsul/Documents/Polyp Detection/CVC-ClinicDB/PNG/Ground Truth/291.png,cvc_seq_14,1,1,288,384
CVC-ClinicDB,/home/samsul/Documents/Polyp Detection/CVC-ClinicDB/PNG/Original/292.png,/home/samsul/Documents/Polyp Detection/CVC-ClinicDB/PNG/Ground Truth/292.png,cvc_seq_14,1,1,288,384
CVC-ClinicDB,/home/samsul/Documents/Polyp Detection/CVC-ClinicDB/PNG/Original/293.png,/home/samsul/Documents/Polyp Detection/CVC-ClinicDB/PNG/Ground Truth/293.png,cvc_seq_14,1,1,288,384
CVC-ClinicDB,/home/samsul/Documents/Polyp Detection/CVC-ClinicDB/PNG/Original/294.png,/home/samsul/Documents/Polyp Detection/CVC-ClinicDB/PNG/Ground Truth/294.png,cvc_seq_14,1,1,288,384
CVC-ClinicDB,/home/samsul/Documents/Polyp Detection/CVC-ClinicDB/PNG/Original/295.png,/home/samsul/Documents/Polyp Detection/CVC-ClinicDB/PNG/Ground Truth/295.png,cvc_seq_14,1,1,288,384
CVC-ClinicDB,/home/samsul/Documents/Polyp Detection/CVC-ClinicDB/PNG/Original/296.png,/home/samsul/Documents/Polyp Detection/CVC-ClinicDB/PNG/Ground Truth/296.png,cvc_seq_14,1,1,288,384
CVC-ClinicDB,/home/samsul/Documents/Polyp Detection/CVC-ClinicDB/PNG/Original/297.png,/home/samsul/Documents/Polyp Detection/CVC-ClinicDB/PNG/Ground Truth/297.png,cvc_seq_14,1,1,288,384
CVC-ClinicDB,/home/samsul/Documents/Polyp Detection/CVC-ClinicDB/PNG/Original/298.png,/home/samsul/Documents/Polyp Detection/CVC-ClinicDB/PNG/Ground Truth/298.png,cvc_seq_15,1,1,288,384
CVC-ClinicDB,/home/samsul/Documents/Polyp Detection/CVC-ClinicDB/PNG/Original/299.png,/home/samsul/Documents/Polyp Detection/CVC-ClinicDB/PNG/Ground Truth/299.png,cvc_seq_15,1,1,288,384
CVC-ClinicDB,/home/samsul/Documents/Polyp Detection/CVC-ClinicDB/PNG/Original/3.png,/home/samsul/Documents/Polyp Detection/CVC-ClinicDB/PNG/Ground Truth/3.png,cvc_seq_1,1,1,288,384
CVC-ClinicDB,/home/samsul/Documents/Polyp Detection/CVC-ClinicDB/PNG/Original/30.png,/home/samsul/Documents/Polyp Detection/CVC-ClinicDB/PNG/Ground Truth/30.png,cvc_seq_2,1,1,288,384
CVC-ClinicDB,/home/samsul/Documents/Polyp Detection/CVC-ClinicDB/PNG/Original/300.png,/home/samsul/Documents/Polyp Detection/CVC-ClinicDB/PNG/Ground Truth/300.png,cvc_seq_15,1,1,288,384
CVC-ClinicDB,/home/samsul/Documents/Polyp Detection/CVC-ClinicDB/PNG/Original/301.png,/home/samsul/Documents/Polyp Detection/CVC-ClinicDB/PNG/Ground Truth/301.png,cvc_seq_15,1,1,288,384
CVC-ClinicDB,/home/samsul/Documents/Polyp Detection/CVC-ClinicDB/PNG/Original/302.png,/home/samsul/Documents/Polyp Detection/CVC-ClinicDB/PNG/Ground Truth/302.png,cvc_seq_15,1,1,288,384
CVC-ClinicDB,/home/samsul/Documents/Polyp Detection/CVC-ClinicDB/PNG/Original/303.png,/home/samsul/Documents/Polyp Detection/CVC-ClinicDB/PNG/Ground Truth/303.png,cvc_seq_15,1,1,288,384
CVC-ClinicDB,/home/samsul/Documents/Polyp Detection/CVC-ClinicDB/PNG/Original/304.png,/home/samsul/Documents/Polyp Detection/CVC-ClinicDB/PNG/Ground Truth/304.png,cvc_seq_15,1,1,288,384
CVC-ClinicDB,/home/samsul/Documents/Polyp Detection/CVC-ClinicDB/PNG/Original/305.png,/home/samsul/Documents/Polyp Detection/CVC-ClinicDB/PNG/Ground Truth/305.png,cvc_seq_15,1,1,288,384
CVC-ClinicDB,/home/samsul/Documents/Polyp Detection/CVC-ClinicDB/PNG/Original/306.png,/home/samsul/Documents/Polyp Detection/CVC-ClinicDB/PNG/Ground Truth/306.png,cvc_seq_15,1,1,288,384
CVC-ClinicDB,/home/samsul/Documents/Polyp Detection/CVC-ClinicDB/PNG/Original/307.png,/home/samsul/Documents/Polyp Detection/CVC-ClinicDB/PNG/Ground Truth/307.png,cvc_seq_15,1,1,288,384
CVC-ClinicDB,/home/samsul/Documents/Polyp Detection/CVC-ClinicDB/PNG/Original/308.png,/home/samsul/Documents/Polyp Detection/CVC-ClinicDB/PNG/Ground Truth/308.png,cvc_seq_15,1,1,288,384
CVC-ClinicDB,/home/samsul/Documents/Polyp Detection/CVC-ClinicDB/PNG/Original/309.png,/home/samsul/Documents/Polyp Detection/CVC-ClinicDB/PNG/Ground Truth/309.png,cvc_seq_15,1,1,288,384
CVC-ClinicDB,/home/samsul/Documents/Polyp Detection/CVC-ClinicDB/PNG/Original/31.png,/home/samsul/Documents/Polyp Detection/CVC-ClinicDB/PNG/Ground Truth/31.png,cvc_seq_2,1,1,288,384
CVC-ClinicDB,/home/samsul/Documents/Polyp Detection/CVC-ClinicDB/PNG/Original/310.png,/home/samsul/Documents/Polyp Detection/CVC-ClinicDB/PNG/Ground Truth/310.png,cvc_seq_15,1,1,288,384
CVC-ClinicDB,/home/samsul/Documents/Polyp Detection/CVC-ClinicDB/PNG/Original/311.png,/home/samsul/Documents/Polyp Detection/CVC-ClinicDB/PNG/Ground Truth/311.png,cvc_seq_15,1,1,288,384
CVC-ClinicDB,/home/samsul/Documents/Polyp Detection/CVC-ClinicDB/PNG/Original/312.png,/home/samsul/Documents/Polyp Detection/CVC-ClinicDB/PNG/Ground Truth/312.png,cvc_seq_15,1,1,288,384
CVC-ClinicDB,/home/samsul/Documents/Polyp Detection/CVC-ClinicDB/PNG/Original/313.png,/home/samsul/Documents/Polyp Detection/CVC-ClinicDB/PNG/Ground Truth/313.png,cvc_seq_15,1,1,288,384
CVC-ClinicDB,/home/samsul/Documents/Polyp Detection/CVC-ClinicDB/PNG/Original/314.png,/home/samsul/Documents/Polyp Detection/CVC-ClinicDB/PNG/Ground Truth/314.png,cvc_seq_15,1,1,288,384
CVC-ClinicDB,/home/samsul/Documents/Polyp Detection/CVC-ClinicDB/PNG/Original/315.png,/home/samsul/Documents/Polyp Detection/CVC-ClinicDB/PNG/Ground Truth/315.png,cvc_seq_15,1,1,288,384
CVC-ClinicDB,/home/samsul/Documents/Polyp Detection/CVC-ClinicDB/PNG/Original/316.png,/home/samsul/Documents/Polyp Detection/CVC-ClinicDB/PNG/Ground Truth/316.png,cvc_seq_15,1,1,288,384
CVC-ClinicDB,/home/samsul/Documents/Polyp Detection/CVC-ClinicDB/PNG/Original/317.png,/home/samsul/Documents/Polyp Detection/CVC-ClinicDB/PNG/Ground Truth/317.png,cvc_seq_15,1,1,288,384
CVC-ClinicDB,/home/samsul/Documents/Polyp Detection/CVC-ClinicDB/PNG/Original/318.png,/home/samsul/Documents/Polyp Detection/CVC-ClinicDB/PNG/Ground Truth/318.png,cvc_seq_16,1,1,288,384
CVC-ClinicDB,/home/samsul/Documents/Polyp Detection/CVC-ClinicDB/PNG/Original/319.png,/home/samsul/Documents/Polyp Detection/CVC-ClinicDB/PNG/Ground Truth/319.png,cvc_seq_16,1,1,288,384
CVC-ClinicDB,/home/samsul/Documents/Polyp Detection/CVC-ClinicDB/PNG/Original/32.png,/home/samsul/Documents/Polyp Detection/CVC-ClinicDB/PNG/Ground Truth/32.png,cvc_seq_2,1,1,288,384
CVC-ClinicDB,/home/samsul/Documents/Polyp Detection/CVC-ClinicDB/PNG/Original/320.png,/home/samsul/Documents/Polyp Detection/CVC-ClinicDB/PNG/Ground Truth/320.png,cvc_seq_16,1,1,288,384
CVC-ClinicDB,/home/samsul/Documents/Polyp Detection/CVC-ClinicDB/PNG/Original/321.png,/home/samsul/Documents/Polyp Detection/CVC-ClinicDB/PNG/Ground Truth/321.png,cvc_seq_16,1,1,288,384
CVC-ClinicDB,/home/samsul/Documents/Polyp Detection/CVC-ClinicDB/PNG/Original/322.png,/home/samsul/Documents/Polyp Detection/CVC-ClinicDB/PNG/Ground Truth/322.png,cvc_seq_16,1,1,288,384
CVC-ClinicDB,/home/samsul/Documents/Polyp Detection/CVC-ClinicDB/PNG/Original/323.png,/home/samsul/Documents/Polyp Detection/CVC-ClinicDB/PNG/Ground Truth/323.png,cvc_seq_16,1,1,288,384
CVC-ClinicDB,/home/samsul/Documents/Polyp Detection/CVC-ClinicDB/PNG/Original/324.png,/home/samsul/Documents/Polyp Detection/CVC-ClinicDB/PNG/Ground Truth/324.png,cvc_seq_16,1,1,288,384
CVC-ClinicDB,/home/samsul/Documents/Polyp Detection/CVC-ClinicDB/PNG/Original/325.png,/home/samsul/Documents/Polyp Detection/CVC-ClinicDB/PNG/Ground Truth/325.png,cvc_seq_16,1,1,288,384
CVC-ClinicDB,/home/samsul/Documents/Polyp Detection/CVC-ClinicDB/PNG/Original/326.png,/home/samsul/Documents/Polyp Detection/CVC-ClinicDB/PNG/Ground Truth/326.png,cvc_seq_16,1,1,288,384
CVC-ClinicDB,/home/samsul/Documents/Polyp Detection/CVC-ClinicDB/PNG/Original/327.png,/home/samsul/Documents/Polyp Detection/CVC-ClinicDB/PNG/Ground Truth/327.png,cvc_seq_16,1,1,288,384
CVC-ClinicDB,/home/samsul/Documents/Polyp Detection/CVC-ClinicDB/PNG/Original/328.png,/home/samsul/Documents/Polyp Detection/CVC-ClinicDB/PNG/Ground Truth/328.png,cvc_seq_16,1,1,288,384
CVC-ClinicDB,/home/samsul/Documents/Polyp Detection/CVC-ClinicDB/PNG/Original/329.png,/home/samsul/Documents/Polyp Detection/CVC-ClinicDB/PNG/Ground Truth/329.png,cvc_seq_16,1,1,288,384
CVC-ClinicDB,/home/samsul/Documents/Polyp Detection/CVC-ClinicDB/PNG/Original/33.png,/home/samsul/Documents/Polyp Detection/CVC-ClinicDB/PNG/Ground Truth/33.png,cvc_seq_2,1,1,288,384
CVC-ClinicDB,/home/samsul/Documents/Polyp Detection/CVC-ClinicDB/PNG/Original/330.png,/home/samsul/Documents/Polyp Detection/CVC-ClinicDB/PNG/Ground Truth/330.png,cvc_seq_16,1,1,288,384
CVC-ClinicDB,/home/samsul/Documents/Polyp Detection/CVC-ClinicDB/PNG/Original/331.png,/home/samsul/Documents/Polyp Detection/CVC-ClinicDB/PNG/Ground Truth/331.png,cvc_seq_16,1,1,288,384
CVC-ClinicDB,/home/samsul/Documents/Polyp Detection/CVC-ClinicDB/PNG/Original/332.png,/home/samsul/Documents/Polyp Detection/CVC-ClinicDB/PNG/Ground Truth/332.png,cvc_seq_16,1,1,288,384
CVC-ClinicDB,/home/samsul/Documents/Polyp Detection/CVC-ClinicDB/PNG/Original/333.png,/home/samsul/Documents/Polyp Detection/CVC-ClinicDB/PNG/Ground Truth/333.png,cvc_seq_16,1,1,288,384
CVC-ClinicDB,/home/samsul/Documents/Polyp Detection/CVC-ClinicDB/PNG/Original/334.png,/home/samsul/Documents/Polyp Detection/CVC-ClinicDB/PNG/Ground Truth/334.png,cvc_seq_16,1,1,288,384
CVC-ClinicDB,/home/samsul/Documents/Polyp Detection/CVC-ClinicDB/PNG/Original/335.png,/home/samsul/Documents/Polyp Detection/CVC-ClinicDB/PNG/Ground Truth/335.png,cvc_seq_16,1,1,288,384
CVC-ClinicDB,/home/samsul/Documents/Polyp Detection/CVC-ClinicDB/PNG/Original/336.png,/home/samsul/Documents/Polyp Detection/CVC-ClinicDB/PNG/Ground Truth/336.png,cvc_seq_16,1,1,288,384
CVC-ClinicDB,/home/samsul/Documents/Polyp Detection/CVC-ClinicDB/PNG/Original/337.png,/home/samsul/Documents/Polyp Detection/CVC-ClinicDB/PNG/Ground Truth/337.png,cvc_seq_16,1,1,288,384
CVC-ClinicDB,/home/samsul/Documents/Polyp Detection/CVC-ClinicDB/PNG/Original/338.png,/home/samsul/Documents/Polyp Detection/CVC-ClinicDB/PNG/Ground Truth/338.png,cvc_seq_16,1,1,288,384
CVC-ClinicDB,/home/samsul/Documents/Polyp Detection/CVC-ClinicDB/PNG/Original/339.png,/home/samsul/Documents/Polyp Detection/CVC-ClinicDB/PNG/Ground Truth/339.png,cvc_seq_16,1,1,288,384
CVC-ClinicDB,/home/samsul/Documents/Polyp Detection/CVC-ClinicDB/PNG/Original/34.png,/home/samsul/Documents/Polyp Detection/CVC-ClinicDB/PNG/Ground Truth/34.png,cvc_seq_2,1,1,288,384
CVC-ClinicDB,/home/samsul/Documents/Polyp Detection/CVC-ClinicDB/PNG/Original/340.png,/home/samsul/Documents/Polyp Detection/CVC-ClinicDB/PNG/Ground Truth/340.png,cvc_seq_16,1,1,288,384
CVC-ClinicDB,/home/samsul/Documents/Polyp Detection/CVC-ClinicDB/PNG/Original/341.png,/home/samsul/Documents/Polyp Detection/CVC-ClinicDB/PNG/Ground Truth/341.png,cvc_seq_16,1,1,288,384
CVC-ClinicDB,/home/samsul/Documents/Polyp Detection/CVC-ClinicDB/PNG/Original/342.png,/home/samsul/Documents/Polyp Detection/CVC-ClinicDB/PNG/Ground Truth/342.png,cvc_seq_16,1,1,288,384
CVC-ClinicDB,/home/samsul/Documents/Polyp Detection/CVC-ClinicDB/PNG/Original/343.png,/home/samsul/Documents/Polyp Detection/CVC-ClinicDB/PNG/Ground Truth/343.png,cvc_seq_17,1,1,288,384
CVC-ClinicDB,/home/samsul/Documents/Polyp Detection/CVC-ClinicDB/PNG/Original/344.png,/home/samsul/Documents/Polyp Detection/CVC-ClinicDB/PNG/Ground Truth/344.png,cvc_seq_17,1,1,288,384
CVC-ClinicDB,/home/samsul/Documents/Polyp Detection/CVC-ClinicDB/PNG/Original/345.png,/home/samsul/Documents/Polyp Detection/CVC-ClinicDB/PNG/Ground Truth/345.png,cvc_seq_17,1,1,288,384
CVC-ClinicDB,/home/samsul/Documents/Polyp Detection/CVC-ClinicDB/PNG/Original/346.png,/home/samsul/Documents/Polyp Detection/CVC-ClinicDB/PNG/Ground Truth/346.png,cvc_seq_17,1,1,288,384
CVC-ClinicDB,/home/samsul/Documents/Polyp Detection/CVC-ClinicDB/PNG/Original/347.png,/home/samsul/Documents/Polyp Detection/CVC-ClinicDB/PNG/Ground Truth/347.png,cvc_seq_17,1,1,288,384
CVC-ClinicDB,/home/samsul/Documents/Polyp Detection/CVC-ClinicDB/PNG/Original/348.png,/home/samsul/Documents/Polyp Detection/CVC-ClinicDB/PNG/Ground Truth/348.png,cvc_seq_17,1,1,288,384
CVC-ClinicDB,/home/samsul/Documents/Polyp Detection/CVC-ClinicDB/PNG/Original/349.png,/home/samsul/Documents/Polyp Detection/CVC-ClinicDB/PNG/Ground Truth/349.png,cvc_seq_17,1,1,288,384
CVC-ClinicDB,/home/samsul/Documents/Polyp Detection/CVC-ClinicDB/PNG/Original/35.png,/home/samsul/Documents/Polyp Detection/CVC-ClinicDB/PNG/Ground Truth/35.png,cvc_seq_2,1,1,288,384
CVC-ClinicDB,/home/samsul/Documents/Polyp Detection/CVC-ClinicDB/PNG/Original/350.png,/home/samsul/Documents/Polyp Detection/CVC-ClinicDB/PNG/Ground Truth/350.png,cvc_seq_17,1,1,288,384
CVC-ClinicDB,/home/samsul/Documents/Polyp Detection/CVC-ClinicDB/PNG/Original/351.png,/home/samsul/Documents/Polyp Detection/CVC-ClinicDB/PNG/Ground Truth/351.png,cvc_seq_17,1,1,288,384
CVC-ClinicDB,/home/samsul/Documents/Polyp Detection/CVC-ClinicDB/PNG/Original/352.png,/home/samsul/Documents/Polyp Detection/CVC-ClinicDB/PNG/Ground Truth/352.png,cvc_seq_17,1,1,288,384
CVC-ClinicDB,/home/samsul/Documents/Polyp Detection/CVC-ClinicDB/PNG/Original/353.png,/home/samsul/Documents/Polyp Detection/CVC-ClinicDB/PNG/Ground Truth/353.png,cvc_seq_17,1,1,288,384
CVC-ClinicDB,/home/samsul/Documents/Polyp Detection/CVC-ClinicDB/PNG/Original/354.png,/home/samsul/Documents/Polyp Detection/CVC-ClinicDB/PNG/Ground Truth/354.png,cvc_seq_17,1,1,288,384
CVC-ClinicDB,/home/samsul/Documents/Polyp Detection/CVC-ClinicDB/PNG/Original/355.png,/home/samsul/Documents/Polyp Detection/CVC-ClinicDB/PNG/Ground Truth/355.png,cvc_seq_17,1,1,288,384
CVC-ClinicDB,/home/samsul/Documents/Polyp Detection/CVC-ClinicDB/PNG/Original/356.png,/home/samsul/Documents/Polyp Detection/CVC-ClinicDB/PNG/Ground Truth/356.png,cvc_seq_17,1,1,288,384
CVC-ClinicDB,/home/samsul/Documents/Polyp Detection/CVC-ClinicDB/PNG/Original/357.png,/home/samsul/Documents/Polyp Detection/CVC-ClinicDB/PNG/Ground Truth/357.png,cvc_seq_17,1,1,288,384
CVC-ClinicDB,/home/samsul/Documents/Polyp Detection/CVC-ClinicDB/PNG/Original/358.png,/home/samsul/Documents/Polyp Detection/CVC-ClinicDB/PNG/Ground Truth/358.png,cvc_seq_17,1,1,288,384
CVC-ClinicDB,/home/samsul/Documents/Polyp Detection/CVC-ClinicDB/PNG/Original/359.png,/home/samsul/Documents/Polyp Detection/CVC-ClinicDB/PNG/Ground Truth/359.png,cvc_seq_17,1,1,288,384
CVC-ClinicDB,/home/samsul/Documents/Polyp Detection/CVC-ClinicDB/PNG/Original/36.png,/home/samsul/Documents/Polyp Detection/CVC-ClinicDB/PNG/Ground Truth/36.png,cvc_seq_2,1,1,288,384
CVC-ClinicDB,/home/samsul/Documents/Polyp Detection/CVC-ClinicDB/PNG/Original/360.png,/home/samsul/Documents/Polyp Detection/CVC-ClinicDB/PNG/Ground Truth/360.png,cvc_seq_17,1,1,288,384
CVC-ClinicDB,/home/samsul/Documents/Polyp Detection/CVC-ClinicDB/PNG/Original/361.png,/home/samsul/Documents/Polyp Detection/CVC-ClinicDB/PNG/Ground Truth/361.png,cvc_seq_17,1,1,288,384
CVC-ClinicDB,/home/samsul/Documents/Polyp Detection/CVC-ClinicDB/PNG/Original/362.png,/home/samsul/Documents/Polyp Detection/CVC-ClinicDB/PNG/Ground Truth/362.png,cvc_seq_17,1,1,288,384
CVC-ClinicDB,/home/samsul/Documents/Polyp Detection/CVC-ClinicDB/PNG/Original/363.png,/home/samsul/Documents/Polyp Detection/CVC-ClinicDB/PNG/Ground Truth/363.png,cvc_seq_17,1,1,288,384
CVC-ClinicDB,/home/samsul/Documents/Polyp Detection/CVC-ClinicDB/PNG/Original/364.png,/home/samsul/Documents/Polyp Detection/CVC-ClinicDB/PNG/Ground Truth/364.png,cvc_seq_18,1,1,288,384
CVC-ClinicDB,/home/samsul/Documents/Polyp Detection/CVC-ClinicDB/PNG/Original/365.png,/home/samsul/Documents/Polyp Detection/CVC-ClinicDB/PNG/Ground Truth/365.png,cvc_seq_18,1,1,288,384
CVC-ClinicDB,/home/samsul/Documents/Polyp Detection/CVC-ClinicDB/PNG/Original/366.png,/home/samsul/Documents/Polyp Detection/CVC-ClinicDB/PNG/Ground Truth/366.png,cvc_seq_18,1,1,288,384
CVC-ClinicDB,/home/samsul/Documents/Polyp Detection/CVC-ClinicDB/PNG/Original/367.png,/home/samsul/Documents/Polyp Detection/CVC-ClinicDB/PNG/Ground Truth/367.png,cvc_seq_18,1,1,288,384
CVC-ClinicDB,/home/samsul/Documents/Polyp Detection/CVC-ClinicDB/PNG/Original/368.png,/home/samsul/Documents/Polyp Detection/CVC-ClinicDB/PNG/Ground Truth/368.png,cvc_seq_18,1,1,288,384
CVC-ClinicDB,/home/samsul/Documents/Polyp Detection/CVC-ClinicDB/PNG/Original/369.png,/home/samsul/Documents/Polyp Detection/CVC-ClinicDB/PNG/Ground Truth/369.png,cvc_seq_18,1,1,288,384
CVC-ClinicDB,/home/samsul/Documents/Polyp Detection/CVC-ClinicDB/PNG/Original/37.png,/home/samsul/Documents/Polyp Detection/CVC-ClinicDB/PNG/Ground Truth/37.png,cvc_seq_2,1,1,288,384
CVC-ClinicDB,/home/samsul/Documents/Polyp Detection/CVC-ClinicDB/PNG/Original/370.png,/home/samsul/Documents/Polyp Detection/CVC-ClinicDB/PNG/Ground Truth/370.png,cvc_seq_18,1,1,288,384
CVC-ClinicDB,/home/samsul/Documents/Polyp Detection/CVC-ClinicDB/PNG/Original/371.png,/home/samsul/Documents/Polyp Detection/CVC-ClinicDB/PNG/Ground Truth/371.png,cvc_seq_18,1,1,288,384
CVC-ClinicDB,/home/samsul/Documents/Polyp Detection/CVC-ClinicDB/PNG/Original/372.png,/home/samsul/Documents/Polyp Detection/CVC-ClinicDB/PNG/Ground Truth/372.png,cvc_seq_18,1,1,288,384
CVC-ClinicDB,/home/samsul/Documents/Polyp Detection/CVC-ClinicDB/PNG/Original/373.png,/home/samsul/Documents/Polyp Detection/CVC-ClinicDB/PNG/Ground Truth/373.png,cvc_seq_18,1,1,288,384
CVC-ClinicDB,/home/samsul/Documents/Polyp Detection/CVC-ClinicDB/PNG/Original/374.png,/home/samsul/Documents/Polyp Detection/CVC-ClinicDB/PNG/Ground Truth/374.png,cvc_seq_18,1,1,288,384
CVC-ClinicDB,/home/samsul/Documents/Polyp Detection/CVC-ClinicDB/PNG/Original/375.png,/home/samsul/Documents/Polyp Detection/CVC-ClinicDB/PNG/Ground Truth/375.png,cvc_seq_18,1,1,288,384
CVC-ClinicDB,/home/samsul/Documents/Polyp Detection/CVC-ClinicDB/PNG/Original/376.png,/home/samsul/Documents/Polyp Detection/CVC-ClinicDB/PNG/Ground Truth/376.png,cvc_seq_18,1,1,288,384
CVC-ClinicDB,/home/samsul/Documents/Polyp Detection/CVC-ClinicDB/PNG/Original/377.png,/home/samsul/Documents/Polyp Detection/CVC-ClinicDB/PNG/Ground Truth/377.png,cvc_seq_18,1,1,288,384
CVC-ClinicDB,/home/samsul/Documents/Polyp Detection/CVC-ClinicDB/PNG/Original/378.png,/home/samsul/Documents/Polyp Detection/CVC-ClinicDB/PNG/Ground Truth/378.png,cvc_seq_18,1,1,288,384
CVC-ClinicDB,/home/samsul/Documents/Polyp Detection/CVC-ClinicDB/PNG/Original/379.png,/home/samsul/Documents/Polyp Detection/CVC-ClinicDB/PNG/Ground Truth/379.png,cvc_seq_18,1,1,288,384
CVC-ClinicDB,/home/samsul/Documents/Polyp Detection/CVC-ClinicDB/PNG/Original/38.png,/home/samsul/Documents/Polyp Detection/CVC-ClinicDB/PNG/Ground Truth/38.png,cvc_seq_2,1,1,288,384
CVC-ClinicDB,/home/samsul/Documents/Polyp Detection/CVC-ClinicDB/PNG/Original/380.png,/home/samsul/Documents/Polyp Detection/CVC-ClinicDB/PNG/Ground Truth/380.png,cvc_seq_18,1,1,288,384
CVC-ClinicDB,/home/samsul/Documents/Polyp Detection/CVC-ClinicDB/PNG/Original/381.png,/home/samsul/Documents/Polyp Detection/CVC-ClinicDB/PNG/Ground Truth/381.png,cvc_seq_18,1,1,288,384
CVC-ClinicDB,/home/samsul/Documents/Polyp Detection/CVC-ClinicDB/PNG/Original/382.png,/home/samsul/Documents/Polyp Detection/CVC-ClinicDB/PNG/Ground Truth/382.png,cvc_seq_18,1,1,288,384
CVC-ClinicDB,/home/samsul/Documents/Polyp Detection/CVC-ClinicDB/PNG/Original/383.png,/home/samsul/Documents/Polyp Detection/CVC-ClinicDB/PNG/Ground Truth/383.png,cvc_seq_18,1,1,288,384
CVC-ClinicDB,/home/samsul/Documents/Polyp Detection/CVC-ClinicDB/PNG/Original/384.png,/home/samsul/Documents/Polyp Detection/CVC-ClinicDB/PNG/Ground Truth/384.png,cvc_seq_19,1,1,288,384
CVC-ClinicDB,/home/samsul/Documents/Polyp Detection/CVC-ClinicDB/PNG/Original/385.png,/home/samsul/Documents/Polyp Detection/CVC-ClinicDB/PNG/Ground Truth/385.png,cvc_seq_19,1,1,288,384
CVC-ClinicDB,/home/samsul/Documents/Polyp Detection/CVC-ClinicDB/PNG/Original/386.png,/home/samsul/Documents/Polyp Detection/CVC-ClinicDB/PNG/Ground Truth/386.png,cvc_seq_19,1,1,288,384
CVC-ClinicDB,/home/samsul/Documents/Polyp Detection/CVC-ClinicDB/PNG/Original/387.png,/home/samsul/Documents/Polyp Detection/CVC-ClinicDB/PNG/Ground Truth/387.png,cvc_seq_19,1,1,288,384
CVC-ClinicDB,/home/samsul/Documents/Polyp Detection/CVC-ClinicDB/PNG/Original/388.png,/home/samsul/Documents/Polyp Detection/CVC-ClinicDB/PNG/Ground Truth/388.png,cvc_seq_19,1,1,288,384
CVC-ClinicDB,/home/samsul/Documents/Polyp Detection/CVC-ClinicDB/PNG/Original/389.png,/home/samsul/Documents/Polyp Detection/CVC-ClinicDB/PNG/Ground Truth/389.png,cvc_seq_19,1,1,288,384
CVC-ClinicDB,/home/samsul/Documents/Polyp Detection/CVC-ClinicDB/PNG/Original/39.png,/home/samsul/Documents/Polyp Detection/CVC-ClinicDB/PNG/Ground Truth/39.png,cvc_seq_2,1,1,288,384
CVC-ClinicDB,/home/samsul/Documents/Polyp Detection/CVC-ClinicDB/PNG/Original/390.png,/home/samsul/Documents/Polyp Detection/CVC-ClinicDB/PNG/Ground Truth/390.png,cvc_seq_19,1,1,288,384
CVC-ClinicDB,/home/samsul/Documents/Polyp Detection/CVC-ClinicDB/PNG/Original/391.png,/home/samsul/Documents/Polyp Detection/CVC-ClinicDB/PNG/Ground Truth/391.png,cvc_seq_19,1,1,288,384
CVC-ClinicDB,/home/samsul/Documents/Polyp Detection/CVC-ClinicDB/PNG/Original/392.png,/home/samsul/Documents/Polyp Detection/CVC-ClinicDB/PNG/Ground Truth/392.png,cvc_seq_19,1,1,288,384
CVC-ClinicDB,/home/samsul/Documents/Polyp Detection/CVC-ClinicDB/PNG/Original/393.png,/home/samsul/Documents/Polyp Detection/CVC-ClinicDB/PNG/Ground Truth/393.png,cvc_seq_19,1,1,288,384
CVC-ClinicDB,/home/samsul/Documents/Polyp Detection/CVC-ClinicDB/PNG/Original/394.png,/home/samsul/Documents/Polyp Detection/CVC-ClinicDB/PNG/Ground Truth/394.png,cvc_seq_19,1,1,288,384
CVC-ClinicDB,/home/samsul/Documents/Polyp Detection/CVC-ClinicDB/PNG/Original/395.png,/home/samsul/Documents/Polyp Detection/CVC-ClinicDB/PNG/Ground Truth/395.png,cvc_seq_19,1,1,288,384
CVC-ClinicDB,/home/samsul/Documents/Polyp Detection/CVC-ClinicDB/PNG/Original/396.png,/home/samsul/Documents/Polyp Detection/CVC-ClinicDB/PNG/Ground Truth/396.png,cvc_seq_19,1,1,288,384
CVC-ClinicDB,/home/samsul/Documents/Polyp Detection/CVC-ClinicDB/PNG/Original/397.png,/home/samsul/Documents/Polyp Detection/CVC-ClinicDB/PNG/Ground Truth/397.png,cvc_seq_19,1,1,288,384
CVC-ClinicDB,/home/samsul/Documents/Polyp Detection/CVC-ClinicDB/PNG/Original/398.png,/home/samsul/Documents/Polyp Detection/CVC-ClinicDB/PNG/Ground Truth/398.png,cvc_seq_19,1,1,288,384
CVC-ClinicDB,/home/samsul/Documents/Polyp Detection/CVC-ClinicDB/PNG/Original/399.png,/home/samsul/Documents/Polyp Detection/CVC-ClinicDB/PNG/Ground Truth/399.png,cvc_seq_19,1,1,288,384
CVC-ClinicDB,/home/samsul/Documents/Polyp Detection/CVC-ClinicDB/PNG/Original/4.png,/home/samsul/Documents/Polyp Detection/CVC-ClinicDB/PNG/Ground Truth/4.png,cvc_seq_1,1,1,288,384
CVC-ClinicDB,/home/samsul/Documents/Polyp Detection/CVC-ClinicDB/PNG/Original/40.png,/home/samsul/Documents/Polyp Detection/CVC-ClinicDB/PNG/Ground Truth/40.png,cvc_seq_2,1,1,288,384
CVC-ClinicDB,/home/samsul/Documents/Polyp Detection/CVC-ClinicDB/PNG/Original/400.png,/home/samsul/Documents/Polyp Detection/CVC-ClinicDB/PNG/Ground Truth/400.png,cvc_seq_19,1,1,288,384
CVC-ClinicDB,/home/samsul/Documents/Polyp Detection/CVC-ClinicDB/PNG/Original/401.png,/home/samsul/Documents/Polyp Detection/CVC-ClinicDB/PNG/Ground Truth/401.png,cvc_seq_19,1,1,288,384
CVC-ClinicDB,/home/samsul/Documents/Polyp Detection/CVC-ClinicDB/PNG/Original/402.png,/home/samsul/Documents/Polyp Detection/CVC-ClinicDB/PNG/Ground Truth/402.png,cvc_seq_19,1,1,288,384
CVC-ClinicDB,/home/samsul/Documents/Polyp Detection/CVC-ClinicDB/PNG/Original/403.png,/home/samsul/Documents/Polyp Detection/CVC-ClinicDB/PNG/Ground Truth/403.png,cvc_seq_19,1,1,288,384
CVC-ClinicDB,/home/samsul/Documents/Polyp Detection/CVC-ClinicDB/PNG/Original/404.png,/home/samsul/Documents/Polyp Detection/CVC-ClinicDB/PNG/Ground Truth/404.png,cvc_seq_19,1,1,288,384
CVC-ClinicDB,/home/samsul/Documents/Polyp Detection/CVC-ClinicDB/PNG/Original/405.png,/home/samsul/Documents/Polyp Detection/CVC-ClinicDB/PNG/Ground Truth/405.png,cvc_seq_19,1,1,288,384
CVC-ClinicDB,/home/samsul/Documents/Polyp Detection/CVC-ClinicDB/PNG/Original/406.png,/home/samsul/Documents/Polyp Detection/CVC-ClinicDB/PNG/Ground Truth/406.png,cvc_seq_19,1,1,288,384
CVC-ClinicDB,/home/samsul/Documents/Polyp Detection/CVC-ClinicDB/PNG/Original/407.png,/home/samsul/Documents/Polyp Detection/CVC-ClinicDB/PNG/Ground Truth/407.png,cvc_seq_19,1,1,288,384
CVC-ClinicDB,/home/samsul/Documents/Polyp Detection/CVC-ClinicDB/PNG/Original/408.png,/home/samsul/Documents/Polyp Detection/CVC-ClinicDB/PNG/Ground Truth/408.png,cvc_seq_19,1,1,288,384
CVC-ClinicDB,/home/samsul/Documents/Polyp Detection/CVC-ClinicDB/PNG/Original/409.png,/home/samsul/Documents/Polyp Detection/CVC-ClinicDB/PNG/Ground Truth/409.png,cvc_seq_20,1,1,288,384
CVC-ClinicDB,/home/samsul/Documents/Polyp Detection/CVC-ClinicDB/PNG/Original/41.png,/home/samsul/Documents/Polyp Detection/CVC-ClinicDB/PNG/Ground Truth/41.png,cvc_seq_2,1,1,288,384
CVC-ClinicDB,/home/samsul/Documents/Polyp Detection/CVC-ClinicDB/PNG/Original/410.png,/home/samsul/Documents/Polyp Detection/CVC-ClinicDB/PNG/Ground Truth/410.png,cvc_seq_20,1,1,288,384
CVC-ClinicDB,/home/samsul/Documents/Polyp Detection/CVC-ClinicDB/PNG/Original/411.png,/home/samsul/Documents/Polyp Detection/CVC-ClinicDB/PNG/Ground Truth/411.png,cvc_seq_20,1,1,288,384
CVC-ClinicDB,/home/samsul/Documents/Polyp Detection/CVC-ClinicDB/PNG/Original/412.png,/home/samsul/Documents/Polyp Detection/CVC-ClinicDB/PNG/Ground Truth/412.png,cvc_seq_20,1,1,288,384
CVC-ClinicDB,/home/samsul/Documents/Polyp Detection/CVC-ClinicDB/PNG/Original/413.png,/home/samsul/Documents/Polyp Detection/CVC-ClinicDB/PNG/Ground Truth/413.png,cvc_seq_20,1,1,288,384
CVC-ClinicDB,/home/samsul/Documents/Polyp Detection/CVC-ClinicDB/PNG/Original/414.png,/home/samsul/Documents/Polyp Detection/CVC-ClinicDB/PNG/Ground Truth/414.png,cvc_seq_20,1,1,288,384
CVC-ClinicDB,/home/samsul/Documents/Polyp Detection/CVC-ClinicDB/PNG/Original/415.png,/home/samsul/Documents/Polyp Detection/CVC-ClinicDB/PNG/Ground Truth/415.png,cvc_seq_20,1,1,288,384
CVC-ClinicDB,/home/samsul/Documents/Polyp Detection/CVC-ClinicDB/PNG/Original/416.png,/home/samsul/Documents/Polyp Detection/CVC-ClinicDB/PNG/Ground Truth/416.png,cvc_seq_20,1,1,288,384
CVC-ClinicDB,/home/samsul/Documents/Polyp Detection/CVC-ClinicDB/PNG/Original/417.png,/home/samsul/Documents/Polyp Detection/CVC-ClinicDB/PNG/Ground Truth/417.png,cvc_seq_20,1,1,288,384
CVC-ClinicDB,/home/samsul/Documents/Polyp Detection/CVC-ClinicDB/PNG/Original/418.png,/home/samsul/Documents/Polyp Detection/CVC-ClinicDB/PNG/Ground Truth/418.png,cvc_seq_20,1,1,288,384
CVC-ClinicDB,/home/samsul/Documents/Polyp Detection/CVC-ClinicDB/PNG/Original/419.png,/home/samsul/Documents/Polyp Detection/CVC-ClinicDB/PNG/Ground Truth/419.png,cvc_seq_20,1,1,288,384
CVC-ClinicDB,/home/samsul/Documents/Polyp Detection/CVC-ClinicDB/PNG/Original/42.png,/home/samsul/Documents/Polyp Detection/CVC-ClinicDB/PNG/Ground Truth/42.png,cvc_seq_2,1,1,288,384
CVC-ClinicDB,/home/samsul/Documents/Polyp Detection/CVC-ClinicDB/PNG/Original/420.png,/home/samsul/Documents/Polyp Detection/CVC-ClinicDB/PNG/Ground Truth/420.png,cvc_seq_20,1,1,288,384
CVC-ClinicDB,/home/samsul/Documents/Polyp Detection/CVC-ClinicDB/PNG/Original/421.png,/home/samsul/Documents/Polyp Detection/CVC-ClinicDB/PNG/Ground Truth/421.png,cvc_seq_20,1,1,288,384
CVC-ClinicDB,/home/samsul/Documents/Polyp Detection/CVC-ClinicDB/PNG/Original/422.png,/home/samsul/Documents/Polyp Detection/CVC-ClinicDB/PNG/Ground Truth/422.png,cvc_seq_20,1,1,288,384
CVC-ClinicDB,/home/samsul/Documents/Polyp Detection/CVC-ClinicDB/PNG/Original/423.png,/home/samsul/Documents/Polyp Detection/CVC-ClinicDB/PNG/Ground Truth/423.png,cvc_seq_20,1,1,288,384
CVC-ClinicDB,/home/samsul/Documents/Polyp Detection/CVC-ClinicDB/PNG/Original/424.png,/home/samsul/Documents/Polyp Detection/CVC-ClinicDB/PNG/Ground Truth/424.png,cvc_seq_20,1,1,288,384
CVC-ClinicDB,/home/samsul/Documents/Polyp Detection/CVC-ClinicDB/PNG/Original/425.png,/home/samsul/Documents/Polyp Detection/CVC-ClinicDB/PNG/Ground Truth/425.png,cvc_seq_20,1,1,288,384
CVC-ClinicDB,/home/samsul/Documents/Polyp Detection/CVC-ClinicDB/PNG/Original/426.png,/home/samsul/Documents/Polyp Detection/CVC-ClinicDB/PNG/Ground Truth/426.png,cvc_seq_20,1,1,288,384
CVC-ClinicDB,/home/samsul/Documents/Polyp Detection/CVC-ClinicDB/PNG/Original/427.png,/home/samsul/Documents/Polyp Detection/CVC-ClinicDB/PNG/Ground Truth/427.png,cvc_seq_20,1,1,288,384
CVC-ClinicDB,/home/samsul/Documents/Polyp Detection/CVC-ClinicDB/PNG/Original/428.png,/home/samsul/Documents/Polyp Detection/CVC-ClinicDB/PNG/Ground Truth/428.png,cvc_seq_20,1,1,288,384
CVC-ClinicDB,/home/samsul/Documents/Polyp Detection/CVC-ClinicDB/PNG/Original/429.png,/home/samsul/Documents/Polyp Detection/CVC-ClinicDB/PNG/Ground Truth/429.png,cvc_seq_21,1,1,288,384
CVC-ClinicDB,/home/samsul/Documents/Polyp Detection/CVC-ClinicDB/PNG/Original/43.png,/home/samsul/Documents/Polyp Detection/CVC-ClinicDB/PNG/Ground Truth/43.png,cvc_seq_2,1,1,288,384
CVC-ClinicDB,/home/samsul/Documents/Polyp Detection/CVC-ClinicDB/PNG/Original/430.png,/home/samsul/Documents/Polyp Detection/CVC-ClinicDB/PNG/Ground Truth/430.png,cvc_seq_21,1,1,288,384
CVC-ClinicDB,/home/samsul/Documents/Polyp Detection/CVC-ClinicDB/PNG/Original/431.png,/home/samsul/Documents/Polyp Detection/CVC-ClinicDB/PNG/Ground Truth/431.png,cvc_seq_21,1,1,288,384
CVC-ClinicDB,/home/samsul/Documents/Polyp Detection/CVC-ClinicDB/PNG/Original/432.png,/home/samsul/Documents/Polyp Detection/CVC-ClinicDB/PNG/Ground Truth/432.png,cvc_seq_21,1,1,288,384
CVC-ClinicDB,/home/samsul/Documents/Polyp Detection/CVC-ClinicDB/PNG/Original/433.png,/home/samsul/Documents/Polyp Detection/CVC-ClinicDB/PNG/Ground Truth/433.png,cvc_seq_21,1,1,288,384
CVC-ClinicDB,/home/samsul/Documents/Polyp Detection/CVC-ClinicDB/PNG/Original/434.png,/home/samsul/Documents/Polyp Detection/CVC-ClinicDB/PNG/Ground Truth/434.png,cvc_seq_21,1,1,288,384
CVC-ClinicDB,/home/samsul/Documents/Polyp Detection/CVC-ClinicDB/PNG/Original/435.png,/home/samsul/Documents/Polyp Detection/CVC-ClinicDB/PNG/Ground Truth/435.png,cvc_seq_21,1,1,288,384
CVC-ClinicDB,/home/samsul/Documents/Polyp Detection/CVC-ClinicDB/PNG/Original/436.png,/home/samsul/Documents/Polyp Detection/CVC-ClinicDB/PNG/Ground Truth/436.png,cvc_seq_21,1,1,288,384
CVC-ClinicDB,/home/samsul/Documents/Polyp Detection/CVC-ClinicDB/PNG/Original/437.png,/home/samsul/Documents/Polyp Detection/CVC-ClinicDB/PNG/Ground Truth/437.png,cvc_seq_21,1,1,288,384
CVC-ClinicDB,/home/samsul/Documents/Polyp Detection/CVC-ClinicDB/PNG/Original/438.png,/home/samsul/Documents/Polyp Detection/CVC-ClinicDB/PNG/Ground Truth/438.png,cvc_seq_21,1,1,288,384
CVC-ClinicDB,/home/samsul/Documents/Polyp Detection/CVC-ClinicDB/PNG/Original/439.png,/home/samsul/Documents/Polyp Detection/CVC-ClinicDB/PNG/Ground Truth/439.png,cvc_seq_21,1,1,288,384
CVC-ClinicDB,/home/samsul/Documents/Polyp Detection/CVC-ClinicDB/PNG/Original/44.png,/home/samsul/Documents/Polyp Detection/CVC-ClinicDB/PNG/Ground Truth/44.png,cvc_seq_2,1,1,288,384
CVC-ClinicDB,/home/samsul/Documents/Polyp Detection/CVC-ClinicDB/PNG/Original/440.png,/home/samsul/Documents/Polyp Detection/CVC-ClinicDB/PNG/Ground Truth/440.png,cvc_seq_21,1,1,288,384
CVC-ClinicDB,/home/samsul/Documents/Polyp Detection/CVC-ClinicDB/PNG/Original/441.png,/home/samsul/Documents/Polyp Detection/CVC-ClinicDB/PNG/Ground Truth/441.png,cvc_seq_21,1,1,288,384
CVC-ClinicDB,/home/samsul/Documents/Polyp Detection/CVC-ClinicDB/PNG/Original/442.png,/home/samsul/Documents/Polyp Detection/CVC-ClinicDB/PNG/Ground Truth/442.png,cvc_seq_21,1,1,288,384
CVC-ClinicDB,/home/samsul/Documents/Polyp Detection/CVC-ClinicDB/PNG/Original/443.png,/home/samsul/Documents/Polyp Detection/CVC-ClinicDB/PNG/Ground Truth/443.png,cvc_seq_21,1,1,288,384
CVC-ClinicDB,/home/samsul/Documents/Polyp Detection/CVC-ClinicDB/PNG/Original/444.png,/home/samsul/Documents/Polyp Detection/CVC-ClinicDB/PNG/Ground Truth/444.png,cvc_seq_21,1,1,288,384
CVC-ClinicDB,/home/samsul/Documents/Polyp Detection/CVC-ClinicDB/PNG/Original/445.png,/home/samsul/Documents/Polyp Detection/CVC-ClinicDB/PNG/Ground Truth/445.png,cvc_seq_21,1,1,288,384
CVC-ClinicDB,/home/samsul/Documents/Polyp Detection/CVC-ClinicDB/PNG/Original/446.png,/home/samsul/Documents/Polyp Detection/CVC-ClinicDB/PNG/Ground Truth/446.png,cvc_seq_21,1,1,288,384
CVC-ClinicDB,/home/samsul/Documents/Polyp Detection/CVC-ClinicDB/PNG/Original/447.png,/home/samsul/Documents/Polyp Detection/CVC-ClinicDB/PNG/Ground Truth/447.png,cvc_seq_21,1,1,288,384
CVC-ClinicDB,/home/samsul/Documents/Polyp Detection/CVC-ClinicDB/PNG/Original/448.png,/home/samsul/Documents/Polyp Detection/CVC-ClinicDB/PNG/Ground Truth/448.png,cvc_seq_22,1,1,288,384
CVC-ClinicDB,/home/samsul/Documents/Polyp Detection/CVC-ClinicDB/PNG/Original/449.png,/home/samsul/Documents/Polyp Detection/CVC-ClinicDB/PNG/Ground Truth/449.png,cvc_seq_22,1,1,288,384
CVC-ClinicDB,/home/samsul/Documents/Polyp Detection/CVC-ClinicDB/PNG/Original/45.png,/home/samsul/Documents/Polyp Detection/CVC-ClinicDB/PNG/Ground Truth/45.png,cvc_seq_2,1,1,288,384
CVC-ClinicDB,/home/samsul/Documents/Polyp Detection/CVC-ClinicDB/PNG/Original/450.png,/home/samsul/Documents/Polyp Detection/CVC-ClinicDB/PNG/Ground Truth/450.png,cvc_seq_22,1,1,288,384
CVC-ClinicDB,/home/samsul/Documents/Polyp Detection/CVC-ClinicDB/PNG/Original/451.png,/home/samsul/Documents/Polyp Detection/CVC-ClinicDB/PNG/Ground Truth/451.png,cvc_seq_22,1,1,288,384
CVC-ClinicDB,/home/samsul/Documents/Polyp Detection/CVC-ClinicDB/PNG/Original/452.png,/home/samsul/Documents/Polyp Detection/CVC-ClinicDB/PNG/Ground Truth/452.png,cvc_seq_22,1,1,288,384
CVC-ClinicDB,/home/samsul/Documents/Polyp Detection/CVC-ClinicDB/PNG/Original/453.png,/home/samsul/Documents/Polyp Detection/CVC-ClinicDB/PNG/Ground Truth/453.png,cvc_seq_22,1,1,288,384
CVC-ClinicDB,/home/samsul/Documents/Polyp Detection/CVC-ClinicDB/PNG/Original/454.png,/home/samsul/Documents/Polyp Detection/CVC-ClinicDB/PNG/Ground Truth/454.png,cvc_seq_22,1,1,288,384
CVC-ClinicDB,/home/samsul/Documents/Polyp Detection/CVC-ClinicDB/PNG/Original/455.png,/home/samsul/Documents/Polyp Detection/CVC-ClinicDB/PNG/Ground Truth/455.png,cvc_seq_22,1,1,288,384
CVC-ClinicDB,/home/samsul/Documents/Polyp Detection/CVC-ClinicDB/PNG/Original/456.png,/home/samsul/Documents/Polyp Detection/CVC-ClinicDB/PNG/Ground Truth/456.png,cvc_seq_22,1,1,288,384
CVC-ClinicDB,/home/samsul/Documents/Polyp Detection/CVC-ClinicDB/PNG/Original/457.png,/home/samsul/Documents/Polyp Detection/CVC-ClinicDB/PNG/Ground Truth/457.png,cvc_seq_22,1,1,288,384
CVC-ClinicDB,/home/samsul/Documents/Polyp Detection/CVC-ClinicDB/PNG/Original/458.png,/home/samsul/Documents/Polyp Detection/CVC-ClinicDB/PNG/Ground Truth/458.png,cvc_seq_22,1,1,288,384
CVC-ClinicDB,/home/samsul/Documents/Polyp Detection/CVC-ClinicDB/PNG/Original/459.png,/home/samsul/Documents/Polyp Detection/CVC-ClinicDB/PNG/Ground Truth/459.png,cvc_seq_22,1,1,288,384
CVC-ClinicDB,/home/samsul/Documents/Polyp Detection/CVC-ClinicDB/PNG/Original/46.png,/home/samsul/Documents/Polyp Detection/CVC-ClinicDB/PNG/Ground Truth/46.png,cvc_seq_2,1,1,288,384
CVC-ClinicDB,/home/samsul/Documents/Polyp Detection/CVC-ClinicDB/PNG/Original/460.png,/home/samsul/Documents/Polyp Detection/CVC-ClinicDB/PNG/Ground Truth/460.png,cvc_seq_22,1,1,288,384
CVC-ClinicDB,/home/samsul/Documents/Polyp Detection/CVC-ClinicDB/PNG/Original/461.png,/home/samsul/Documents/Polyp Detection/CVC-ClinicDB/PNG/Ground Truth/461.png,cvc_seq_22,1,1,288,384
CVC-ClinicDB,/home/samsul/Documents/Polyp Detection/CVC-ClinicDB/PNG/Original/462.png,/home/samsul/Documents/Polyp Detection/CVC-ClinicDB/PNG/Ground Truth/462.png,cvc_seq_22,1,1,288,384
CVC-ClinicDB,/home/samsul/Documents/Polyp Detection/CVC-ClinicDB/PNG/Original/463.png,/home/samsul/Documents/Polyp Detection/CVC-ClinicDB/PNG/Ground Truth/463.png,cvc_seq_22,1,1,288,384
CVC-ClinicDB,/home/samsul/Documents/Polyp Detection/CVC-ClinicDB/PNG/Original/464.png,/home/samsul/Documents/Polyp Detection/CVC-ClinicDB/PNG/Ground Truth/464.png,cvc_seq_22,1,1,288,384
CVC-ClinicDB,/home/samsul/Documents/Polyp Detection/CVC-ClinicDB/PNG/Original/465.png,/home/samsul/Documents/Polyp Detection/CVC-ClinicDB/PNG/Ground Truth/465.png,cvc_seq_22,1,1,288,384
CVC-ClinicDB,/home/samsul/Documents/Polyp Detection/CVC-ClinicDB/PNG/Original/466.png,/home/samsul/Documents/Polyp Detection/CVC-ClinicDB/PNG/Ground Truth/466.png,cvc_seq_22,1,1,288,384
CVC-ClinicDB,/home/samsul/Documents/Polyp Detection/CVC-ClinicDB/PNG/Original/467.png,/home/samsul/Documents/Polyp Detection/CVC-ClinicDB/PNG/Ground Truth/467.png,cvc_seq_23,1,1,288,384
CVC-ClinicDB,/home/samsul/Documents/Polyp Detection/CVC-ClinicDB/PNG/Original/468.png,/home/samsul/Documents/Polyp Detection/CVC-ClinicDB/PNG/Ground Truth/468.png,cvc_seq_23,1,1,288,384
CVC-ClinicDB,/home/samsul/Documents/Polyp Detection/CVC-ClinicDB/PNG/Original/469.png,/home/samsul/Documents/Polyp Detection/CVC-ClinicDB/PNG/Ground Truth/469.png,cvc_seq_23,1,1,288,384
CVC-ClinicDB,/home/samsul/Documents/Polyp Detection/CVC-ClinicDB/PNG/Original/47.png,/home/samsul/Documents/Polyp Detection/CVC-ClinicDB/PNG/Ground Truth/47.png,cvc_seq_2,1,1,288,384
CVC-ClinicDB,/home/samsul/Documents/Polyp Detection/CVC-ClinicDB/PNG/Original/470.png,/home/samsul/Documents/Polyp Detection/CVC-ClinicDB/PNG/Ground Truth/470.png,cvc_seq_23,1,1,288,384
CVC-ClinicDB,/home/samsul/Documents/Polyp Detection/CVC-ClinicDB/PNG/Original/471.png,/home/samsul/Documents/Polyp Detection/CVC-ClinicDB/PNG/Ground Truth/471.png,cvc_seq_23,1,1,288,384
CVC-ClinicDB,/home/samsul/Documents/Polyp Detection/CVC-ClinicDB/PNG/Original/472.png,/home/samsul/Documents/Polyp Detection/CVC-ClinicDB/PNG/Ground Truth/472.png,cvc_seq_23,1,1,288,384
CVC-ClinicDB,/home/samsul/Documents/Polyp Detection/CVC-ClinicDB/PNG/Original/473.png,/home/samsul/Documents/Polyp Detection/CVC-ClinicDB/PNG/Ground Truth/473.png,cvc_seq_23,1,1,288,384
CVC-ClinicDB,/home/samsul/Documents/Polyp Detection/CVC-ClinicDB/PNG/Original/474.png,/home/samsul/Documents/Polyp Detection/CVC-ClinicDB/PNG/Ground Truth/474.png,cvc_seq_23,1,1,288,384
CVC-ClinicDB,/home/samsul/Documents/Polyp Detection/CVC-ClinicDB/PNG/Original/475.png,/home/samsul/Documents/Polyp Detection/CVC-ClinicDB/PNG/Ground Truth/475.png,cvc_seq_23,1,1,288,384
CVC-ClinicDB,/home/samsul/Documents/Polyp Detection/CVC-ClinicDB/PNG/Original/476.png,/home/samsul/Documents/Polyp Detection/CVC-ClinicDB/PNG/Ground Truth/476.png,cvc_seq_23,1,1,288,384
CVC-ClinicDB,/home/samsul/Documents/Polyp Detection/CVC-ClinicDB/PNG/Original/477.png,/home/samsul/Documents/Polyp Detection/CVC-ClinicDB/PNG/Ground Truth/477.png,cvc_seq_23,1,1,288,384
CVC-ClinicDB,/home/samsul/Documents/Polyp Detection/CVC-ClinicDB/PNG/Original/478.png,/home/samsul/Documents/Polyp Detection/CVC-ClinicDB/PNG/Ground Truth/478.png,cvc_seq_23,1,1,288,384
CVC-ClinicDB,/home/samsul/Documents/Polyp Detection/CVC-ClinicDB/PNG/Original/479.png,/home/samsul/Documents/Polyp Detection/CVC-ClinicDB/PNG/Ground Truth/479.png,cvc_seq_24,1,1,288,384
CVC-ClinicDB,/home/samsul/Documents/Polyp Detection/CVC-ClinicDB/PNG/Original/48.png,/home/samsul/Documents/Polyp Detection/CVC-ClinicDB/PNG/Ground Truth/48.png,cvc_seq_2,1,1,288,384
CVC-ClinicDB,/home/samsul/Documents/Polyp Detection/CVC-ClinicDB/PNG/Original/480.png,/home/samsul/Documents/Polyp Detection/CVC-ClinicDB/PNG/Ground Truth/480.png,cvc_seq_24,1,1,288,384
CVC-ClinicDB,/home/samsul/Documents/Polyp Detection/CVC-ClinicDB/PNG/Original/481.png,/home/samsul/Documents/Polyp Detection/CVC-ClinicDB/PNG/Ground Truth/481.png,cvc_seq_24,1,1,288,384
CVC-ClinicDB,/home/samsul/Documents/Polyp Detection/CVC-ClinicDB/PNG/Original/482.png,/home/samsul/Documents/Polyp Detection/CVC-ClinicDB/PNG/Ground Truth/482.png,cvc_seq_24,1,1,288,384
CVC-ClinicDB,/home/samsul/Documents/Polyp Detection/CVC-ClinicDB/PNG/Original/483.png,/home/samsul/Documents/Polyp Detection/CVC-ClinicDB/PNG/Ground Truth/483.png,cvc_seq_24,1,1,288,384
CVC-ClinicDB,/home/samsul/Documents/Polyp Detection/CVC-ClinicDB/PNG/Original/484.png,/home/samsul/Documents/Polyp Detection/CVC-ClinicDB/PNG/Ground Truth/484.png,cvc_seq_24,1,1,288,384
CVC-ClinicDB,/home/samsul/Documents/Polyp Detection/CVC-ClinicDB/PNG/Original/485.png,/home/samsul/Documents/Polyp Detection/CVC-ClinicDB/PNG/Ground Truth/485.png,cvc_seq_24,1,1,288,384
CVC-ClinicDB,/home/samsul/Documents/Polyp Detection/CVC-ClinicDB/PNG/Original/486.png,/home/samsul/Documents/Polyp Detection/CVC-ClinicDB/PNG/Ground Truth/486.png,cvc_seq_24,1,1,288,384
CVC-ClinicDB,/home/samsul/Documents/Polyp Detection/CVC-ClinicDB/PNG/Original/487.png,/home/samsul/Documents/Polyp Detection/CVC-ClinicDB/PNG/Ground Truth/487.png,cvc_seq_24,1,1,288,384
CVC-ClinicDB,/home/samsul/Documents/Polyp Detection/CVC-ClinicDB/PNG/Original/488.png,/home/samsul/Documents/Polyp Detection/CVC-ClinicDB/PNG/Ground Truth/488.png,cvc_seq_24,1,1,288,384
CVC-ClinicDB,/home/samsul/Documents/Polyp Detection/CVC-ClinicDB/PNG/Original/489.png,/home/samsul/Documents/Polyp Detection/CVC-ClinicDB/PNG/Ground Truth/489.png,cvc_seq_24,1,1,288,384
CVC-ClinicDB,/home/samsul/Documents/Polyp Detection/CVC-ClinicDB/PNG/Original/49.png,/home/samsul/Documents/Polyp Detection/CVC-ClinicDB/PNG/Ground Truth/49.png,cvc_seq_2,1,1,288,384
CVC-ClinicDB,/home/samsul/Documents/Polyp Detection/CVC-ClinicDB/PNG/Original/490.png,/home/samsul/Documents/Polyp Detection/CVC-ClinicDB/PNG/Ground Truth/490.png,cvc_seq_24,1,1,288,384
CVC-ClinicDB,/home/samsul/Documents/Polyp Detection/CVC-ClinicDB/PNG/Original/491.png,/home/samsul/Documents/Polyp Detection/CVC-ClinicDB/PNG/Ground Truth/491.png,cvc_seq_24,1,1,288,384
CVC-ClinicDB,/home/samsul/Documents/Polyp Detection/CVC-ClinicDB/PNG/Original/492.png,/home/samsul/Documents/Polyp Detection/CVC-ClinicDB/PNG/Ground Truth/492.png,cvc_seq_24,1,1,288,384
CVC-ClinicDB,/home/samsul/Documents/Polyp Detection/CVC-ClinicDB/PNG/Original/493.png,/home/samsul/Documents/Polyp Detection/CVC-ClinicDB/PNG/Ground Truth/493.png,cvc_seq_24,1,1,288,384
CVC-ClinicDB,/home/samsul/Documents/Polyp Detection/CVC-ClinicDB/PNG/Original/494.png,/home/samsul/Documents/Polyp Detection/CVC-ClinicDB/PNG/Ground Truth/494.png,cvc_seq_24,1,1,288,384
CVC-ClinicDB,/home/samsul/Documents/Polyp Detection/CVC-ClinicDB/PNG/Original/495.png,/home/samsul/Documents/Polyp Detection/CVC-ClinicDB/PNG/Ground Truth/495.png,cvc_seq_24,1,1,288,384
CVC-ClinicDB,/home/samsul/Documents/Polyp Detection/CVC-ClinicDB/PNG/Original/496.png,/home/samsul/Documents/Polyp Detection/CVC-ClinicDB/PNG/Ground Truth/496.png,cvc_seq_24,1,1,288,384
CVC-ClinicDB,/home/samsul/Documents/Polyp Detection/CVC-ClinicDB/PNG/Original/497.png,/home/samsul/Documents/Polyp Detection/CVC-ClinicDB/PNG/Ground Truth/497.png,cvc_seq_24,1,1,288,384
CVC-ClinicDB,/home/samsul/Documents/Polyp Detection/CVC-ClinicDB/PNG/Original/498.png,/home/samsul/Documents/Polyp Detection/CVC-ClinicDB/PNG/Ground Truth/498.png,cvc_seq_24,1,1,288,384
CVC-ClinicDB,/home/samsul/Documents/Polyp Detection/CVC-ClinicDB/PNG/Original/499.png,/home/samsul/Documents/Polyp Detection/CVC-ClinicDB/PNG/Ground Truth/499.png,cvc_seq_24,1,1,288,384
CVC-ClinicDB,/home/samsul/Documents/Polyp Detection/CVC-ClinicDB/PNG/Original/5.png,/home/samsul/Documents/Polyp Detection/CVC-ClinicDB/PNG/Ground Truth/5.png,cvc_seq_1,1,1,288,384
CVC-ClinicDB,/home/samsul/Documents/Polyp Detection/CVC-ClinicDB/PNG/Original/50.png,/home/samsul/Documents/Polyp Detection/CVC-ClinicDB/PNG/Ground Truth/50.png,cvc_seq_2,1,1,288,384
CVC-ClinicDB,/home/samsul/Documents/Polyp Detection/CVC-ClinicDB/PNG/Original/500.png,/home/samsul/Documents/Polyp Detection/CVC-ClinicDB/PNG/Ground Truth/500.png,cvc_seq_24,1,1,288,384
CVC-ClinicDB,/home/samsul/Documents/Polyp Detection/CVC-ClinicDB/PNG/Original/501.png,/home/samsul/Documents/Polyp Detection/CVC-ClinicDB/PNG/Ground Truth/501.png,cvc_seq_24,1,1,288,384
CVC-ClinicDB,/home/samsul/Documents/Polyp Detection/CVC-ClinicDB/PNG/Original/502.png,/home/samsul/Documents/Polyp Detection/CVC-ClinicDB/PNG/Ground Truth/502.png,cvc_seq_24,1,1,288,384
CVC-ClinicDB,/home/samsul/Documents/Polyp Detection/CVC-ClinicDB/PNG/Original/503.png,/home/samsul/Documents/Polyp Detection/CVC-ClinicDB/PNG/Ground Truth/503.png,cvc_seq_24,1,1,288,384
CVC-ClinicDB,/home/samsul/Documents/Polyp Detection/CVC-ClinicDB/PNG/Original/504.png,/home/samsul/Documents/Polyp Detection/CVC-ClinicDB/PNG/Ground Truth/504.png,cvc_seq_25,1,1,288,384
CVC-ClinicDB,/home/samsul/Documents/Polyp Detection/CVC-ClinicDB/PNG/Original/505.png,/home/samsul/Documents/Polyp Detection/CVC-ClinicDB/PNG/Ground Truth/505.png,cvc_seq_25,1,1,288,384
CVC-ClinicDB,/home/samsul/Documents/Polyp Detection/CVC-ClinicDB/PNG/Original/506.png,/home/samsul/Documents/Polyp Detection/CVC-ClinicDB/PNG/Ground Truth/506.png,cvc_seq_25,1,1,288,384
CVC-ClinicDB,/home/samsul/Documents/Polyp Detection/CVC-ClinicDB/PNG/Original/507.png,/home/samsul/Documents/Polyp Detection/CVC-ClinicDB/PNG/Ground Truth/507.png,cvc_seq_25,1,1,288,384
CVC-ClinicDB,/home/samsul/Documents/Polyp Detection/CVC-ClinicDB/PNG/Original/508.png,/home/samsul/Documents/Polyp Detection/CVC-ClinicDB/PNG/Ground Truth/508.png,cvc_seq_25,1,1,288,384
CVC-ClinicDB,/home/samsul/Documents/Polyp Detection/CVC-ClinicDB/PNG/Original/509.png,/home/samsul/Documents/Polyp Detection/CVC-ClinicDB/PNG/Ground Truth/509.png,cvc_seq_25,1,1,288,384
CVC-ClinicDB,/home/samsul/Documents/Polyp Detection/CVC-ClinicDB/PNG/Original/51.png,/home/samsul/Documents/Polyp Detection/CVC-ClinicDB/PNG/Ground Truth/51.png,cvc_seq_3,1,1,288,384
CVC-ClinicDB,/home/samsul/Documents/Polyp Detection/CVC-ClinicDB/PNG/Original/510.png,/home/samsul/Documents/Polyp Detection/CVC-ClinicDB/PNG/Ground Truth/510.png,cvc_seq_25,1,1,288,384
CVC-ClinicDB,/home/samsul/Documents/Polyp Detection/CVC-ClinicDB/PNG/Original/511.png,/home/samsul/Documents/Polyp Detection/CVC-ClinicDB/PNG/Ground Truth/511.png,cvc_seq_25,1,1,288,384
CVC-ClinicDB,/home/samsul/Documents/Polyp Detection/CVC-ClinicDB/PNG/Original/512.png,/home/samsul/Documents/Polyp Detection/CVC-ClinicDB/PNG/Ground Truth/512.png,cvc_seq_25,1,1,288,384
CVC-ClinicDB,/home/samsul/Documents/Polyp Detection/CVC-ClinicDB/PNG/Original/513.png,/home/samsul/Documents/Polyp Detection/CVC-ClinicDB/PNG/Ground Truth/513.png,cvc_seq_25,1,1,288,384
CVC-ClinicDB,/home/samsul/Documents/Polyp Detection/CVC-ClinicDB/PNG/Original/514.png,/home/samsul/Documents/Polyp Detection/CVC-ClinicDB/PNG/Ground Truth/514.png,cvc_seq_25,1,1,288,384
CVC-ClinicDB,/home/samsul/Documents/Polyp Detection/CVC-ClinicDB/PNG/Original/515.png,/home/samsul/Documents/Polyp Detection/CVC-ClinicDB/PNG/Ground Truth/515.png,cvc_seq_25,1,1,288,384
CVC-ClinicDB,/home/samsul/Documents/Polyp Detection/CVC-ClinicDB/PNG/Original/516.png,/home/samsul/Documents/Polyp Detection/CVC-ClinicDB/PNG/Ground Truth/516.png,cvc_seq_25,1,1,288,384
CVC-ClinicDB,/home/samsul/Documents/Polyp Detection/CVC-ClinicDB/PNG/Original/517.png,/home/samsul/Documents/Polyp Detection/CVC-ClinicDB/PNG/Ground Truth/517.png,cvc_seq_25,1,1,288,384
CVC-ClinicDB,/home/samsul/Documents/Polyp Detection/CVC-ClinicDB/PNG/Original/518.png,/home/samsul/Documents/Polyp Detection/CVC-ClinicDB/PNG/Ground Truth/518.png,cvc_seq_25,1,1,288,384
CVC-ClinicDB,/home/samsul/Documents/Polyp Detection/CVC-ClinicDB/PNG/Original/519.png,/home/samsul/Documents/Polyp Detection/CVC-ClinicDB/PNG/Ground Truth/519.png,cvc_seq_25,1,1,288,384
CVC-ClinicDB,/home/samsul/Documents/Polyp Detection/CVC-ClinicDB/PNG/Original/52.png,/home/samsul/Documents/Polyp Detection/CVC-ClinicDB/PNG/Ground Truth/52.png,cvc_seq_3,1,1,288,384
CVC-ClinicDB,/home/samsul/Documents/Polyp Detection/CVC-ClinicDB/PNG/Original/520.png,/home/samsul/Documents/Polyp Detection/CVC-ClinicDB/PNG/Ground Truth/520.png,cvc_seq_25,1,1,288,384
CVC-ClinicDB,/home/samsul/Documents/Polyp Detection/CVC-ClinicDB/PNG/Original/521.png,/home/samsul/Documents/Polyp Detection/CVC-ClinicDB/PNG/Ground Truth/521.png,cvc_seq_25,1,1,288,384
CVC-ClinicDB,/home/samsul/Documents/Polyp Detection/CVC-ClinicDB/PNG/Original/522.png,/home/samsul/Documents/Polyp Detection/CVC-ClinicDB/PNG/Ground Truth/522.png,cvc_seq_25,1,1,288,384
CVC-ClinicDB,/home/samsul/Documents/Polyp Detection/CVC-ClinicDB/PNG/Original/523.png,/home/samsul/Documents/Polyp Detection/CVC-ClinicDB/PNG/Ground Truth/523.png,cvc_seq_25,1,1,288,384
CVC-ClinicDB,/home/samsul/Documents/Polyp Detection/CVC-ClinicDB/PNG/Original/524.png,/home/samsul/Documents/Polyp Detection/CVC-ClinicDB/PNG/Ground Truth/524.png,cvc_seq_25,1,1,288,384
CVC-ClinicDB,/home/samsul/Documents/Polyp Detection/CVC-ClinicDB/PNG/Original/525.png,/home/samsul/Documents/Polyp Detection/CVC-ClinicDB/PNG/Ground Truth/525.png,cvc_seq_25,1,1,288,384
CVC-ClinicDB,/home/samsul/Documents/Polyp Detection/CVC-ClinicDB/PNG/Original/526.png,/home/samsul/Documents/Polyp Detection/CVC-ClinicDB/PNG/Ground Truth/526.png,cvc_seq_25,1,1,288,384
CVC-ClinicDB,/home/samsul/Documents/Polyp Detection/CVC-ClinicDB/PNG/Original/527.png,/home/samsul/Documents/Polyp Detection/CVC-ClinicDB/PNG/Ground Truth/527.png,cvc_seq_25,1,1,288,384
CVC-ClinicDB,/home/samsul/Documents/Polyp Detection/CVC-ClinicDB/PNG/Original/528.png,/home/samsul/Documents/Polyp Detection/CVC-ClinicDB/PNG/Ground Truth/528.png,cvc_seq_25,1,1,288,384
CVC-ClinicDB,/home/samsul/Documents/Polyp Detection/CVC-ClinicDB/PNG/Original/529.png,/home/samsul/Documents/Polyp Detection/CVC-ClinicDB/PNG/Ground Truth/529.png,cvc_seq_26,1,1,288,384
CVC-ClinicDB,/home/samsul/Documents/Polyp Detection/CVC-ClinicDB/PNG/Original/53.png,/home/samsul/Documents/Polyp Detection/CVC-ClinicDB/PNG/Ground Truth/53.png,cvc_seq_3,1,1,288,384
CVC-ClinicDB,/home/samsul/Documents/Polyp Detection/CVC-ClinicDB/PNG/Original/530.png,/home/samsul/Documents/Polyp Detection/CVC-ClinicDB/PNG/Ground Truth/530.png,cvc_seq_26,1,1,288,384
CVC-ClinicDB,/home/samsul/Documents/Polyp Detection/CVC-ClinicDB/PNG/Original/531.png,/home/samsul/Documents/Polyp Detection/CVC-ClinicDB/PNG/Ground Truth/531.png,cvc_seq_26,1,1,288,384
CVC-ClinicDB,/home/samsul/Documents/Polyp Detection/CVC-ClinicDB/PNG/Original/532.png,/home/samsul/Documents/Polyp Detection/CVC-ClinicDB/PNG/Ground Truth/532.png,cvc_seq_26,1,1,288,384
CVC-ClinicDB,/home/samsul/Documents/Polyp Detection/CVC-ClinicDB/PNG/Original/533.png,/home/samsul/Documents/Polyp Detection/CVC-ClinicDB/PNG/Ground Truth/533.png,cvc_seq_26,1,1,288,384
CVC-ClinicDB,/home/samsul/Documents/Polyp Detection/CVC-ClinicDB/PNG/Original/534.png,/home/samsul/Documents/Polyp Detection/CVC-ClinicDB/PNG/Ground Truth/534.png,cvc_seq_26,1,1,288,384
CVC-ClinicDB,/home/samsul/Documents/Polyp Detection/CVC-ClinicDB/PNG/Original/535.png,/home/samsul/Documents/Polyp Detection/CVC-ClinicDB/PNG/Ground Truth/535.png,cvc_seq_26,1,1,288,384
CVC-ClinicDB,/home/samsul/Documents/Polyp Detection/CVC-ClinicDB/PNG/Original/536.png,/home/samsul/Documents/Polyp Detection/CVC-ClinicDB/PNG/Ground Truth/536.png,cvc_seq_26,1,1,288,384
CVC-ClinicDB,/home/samsul/Documents/Polyp Detection/CVC-ClinicDB/PNG/Original/537.png,/home/samsul/Documents/Polyp Detection/CVC-ClinicDB/PNG/Ground Truth/537.png,cvc_seq_26,1,1,288,384
CVC-ClinicDB,/home/samsul/Documents/Polyp Detection/CVC-ClinicDB/PNG/Original/538.png,/home/samsul/Documents/Polyp Detection/CVC-ClinicDB/PNG/Ground Truth/538.png,cvc_seq_26,1,1,288,384
CVC-ClinicDB,/home/samsul/Documents/Polyp Detection/CVC-ClinicDB/PNG/Original/539.png,/home/samsul/Documents/Polyp Detection/CVC-ClinicDB/PNG/Ground Truth/539.png,cvc_seq_26,1,1,288,384
CVC-ClinicDB,/home/samsul/Documents/Polyp Detection/CVC-ClinicDB/PNG/Original/54.png,/home/samsul/Documents/Polyp Detection/CVC-ClinicDB/PNG/Ground Truth/54.png,cvc_seq_3,1,1,288,384
CVC-ClinicDB,/home/samsul/Documents/Polyp Detection/CVC-ClinicDB/PNG/Original/540.png,/home/samsul/Documents/Polyp Detection/CVC-ClinicDB/PNG/Ground Truth/540.png,cvc_seq_26,1,1,288,384
CVC-ClinicDB,/home/samsul/Documents/Polyp Detection/CVC-ClinicDB/PNG/Original/541.png,/home/samsul/Documents/Polyp Detection/CVC-ClinicDB/PNG/Ground Truth/541.png,cvc_seq_26,1,1,288,384
CVC-ClinicDB,/home/samsul/Documents/Polyp Detection/CVC-ClinicDB/PNG/Original/542.png,/home/samsul/Documents/Polyp Detection/CVC-ClinicDB/PNG/Ground Truth/542.png,cvc_seq_26,1,1,288,384
CVC-ClinicDB,/home/samsul/Documents/Polyp Detection/CVC-ClinicDB/PNG/Original/543.png,/home/samsul/Documents/Polyp Detection/CVC-ClinicDB/PNG/Ground Truth/543.png,cvc_seq_26,1,1,288,384
CVC-ClinicDB,/home/samsul/Documents/Polyp Detection/CVC-ClinicDB/PNG/Original/544.png,/home/samsul/Documents/Polyp Detection/CVC-ClinicDB/PNG/Ground Truth/544.png,cvc_seq_26,1,1,288,384
CVC-ClinicDB,/home/samsul/Documents/Polyp Detection/CVC-ClinicDB/PNG/Original/545.png,/home/samsul/Documents/Polyp Detection/CVC-ClinicDB/PNG/Ground Truth/545.png,cvc_seq_26,1,1,288,384
CVC-ClinicDB,/home/samsul/Documents/Polyp Detection/CVC-ClinicDB/PNG/Original/546.png,/home/samsul/Documents/Polyp Detection/CVC-ClinicDB/PNG/Ground Truth/546.png,cvc_seq_26,1,1,288,384
CVC-ClinicDB,/home/samsul/Documents/Polyp Detection/CVC-ClinicDB/PNG/Original/547.png,/home/samsul/Documents/Polyp Detection/CVC-ClinicDB/PNG/Ground Truth/547.png,cvc_seq_27,2,1,288,384
CVC-ClinicDB,/home/samsul/Documents/Polyp Detection/CVC-ClinicDB/PNG/Original/548.png,/home/samsul/Documents/Polyp Detection/CVC-ClinicDB/PNG/Ground Truth/548.png,cvc_seq_27,2,1,288,384
CVC-ClinicDB,/home/samsul/Documents/Polyp Detection/CVC-ClinicDB/PNG/Original/549.png,/home/samsul/Documents/Polyp Detection/CVC-ClinicDB/PNG/Ground Truth/549.png,cvc_seq_27,2,1,288,384
CVC-ClinicDB,/home/samsul/Documents/Polyp Detection/CVC-ClinicDB/PNG/Original/55.png,/home/samsul/Documents/Polyp Detection/CVC-ClinicDB/PNG/Ground Truth/55.png,cvc_seq_3,1,1,288,384
CVC-ClinicDB,/home/samsul/Documents/Polyp Detection/CVC-ClinicDB/PNG/Original/550.png,/home/samsul/Documents/Polyp Detection/CVC-ClinicDB/PNG/Ground Truth/550.png,cvc_seq_27,2,1,288,384
CVC-ClinicDB,/home/samsul/Documents/Polyp Detection/CVC-ClinicDB/PNG/Original/551.png,/home/samsul/Documents/Polyp Detection/CVC-ClinicDB/PNG/Ground Truth/551.png,cvc_seq_27,2,1,288,384
CVC-ClinicDB,/home/samsul/Documents/Polyp Detection/CVC-ClinicDB/PNG/Original/552.png,/home/samsul/Documents/Polyp Detection/CVC-ClinicDB/PNG/Ground Truth/552.png,cvc_seq_27,2,1,288,384
CVC-ClinicDB,/home/samsul/Documents/Polyp Detection/CVC-ClinicDB/PNG/Original/553.png,/home/samsul/Documents/Polyp Detection/CVC-ClinicDB/PNG/Ground Truth/553.png,cvc_seq_27,2,1,288,384
CVC-ClinicDB,/home/samsul/Documents/Polyp Detection/CVC-ClinicDB/PNG/Original/554.png,/home/samsul/Documents/Polyp Detection/CVC-ClinicDB/PNG/Ground Truth/554.png,cvc_seq_27,2,1,288,384
CVC-ClinicDB,/home/samsul/Documents/Polyp Detection/CVC-ClinicDB/PNG/Original/555.png,/home/samsul/Documents/Polyp Detection/CVC-ClinicDB/PNG/Ground Truth/555.png,cvc_seq_27,2,1,288,384
CVC-ClinicDB,/home/samsul/Documents/Polyp Detection/CVC-ClinicDB/PNG/Original/556.png,/home/samsul/Documents/Polyp Detection/CVC-ClinicDB/PNG/Ground Truth/556.png,cvc_seq_27,2,1,288,384
CVC-ClinicDB,/home/samsul/Documents/Polyp Detection/CVC-ClinicDB/PNG/Original/557.png,/home/samsul/Documents/Polyp Detection/CVC-ClinicDB/PNG/Ground Truth/557.png,cvc_seq_27,2,1,288,384
CVC-ClinicDB,/home/samsul/Documents/Polyp Detection/CVC-ClinicDB/PNG/Original/558.png,/home/samsul/Documents/Polyp Detection/CVC-ClinicDB/PNG/Ground Truth/558.png,cvc_seq_27,2,1,288,384
CVC-ClinicDB,/home/samsul/Documents/Polyp Detection/CVC-ClinicDB/PNG/Original/559.png,/home/samsul/Documents/Polyp Detection/CVC-ClinicDB/PNG/Ground Truth/559.png,cvc_seq_27,1,1,288,384
CVC-ClinicDB,/home/samsul/Documents/Polyp Detection/CVC-ClinicDB/PNG/Original/56.png,/home/samsul/Documents/Polyp Detection/CVC-ClinicDB/PNG/Ground Truth/56.png,cvc_seq_3,1,1,288,384
CVC-ClinicDB,/home/samsul/Documents/Polyp Detection/CVC-ClinicDB/PNG/Original/560.png,/home/samsul/Documents/Polyp Detection/CVC-ClinicDB/PNG/Ground Truth/560.png,cvc_seq_27,2,1,288,384
CVC-ClinicDB,/home/samsul/Documents/Polyp Detection/CVC-ClinicDB/PNG/Original/561.png,/home/samsul/Documents/Polyp Detection/CVC-ClinicDB/PNG/Ground Truth/561.png,cvc_seq_27,2,1,288,384
CVC-ClinicDB,/home/samsul/Documents/Polyp Detection/CVC-ClinicDB/PNG/Original/562.png,/home/samsul/Documents/Polyp Detection/CVC-ClinicDB/PNG/Ground Truth/562.png,cvc_seq_27,2,1,288,384
CVC-ClinicDB,/home/samsul/Documents/Polyp Detection/CVC-ClinicDB/PNG/Original/563.png,/home/samsul/Documents/Polyp Detection/CVC-ClinicDB/PNG/Ground Truth/563.png,cvc_seq_27,1,1,288,384
CVC-ClinicDB,/home/samsul/Documents/Polyp Detection/CVC-ClinicDB/PNG/Original/564.png,/home/samsul/Documents/Polyp Detection/CVC-ClinicDB/PNG/Ground Truth/564.png,cvc_seq_27,1,1,288,384
CVC-ClinicDB,/home/samsul/Documents/Polyp Detection/CVC-ClinicDB/PNG/Original/565.png,/home/samsul/Documents/Polyp Detection/CVC-ClinicDB/PNG/Ground Truth/565.png,cvc_seq_27,2,1,288,384
CVC-ClinicDB,/home/samsul/Documents/Polyp Detection/CVC-ClinicDB/PNG/Original/566.png,/home/samsul/Documents/Polyp Detection/CVC-ClinicDB/PNG/Ground Truth/566.png,cvc_seq_27,2,1,288,384
CVC-ClinicDB,/home/samsul/Documents/Polyp Detection/CVC-ClinicDB/PNG/Original/567.png,/home/samsul/Documents/Polyp Detection/CVC-ClinicDB/PNG/Ground Truth/567.png,cvc_seq_27,2,1,288,384
CVC-ClinicDB,/home/samsul/Documents/Polyp Detection/CVC-ClinicDB/PNG/Original/568.png,/home/samsul/Documents/Polyp Detection/CVC-ClinicDB/PNG/Ground Truth/568.png,cvc_seq_27,2,1,288,384
CVC-ClinicDB,/home/samsul/Documents/Polyp Detection/CVC-ClinicDB/PNG/Original/569.png,/home/samsul/Documents/Polyp Detection/CVC-ClinicDB/PNG/Ground Truth/569.png,cvc_seq_27,2,1,288,384
CVC-ClinicDB,/home/samsul/Documents/Polyp Detection/CVC-ClinicDB/PNG/Original/57.png,/home/samsul/Documents/Polyp Detection/CVC-ClinicDB/PNG/Ground Truth/57.png,cvc_seq_3,1,1,288,384
CVC-ClinicDB,/home/samsul/Documents/Polyp Detection/CVC-ClinicDB/PNG/Original/570.png,/home/samsul/Documents/Polyp Detection/CVC-ClinicDB/PNG/Ground Truth/570.png,cvc_seq_27,2,1,288,384
CVC-ClinicDB,/home/samsul/Documents/Polyp Detection/CVC-ClinicDB/PNG/Original/571.png,/home/samsul/Documents/Polyp Detection/CVC-ClinicDB/PNG/Ground Truth/571.png,cvc_seq_27,2,1,288,384
CVC-ClinicDB,/home/samsul/Documents/Polyp Detection/CVC-ClinicDB/PNG/Original/572.png,/home/samsul/Documents/Polyp Detection/CVC-ClinicDB/PNG/Ground Truth/572.png,cvc_seq_28,1,1,288,384
CVC-ClinicDB,/home/samsul/Documents/Polyp Detection/CVC-ClinicDB/PNG/Original/573.png,/home/samsul/Documents/Polyp Detection/CVC-ClinicDB/PNG/Ground Truth/573.png,cvc_seq_28,1,1,288,384
CVC-ClinicDB,/home/samsul/Documents/Polyp Detection/CVC-ClinicDB/PNG/Original/574.png,/home/samsul/Documents/Polyp Detection/CVC-ClinicDB/PNG/Ground Truth/574.png,cvc_seq_28,1,1,288,384
CVC-ClinicDB,/home/samsul/Documents/Polyp Detection/CVC-ClinicDB/PNG/Original/575.png,/home/samsul/Documents/Polyp Detection/CVC-ClinicDB/PNG/Ground Truth/575.png,cvc_seq_28,1,1,288,384
CVC-ClinicDB,/home/samsul/Documents/Polyp Detection/CVC-ClinicDB/PNG/Original/576.png,/home/samsul/Documents/Polyp Detection/CVC-ClinicDB/PNG/Ground Truth/576.png,cvc_seq_28,1,1,288,384
CVC-ClinicDB,/home/samsul/Documents/Polyp Detection/CVC-ClinicDB/PNG/Original/577.png,/home/samsul/Documents/Polyp Detection/CVC-ClinicDB/PNG/Ground Truth/577.png,cvc_seq_28,1,1,288,384
CVC-ClinicDB,/home/samsul/Documents/Polyp Detection/CVC-ClinicDB/PNG/Original/578.png,/home/samsul/Documents/Polyp Detection/CVC-ClinicDB/PNG/Ground Truth/578.png,cvc_seq_28,1,1,288,384
CVC-ClinicDB,/home/samsul/Documents/Polyp Detection/CVC-ClinicDB/PNG/Original/579.png,/home/samsul/Documents/Polyp Detection/CVC-ClinicDB/PNG/Ground Truth/579.png,cvc_seq_28,1,1,288,384
CVC-ClinicDB,/home/samsul/Documents/Polyp Detection/CVC-ClinicDB/PNG/Original/58.png,/home/samsul/Documents/Polyp Detection/CVC-ClinicDB/PNG/Ground Truth/58.png,cvc_seq_3,1,1,288,384
CVC-ClinicDB,/home/samsul/Documents/Polyp Detection/CVC-ClinicDB/PNG/Original/580.png,/home/samsul/Documents/Polyp Detection/CVC-ClinicDB/PNG/Ground Truth/580.png,cvc_seq_28,1,1,288,384
CVC-ClinicDB,/home/samsul/Documents/Polyp Detection/CVC-ClinicDB/PNG/Original/581.png,/home/samsul/Documents/Polyp Detection/CVC-ClinicDB/PNG/Ground Truth/581.png,cvc_seq_28,1,1,288,384
CVC-ClinicDB,/home/samsul/Documents/Polyp Detection/CVC-ClinicDB/PNG/Original/582.png,/home/samsul/Documents/Polyp Detection/CVC-ClinicDB/PNG/Ground Truth/582.png,cvc_seq_28,1,1,288,384
CVC-ClinicDB,/home/samsul/Documents/Polyp Detection/CVC-ClinicDB/PNG/Original/583.png,/home/samsul/Documents/Polyp Detection/CVC-ClinicDB/PNG/Ground Truth/583.png,cvc_seq_28,1,1,288,384
CVC-ClinicDB,/home/samsul/Documents/Polyp Detection/CVC-ClinicDB/PNG/Original/584.png,/home/samsul/Documents/Polyp Detection/CVC-ClinicDB/PNG/Ground Truth/584.png,cvc_seq_28,1,1,288,384
CVC-ClinicDB,/home/samsul/Documents/Polyp Detection/CVC-ClinicDB/PNG/Original/585.png,/home/samsul/Documents/Polyp Detection/CVC-ClinicDB/PNG/Ground Truth/585.png,cvc_seq_28,1,1,288,384
CVC-ClinicDB,/home/samsul/Documents/Polyp Detection/CVC-ClinicDB/PNG/Original/586.png,/home/samsul/Documents/Polyp Detection/CVC-ClinicDB/PNG/Ground Truth/586.png,cvc_seq_28,1,1,288,384
CVC-ClinicDB,/home/samsul/Documents/Polyp Detection/CVC-ClinicDB/PNG/Original/587.png,/home/samsul/Documents/Polyp Detection/CVC-ClinicDB/PNG/Ground Truth/587.png,cvc_seq_28,1,1,288,384
CVC-ClinicDB,/home/samsul/Documents/Polyp Detection/CVC-ClinicDB/PNG/Original/588.png,/home/samsul/Documents/Polyp Detection/CVC-ClinicDB/PNG/Ground Truth/588.png,cvc_seq_28,1,1,288,384
CVC-ClinicDB,/home/samsul/Documents/Polyp Detection/CVC-ClinicDB/PNG/Original/589.png,/home/samsul/Documents/Polyp Detection/CVC-ClinicDB/PNG/Ground Truth/589.png,cvc_seq_28,1,1,288,384
CVC-ClinicDB,/home/samsul/Documents/Polyp Detection/CVC-ClinicDB/PNG/Original/59.png,/home/samsul/Documents/Polyp Detection/CVC-ClinicDB/PNG/Ground Truth/59.png,cvc_seq_3,1,1,288,384
CVC-ClinicDB,/home/samsul/Documents/Polyp Detection/CVC-ClinicDB/PNG/Original/590.png,/home/samsul/Documents/Polyp Detection/CVC-ClinicDB/PNG/Ground Truth/590.png,cvc_seq_28,1,1,288,384
CVC-ClinicDB,/home/samsul/Documents/Polyp Detection/CVC-ClinicDB/PNG/Original/591.png,/home/samsul/Documents/Polyp Detection/CVC-ClinicDB/PNG/Ground Truth/591.png,cvc_seq_28,1,1,288,384
CVC-ClinicDB,/home/samsul/Documents/Polyp Detection/CVC-ClinicDB/PNG/Original/592.png,/home/samsul/Documents/Polyp Detection/CVC-ClinicDB/PNG/Ground Truth/592.png,cvc_seq_29,1,1,288,384
CVC-ClinicDB,/home/samsul/Documents/Polyp Detection/CVC-ClinicDB/PNG/Original/593.png,/home/samsul/Documents/Polyp Detection/CVC-ClinicDB/PNG/Ground Truth/593.png,cvc_seq_29,1,1,288,384
CVC-ClinicDB,/home/samsul/Documents/Polyp Detection/CVC-ClinicDB/PNG/Original/594.png,/home/samsul/Documents/Polyp Detection/CVC-ClinicDB/PNG/Ground Truth/594.png,cvc_seq_29,1,1,288,384
CVC-ClinicDB,/home/samsul/Documents/Polyp Detection/CVC-ClinicDB/PNG/Original/595.png,/home/samsul/Documents/Polyp Detection/CVC-ClinicDB/PNG/Ground Truth/595.png,cvc_seq_29,1,1,288,384
CVC-ClinicDB,/home/samsul/Documents/Polyp Detection/CVC-ClinicDB/PNG/Original/596.png,/home/samsul/Documents/Polyp Detection/CVC-ClinicDB/PNG/Ground Truth/596.png,cvc_seq_29,1,1,288,384
CVC-ClinicDB,/home/samsul/Documents/Polyp Detection/CVC-ClinicDB/PNG/Original/597.png,/home/samsul/Documents/Polyp Detection/CVC-ClinicDB/PNG/Ground Truth/597.png,cvc_seq_29,1,1,288,384
CVC-ClinicDB,/home/samsul/Documents/Polyp Detection/CVC-ClinicDB/PNG/Original/598.png,/home/samsul/Documents/Polyp Detection/CVC-ClinicDB/PNG/Ground Truth/598.png,cvc_seq_29,1,1,288,384
CVC-ClinicDB,/home/samsul/Documents/Polyp Detection/CVC-ClinicDB/PNG/Original/599.png,/home/samsul/Documents/Polyp Detection/CVC-ClinicDB/PNG/Ground Truth/599.png,cvc_seq_29,1,1,288,384
CVC-ClinicDB,/home/samsul/Documents/Polyp Detection/CVC-ClinicDB/PNG/Original/6.png,/home/samsul/Documents/Polyp Detection/CVC-ClinicDB/PNG/Ground Truth/6.png,cvc_seq_1,1,1,288,384
CVC-ClinicDB,/home/samsul/Documents/Polyp Detection/CVC-ClinicDB/PNG/Original/60.png,/home/samsul/Documents/Polyp Detection/CVC-ClinicDB/PNG/Ground Truth/60.png,cvc_seq_3,1,1,288,384
CVC-ClinicDB,/home/samsul/Documents/Polyp Detection/CVC-ClinicDB/PNG/Original/600.png,/home/samsul/Documents/Polyp Detection/CVC-ClinicDB/PNG/Ground Truth/600.png,cvc_seq_29,1,1,288,384
CVC-ClinicDB,/home/samsul/Documents/Polyp Detection/CVC-ClinicDB/PNG/Original/601.png,/home/samsul/Documents/Polyp Detection/CVC-ClinicDB/PNG/Ground Truth/601.png,cvc_seq_29,1,1,288,384
CVC-ClinicDB,/home/samsul/Documents/Polyp Detection/CVC-ClinicDB/PNG/Original/602.png,/home/samsul/Documents/Polyp Detection/CVC-ClinicDB/PNG/Ground Truth/602.png,cvc_seq_29,1,1,288,384
CVC-ClinicDB,/home/samsul/Documents/Polyp Detection/CVC-ClinicDB/PNG/Original/603.png,/home/samsul/Documents/Polyp Detection/CVC-ClinicDB/PNG/Ground Truth/603.png,cvc_seq_29,1,1,288,384
CVC-ClinicDB,/home/samsul/Documents/Polyp Detection/CVC-ClinicDB/PNG/Original/604.png,/home/samsul/Documents/Polyp Detection/CVC-ClinicDB/PNG/Ground Truth/604.png,cvc_seq_29,1,1,288,384
CVC-ClinicDB,/home/samsul/Documents/Polyp Detection/CVC-ClinicDB/PNG/Original/605.png,/home/samsul/Documents/Polyp Detection/CVC-ClinicDB/PNG/Ground Truth/605.png,cvc_seq_29,1,1,288,384
CVC-ClinicDB,/home/samsul/Documents/Polyp Detection/CVC-ClinicDB/PNG/Original/606.png,/home/samsul/Documents/Polyp Detection/CVC-ClinicDB/PNG/Ground Truth/606.png,cvc_seq_29,1,1,288,384
CVC-ClinicDB,/home/samsul/Documents/Polyp Detection/CVC-ClinicDB/PNG/Original/607.png,/home/samsul/Documents/Polyp Detection/CVC-ClinicDB/PNG/Ground Truth/607.png,cvc_seq_29,1,1,288,384
CVC-ClinicDB,/home/samsul/Documents/Polyp Detection/CVC-ClinicDB/PNG/Original/608.png,/home/samsul/Documents/Polyp Detection/CVC-ClinicDB/PNG/Ground Truth/608.png,cvc_seq_29,1,1,288,384
CVC-ClinicDB,/home/samsul/Documents/Polyp Detection/CVC-ClinicDB/PNG/Original/609.png,/home/samsul/Documents/Polyp Detection/CVC-ClinicDB/PNG/Ground Truth/609.png,cvc_seq_29,1,1,288,384
CVC-ClinicDB,/home/samsul/Documents/Polyp Detection/CVC-ClinicDB/PNG/Original/61.png,/home/samsul/Documents/Polyp Detection/CVC-ClinicDB/PNG/Ground Truth/61.png,cvc_seq_3,1,1,288,384
CVC-ClinicDB,/home/samsul/Documents/Polyp Detection/CVC-ClinicDB/PNG/Original/610.png,/home/samsul/Documents/Polyp Detection/CVC-ClinicDB/PNG/Ground Truth/610.png,cvc_seq_29,1,1,288,384
CVC-ClinicDB,/home/samsul/Documents/Polyp Detection/CVC-ClinicDB/PNG/Original/611.png,/home/samsul/Documents/Polyp Detection/CVC-ClinicDB/PNG/Ground Truth/611.png,cvc_seq_29,1,1,288,384
CVC-ClinicDB,/home/samsul/Documents/Polyp Detection/CVC-ClinicDB/PNG/Original/612.png,/home/samsul/Documents/Polyp Detection/CVC-ClinicDB/PNG/Ground Truth/612.png,cvc_seq_29,1,1,288,384
CVC-ClinicDB,/home/samsul/Documents/Polyp Detection/CVC-ClinicDB/PNG/Original/62.png,/home/samsul/Documents/Polyp Detection/CVC-ClinicDB/PNG/Ground Truth/62.png,cvc_seq_3,1,1,288,384
CVC-ClinicDB,/home/samsul/Documents/Polyp Detection/CVC-ClinicDB/PNG/Original/63.png,/home/samsul/Documents/Polyp Detection/CVC-ClinicDB/PNG/Ground Truth/63.png,cvc_seq_3,1,1,288,384
CVC-ClinicDB,/home/samsul/Documents/Polyp Detection/CVC-ClinicDB/PNG/Original/64.png,/home/samsul/Documents/Polyp Detection/CVC-ClinicDB/PNG/Ground Truth/64.png,cvc_seq_3,1,1,288,384
CVC-ClinicDB,/home/samsul/Documents/Polyp Detection/CVC-ClinicDB/PNG/Original/65.png,/home/samsul/Documents/Polyp Detection/CVC-ClinicDB/PNG/Ground Truth/65.png,cvc_seq_3,1,1,288,384
CVC-ClinicDB,/home/samsul/Documents/Polyp Detection/CVC-ClinicDB/PNG/Original/66.png,/home/samsul/Documents/Polyp Detection/CVC-ClinicDB/PNG/Ground Truth/66.png,cvc_seq_3,1,1,288,384
CVC-ClinicDB,/home/samsul/Documents/Polyp Detection/CVC-ClinicDB/PNG/Original/67.png,/home/samsul/Documents/Polyp Detection/CVC-ClinicDB/PNG/Ground Truth/67.png,cvc_seq_3,1,1,288,384
CVC-ClinicDB,/home/samsul/Documents/Polyp Detection/CVC-ClinicDB/PNG/Original/68.png,/home/samsul/Documents/Polyp Detection/CVC-ClinicDB/PNG/Ground Truth/68.png,cvc_seq_4,1,1,288,384
CVC-ClinicDB,/home/samsul/Documents/Polyp Detection/CVC-ClinicDB/PNG/Original/69.png,/home/samsul/Documents/Polyp Detection/CVC-ClinicDB/PNG/Ground Truth/69.png,cvc_seq_4,1,1,288,384
CVC-ClinicDB,/home/samsul/Documents/Polyp Detection/CVC-ClinicDB/PNG/Original/7.png,/home/samsul/Documents/Polyp Detection/CVC-ClinicDB/PNG/Ground Truth/7.png,cvc_seq_1,1,1,288,384
CVC-ClinicDB,/home/samsul/Documents/Polyp Detection/CVC-ClinicDB/PNG/Original/70.png,/home/samsul/Documents/Polyp Detection/CVC-ClinicDB/PNG/Ground Truth/70.png,cvc_seq_4,2,1,288,384
CVC-ClinicDB,/home/samsul/Documents/Polyp Detection/CVC-ClinicDB/PNG/Original/71.png,/home/samsul/Documents/Polyp Detection/CVC-ClinicDB/PNG/Ground Truth/71.png,cvc_seq_4,2,1,288,384
CVC-ClinicDB,/home/samsul/Documents/Polyp Detection/CVC-ClinicDB/PNG/Original/72.png,/home/samsul/Documents/Polyp Detection/CVC-ClinicDB/PNG/Ground Truth/72.png,cvc_seq_4,3,1,288,384
CVC-ClinicDB,/home/samsul/Documents/Polyp Detection/CVC-ClinicDB/PNG/Original/73.png,/home/samsul/Documents/Polyp Detection/CVC-ClinicDB/PNG/Ground Truth/73.png,cvc_seq_4,3,1,288,384
CVC-ClinicDB,/home/samsul/Documents/Polyp Detection/CVC-ClinicDB/PNG/Original/74.png,/home/samsul/Documents/Polyp Detection/CVC-ClinicDB/PNG/Ground Truth/74.png,cvc_seq_4,3,1,288,384
CVC-ClinicDB,/home/samsul/Documents/Polyp Detection/CVC-ClinicDB/PNG/Original/75.png,/home/samsul/Documents/Polyp Detection/CVC-ClinicDB/PNG/Ground Truth/75.png,cvc_seq_4,3,1,288,384
CVC-ClinicDB,/home/samsul/Documents/Polyp Detection/CVC-ClinicDB/PNG/Original/76.png,/home/samsul/Documents/Polyp Detection/CVC-ClinicDB/PNG/Ground Truth/76.png,cvc_seq_4,2,1,288,384
CVC-ClinicDB,/home/samsul/Documents/Polyp Detection/CVC-ClinicDB/PNG/Original/77.png,/home/samsul/Documents/Polyp Detection/CVC-ClinicDB/PNG/Ground Truth/77.png,cvc_seq_4,2,1,288,384
CVC-ClinicDB,/home/samsul/Documents/Polyp Detection/CVC-ClinicDB/PNG/Original/78.png,/home/samsul/Documents/Polyp Detection/CVC-ClinicDB/PNG/Ground Truth/78.png,cvc_seq_4,1,1,288,384
CVC-ClinicDB,/home/samsul/Documents/Polyp Detection/CVC-ClinicDB/PNG/Original/79.png,/home/samsul/Documents/Polyp Detection/CVC-ClinicDB/PNG/Ground Truth/79.png,cvc_seq_5,1,1,288,384
CVC-ClinicDB,/home/samsul/Documents/Polyp Detection/CVC-ClinicDB/PNG/Original/8.png,/home/samsul/Documents/Polyp Detection/CVC-ClinicDB/PNG/Ground Truth/8.png,cvc_seq_1,1,1,288,384
CVC-ClinicDB,/home/samsul/Documents/Polyp Detection/CVC-ClinicDB/PNG/Original/80.png,/home/samsul/Documents/Polyp Detection/CVC-ClinicDB/PNG/Ground Truth/80.png,cvc_seq_5,1,1,288,384
CVC-ClinicDB,/home/samsul/Documents/Polyp Detection/CVC-ClinicDB/PNG/Original/81.png,/home/samsul/Documents/Polyp Detection/CVC-ClinicDB/PNG/Ground Truth/81.png,cvc_seq_5,1,1,288,384
CVC-ClinicDB,/home/samsul/Documents/Polyp Detection/CVC-ClinicDB/PNG/Original/82.png,/home/samsul/Documents/Polyp Detection/CVC-ClinicDB/PNG/Ground Truth/82.png,cvc_seq_5,1,1,288,384
CVC-ClinicDB,/home/samsul/Documents/Polyp Detection/CVC-ClinicDB/PNG/Original/83.png,/home/samsul/Documents/Polyp Detection/CVC-ClinicDB/PNG/Ground Truth/83.png,cvc_seq_5,1,1,288,384
CVC-ClinicDB,/home/samsul/Documents/Polyp Detection/CVC-ClinicDB/PNG/Original/84.png,/home/samsul/Documents/Polyp Detection/CVC-ClinicDB/PNG/Ground Truth/84.png,cvc_seq_5,1,1,288,384
CVC-ClinicDB,/home/samsul/Documents/Polyp Detection/CVC-ClinicDB/PNG/Original/85.png,/home/samsul/Documents/Polyp Detection/CVC-ClinicDB/PNG/Ground Truth/85.png,cvc_seq_5,1,1,288,384
CVC-ClinicDB,/home/samsul/Documents/Polyp Detection/CVC-ClinicDB/PNG/Original/86.png,/home/samsul/Documents/Polyp Detection/CVC-ClinicDB/PNG/Ground Truth/86.png,cvc_seq_5,1,1,288,384
CVC-ClinicDB,/home/samsul/Documents/Polyp Detection/CVC-ClinicDB/PNG/Original/87.png,/home/samsul/Documents/Polyp Detection/CVC-ClinicDB/PNG/Ground Truth/87.png,cvc_seq_5,1,1,288,384
CVC-ClinicDB,/home/samsul/Documents/Polyp Detection/CVC-ClinicDB/PNG/Original/88.png,/home/samsul/Documents/Polyp Detection/CVC-ClinicDB/PNG/Ground Truth/88.png,cvc_seq_5,1,1,288,384
CVC-ClinicDB,/home/samsul/Documents/Polyp Detection/CVC-ClinicDB/PNG/Original/89.png,/home/samsul/Documents/Polyp Detection/CVC-ClinicDB/PNG/Ground Truth/89.png,cvc_seq_5,1,1,288,384
CVC-ClinicDB,/home/samsul/Documents/Polyp Detection/CVC-ClinicDB/PNG/Original/9.png,/home/samsul/Documents/Polyp Detection/CVC-ClinicDB/PNG/Ground Truth/9.png,cvc_seq_1,1,1,288,384
CVC-ClinicDB,/home/samsul/Documents/Polyp Detection/CVC-ClinicDB/PNG/Original/90.png,/home/samsul/Documents/Polyp Detection/CVC-ClinicDB/PNG/Ground Truth/90.png,cvc_seq_5,1,1,288,384
CVC-ClinicDB,/home/samsul/Documents/Polyp Detection/CVC-ClinicDB/PNG/Original/91.png,/home/samsul/Documents/Polyp Detection/CVC-ClinicDB/PNG/Ground Truth/91.png,cvc_seq_5,1,1,288,384
CVC-ClinicDB,/home/samsul/Documents/Polyp Detection/CVC-ClinicDB/PNG/Original/92.png,/home/samsul/Documents/Polyp Detection/CVC-ClinicDB/PNG/Ground Truth/92.png,cvc_seq_5,1,1,288,384
CVC-ClinicDB,/home/samsul/Documents/Polyp Detection/CVC-ClinicDB/PNG/Original/93.png,/home/samsul/Documents/Polyp Detection/CVC-ClinicDB/PNG/Ground Truth/93.png,cvc_seq_5,1,1,288,384
CVC-ClinicDB,/home/samsul/Documents/Polyp Detection/CVC-ClinicDB/PNG/Original/94.png,/home/samsul/Documents/Polyp Detection/CVC-ClinicDB/PNG/Ground Truth/94.png,cvc_seq_5,1,1,288,384
CVC-ClinicDB,/home/samsul/Documents/Polyp Detection/CVC-ClinicDB/PNG/Original/95.png,/home/samsul/Documents/Polyp Detection/CVC-ClinicDB/PNG/Ground Truth/95.png,cvc_seq_5,1,1,288,384
CVC-ClinicDB,/home/samsul/Documents/Polyp Detection/CVC-ClinicDB/PNG/Original/96.png,/home/samsul/Documents/Polyp Detection/CVC-ClinicDB/PNG/Ground Truth/96.png,cvc_seq_5,1,1,288,384
CVC-ClinicDB,/home/samsul/Documents/Polyp Detection/CVC-ClinicDB/PNG/Original/97.png,/home/samsul/Documents/Polyp Detection/CVC-ClinicDB/PNG/Ground Truth/97.png,cvc_seq_5,1,1,288,384
CVC-ClinicDB,/home/samsul/Documents/Polyp Detection/CVC-ClinicDB/PNG/Original/98.png,/home/samsul/Documents/Polyp Detection/CVC-ClinicDB/PNG/Ground Truth/98.png,cvc_seq_5,1,1,288,384
CVC-ClinicDB,/home/samsul/Documents/Polyp Detection/CVC-ClinicDB/PNG/Original/99.png,/home/samsul/Documents/Polyp Detection/CVC-ClinicDB/PNG/Ground Truth/99.png,cvc_seq_5,1,1,288,384
ETIS-Larib,/home/samsul/Documents/Polyp Detection/ETIS-LaribPolypDB/images/118.png,/home/samsul/Documents/Polyp Detection/ETIS-LaribPolypDB/masks/118.png,etis,1,1,966,1225
ETIS-Larib,/home/samsul/Documents/Polyp Detection/ETIS-LaribPolypDB/images/151.png,/home/samsul/Documents/Polyp Detection/ETIS-LaribPolypDB/masks/151.png,etis,1,1,966,1225
ETIS-Larib,/home/samsul/Documents/Polyp Detection/ETIS-LaribPolypDB/images/106.png,/home/samsul/Documents/Polyp Detection/ETIS-LaribPolypDB/masks/106.png,etis,1,1,966,1225
ETIS-Larib,/home/samsul/Documents/Polyp Detection/ETIS-LaribPolypDB/images/114.png,/home/samsul/Documents/Polyp Detection/ETIS-LaribPolypDB/masks/114.png,etis,1,1,966,1225
ETIS-Larib,/home/samsul/Documents/Polyp Detection/ETIS-LaribPolypDB/images/108.png,/home/samsul/Documents/Polyp Detection/ETIS-LaribPolypDB/masks/108.png,etis,1,1,966,1225
ETIS-Larib,/home/samsul/Documents/Polyp Detection/ETIS-LaribPolypDB/images/13.png,/home/samsul/Documents/Polyp Detection/ETIS-LaribPolypDB/masks/13.png,etis,1,1,966,1225
ETIS-Larib,/home/samsul/Documents/Polyp Detection/ETIS-LaribPolypDB/images/191.png,/home/samsul/Documents/Polyp Detection/ETIS-LaribPolypDB/masks/191.png,etis,1,1,966,1225
ETIS-Larib,/home/samsul/Documents/Polyp Detection/ETIS-LaribPolypDB/images/134.png,/home/samsul/Documents/Polyp Detection/ETIS-LaribPolypDB/masks/134.png,etis,1,1,966,1225
ETIS-Larib,/home/samsul/Documents/Polyp Detection/ETIS-LaribPolypDB/images/72.png,/home/samsul/Documents/Polyp Detection/ETIS-LaribPolypDB/masks/72.png,etis,1,1,966,1225
ETIS-Larib,/home/samsul/Documents/Polyp Detection/ETIS-LaribPolypDB/images/66.png,/home/samsul/Documents/Polyp Detection/ETIS-LaribPolypDB/masks/66.png,etis,1,1,966,1225
ETIS-Larib,/home/samsul/Documents/Polyp Detection/ETIS-LaribPolypDB/images/117.png,/home/samsul/Documents/Polyp Detection/ETIS-LaribPolypDB/masks/117.png,etis,1,1,966,1225
ETIS-Larib,/home/samsul/Documents/Polyp Detection/ETIS-LaribPolypDB/images/10.png,/home/samsul/Documents/Polyp Detection/ETIS-LaribPolypDB/masks/10.png,etis,1,1,966,1225
ETIS-Larib,/home/samsul/Documents/Polyp Detection/ETIS-LaribPolypDB/images/153.png,/home/samsul/Documents/Polyp Detection/ETIS-LaribPolypDB/masks/153.png,etis,1,1,966,1225
ETIS-Larib,/home/samsul/Documents/Polyp Detection/ETIS-LaribPolypDB/images/177.png,/home/samsul/Documents/Polyp Detection/ETIS-LaribPolypDB/masks/177.png,etis,1,1,966,1225
ETIS-Larib,/home/samsul/Documents/Polyp Detection/ETIS-LaribPolypDB/images/24.png,/home/samsul/Documents/Polyp Detection/ETIS-LaribPolypDB/masks/24.png,etis,1,1,966,1225
ETIS-Larib,/home/samsul/Documents/Polyp Detection/ETIS-LaribPolypDB/images/135.png,/home/samsul/Documents/Polyp Detection/ETIS-LaribPolypDB/masks/135.png,etis,1,1,966,1225
ETIS-Larib,/home/samsul/Documents/Polyp Detection/ETIS-LaribPolypDB/images/8.png,/home/samsul/Documents/Polyp Detection/ETIS-LaribPolypDB/masks/8.png,etis,1,1,966,1225
ETIS-Larib,/home/samsul/Documents/Polyp Detection/ETIS-LaribPolypDB/images/158.png,/home/samsul/Documents/Polyp Detection/ETIS-LaribPolypDB/masks/158.png,etis,1,1,966,1225
ETIS-Larib,/home/samsul/Documents/Polyp Detection/ETIS-LaribPolypDB/images/164.png,/home/samsul/Documents/Polyp Detection/ETIS-LaribPolypDB/masks/164.png,etis,1,1,966,1225
ETIS-Larib,/home/samsul/Documents/Polyp Detection/ETIS-LaribPolypDB/images/186.png,/home/samsul/Documents/Polyp Detection/ETIS-LaribPolypDB/masks/186.png,etis,1,1,966,1225
ETIS-Larib,/home/samsul/Documents/Polyp Detection/ETIS-LaribPolypDB/images/9.png,/home/samsul/Documents/Polyp Detection/ETIS-LaribPolypDB/masks/9.png,etis,1,1,966,1225
ETIS-Larib,/home/samsul/Documents/Polyp Detection/ETIS-LaribPolypDB/images/4.png,/home/samsul/Documents/Polyp Detection/ETIS-LaribPolypDB/masks/4.png,etis,1,1,966,1225
ETIS-Larib,/home/samsul/Documents/Polyp Detection/ETIS-LaribPolypDB/images/52.png,/home/samsul/Documents/Polyp Detection/ETIS-LaribPolypDB/masks/52.png,etis,1,1,966,1225
ETIS-Larib,/home/samsul/Documents/Polyp Detection/ETIS-LaribPolypDB/images/141.png,/home/samsul/Documents/Polyp Detection/ETIS-LaribPolypDB/masks/141.png,etis,1,1,966,1225
ETIS-Larib,/home/samsul/Documents/Polyp Detection/ETIS-LaribPolypDB/images/74.png,/home/samsul/Documents/Polyp Detection/ETIS-LaribPolypDB/masks/74.png,etis,1,1,966,1225
ETIS-Larib,/home/samsul/Documents/Polyp Detection/ETIS-LaribPolypDB/images/36.png,/home/samsul/Documents/Polyp Detection/ETIS-LaribPolypDB/masks/36.png,etis,1,1,966,1225
ETIS-Larib,/home/samsul/Documents/Polyp Detection/ETIS-LaribPolypDB/images/96.png,/home/samsul/Documents/Polyp Detection/ETIS-LaribPolypDB/masks/96.png,etis,1,1,966,1225
ETIS-Larib,/home/samsul/Documents/Polyp Detection/ETIS-LaribPolypDB/images/1.png,/home/samsul/Documents/Polyp Detection/ETIS-LaribPolypDB/masks/1.png,etis,1,1,966,1225
ETIS-Larib,/home/samsul/Documents/Polyp Detection/ETIS-LaribPolypDB/images/174.png,/home/samsul/Documents/Polyp Detection/ETIS-LaribPolypDB/masks/174.png,etis,1,1,966,1225
ETIS-Larib,/home/samsul/Documents/Polyp Detection/ETIS-LaribPolypDB/images/70.png,/home/samsul/Documents/Polyp Detection/ETIS-LaribPolypDB/masks/70.png,etis,1,1,966,1225
ETIS-Larib,/home/samsul/Documents/Polyp Detection/ETIS-LaribPolypDB/images/71.png,/home/samsul/Documents/Polyp Detection/ETIS-LaribPolypDB/masks/71.png,etis,1,1,966,1225
ETIS-Larib,/home/samsul/Documents/Polyp Detection/ETIS-LaribPolypDB/images/137.png,/home/samsul/Documents/Polyp Detection/ETIS-LaribPolypDB/masks/137.png,etis,1,1,966,1225
ETIS-Larib,/home/samsul/Documents/Polyp Detection/ETIS-LaribPolypDB/images/61.png,/home/samsul/Documents/Polyp Detection/ETIS-LaribPolypDB/masks/61.png,etis,1,1,966,1225
ETIS-Larib,/home/samsul/Documents/Polyp Detection/ETIS-LaribPolypDB/images/130.png,/home/samsul/Documents/Polyp Detection/ETIS-LaribPolypDB/masks/130.png,etis,1,1,966,1225
ETIS-Larib,/home/samsul/Documents/Polyp Detection/ETIS-LaribPolypDB/images/100.png,/home/samsul/Documents/Polyp Detection/ETIS-LaribPolypDB/masks/100.png,etis,1,1,966,1225
ETIS-Larib,/home/samsul/Documents/Polyp Detection/ETIS-LaribPolypDB/images/125.png,/home/samsul/Documents/Polyp Detection/ETIS-LaribPolypDB/masks/125.png,etis,1,1,966,1225
ETIS-Larib,/home/samsul/Documents/Polyp Detection/ETIS-LaribPolypDB/images/119.png,/home/samsul/Documents/Polyp Detection/ETIS-LaribPolypDB/masks/119.png,etis,1,1,966,1225
ETIS-Larib,/home/samsul/Documents/Polyp Detection/ETIS-LaribPolypDB/images/156.png,/home/samsul/Documents/Polyp Detection/ETIS-LaribPolypDB/masks/156.png,etis,1,1,966,1225
ETIS-Larib,/home/samsul/Documents/Polyp Detection/ETIS-LaribPolypDB/images/150.png,/home/samsul/Documents/Polyp Detection/ETIS-LaribPolypDB/masks/150.png,etis,1,1,966,1225
ETIS-Larib,/home/samsul/Documents/Polyp Detection/ETIS-LaribPolypDB/images/77.png,/home/samsul/Documents/Polyp Detection/ETIS-LaribPolypDB/masks/77.png,etis,1,1,966,1225
ETIS-Larib,/home/samsul/Documents/Polyp Detection/ETIS-LaribPolypDB/images/127.png,/home/samsul/Documents/Polyp Detection/ETIS-LaribPolypDB/masks/127.png,etis,1,1,966,1225
ETIS-Larib,/home/samsul/Documents/Polyp Detection/ETIS-LaribPolypDB/images/38.png,/home/samsul/Documents/Polyp Detection/ETIS-LaribPolypDB/masks/38.png,etis,1,1,966,1225
ETIS-Larib,/home/samsul/Documents/Polyp Detection/ETIS-LaribPolypDB/images/73.png,/home/samsul/Documents/Polyp Detection/ETIS-LaribPolypDB/masks/73.png,etis,1,1,966,1225
ETIS-Larib,/home/samsul/Documents/Polyp Detection/ETIS-LaribPolypDB/images/43.png,/home/samsul/Documents/Polyp Detection/ETIS-LaribPolypDB/masks/43.png,etis,3,1,966,1225
ETIS-Larib,/home/samsul/Documents/Polyp Detection/ETIS-LaribPolypDB/images/147.png,/home/samsul/Documents/Polyp Detection/ETIS-LaribPolypDB/masks/147.png,etis,1,1,966,1225
ETIS-Larib,/home/samsul/Documents/Polyp Detection/ETIS-LaribPolypDB/images/62.png,/home/samsul/Documents/Polyp Detection/ETIS-LaribPolypDB/masks/62.png,etis,1,1,966,1225
ETIS-Larib,/home/samsul/Documents/Polyp Detection/ETIS-LaribPolypDB/images/6.png,/home/samsul/Documents/Polyp Detection/ETIS-LaribPolypDB/masks/6.png,etis,1,1,966,1225
ETIS-Larib,/home/samsul/Documents/Polyp Detection/ETIS-LaribPolypDB/images/39.png,/home/samsul/Documents/Polyp Detection/ETIS-LaribPolypDB/masks/39.png,etis,1,1,966,1225
ETIS-Larib,/home/samsul/Documents/Polyp Detection/ETIS-LaribPolypDB/images/138.png,/home/samsul/Documents/Polyp Detection/ETIS-LaribPolypDB/masks/138.png,etis,1,1,966,1225
ETIS-Larib,/home/samsul/Documents/Polyp Detection/ETIS-LaribPolypDB/images/173.png,/home/samsul/Documents/Polyp Detection/ETIS-LaribPolypDB/masks/173.png,etis,1,1,966,1225
ETIS-Larib,/home/samsul/Documents/Polyp Detection/ETIS-LaribPolypDB/images/60.png,/home/samsul/Documents/Polyp Detection/ETIS-LaribPolypDB/masks/60.png,etis,1,1,966,1225
ETIS-Larib,/home/samsul/Documents/Polyp Detection/ETIS-LaribPolypDB/images/3.png,/home/samsul/Documents/Polyp Detection/ETIS-LaribPolypDB/masks/3.png,etis,1,1,966,1225
ETIS-Larib,/home/samsul/Documents/Polyp Detection/ETIS-LaribPolypDB/images/178.png,/home/samsul/Documents/Polyp Detection/ETIS-LaribPolypDB/masks/178.png,etis,1,1,966,1225
ETIS-Larib,/home/samsul/Documents/Polyp Detection/ETIS-LaribPolypDB/images/21.png,/home/samsul/Documents/Polyp Detection/ETIS-LaribPolypDB/masks/21.png,etis,1,1,966,1225
ETIS-Larib,/home/samsul/Documents/Polyp Detection/ETIS-LaribPolypDB/images/194.png,/home/samsul/Documents/Polyp Detection/ETIS-LaribPolypDB/masks/194.png,etis,1,1,966,1225
ETIS-Larib,/home/samsul/Documents/Polyp Detection/ETIS-LaribPolypDB/images/83.png,/home/samsul/Documents/Polyp Detection/ETIS-LaribPolypDB/masks/83.png,etis,1,1,966,1225
ETIS-Larib,/home/samsul/Documents/Polyp Detection/ETIS-LaribPolypDB/images/27.png,/home/samsul/Documents/Polyp Detection/ETIS-LaribPolypDB/masks/27.png,etis,1,1,966,1225
ETIS-Larib,/home/samsul/Documents/Polyp Detection/ETIS-LaribPolypDB/images/175.png,/home/samsul/Documents/Polyp Detection/ETIS-LaribPolypDB/masks/175.png,etis,1,1,966,1225
ETIS-Larib,/home/samsul/Documents/Polyp Detection/ETIS-LaribPolypDB/images/192.png,/home/samsul/Documents/Polyp Detection/ETIS-LaribPolypDB/masks/192.png,etis,1,1,966,1225
ETIS-Larib,/home/samsul/Documents/Polyp Detection/ETIS-LaribPolypDB/images/46.png,/home/samsul/Documents/Polyp Detection/ETIS-LaribPolypDB/masks/46.png,etis,3,1,966,1225
ETIS-Larib,/home/samsul/Documents/Polyp Detection/ETIS-LaribPolypDB/images/79.png,/home/samsul/Documents/Polyp Detection/ETIS-LaribPolypDB/masks/79.png,etis,1,1,966,1225
ETIS-Larib,/home/samsul/Documents/Polyp Detection/ETIS-LaribPolypDB/images/26.png,/home/samsul/Documents/Polyp Detection/ETIS-LaribPolypDB/masks/26.png,etis,1,1,966,1225
ETIS-Larib,/home/samsul/Documents/Polyp Detection/ETIS-LaribPolypDB/images/183.png,/home/samsul/Documents/Polyp Detection/ETIS-LaribPolypDB/masks/183.png,etis,1,1,966,1225
ETIS-Larib,/home/samsul/Documents/Polyp Detection/ETIS-LaribPolypDB/images/19.png,/home/samsul/Documents/Polyp Detection/ETIS-LaribPolypDB/masks/19.png,etis,1,1,966,1225
ETIS-Larib,/home/samsul/Documents/Polyp Detection/ETIS-LaribPolypDB/images/50.png,/home/samsul/Documents/Polyp Detection/ETIS-LaribPolypDB/masks/50.png,etis,1,1,966,1225
ETIS-Larib,/home/samsul/Documents/Polyp Detection/ETIS-LaribPolypDB/images/90.png,/home/samsul/Documents/Polyp Detection/ETIS-LaribPolypDB/masks/90.png,etis,1,1,966,1225
ETIS-Larib,/home/samsul/Documents/Polyp Detection/ETIS-LaribPolypDB/images/136.png,/home/samsul/Documents/Polyp Detection/ETIS-LaribPolypDB/masks/136.png,etis,1,1,966,1225
ETIS-Larib,/home/samsul/Documents/Polyp Detection/ETIS-LaribPolypDB/images/16.png,/home/samsul/Documents/Polyp Detection/ETIS-LaribPolypDB/masks/16.png,etis,1,1,966,1225
ETIS-Larib,/home/samsul/Documents/Polyp Detection/ETIS-LaribPolypDB/images/179.png,/home/samsul/Documents/Polyp Detection/ETIS-LaribPolypDB/masks/179.png,etis,1,1,966,1225
ETIS-Larib,/home/samsul/Documents/Polyp Detection/ETIS-LaribPolypDB/images/88.png,/home/samsul/Documents/Polyp Detection/ETIS-LaribPolypDB/masks/88.png,etis,1,1,966,1225
ETIS-Larib,/home/samsul/Documents/Polyp Detection/ETIS-LaribPolypDB/images/2.png,/home/samsul/Documents/Polyp Detection/ETIS-LaribPolypDB/masks/2.png,etis,1,1,966,1225
ETIS-Larib,/home/samsul/Documents/Polyp Detection/ETIS-LaribPolypDB/images/161.png,/home/samsul/Documents/Polyp Detection/ETIS-LaribPolypDB/masks/161.png,etis,1,1,966,1225
ETIS-Larib,/home/samsul/Documents/Polyp Detection/ETIS-LaribPolypDB/images/123.png,/home/samsul/Documents/Polyp Detection/ETIS-LaribPolypDB/masks/123.png,etis,1,1,966,1225
ETIS-Larib,/home/samsul/Documents/Polyp Detection/ETIS-LaribPolypDB/images/180.png,/home/samsul/Documents/Polyp Detection/ETIS-LaribPolypDB/masks/180.png,etis,1,1,966,1225
ETIS-Larib,/home/samsul/Documents/Polyp Detection/ETIS-LaribPolypDB/images/67.png,/home/samsul/Documents/Polyp Detection/ETIS-LaribPolypDB/masks/67.png,etis,1,1,966,1225
ETIS-Larib,/home/samsul/Documents/Polyp Detection/ETIS-LaribPolypDB/images/30.png,/home/samsul/Documents/Polyp Detection/ETIS-LaribPolypDB/masks/30.png,etis,1,1,966,1225
ETIS-Larib,/home/samsul/Documents/Polyp Detection/ETIS-LaribPolypDB/images/189.png,/home/samsul/Documents/Polyp Detection/ETIS-LaribPolypDB/masks/189.png,etis,1,1,966,1225
ETIS-Larib,/home/samsul/Documents/Polyp Detection/ETIS-LaribPolypDB/images/157.png,/home/samsul/Documents/Polyp Detection/ETIS-LaribPolypDB/masks/157.png,etis,1,1,966,1225
ETIS-Larib,/home/samsul/Documents/Polyp Detection/ETIS-LaribPolypDB/images/168.png,/home/samsul/Documents/Polyp Detection/ETIS-LaribPolypDB/masks/168.png,etis,1,1,966,1225
ETIS-Larib,/home/samsul/Documents/Polyp Detection/ETIS-LaribPolypDB/images/18.png,/home/samsul/Documents/Polyp Detection/ETIS-LaribPolypDB/masks/18.png,etis,1,1,966,1225
ETIS-Larib,/home/samsul/Documents/Polyp Detection/ETIS-LaribPolypDB/images/172.png,/home/samsul/Documents/Polyp Detection/ETIS-LaribPolypDB/masks/172.png,etis,1,1,966,1225
ETIS-Larib,/home/samsul/Documents/Polyp Detection/ETIS-LaribPolypDB/images/76.png,/home/samsul/Documents/Polyp Detection/ETIS-LaribPolypDB/masks/76.png,etis,1,1,966,1225
ETIS-Larib,/home/samsul/Documents/Polyp Detection/ETIS-LaribPolypDB/images/37.png,/home/samsul/Documents/Polyp Detection/ETIS-LaribPolypDB/masks/37.png,etis,1,1,966,1225
ETIS-Larib,/home/samsul/Documents/Polyp Detection/ETIS-LaribPolypDB/images/69.png,/home/samsul/Documents/Polyp Detection/ETIS-LaribPolypDB/masks/69.png,etis,1,1,966,1225
ETIS-Larib,/home/samsul/Documents/Polyp Detection/ETIS-LaribPolypDB/images/98.png,/home/samsul/Documents/Polyp Detection/ETIS-LaribPolypDB/masks/98.png,etis,1,1,966,1225
ETIS-Larib,/home/samsul/Documents/Polyp Detection/ETIS-LaribPolypDB/images/59.png,/home/samsul/Documents/Polyp Detection/ETIS-LaribPolypDB/masks/59.png,etis,1,1,966,1225
ETIS-Larib,/home/samsul/Documents/Polyp Detection/ETIS-LaribPolypDB/images/166.png,/home/samsul/Documents/Polyp Detection/ETIS-LaribPolypDB/masks/166.png,etis,1,1,966,1225
ETIS-Larib,/home/samsul/Documents/Polyp Detection/ETIS-LaribPolypDB/images/84.png,/home/samsul/Documents/Polyp Detection/ETIS-LaribPolypDB/masks/84.png,etis,1,1,966,1225
ETIS-Larib,/home/samsul/Documents/Polyp Detection/ETIS-LaribPolypDB/images/111.png,/home/samsul/Documents/Polyp Detection/ETIS-LaribPolypDB/masks/111.png,etis,1,1,966,1225
ETIS-Larib,/home/samsul/Documents/Polyp Detection/ETIS-LaribPolypDB/images/35.png,/home/samsul/Documents/Polyp Detection/ETIS-LaribPolypDB/masks/35.png,etis,1,1,966,1225
ETIS-Larib,/home/samsul/Documents/Polyp Detection/ETIS-LaribPolypDB/images/12.png,/home/samsul/Documents/Polyp Detection/ETIS-LaribPolypDB/masks/12.png,etis,1,1,966,1225
ETIS-Larib,/home/samsul/Documents/Polyp Detection/ETIS-LaribPolypDB/images/28.png,/home/samsul/Documents/Polyp Detection/ETIS-LaribPolypDB/masks/28.png,etis,1,1,966,1225
ETIS-Larib,/home/samsul/Documents/Polyp Detection/ETIS-LaribPolypDB/images/89.png,/home/samsul/Documents/Polyp Detection/ETIS-LaribPolypDB/masks/89.png,etis,1,1,966,1225
ETIS-Larib,/home/samsul/Documents/Polyp Detection/ETIS-LaribPolypDB/images/107.png,/home/samsul/Documents/Polyp Detection/ETIS-LaribPolypDB/masks/107.png,etis,1,1,966,1225
ETIS-Larib,/home/samsul/Documents/Polyp Detection/ETIS-LaribPolypDB/images/176.png,/home/samsul/Documents/Polyp Detection/ETIS-LaribPolypDB/masks/176.png,etis,1,1,966,1225
ETIS-Larib,/home/samsul/Documents/Polyp Detection/ETIS-LaribPolypDB/images/120.png,/home/samsul/Documents/Polyp Detection/ETIS-LaribPolypDB/masks/120.png,etis,1,1,966,1225
ETIS-Larib,/home/samsul/Documents/Polyp Detection/ETIS-LaribPolypDB/images/75.png,/home/samsul/Documents/Polyp Detection/ETIS-LaribPolypDB/masks/75.png,etis,1,1,966,1225
ETIS-Larib,/home/samsul/Documents/Polyp Detection/ETIS-LaribPolypDB/images/33.png,/home/samsul/Documents/Polyp Detection/ETIS-LaribPolypDB/masks/33.png,etis,1,1,966,1225
ETIS-Larib,/home/samsul/Documents/Polyp Detection/ETIS-LaribPolypDB/images/15.png,/home/samsul/Documents/Polyp Detection/ETIS-LaribPolypDB/masks/15.png,etis,1,1,966,1225
ETIS-Larib,/home/samsul/Documents/Polyp Detection/ETIS-LaribPolypDB/images/42.png,/home/samsul/Documents/Polyp Detection/ETIS-LaribPolypDB/masks/42.png,etis,1,1,966,1225
ETIS-Larib,/home/samsul/Documents/Polyp Detection/ETIS-LaribPolypDB/images/121.png,/home/samsul/Documents/Polyp Detection/ETIS-LaribPolypDB/masks/121.png,etis,1,1,966,1225
ETIS-Larib,/home/samsul/Documents/Polyp Detection/ETIS-LaribPolypDB/images/193.png,/home/samsul/Documents/Polyp Detection/ETIS-LaribPolypDB/masks/193.png,etis,1,1,966,1225
ETIS-Larib,/home/samsul/Documents/Polyp Detection/ETIS-LaribPolypDB/images/56.png,/home/samsul/Documents/Polyp Detection/ETIS-LaribPolypDB/masks/56.png,etis,1,1,966,1225
ETIS-Larib,/home/samsul/Documents/Polyp Detection/ETIS-LaribPolypDB/images/11.png,/home/samsul/Documents/Polyp Detection/ETIS-LaribPolypDB/masks/11.png,etis,1,1,966,1225
ETIS-Larib,/home/samsul/Documents/Polyp Detection/ETIS-LaribPolypDB/images/163.png,/home/samsul/Documents/Polyp Detection/ETIS-LaribPolypDB/masks/163.png,etis,1,1,966,1225
ETIS-Larib,/home/samsul/Documents/Polyp Detection/ETIS-LaribPolypDB/images/144.png,/home/samsul/Documents/Polyp Detection/ETIS-LaribPolypDB/masks/144.png,etis,1,1,966,1225
ETIS-Larib,/home/samsul/Documents/Polyp Detection/ETIS-LaribPolypDB/images/171.png,/home/samsul/Documents/Polyp Detection/ETIS-LaribPolypDB/masks/171.png,etis,1,1,966,1225
ETIS-Larib,/home/samsul/Documents/Polyp Detection/ETIS-LaribPolypDB/images/23.png,/home/samsul/Documents/Polyp Detection/ETIS-LaribPolypDB/masks/23.png,etis,1,1,966,1225
ETIS-Larib,/home/samsul/Documents/Polyp Detection/ETIS-LaribPolypDB/images/5.png,/home/samsul/Documents/Polyp Detection/ETIS-LaribPolypDB/masks/5.png,etis,1,1,966,1225
ETIS-Larib,/home/samsul/Documents/Polyp Detection/ETIS-LaribPolypDB/images/139.png,/home/samsul/Documents/Polyp Detection/ETIS-LaribPolypDB/masks/139.png,etis,1,1,966,1225
ETIS-Larib,/home/samsul/Documents/Polyp Detection/ETIS-LaribPolypDB/images/63.png,/home/samsul/Documents/Polyp Detection/ETIS-LaribPolypDB/masks/63.png,etis,1,1,966,1225
ETIS-Larib,/home/samsul/Documents/Polyp Detection/ETIS-LaribPolypDB/images/185.png,/home/samsul/Documents/Polyp Detection/ETIS-LaribPolypDB/masks/185.png,etis,1,1,966,1225
ETIS-Larib,/home/samsul/Documents/Polyp Detection/ETIS-LaribPolypDB/images/131.png,/home/samsul/Documents/Polyp Detection/ETIS-LaribPolypDB/masks/131.png,etis,1,1,966,1225
ETIS-Larib,/home/samsul/Documents/Polyp Detection/ETIS-LaribPolypDB/images/102.png,/home/samsul/Documents/Polyp Detection/ETIS-LaribPolypDB/masks/102.png,etis,1,1,966,1225
ETIS-Larib,/home/samsul/Documents/Polyp Detection/ETIS-LaribPolypDB/images/126.png,/home/samsul/Documents/Polyp Detection/ETIS-LaribPolypDB/masks/126.png,etis,1,1,966,1225
ETIS-Larib,/home/samsul/Documents/Polyp Detection/ETIS-LaribPolypDB/images/25.png,/home/samsul/Documents/Polyp Detection/ETIS-LaribPolypDB/masks/25.png,etis,1,1,966,1225
ETIS-Larib,/home/samsul/Documents/Polyp Detection/ETIS-LaribPolypDB/images/81.png,/home/samsul/Documents/Polyp Detection/ETIS-LaribPolypDB/masks/81.png,etis,1,1,966,1225
ETIS-Larib,/home/samsul/Documents/Polyp Detection/ETIS-LaribPolypDB/images/82.png,/home/samsul/Documents/Polyp Detection/ETIS-LaribPolypDB/masks/82.png,etis,1,1,966,1225
ETIS-Larib,/home/samsul/Documents/Polyp Detection/ETIS-LaribPolypDB/images/110.png,/home/samsul/Documents/Polyp Detection/ETIS-LaribPolypDB/masks/110.png,etis,1,1,966,1225
ETIS-Larib,/home/samsul/Documents/Polyp Detection/ETIS-LaribPolypDB/images/109.png,/home/samsul/Documents/Polyp Detection/ETIS-LaribPolypDB/masks/109.png,etis,1,1,966,1225
ETIS-Larib,/home/samsul/Documents/Polyp Detection/ETIS-LaribPolypDB/images/124.png,/home/samsul/Documents/Polyp Detection/ETIS-LaribPolypDB/masks/124.png,etis,1,1,966,1225
ETIS-Larib,/home/samsul/Documents/Polyp Detection/ETIS-LaribPolypDB/images/154.png,/home/samsul/Documents/Polyp Detection/ETIS-LaribPolypDB/masks/154.png,etis,1,1,966,1225
ETIS-Larib,/home/samsul/Documents/Polyp Detection/ETIS-LaribPolypDB/images/146.png,/home/samsul/Documents/Polyp Detection/ETIS-LaribPolypDB/masks/146.png,etis,1,1,966,1225
ETIS-Larib,/home/samsul/Documents/Polyp Detection/ETIS-LaribPolypDB/images/93.png,/home/samsul/Documents/Polyp Detection/ETIS-LaribPolypDB/masks/93.png,etis,1,1,966,1225
ETIS-Larib,/home/samsul/Documents/Polyp Detection/ETIS-LaribPolypDB/images/97.png,/home/samsul/Documents/Polyp Detection/ETIS-LaribPolypDB/masks/97.png,etis,1,1,966,1225
ETIS-Larib,/home/samsul/Documents/Polyp Detection/ETIS-LaribPolypDB/images/152.png,/home/samsul/Documents/Polyp Detection/ETIS-LaribPolypDB/masks/152.png,etis,1,1,966,1225
ETIS-Larib,/home/samsul/Documents/Polyp Detection/ETIS-LaribPolypDB/images/184.png,/home/samsul/Documents/Polyp Detection/ETIS-LaribPolypDB/masks/184.png,etis,1,1,966,1225
ETIS-Larib,/home/samsul/Documents/Polyp Detection/ETIS-LaribPolypDB/images/165.png,/home/samsul/Documents/Polyp Detection/ETIS-LaribPolypDB/masks/165.png,etis,1,1,966,1225
ETIS-Larib,/home/samsul/Documents/Polyp Detection/ETIS-LaribPolypDB/images/132.png,/home/samsul/Documents/Polyp Detection/ETIS-LaribPolypDB/masks/132.png,etis,1,1,966,1225
ETIS-Larib,/home/samsul/Documents/Polyp Detection/ETIS-LaribPolypDB/images/64.png,/home/samsul/Documents/Polyp Detection/ETIS-LaribPolypDB/masks/64.png,etis,1,1,966,1225
ETIS-Larib,/home/samsul/Documents/Polyp Detection/ETIS-LaribPolypDB/images/22.png,/home/samsul/Documents/Polyp Detection/ETIS-LaribPolypDB/masks/22.png,etis,1,1,966,1225
ETIS-Larib,/home/samsul/Documents/Polyp Detection/ETIS-LaribPolypDB/images/85.png,/home/samsul/Documents/Polyp Detection/ETIS-LaribPolypDB/masks/85.png,etis,1,1,966,1225
ETIS-Larib,/home/samsul/Documents/Polyp Detection/ETIS-LaribPolypDB/images/103.png,/home/samsul/Documents/Polyp Detection/ETIS-LaribPolypDB/masks/103.png,etis,1,1,966,1225
ETIS-Larib,/home/samsul/Documents/Polyp Detection/ETIS-LaribPolypDB/images/195.png,/home/samsul/Documents/Polyp Detection/ETIS-LaribPolypDB/masks/195.png,etis,1,1,966,1225
ETIS-Larib,/home/samsul/Documents/Polyp Detection/ETIS-LaribPolypDB/images/116.png,/home/samsul/Documents/Polyp Detection/ETIS-LaribPolypDB/masks/116.png,etis,1,1,966,1225
ETIS-Larib,/home/samsul/Documents/Polyp Detection/ETIS-LaribPolypDB/images/104.png,/home/samsul/Documents/Polyp Detection/ETIS-LaribPolypDB/masks/104.png,etis,1,1,966,1225
ETIS-Larib,/home/samsul/Documents/Polyp Detection/ETIS-LaribPolypDB/images/182.png,/home/samsul/Documents/Polyp Detection/ETIS-LaribPolypDB/masks/182.png,etis,1,1,966,1225
ETIS-Larib,/home/samsul/Documents/Polyp Detection/ETIS-LaribPolypDB/images/167.png,/home/samsul/Documents/Polyp Detection/ETIS-LaribPolypDB/masks/167.png,etis,1,1,966,1225
ETIS-Larib,/home/samsul/Documents/Polyp Detection/ETIS-LaribPolypDB/images/113.png,/home/samsul/Documents/Polyp Detection/ETIS-LaribPolypDB/masks/113.png,etis,1,1,966,1225
ETIS-Larib,/home/samsul/Documents/Polyp Detection/ETIS-LaribPolypDB/images/101.png,/home/samsul/Documents/Polyp Detection/ETIS-LaribPolypDB/masks/101.png,etis,1,1,966,1225
ETIS-Larib,/home/samsul/Documents/Polyp Detection/ETIS-LaribPolypDB/images/45.png,/home/samsul/Documents/Polyp Detection/ETIS-LaribPolypDB/masks/45.png,etis,3,1,966,1225
ETIS-Larib,/home/samsul/Documents/Polyp Detection/ETIS-LaribPolypDB/images/149.png,/home/samsul/Documents/Polyp Detection/ETIS-LaribPolypDB/masks/149.png,etis,1,1,966,1225
ETIS-Larib,/home/samsul/Documents/Polyp Detection/ETIS-LaribPolypDB/images/155.png,/home/samsul/Documents/Polyp Detection/ETIS-LaribPolypDB/masks/155.png,etis,1,1,966,1225
ETIS-Larib,/home/samsul/Documents/Polyp Detection/ETIS-LaribPolypDB/images/91.png,/home/samsul/Documents/Polyp Detection/ETIS-LaribPolypDB/masks/91.png,etis,1,1,966,1225
ETIS-Larib,/home/samsul/Documents/Polyp Detection/ETIS-LaribPolypDB/images/55.png,/home/samsul/Documents/Polyp Detection/ETIS-LaribPolypDB/masks/55.png,etis,1,1,966,1225
ETIS-Larib,/home/samsul/Documents/Polyp Detection/ETIS-LaribPolypDB/images/54.png,/home/samsul/Documents/Polyp Detection/ETIS-LaribPolypDB/masks/54.png,etis,1,1,966,1225
ETIS-Larib,/home/samsul/Documents/Polyp Detection/ETIS-LaribPolypDB/images/142.png,/home/samsul/Documents/Polyp Detection/ETIS-LaribPolypDB/masks/142.png,etis,1,1,966,1225
ETIS-Larib,/home/samsul/Documents/Polyp Detection/ETIS-LaribPolypDB/images/148.png,/home/samsul/Documents/Polyp Detection/ETIS-LaribPolypDB/masks/148.png,etis,1,1,966,1225
ETIS-Larib,/home/samsul/Documents/Polyp Detection/ETIS-LaribPolypDB/images/51.png,/home/samsul/Documents/Polyp Detection/ETIS-LaribPolypDB/masks/51.png,etis,1,1,966,1225
ETIS-Larib,/home/samsul/Documents/Polyp Detection/ETIS-LaribPolypDB/images/58.png,/home/samsul/Documents/Polyp Detection/ETIS-LaribPolypDB/masks/58.png,etis,1,1,966,1225
ETIS-Larib,/home/samsul/Documents/Polyp Detection/ETIS-LaribPolypDB/images/169.png,/home/samsul/Documents/Polyp Detection/ETIS-LaribPolypDB/masks/169.png,etis,1,1,966,1225
ETIS-Larib,/home/samsul/Documents/Polyp Detection/ETIS-LaribPolypDB/images/105.png,/home/samsul/Documents/Polyp Detection/ETIS-LaribPolypDB/masks/105.png,etis,1,1,966,1225
ETIS-Larib,/home/samsul/Documents/Polyp Detection/ETIS-LaribPolypDB/images/112.png,/home/samsul/Documents/Polyp Detection/ETIS-LaribPolypDB/masks/112.png,etis,1,1,966,1225
ETIS-Larib,/home/samsul/Documents/Polyp Detection/ETIS-LaribPolypDB/images/48.png,/home/samsul/Documents/Polyp Detection/ETIS-LaribPolypDB/masks/48.png,etis,3,1,966,1225
ETIS-Larib,/home/samsul/Documents/Polyp Detection/ETIS-LaribPolypDB/images/140.png,/home/samsul/Documents/Polyp Detection/ETIS-LaribPolypDB/masks/140.png,etis,1,1,966,1225
ETIS-Larib,/home/samsul/Documents/Polyp Detection/ETIS-LaribPolypDB/images/170.png,/home/samsul/Documents/Polyp Detection/ETIS-LaribPolypDB/masks/170.png,etis,1,1,966,1225
ETIS-Larib,/home/samsul/Documents/Polyp Detection/ETIS-LaribPolypDB/images/40.png,/home/samsul/Documents/Polyp Detection/ETIS-LaribPolypDB/masks/40.png,etis,1,1,966,1225
ETIS-Larib,/home/samsul/Documents/Polyp Detection/ETIS-LaribPolypDB/images/41.png,/home/samsul/Documents/Polyp Detection/ETIS-LaribPolypDB/masks/41.png,etis,1,1,966,1225
ETIS-Larib,/home/samsul/Documents/Polyp Detection/ETIS-LaribPolypDB/images/94.png,/home/samsul/Documents/Polyp Detection/ETIS-LaribPolypDB/masks/94.png,etis,1,1,966,1225
ETIS-Larib,/home/samsul/Documents/Polyp Detection/ETIS-LaribPolypDB/images/143.png,/home/samsul/Documents/Polyp Detection/ETIS-LaribPolypDB/masks/143.png,etis,1,1,966,1225
ETIS-Larib,/home/samsul/Documents/Polyp Detection/ETIS-LaribPolypDB/images/187.png,/home/samsul/Documents/Polyp Detection/ETIS-LaribPolypDB/masks/187.png,etis,1,1,966,1225
ETIS-Larib,/home/samsul/Documents/Polyp Detection/ETIS-LaribPolypDB/images/160.png,/home/samsul/Documents/Polyp Detection/ETIS-LaribPolypDB/masks/160.png,etis,1,1,966,1225
ETIS-Larib,/home/samsul/Documents/Polyp Detection/ETIS-LaribPolypDB/images/133.png,/home/samsul/Documents/Polyp Detection/ETIS-LaribPolypDB/masks/133.png,etis,1,1,966,1225
ETIS-Larib,/home/samsul/Documents/Polyp Detection/ETIS-LaribPolypDB/images/32.png,/home/samsul/Documents/Polyp Detection/ETIS-LaribPolypDB/masks/32.png,etis,1,1,966,1225
ETIS-Larib,/home/samsul/Documents/Polyp Detection/ETIS-LaribPolypDB/images/128.png,/home/samsul/Documents/Polyp Detection/ETIS-LaribPolypDB/masks/128.png,etis,1,1,966,1225
ETIS-Larib,/home/samsul/Documents/Polyp Detection/ETIS-LaribPolypDB/images/53.png,/home/samsul/Documents/Polyp Detection/ETIS-LaribPolypDB/masks/53.png,etis,1,1,966,1225
ETIS-Larib,/home/samsul/Documents/Polyp Detection/ETIS-LaribPolypDB/images/65.png,/home/samsul/Documents/Polyp Detection/ETIS-LaribPolypDB/masks/65.png,etis,1,1,966,1225
ETIS-Larib,/home/samsul/Documents/Polyp Detection/ETIS-LaribPolypDB/images/162.png,/home/samsul/Documents/Polyp Detection/ETIS-LaribPolypDB/masks/162.png,etis,1,1,966,1225
ETIS-Larib,/home/samsul/Documents/Polyp Detection/ETIS-LaribPolypDB/images/47.png,/home/samsul/Documents/Polyp Detection/ETIS-LaribPolypDB/masks/47.png,etis,3,1,966,1225
ETIS-Larib,/home/samsul/Documents/Polyp Detection/ETIS-LaribPolypDB/images/129.png,/home/samsul/Documents/Polyp Detection/ETIS-LaribPolypDB/masks/129.png,etis,1,1,966,1225
ETIS-Larib,/home/samsul/Documents/Polyp Detection/ETIS-LaribPolypDB/images/14.png,/home/samsul/Documents/Polyp Detection/ETIS-LaribPolypDB/masks/14.png,etis,1,1,966,1225
ETIS-Larib,/home/samsul/Documents/Polyp Detection/ETIS-LaribPolypDB/images/86.png,/home/samsul/Documents/Polyp Detection/ETIS-LaribPolypDB/masks/86.png,etis,1,1,966,1225
ETIS-Larib,/home/samsul/Documents/Polyp Detection/ETIS-LaribPolypDB/images/196.png,/home/samsul/Documents/Polyp Detection/ETIS-LaribPolypDB/masks/196.png,etis,1,1,966,1225
ETIS-Larib,/home/samsul/Documents/Polyp Detection/ETIS-LaribPolypDB/images/80.png,/home/samsul/Documents/Polyp Detection/ETIS-LaribPolypDB/masks/80.png,etis,1,1,966,1225
ETIS-Larib,/home/samsul/Documents/Polyp Detection/ETIS-LaribPolypDB/images/57.png,/home/samsul/Documents/Polyp Detection/ETIS-LaribPolypDB/masks/57.png,etis,1,1,966,1225
ETIS-Larib,/home/samsul/Documents/Polyp Detection/ETIS-LaribPolypDB/images/190.png,/home/samsul/Documents/Polyp Detection/ETIS-LaribPolypDB/masks/190.png,etis,1,1,966,1225
ETIS-Larib,/home/samsul/Documents/Polyp Detection/ETIS-LaribPolypDB/images/159.png,/home/samsul/Documents/Polyp Detection/ETIS-LaribPolypDB/masks/159.png,etis,1,1,966,1225
ETIS-Larib,/home/samsul/Documents/Polyp Detection/ETIS-LaribPolypDB/images/34.png,/home/samsul/Documents/Polyp Detection/ETIS-LaribPolypDB/masks/34.png,etis,1,1,966,1225
ETIS-Larib,/home/samsul/Documents/Polyp Detection/ETIS-LaribPolypDB/images/122.png,/home/samsul/Documents/Polyp Detection/ETIS-LaribPolypDB/masks/122.png,etis,1,1,966,1225
ETIS-Larib,/home/samsul/Documents/Polyp Detection/ETIS-LaribPolypDB/images/92.png,/home/samsul/Documents/Polyp Detection/ETIS-LaribPolypDB/masks/92.png,etis,1,1,966,1225
ETIS-Larib,/home/samsul/Documents/Polyp Detection/ETIS-LaribPolypDB/images/188.png,/home/samsul/Documents/Polyp Detection/ETIS-LaribPolypDB/masks/188.png,etis,1,1,966,1225
ETIS-Larib,/home/samsul/Documents/Polyp Detection/ETIS-LaribPolypDB/images/181.png,/home/samsul/Documents/Polyp Detection/ETIS-LaribPolypDB/masks/181.png,etis,1,1,966,1225
ETIS-Larib,/home/samsul/Documents/Polyp Detection/ETIS-LaribPolypDB/images/7.png,/home/samsul/Documents/Polyp Detection/ETIS-LaribPolypDB/masks/7.png,etis,1,1,966,1225
ETIS-Larib,/home/samsul/Documents/Polyp Detection/ETIS-LaribPolypDB/images/49.png,/home/samsul/Documents/Polyp Detection/ETIS-LaribPolypDB/masks/49.png,etis,1,1,966,1225
ETIS-Larib,/home/samsul/Documents/Polyp Detection/ETIS-LaribPolypDB/images/44.png,/home/samsul/Documents/Polyp Detection/ETIS-LaribPolypDB/masks/44.png,etis,3,1,966,1225
ETIS-Larib,/home/samsul/Documents/Polyp Detection/ETIS-LaribPolypDB/images/99.png,/home/samsul/Documents/Polyp Detection/ETIS-LaribPolypDB/masks/99.png,etis,1,1,966,1225
ETIS-Larib,/home/samsul/Documents/Polyp Detection/ETIS-LaribPolypDB/images/31.png,/home/samsul/Documents/Polyp Detection/ETIS-LaribPolypDB/masks/31.png,etis,1,1,966,1225
ETIS-Larib,/home/samsul/Documents/Polyp Detection/ETIS-LaribPolypDB/images/78.png,/home/samsul/Documents/Polyp Detection/ETIS-LaribPolypDB/masks/78.png,etis,1,1,966,1225
ETIS-Larib,/home/samsul/Documents/Polyp Detection/ETIS-LaribPolypDB/images/95.png,/home/samsul/Documents/Polyp Detection/ETIS-LaribPolypDB/masks/95.png,etis,1,1,966,1225
ETIS-Larib,/home/samsul/Documents/Polyp Detection/ETIS-LaribPolypDB/images/145.png,/home/samsul/Documents/Polyp Detection/ETIS-LaribPolypDB/masks/145.png,etis,1,1,966,1225
ETIS-Larib,/home/samsul/Documents/Polyp Detection/ETIS-LaribPolypDB/images/115.png,/home/samsul/Documents/Polyp Detection/ETIS-LaribPolypDB/masks/115.png,etis,1,1,966,1225
ETIS-Larib,/home/samsul/Documents/Polyp Detection/ETIS-LaribPolypDB/images/20.png,/home/samsul/Documents/Polyp Detection/ETIS-LaribPolypDB/masks/20.png,etis,1,1,966,1225
ETIS-Larib,/home/samsul/Documents/Polyp Detection/ETIS-LaribPolypDB/images/29.png,/home/samsul/Documents/Polyp Detection/ETIS-LaribPolypDB/masks/29.png,etis,1,1,966,1225
ETIS-Larib,/home/samsul/Documents/Polyp Detection/ETIS-LaribPolypDB/images/68.png,/home/samsul/Documents/Polyp Detection/ETIS-LaribPolypDB/masks/68.png,etis,1,1,966,1225
ETIS-Larib,/home/samsul/Documents/Polyp Detection/ETIS-LaribPolypDB/images/17.png,/home/samsul/Documents/Polyp Detection/ETIS-LaribPolypDB/masks/17.png,etis,1,1,966,1225
ETIS-Larib,/home/samsul/Documents/Polyp Detection/ETIS-LaribPolypDB/images/87.png,/home/samsul/Documents/Polyp Detection/ETIS-LaribPolypDB/masks/87.png,etis,1,1,966,1225
Kvasir-SEG,/home/samsul/Documents/Polyp Detection/kvasir-seg/images/cju7g7ba42z310987bqzbi2bq.jpg,/home/samsul/Documents/Polyp Detection/kvasir-seg/masks/cju7g7ba42z310987bqzbi2bq.jpg,kvasir,1,1,530,588
Kvasir-SEG,/home/samsul/Documents/Polyp Detection/kvasir-seg/images/cju5chrxxawka0871qcj171yz.jpg,/home/samsul/Documents/Polyp Detection/kvasir-seg/masks/cju5chrxxawka0871qcj171yz.jpg,kvasir,1,1,528,601
Kvasir-SEG,/home/samsul/Documents/Polyp Detection/kvasir-seg/images/cju5wi6bqlxy90755bu227nvb.jpg,/home/samsul/Documents/Polyp Detection/kvasir-seg/masks/cju5wi6bqlxy90755bu227nvb.jpg,kvasir,1,1,530,622
Kvasir-SEG,/home/samsul/Documents/Polyp Detection/kvasir-seg/images/cju2zy1e49pqk0878t6ncqn12.jpg,/home/samsul/Documents/Polyp Detection/kvasir-seg/masks/cju2zy1e49pqk0878t6ncqn12.jpg,kvasir,1,1,529,622
Kvasir-SEG,/home/samsul/Documents/Polyp Detection/kvasir-seg/images/cju7cq6su27qv075574dir0r3.jpg,/home/samsul/Documents/Polyp Detection/kvasir-seg/masks/cju7cq6su27qv075574dir0r3.jpg,kvasir,1,1,530,622
Kvasir-SEG,/home/samsul/Documents/Polyp Detection/kvasir-seg/images/cju7787c5yy3l080159mwqsnj.jpg,/home/samsul/Documents/Polyp Detection/kvasir-seg/masks/cju7787c5yy3l080159mwqsnj.jpg,kvasir,1,1,530,622
Kvasir-SEG,/home/samsul/Documents/Polyp Detection/kvasir-seg/images/cju8aeei7q8k308173n9y4klv.jpg,/home/samsul/Documents/Polyp Detection/kvasir-seg/masks/cju8aeei7q8k308173n9y4klv.jpg,kvasir,1,1,528,606
Kvasir-SEG,/home/samsul/Documents/Polyp Detection/kvasir-seg/images/cju77bvg0yv4r0987yh60xmjo.jpg,/home/samsul/Documents/Polyp Detection/kvasir-seg/masks/cju77bvg0yv4r0987yh60xmjo.jpg,kvasir,1,1,546,616
Kvasir-SEG,/home/samsul/Documents/Polyp Detection/kvasir-seg/images/cju7d1tvt25bu08019dvw3uff.jpg,/home/samsul/Documents/Polyp Detection/kvasir-seg/masks/cju7d1tvt25bu08019dvw3uff.jpg,kvasir,1,1,531,571
Kvasir-SEG,/home/samsul/Documents/Polyp Detection/kvasir-seg/images/cju7fmvpk2q170987v6i3ola8.jpg,/home/samsul/Documents/Polyp Detection/kvasir-seg/masks/cju7fmvpk2q170987v6i3ola8.jpg,kvasir,1,1,531,620
Kvasir-SEG,/home/samsul/Documents/Polyp Detection/kvasir-seg/images/cju7cue9b232j0801qdzk1ykj.jpg,/home/samsul/Documents/Polyp Detection/kvasir-seg/masks/cju7cue9b232j0801qdzk1ykj.jpg,kvasir,1,1,528,613
Kvasir-SEG,/home/samsul/Documents/Polyp Detection/kvasir-seg/images/cju3ul8dogf1z09872y2ecowp.jpg,/home/samsul/Documents/Polyp Detection/kvasir-seg/masks/cju3ul8dogf1z09872y2ecowp.jpg,kvasir,1,1,531,609
Kvasir-SEG,/home/samsul/Documents/Polyp Detection/kvasir-seg/images/cju84aoa3ktwn0755pfl4gfwd.jpg,/home/samsul/Documents/Polyp Detection/kvasir-seg/masks/cju84aoa3ktwn0755pfl4gfwd.jpg,kvasir,1,1,547,626
Kvasir-SEG,/home/samsul/Documents/Polyp Detection/kvasir-seg/images/cju2yyhsp933j0855hp32e012.jpg,/home/samsul/Documents/Polyp Detection/kvasir-seg/masks/cju2yyhsp933j0855hp32e012.jpg,kvasir,1,1,435,593
Kvasir-SEG,/home/samsul/Documents/Polyp Detection/kvasir-seg/images/cju8bzzy2s66m08016z6mouqt.jpg,/home/samsul/Documents/Polyp Detection/kvasir-seg/masks/cju8bzzy2s66m08016z6mouqt.jpg,kvasir,1,1,529,622
Kvasir-SEG,/home/samsul/Documents/Polyp Detection/kvasir-seg/images/cju2qu37qobl50993aw7ghcfq.jpg,/home/samsul/Documents/Polyp Detection/kvasir-seg/masks/cju2qu37qobl50993aw7ghcfq.jpg,kvasir,1,1,528,543
Kvasir-SEG,/home/samsul/Documents/Polyp Detection/kvasir-seg/images/cju2r11x7sdgx0988o8ule0wl.jpg,/home/samsul/Documents/Polyp Detection/kvasir-seg/masks/cju2r11x7sdgx0988o8ule0wl.jpg,kvasir,1,1,528,622
Kvasir-SEG,/home/samsul/Documents/Polyp Detection/kvasir-seg/images/cju83vvmik9wa08710yeh7cuk.jpg,/home/samsul/Documents/Polyp Detection/kvasir-seg/masks/cju83vvmik9wa08710yeh7cuk.jpg,kvasir,1,1,530,570
Kvasir-SEG,/home/samsul/Documents/Polyp Detection/kvasir-seg/images/cju1bm8063nmh07996rsjjemq.jpg,/home/samsul/Documents/Polyp Detection/kvasir-seg/masks/cju1bm8063nmh07996rsjjemq.jpg,kvasir,1,1,530,607
Kvasir-SEG,/home/samsul/Documents/Polyp Detection/kvasir-seg/images/cju5ktjwofed70817eg58ef7u.jpg,/home/samsul/Documents/Polyp Detection/kvasir-seg/masks/cju5ktjwofed70817eg58ef7u.jpg,kvasir,1,1,547,625
Kvasir-SEG,/home/samsul/Documents/Polyp Detection/kvasir-seg/images/cju6x4t13vyw60755gtcf9ndu.jpg,/home/samsul/Documents/Polyp Detection/kvasir-seg/masks/cju6x4t13vyw60755gtcf9ndu.jpg,kvasir,1,1,529,621
Kvasir-SEG,/home/samsul/Documents/Polyp Detection/kvasir-seg/images/cju7eueum2oqn0850rodmx8zo.jpg,/home/samsul/Documents/Polyp Detection/kvasir-seg/masks/cju7eueum2oqn0850rodmx8zo.jpg,kvasir,1,1,530,562
Kvasir-SEG,/home/samsul/Documents/Polyp Detection/kvasir-seg/images/cju5vutu7ll8w0871dfp92n9p.jpg,/home/samsul/Documents/Polyp Detection/kvasir-seg/masks/cju5vutu7ll8w0871dfp92n9p.jpg,kvasir,1,1,528,605
Kvasir-SEG,/home/samsul/Documents/Polyp Detection/kvasir-seg/images/cju2ij9uiic2l09933ljiv6gm.jpg,/home/samsul/Documents/Polyp Detection/kvasir-seg/masks/cju2ij9uiic2l09933ljiv6gm.jpg,kvasir,1,1,530,617
Kvasir-SEG,/home/samsul/Documents/Polyp Detection/kvasir-seg/images/cju1h89h6xbnx08352k2790o9.jpg,/home/samsul/Documents/Polyp Detection/kvasir-seg/masks/cju1h89h6xbnx08352k2790o9.jpg,kvasir,1,1,531,570
Kvasir-SEG,/home/samsul/Documents/Polyp Detection/kvasir-seg/images/cju5ukkg6kv7u08011x2b6zl5.jpg,/home/samsul/Documents/Polyp Detection/kvasir-seg/masks/cju5ukkg6kv7u08011x2b6zl5.jpg,kvasir,1,1,510,622
Kvasir-SEG,/home/samsul/Documents/Polyp Detection/kvasir-seg/images/cju89y9h0puti0818i5yw29e6.jpg,/home/samsul/Documents/Polyp Detection/kvasir-seg/masks/cju89y9h0puti0818i5yw29e6.jpg,kvasir,1,1,547,626
Kvasir-SEG,/home/samsul/Documents/Polyp Detection/kvasir-seg/images/cju7b4mtw1n9n080186209f3d.jpg,/home/samsul/Documents/Polyp Detection/kvasir-seg/masks/cju7b4mtw1n9n080186209f3d.jpg,kvasir,1,1,528,600
Kvasir-SEG,/home/samsul/Documents/Polyp Detection/kvasir-seg/images/cju8a84g0q76m0818hwiggkod.jpg,/home/samsul/Documents/Polyp Detection/kvasir-seg/masks/cju8a84g0q76m0818hwiggkod.jpg,kvasir,1,1,529,554
Kvasir-SEG,/home/samsul/Documents/Polyp Detection/kvasir-seg/images/cju5fs6j6d8350801vglraq4u.jpg,/home/samsul/Documents/Polyp Detection/kvasir-seg/masks/cju5fs6j6d8350801vglraq4u.jpg,kvasir,1,1,547,626
Kvasir-SEG,/home/samsul/Documents/Polyp Detection/kvasir-seg/images/cju5waeduln160817w0agirve.jpg,/home/samsul/Documents/Polyp Detection/kvasir-seg/masks/cju5waeduln160817w0agirve.jpg,kvasir,1,1,528,540
Kvasir-SEG,/home/samsul/Documents/Polyp Detection/kvasir-seg/images/cju2yw4s7z7p20988lmf2gdgd.jpg,/home/samsul/Documents/Polyp Detection/kvasir-seg/masks/cju2yw4s7z7p20988lmf2gdgd.jpg,kvasir,1,1,530,571
Kvasir-SEG,/home/samsul/Documents/Polyp Detection/kvasir-seg/images/cju1f320ewfyu0988ndz6blh5.jpg,/home/samsul/Documents/Polyp Detection/kvasir-seg/masks/cju1f320ewfyu0988ndz6blh5.jpg,kvasir,1,1,530,571
Kvasir-SEG,/home/samsul/Documents/Polyp Detection/kvasir-seg/images/cju8b4ja9r2s808509d45ma86.jpg,/home/samsul/Documents/Polyp Detection/kvasir-seg/masks/cju8b4ja9r2s808509d45ma86.jpg,kvasir,1,1,529,623
Kvasir-SEG,/home/samsul/Documents/Polyp Detection/kvasir-seg/images/cju1f8w0t65en0799m9oacq0q.jpg,/home/samsul/Documents/Polyp Detection/kvasir-seg/masks/cju1f8w0t65en0799m9oacq0q.jpg,kvasir,1,1,528,622
Kvasir-SEG,/home/samsul/Documents/Polyp Detection/kvasir-seg/images/cju8b5p40r2c60987ofa0mu03.jpg,/home/samsul/Documents/Polyp Detection/kvasir-seg/masks/cju8b5p40r2c60987ofa0mu03.jpg,kvasir,1,1,531,598
Kvasir-SEG,/home/samsul/Documents/Polyp Detection/kvasir-seg/images/cju5x15djm7ae0755h8czf6nt.jpg,/home/samsul/Documents/Polyp Detection/kvasir-seg/masks/cju5x15djm7ae0755h8czf6nt.jpg,kvasir,1,1,531,622
Kvasir-SEG,/home/samsul/Documents/Polyp Detection/kvasir-seg/images/cju8c6hnxsdvr0801wn0vrsa6.jpg,/home/samsul/Documents/Polyp Detection/kvasir-seg/masks/cju8c6hnxsdvr0801wn0vrsa6.jpg,kvasir,1,1,531,617
Kvasir-SEG,/home/samsul/Documents/Polyp Detection/kvasir-seg/images/cju88fpm4o0tl0871w1i6a4ds.jpg,/home/samsul/Documents/Polyp Detection/kvasir-seg/masks/cju88fpm4o0tl0871w1i6a4ds.jpg,kvasir,1,1,423,611
Kvasir-SEG,/home/samsul/Documents/Polyp Detection/kvasir-seg/images/cju8aw9n1qyg10801jkjlmors.jpg,/home/samsul/Documents/Polyp Detection/kvasir-seg/masks/cju8aw9n1qyg10801jkjlmors.jpg,kvasir,1,1,530,622
Kvasir-SEG,/home/samsul/Documents/Polyp Detection/kvasir-seg/images/cju7dwe282dc309876rco45ts.jpg,/home/samsul/Documents/Polyp Detection/kvasir-seg/masks/cju7dwe282dc309876rco45ts.jpg,kvasir,1,1,530,622
Kvasir-SEG,/home/samsul/Documents/Polyp Detection/kvasir-seg/images/cju8567gdlcbq0801dwwyo2jt.jpg,/home/samsul/Documents/Polyp Detection/kvasir-seg/masks/cju8567gdlcbq0801dwwyo2jt.jpg,kvasir,1,1,530,570
Kvasir-SEG,/home/samsul/Documents/Polyp Detection/kvasir-seg/images/cju1b0y2e396p08558ois175d.jpg,/home/samsul/Documents/Polyp Detection/kvasir-seg/masks/cju1b0y2e396p08558ois175d.jpg,kvasir,1,1,546,626
Kvasir-SEG,/home/samsul/Documents/Polyp Detection/kvasir-seg/images/cju3x9lttikfb0818a0g104zn.jpg,/home/samsul/Documents/Polyp Detection/kvasir-seg/masks/cju3x9lttikfb0818a0g104zn.jpg,kvasir,1,1,530,622
Kvasir-SEG,/home/samsul/Documents/Polyp Detection/kvasir-seg/images/cju0t4oil7vzk099370nun5h9.jpg,/home/samsul/Documents/Polyp Detection/kvasir-seg/masks/cju0t4oil7vzk099370nun5h9.jpg,kvasir,1,1,530,622
Kvasir-SEG,/home/samsul/Documents/Polyp Detection/kvasir-seg/images/cju7deifq2fzn0755lc8idyh8.jpg,/home/samsul/Documents/Polyp Detection/kvasir-seg/masks/cju7deifq2fzn0755lc8idyh8.jpg,kvasir,1,1,547,626
Kvasir-SEG,/home/samsul/Documents/Polyp Detection/kvasir-seg/images/cju2s9g11pnra0993gn4eh793.jpg,/home/samsul/Documents/Polyp Detection/kvasir-seg/masks/cju2s9g11pnra0993gn4eh793.jpg,kvasir,1,1,530,622
Kvasir-SEG,/home/samsul/Documents/Polyp Detection/kvasir-seg/images/cju310f6val1v0855xo8tc3gu.jpg,/home/samsul/Documents/Polyp Detection/kvasir-seg/masks/cju310f6val1v0855xo8tc3gu.jpg,kvasir,1,1,531,622
Kvasir-SEG,/home/samsul/Documents/Polyp Detection/kvasir-seg/images/cju5c5xc7algd0817pb1ej5yo.jpg,/home/samsul/Documents/Polyp Detection/kvasir-seg/masks/cju5c5xc7algd0817pb1ej5yo.jpg,kvasir,1,1,528,599
Kvasir-SEG,/home/samsul/Documents/Polyp Detection/kvasir-seg/images/cju7dizi82h2i0755doucgnt3.jpg,/home/samsul/Documents/Polyp Detection/kvasir-seg/masks/cju7dizi82h2i0755doucgnt3.jpg,kvasir,1,1,529,622
Kvasir-SEG,/home/samsul/Documents/Polyp Detection/kvasir-seg/images/cju2rga4psq9n09881z519xx0.jpg,/home/samsul/Documents/Polyp Detection/kvasir-seg/masks/cju2rga4psq9n09881z519xx0.jpg,kvasir,1,1,529,622
Kvasir-SEG,/home/samsul/Documents/Polyp Detection/kvasir-seg/images/cju424hy5lckr085073fva1ok.jpg,/home/samsul/Documents/Polyp Detection/kvasir-seg/masks/cju424hy5lckr085073fva1ok.jpg,kvasir,1,1,530,576
Kvasir-SEG,/home/samsul/Documents/Polyp Detection/kvasir-seg/images/cju8ando2qqdo0818ck7i1be1.jpg,/home/samsul/Documents/Polyp Detection/kvasir-seg/masks/cju8ando2qqdo0818ck7i1be1.jpg,kvasir,1,1,530,570
Kvasir-SEG,/home/samsul/Documents/Polyp Detection/kvasir-seg/images/cju5cetivauok0987ok3e5bre.jpg,/home/samsul/Documents/Polyp Detection/kvasir-seg/masks/cju5cetivauok0987ok3e5bre.jpg,kvasir,1,1,529,623
Kvasir-SEG,/home/samsul/Documents/Polyp Detection/kvasir-seg/images/cju7arvfe1ldu0850erdmphgj.jpg,/home/samsul/Documents/Polyp Detection/kvasir-seg/masks/cju7arvfe1ldu0850erdmphgj.jpg,kvasir,1,1,529,622
Kvasir-SEG,/home/samsul/Documents/Polyp Detection/kvasir-seg/images/cju5bj926aiec07559rshy4wa.jpg,/home/samsul/Documents/Polyp Detection/kvasir-seg/masks/cju5bj926aiec07559rshy4wa.jpg,kvasir,1,1,529,612
Kvasir-SEG,/home/samsul/Documents/Polyp Detection/kvasir-seg/images/cju2zpw4q9vzr0801p0lysjdl.jpg,/home/samsul/Documents/Polyp Detection/kvasir-seg/masks/cju2zpw4q9vzr0801p0lysjdl.jpg,kvasir,1,1,546,605
Kvasir-SEG,/home/samsul/Documents/Polyp Detection/kvasir-seg/images/cju7da88w2eod0755wejzynvt.jpg,/home/samsul/Documents/Polyp Detection/kvasir-seg/masks/cju7da88w2eod0755wejzynvt.jpg,kvasir,1,1,484,622
Kvasir-SEG,/home/samsul/Documents/Polyp Detection/kvasir-seg/images/cju6x35ervu2808015c7eoqe4.jpg,/home/samsul/Documents/Polyp Detection/kvasir-seg/masks/cju6x35ervu2808015c7eoqe4.jpg,kvasir,1,1,530,622
Kvasir-SEG,/home/samsul/Documents/Polyp Detection/kvasir-seg/images/cju7d2q1k27nf08715zshsckt.jpg,/home/samsul/Documents/Polyp Detection/kvasir-seg/masks/cju7d2q1k27nf08715zshsckt.jpg,kvasir,1,1,530,620
Kvasir-SEG,/home/samsul/Documents/Polyp Detection/kvasir-seg/images/cju8buos5rz9b08715lfr0f4f.jpg,/home/samsul/Documents/Polyp Detection/kvasir-seg/masks/cju8buos5rz9b08715lfr0f4f.jpg,kvasir,1,1,530,576
Kvasir-SEG,/home/samsul/Documents/Polyp Detection/kvasir-seg/images/cju847pxykriq0755268ktrk2.jpg,/home/samsul/Documents/Polyp Detection/kvasir-seg/masks/cju847pxykriq0755268ktrk2.jpg,kvasir,1,1,531,606
Kvasir-SEG,/home/samsul/Documents/Polyp Detection/kvasir-seg/images/cju5wtdu4m0im0871mix0yvc0.jpg,/home/samsul/Documents/Polyp Detection/kvasir-seg/masks/cju5wtdu4m0im0871mix0yvc0.jpg,kvasir,1,1,509,610
Kvasir-SEG,/home/samsul/Documents/Polyp Detection/kvasir-seg/images/cju8b542nr81x0871uxnkm9ih.jpg,/home/samsul/Documents/Polyp Detection/kvasir-seg/masks/cju8b542nr81x0871uxnkm9ih.jpg,kvasir,1,1,531,622
Kvasir-SEG,/home/samsul/Documents/Polyp Detection/kvasir-seg/images/cju2mfjndoz700988b9lc3zeq.jpg,/home/samsul/Documents/Polyp Detection/kvasir-seg/masks/cju2mfjndoz700988b9lc3zeq.jpg,kvasir,1,1,531,622
Kvasir-SEG,/home/samsul/Documents/Polyp Detection/kvasir-seg/images/cju1c4fcu40hl07992b8gj0c8.jpg,/home/samsul/Documents/Polyp Detection/kvasir-seg/masks/cju1c4fcu40hl07992b8gj0c8.jpg,kvasir,1,1,546,626
Kvasir-SEG,/home/samsul/Documents/Polyp Detection/kvasir-seg/images/cju7ctvqn25dy08186g442m1r.jpg,/home/samsul/Documents/Polyp Detection/kvasir-seg/masks/cju7ctvqn25dy08186g442m1r.jpg,kvasir,1,1,531,622
Kvasir-SEG,/home/samsul/Documents/Polyp Detection/kvasir-seg/images/cju85mpuglq8k0818d2it6hzb.jpg,/home/samsul/Documents/Polyp Detection/kvasir-seg/masks/cju85mpuglq8k0818d2it6hzb.jpg,kvasir,1,1,546,615
Kvasir-SEG,/home/samsul/Documents/Polyp Detection/kvasir-seg/images/cju7ev2b12owa08500bpfpwyw.jpg,/home/samsul/Documents/Polyp Detection/kvasir-seg/masks/cju7ev2b12owa08500bpfpwyw.jpg,kvasir,1,1,530,622
Kvasir-SEG,/home/samsul/Documents/Polyp Detection/kvasir-seg/images/cju5hi52odyf90817prvcwg45.jpg,/home/samsul/Documents/Polyp Detection/kvasir-seg/masks/cju5hi52odyf90817prvcwg45.jpg,kvasir,1,1,352,568
Kvasir-SEG,/home/samsul/Documents/Polyp Detection/kvasir-seg/images/cju8cdeazsm8h0801jxifmzur.jpg,/home/samsul/Documents/Polyp Detection/kvasir-seg/masks/cju8cdeazsm8h0801jxifmzur.jpg,kvasir,1,1,547,626
Kvasir-SEG,/home/samsul/Documents/Polyp Detection/kvasir-seg/images/cju2wtwj87kys0855kx6mddzw.jpg,/home/samsul/Documents/Polyp Detection/kvasir-seg/masks/cju2wtwj87kys0855kx6mddzw.jpg,kvasir,1,1,547,626
Kvasir-SEG,/home/samsul/Documents/Polyp Detection/kvasir-seg/images/cju783tmkzkqu081803g7q5vk.jpg,/home/samsul/Documents/Polyp Detection/kvasir-seg/masks/cju783tmkzkqu081803g7q5vk.jpg,kvasir,1,1,494,618
Kvasir-SEG,/home/samsul/Documents/Polyp Detection/kvasir-seg/images/cju2zp89k9q1g0855k1x0f1xa.jpg,/home/samsul/Documents/Polyp Detection/kvasir-seg/masks/cju2zp89k9q1g0855k1x0f1xa.jpg,kvasir,1,1,530,622
Kvasir-SEG,/home/samsul/Documents/Polyp Detection/kvasir-seg/images/cju5vcmrqla7i0817x4sp4pqw.jpg,/home/samsul/Documents/Polyp Detection/kvasir-seg/masks/cju5vcmrqla7i0817x4sp4pqw.jpg,kvasir,1,1,482,612
Kvasir-SEG,/home/samsul/Documents/Polyp Detection/kvasir-seg/images/cju7amjna1ly40871ugiokehb.jpg,/home/samsul/Documents/Polyp Detection/kvasir-seg/masks/cju7amjna1ly40871ugiokehb.jpg,kvasir,1,1,531,552
Kvasir-SEG,/home/samsul/Documents/Polyp Detection/kvasir-seg/images/cju7cufm7298k0755j09uf3of.jpg,/home/samsul/Documents/Polyp Detection/kvasir-seg/masks/cju7cufm7298k0755j09uf3of.jpg,kvasir,1,1,531,614
Kvasir-SEG,/home/samsul/Documents/Polyp Detection/kvasir-seg/images/cju2hugv9vget0799hhk7ksvg.jpg,/home/samsul/Documents/Polyp Detection/kvasir-seg/masks/cju2hugv9vget0799hhk7ksvg.jpg,kvasir,1,1,529,613
Kvasir-SEG,/home/samsul/Documents/Polyp Detection/kvasir-seg/images/cju7d7aut2a2p0818z4uxc6cd.jpg,/home/samsul/Documents/Polyp Detection/kvasir-seg/masks/cju7d7aut2a2p0818z4uxc6cd.jpg,kvasir,1,1,530,621
Kvasir-SEG,/home/samsul/Documents/Polyp Detection/kvasir-seg/images/cju87xn2snfmv0987sc3d9xnq.jpg,/home/samsul/Documents/Polyp Detection/kvasir-seg/masks/cju87xn2snfmv0987sc3d9xnq.jpg,kvasir,1,1,530,604
Kvasir-SEG,/home/samsul/Documents/Polyp Detection/kvasir-seg/images/cju40w3hbkwpn08015rbs3wko.jpg,/home/samsul/Documents/Polyp Detection/kvasir-seg/masks/cju40w3hbkwpn08015rbs3wko.jpg,kvasir,1,1,528,621
Kvasir-SEG,/home/samsul/Documents/Polyp Detection/kvasir-seg/images/cju2z9vlp9j0w0801oag91sy9.jpg,/home/samsul/Documents/Polyp Detection/kvasir-seg/masks/cju2z9vlp9j0w0801oag91sy9.jpg,kvasir,1,1,531,622
Kvasir-SEG,/home/samsul/Documents/Polyp Detection/kvasir-seg/images/cju1expq45zst0855rjqwwj4m.jpg,/home/samsul/Documents/Polyp Detection/kvasir-seg/masks/cju1expq45zst0855rjqwwj4m.jpg,kvasir,1,1,529,622
Kvasir-SEG,/home/samsul/Documents/Polyp Detection/kvasir-seg/images/cju8bgdmqrksy0801tozdmraa.jpg,/home/samsul/Documents/Polyp Detection/kvasir-seg/masks/cju8bgdmqrksy0801tozdmraa.jpg,kvasir,1,1,529,622
Kvasir-SEG,/home/samsul/Documents/Polyp Detection/kvasir-seg/images/cju7eotqi2qea0871y8yc7tqh.jpg,/home/samsul/Documents/Polyp Detection/kvasir-seg/masks/cju7eotqi2qea0871y8yc7tqh.jpg,kvasir,1,1,546,626
Kvasir-SEG,/home/samsul/Documents/Polyp Detection/kvasir-seg/images/cju88itqbny720987hxizbj5y.jpg,/home/samsul/Documents/Polyp Detection/kvasir-seg/masks/cju88itqbny720987hxizbj5y.jpg,kvasir,1,1,530,570
Kvasir-SEG,/home/samsul/Documents/Polyp Detection/kvasir-seg/images/cju16ach3m1da0993r1dq3sn2.jpg,/home/samsul/Documents/Polyp Detection/kvasir-seg/masks/cju16ach3m1da0993r1dq3sn2.jpg,kvasir,1,1,528,616
Kvasir-SEG,/home/samsul/Documents/Polyp Detection/kvasir-seg/images/cju2xyd9vyi7m098831qcucse.jpg,/home/samsul/Documents/Polyp Detection/kvasir-seg/masks/cju2xyd9vyi7m098831qcucse.jpg,kvasir,1,1,528,622
Kvasir-SEG,/home/samsul/Documents/Polyp Detection/kvasir-seg/images/cju5hqz50e7o90850e0prlpa0.jpg,/home/samsul/Documents/Polyp Detection/kvasir-seg/masks/cju5hqz50e7o90850e0prlpa0.jpg,kvasir,1,1,528,595
Kvasir-SEG,/home/samsul/Documents/Polyp Detection/kvasir-seg/images/cju2zxja9w1eh09933609ho9z.jpg,/home/samsul/Documents/Polyp Detection/kvasir-seg/masks/cju2zxja9w1eh09933609ho9z.jpg,kvasir,1,1,530,584
Kvasir-SEG,/home/samsul/Documents/Polyp Detection/kvasir-seg/images/cju3xeexgii1j0817zs68tb4g.jpg,/home/samsul/Documents/Polyp Detection/kvasir-seg/masks/cju3xeexgii1j0817zs68tb4g.jpg,kvasir,1,1,528,622
Kvasir-SEG,/home/samsul/Documents/Polyp Detection/kvasir-seg/images/cju2wxv0hxs2f09884w48v8fi.jpg,/home/samsul/Documents/Polyp Detection/kvasir-seg/masks/cju2wxv0hxs2f09884w48v8fi.jpg,kvasir,1,1,529,622
Kvasir-SEG,/home/samsul/Documents/Polyp Detection/kvasir-seg/images/cju5y84q3mdv50817eyp82xf3.jpg,/home/samsul/Documents/Polyp Detection/kvasir-seg/masks/cju5y84q3mdv50817eyp82xf3.jpg,kvasir,1,1,530,611
Kvasir-SEG,/home/samsul/Documents/Polyp Detection/kvasir-seg/images/cju6wt9jvvn500871hjn3t3g0.jpg,/home/samsul/Documents/Polyp Detection/kvasir-seg/masks/cju6wt9jvvn500871hjn3t3g0.jpg,kvasir,1,1,530,622
Kvasir-SEG,/home/samsul/Documents/Polyp Detection/kvasir-seg/images/cju2y0z6g87p10878fpk5d3rq.jpg,/home/samsul/Documents/Polyp Detection/kvasir-seg/masks/cju2y0z6g87p10878fpk5d3rq.jpg,kvasir,1,1,530,554
Kvasir-SEG,/home/samsul/Documents/Polyp Detection/kvasir-seg/images/cju2z6ez69g4u0801qwt088lw.jpg,/home/samsul/Documents/Polyp Detection/kvasir-seg/masks/cju2z6ez69g4u0801qwt088lw.jpg,kvasir,1,1,538,626
Kvasir-SEG,/home/samsul/Documents/Polyp Detection/kvasir-seg/images/cju45v0pungu40871acnwtmu5.jpg,/home/samsul/Documents/Polyp Detection/kvasir-seg/masks/cju45v0pungu40871acnwtmu5.jpg,kvasir,1,1,530,606
Kvasir-SEG,/home/samsul/Documents/Polyp Detection/kvasir-seg/images/cju353d1eda8c07992afde611.jpg,/home/samsul/Documents/Polyp Detection/kvasir-seg/masks/cju353d1eda8c07992afde611.jpg,kvasir,1,1,528,622
Kvasir-SEG,/home/samsul/Documents/Polyp Detection/kvasir-seg/images/cju2syxa93yw40799x2iuwabz.jpg,/home/samsul/Documents/Polyp Detection/kvasir-seg/masks/cju2syxa93yw40799x2iuwabz.jpg,kvasir,1,1,474,602
Kvasir-SEG,/home/samsul/Documents/Polyp Detection/kvasir-seg/images/cju8c3xs7sauj0801ieyzezr5.jpg,/home/samsul/Documents/Polyp Detection/kvasir-seg/masks/cju8c3xs7sauj0801ieyzezr5.jpg,kvasir,1,1,546,626
Kvasir-SEG,/home/samsul/Documents/Polyp Detection/kvasir-seg/images/cju5jz5fff8c50871hbe6108f.jpg,/home/samsul/Documents/Polyp Detection/kvasir-seg/masks/cju5jz5fff8c50871hbe6108f.jpg,kvasir,1,1,530,552
Kvasir-SEG,/home/samsul/Documents/Polyp Detection/kvasir-seg/images/cju2t3ibkuecr0835o7si16zv.jpg,/home/samsul/Documents/Polyp Detection/kvasir-seg/masks/cju2t3ibkuecr0835o7si16zv.jpg,kvasir,1,1,530,613
Kvasir-SEG,/home/samsul/Documents/Polyp Detection/kvasir-seg/images/cju1cqc7n4gpy0855jt246k68.jpg,/home/samsul/Documents/Polyp Detection/kvasir-seg/masks/cju1cqc7n4gpy0855jt246k68.jpg,kvasir,1,1,529,616
Kvasir-SEG,/home/samsul/Documents/Polyp Detection/kvasir-seg/images/cju35oyvd3y850988km12hdz1.jpg,/home/samsul/Documents/Polyp Detection/kvasir-seg/masks/cju35oyvd3y850988km12hdz1.jpg,kvasir,1,1,506,590
Kvasir-SEG,/home/samsul/Documents/Polyp Detection/kvasir-seg/images/cju1hmff8tkp809931jps6fbr.jpg,/home/samsul/Documents/Polyp Detection/kvasir-seg/masks/cju1hmff8tkp809931jps6fbr.jpg,kvasir,1,1,530,587
Kvasir-SEG,/home/samsul/Documents/Polyp Detection/kvasir-seg/images/cju2y8s56ymqr083541ggdsml.jpg,/home/samsul/Documents/Polyp Detection/kvasir-seg/masks/cju2y8s56ymqr083541ggdsml.jpg,kvasir,1,1,530,615
Kvasir-SEG,/home/samsul/Documents/Polyp Detection/kvasir-seg/images/cju34repocy5208780gswillm.jpg,/home/samsul/Documents/Polyp Detection/kvasir-seg/masks/cju34repocy5208780gswillm.jpg,kvasir,1,1,529,622
Kvasir-SEG,/home/samsul/Documents/Polyp Detection/kvasir-seg/images/cju2z1nxlzaj40835wj81s1iy.jpg,/home/samsul/Documents/Polyp Detection/kvasir-seg/masks/cju2z1nxlzaj40835wj81s1iy.jpg,kvasir,1,1,531,622
Kvasir-SEG,/home/samsul/Documents/Polyp Detection/kvasir-seg/images/cju5vxuc5loxw0818u8xgf45p.jpg,/home/samsul/Documents/Polyp Detection/kvasir-seg/masks/cju5vxuc5loxw0818u8xgf45p.jpg,kvasir,1,1,546,626
Kvasir-SEG,/home/samsul/Documents/Polyp Detection/kvasir-seg/images/cju3x2s11ibzi0817kk284k0j.jpg,/home/samsul/Documents/Polyp Detection/kvasir-seg/masks/cju3x2s11ibzi0817kk284k0j.jpg,kvasir,1,1,530,622
Kvasir-SEG,/home/samsul/Documents/Polyp Detection/kvasir-seg/images/cju5ddda9bkkt0850enzwatb1.jpg,/home/samsul/Documents/Polyp Detection/kvasir-seg/masks/cju5ddda9bkkt0850enzwatb1.jpg,kvasir,1,1,530,618
Kvasir-SEG,/home/samsul/Documents/Polyp Detection/kvasir-seg/images/cju8czvnztbf40871b4m7t78w.jpg,/home/samsul/Documents/Polyp Detection/kvasir-seg/masks/cju8czvnztbf40871b4m7t78w.jpg,kvasir,1,1,546,626
Kvasir-SEG,/home/samsul/Documents/Polyp Detection/kvasir-seg/images/cju2nyc5f02m40801ojqbtiea.jpg,/home/samsul/Documents/Polyp Detection/kvasir-seg/masks/cju2nyc5f02m40801ojqbtiea.jpg,kvasir,1,1,531,622
Kvasir-SEG,/home/samsul/Documents/Polyp Detection/kvasir-seg/images/cju7dmlgf2ebw0871ieqas5fh.jpg,/home/samsul/Documents/Polyp Detection/kvasir-seg/masks/cju7dmlgf2ebw0871ieqas5fh.jpg,kvasir,3,1,529,608
Kvasir-SEG,/home/samsul/Documents/Polyp Detection/kvasir-seg/images/cju2yg5ht8i4p087800js8hp4.jpg,/home/samsul/Documents/Polyp Detection/kvasir-seg/masks/cju2yg5ht8i4p087800js8hp4.jpg,kvasir,1,1,546,626
Kvasir-SEG,/home/samsul/Documents/Polyp Detection/kvasir-seg/images/cju428k5fldt108177s6g6f45.jpg,/home/samsul/Documents/Polyp Detection/kvasir-seg/masks/cju428k5fldt108177s6g6f45.jpg,kvasir,1,1,530,622
Kvasir-SEG,/home/samsul/Documents/Polyp Detection/kvasir-seg/images/cju6uy20suzbl0987rzuhz7z9.jpg,/home/samsul/Documents/Polyp Detection/kvasir-seg/masks/cju6uy20suzbl0987rzuhz7z9.jpg,kvasir,1,1,546,626
Kvasir-SEG,/home/samsul/Documents/Polyp Detection/kvasir-seg/images/cju2spdagu1l50835da1f46fr.jpg,/home/samsul/Documents/Polyp Detection/kvasir-seg/masks/cju2spdagu1l50835da1f46fr.jpg,kvasir,1,1,525,465
Kvasir-SEG,/home/samsul/Documents/Polyp Detection/kvasir-seg/images/cju35fxqyzt5p0993vusm54qz.jpg,/home/samsul/Documents/Polyp Detection/kvasir-seg/masks/cju35fxqyzt5p0993vusm54qz.jpg,kvasir,1,1,531,613
Kvasir-SEG,/home/samsul/Documents/Polyp Detection/kvasir-seg/images/cju8d4jgatgpj0871q2ophhkm.jpg,/home/samsul/Documents/Polyp Detection/kvasir-seg/masks/cju8d4jgatgpj0871q2ophhkm.jpg,kvasir,1,1,531,622
Kvasir-SEG,/home/samsul/Documents/Polyp Detection/kvasir-seg/images/cju6xlygpw7bs0818n691jsq4.jpg,/home/samsul/Documents/Polyp Detection/kvasir-seg/masks/cju6xlygpw7bs0818n691jsq4.jpg,kvasir,1,1,531,570
Kvasir-SEG,/home/samsul/Documents/Polyp Detection/kvasir-seg/images/cju1c6yfz42md08550zgoz3pw.jpg,/home/samsul/Documents/Polyp Detection/kvasir-seg/masks/cju1c6yfz42md08550zgoz3pw.jpg,kvasir,1,1,530,536
Kvasir-SEG,/home/samsul/Documents/Polyp Detection/kvasir-seg/images/cju2sggy13na70855tbeoqgha.jpg,/home/samsul/Documents/Polyp Detection/kvasir-seg/masks/cju2sggy13na70855tbeoqgha.jpg,kvasir,1,1,530,559
Kvasir-SEG,/home/samsul/Documents/Polyp Detection/kvasir-seg/images/cju2tqfgw4oat0799rn0g5b2z.jpg,/home/samsul/Documents/Polyp Detection/kvasir-seg/masks/cju2tqfgw4oat0799rn0g5b2z.jpg,kvasir,1,1,529,614
Kvasir-SEG,/home/samsul/Documents/Polyp Detection/kvasir-seg/images/cju30nyxe0gfb0835p256yoju.jpg,/home/samsul/Documents/Polyp Detection/kvasir-seg/masks/cju30nyxe0gfb0835p256yoju.jpg,kvasir,1,1,530,622
Kvasir-SEG,/home/samsul/Documents/Polyp Detection/kvasir-seg/images/cju8b0jr0r2oi0801jiquetd5.jpg,/home/samsul/Documents/Polyp Detection/kvasir-seg/masks/cju8b0jr0r2oi0801jiquetd5.jpg,kvasir,1,1,528,621
Kvasir-SEG,/home/samsul/Documents/Polyp Detection/kvasir-seg/images/cju1haab178i70799tk9z8y8x.jpg,/home/samsul/Documents/Polyp Detection/kvasir-seg/masks/cju1haab178i70799tk9z8y8x.jpg,kvasir,1,1,531,525
Kvasir-SEG,/home/samsul/Documents/Polyp Detection/kvasir-seg/images/cju2y26c588bo07993ksd8eoz.jpg,/home/samsul/Documents/Polyp Detection/kvasir-seg/masks/cju2y26c588bo07993ksd8eoz.jpg,kvasir,1,1,530,621
Kvasir-SEG,/home/samsul/Documents/Polyp Detection/kvasir-seg/images/cju87mrypnb1e0818scv1mxxg.jpg,/home/samsul/Documents/Polyp Detection/kvasir-seg/masks/cju87mrypnb1e0818scv1mxxg.jpg,kvasir,1,1,530,615
Kvasir-SEG,/home/samsul/Documents/Polyp Detection/kvasir-seg/images/cju2sxf3iqbpv09937iksn8ep.jpg,/home/samsul/Documents/Polyp Detection/kvasir-seg/masks/cju2sxf3iqbpv09937iksn8ep.jpg,kvasir,1,1,529,622
Kvasir-SEG,/home/samsul/Documents/Polyp Detection/kvasir-seg/images/cju787jnjzjuj0871p94nck9g.jpg,/home/samsul/Documents/Polyp Detection/kvasir-seg/masks/cju787jnjzjuj0871p94nck9g.jpg,kvasir,1,1,546,626
Kvasir-SEG,/home/samsul/Documents/Polyp Detection/kvasir-seg/images/cju17v6ih0u7808783zcbg1jy.jpg,/home/samsul/Documents/Polyp Detection/kvasir-seg/masks/cju17v6ih0u7808783zcbg1jy.jpg,kvasir,1,1,528,622
Kvasir-SEG,/home/samsul/Documents/Polyp Detection/kvasir-seg/images/cju5hyi9yegob0755ho3do8en.jpg,/home/samsul/Documents/Polyp Detection/kvasir-seg/masks/cju5hyi9yegob0755ho3do8en.jpg,kvasir,2,1,529,623
Kvasir-SEG,/home/samsul/Documents/Polyp Detection/kvasir-seg/images/cju30qbm1ad3x0855znuhpz9u.jpg,/home/samsul/Documents/Polyp Detection/kvasir-seg/masks/cju30qbm1ad3x0855znuhpz9u.jpg,kvasir,1,1,529,622
Kvasir-SEG,/home/samsul/Documents/Polyp Detection/kvasir-seg/images/cju2zblxw9848087853csbrx1.jpg,/home/samsul/Documents/Polyp Detection/kvasir-seg/masks/cju2zblxw9848087853csbrx1.jpg,kvasir,1,1,530,586
Kvasir-SEG,/home/samsul/Documents/Polyp Detection/kvasir-seg/images/cju410dnfl0960755y8lu8d79.jpg,/home/samsul/Documents/Polyp Detection/kvasir-seg/masks/cju410dnfl0960755y8lu8d79.jpg,kvasir,1,1,546,626
Kvasir-SEG,/home/samsul/Documents/Polyp Detection/kvasir-seg/images/cju5yjq1pmlgc0801z0t24bly.jpg,/home/samsul/Documents/Polyp Detection/kvasir-seg/masks/cju5yjq1pmlgc0801z0t24bly.jpg,kvasir,1,1,530,570
Kvasir-SEG,/home/samsul/Documents/Polyp Detection/kvasir-seg/images/cju5bycdkalkb09875f7bfrvx.jpg,/home/samsul/Documents/Polyp Detection/kvasir-seg/masks/cju5bycdkalkb09875f7bfrvx.jpg,kvasir,1,1,530,603
Kvasir-SEG,/home/samsul/Documents/Polyp Detection/kvasir-seg/images/cju1alwgo30z60855fm3y23sm.jpg,/home/samsul/Documents/Polyp Detection/kvasir-seg/masks/cju1alwgo30z60855fm3y23sm.jpg,kvasir,1,1,529,622
Kvasir-SEG,/home/samsul/Documents/Polyp Detection/kvasir-seg/images/cju2lz8vqktne0993fuym6drw.jpg,/home/samsul/Documents/Polyp Detection/kvasir-seg/masks/cju2lz8vqktne0993fuym6drw.jpg,kvasir,1,1,531,613
Kvasir-SEG,/home/samsul/Documents/Polyp Detection/kvasir-seg/images/cju45qbf3n9sa0987oonbkly9.jpg,/home/samsul/Documents/Polyp Detection/kvasir-seg/masks/cju45qbf3n9sa0987oonbkly9.jpg,kvasir,1,1,531,621
Kvasir-SEG,/home/samsul/Documents/Polyp Detection/kvasir-seg/images/cju32upim1z7u0988l883nqp6.jpg,/home/samsul/Documents/Polyp Detection/kvasir-seg/masks/cju32upim1z7u0988l883nqp6.jpg,kvasir,1,1,479,570
Kvasir-SEG,/home/samsul/Documents/Polyp Detection/kvasir-seg/images/cju5vbo6jldrt0871jf6f1700.jpg,/home/samsul/Documents/Polyp Detection/kvasir-seg/masks/cju5vbo6jldrt0871jf6f1700.jpg,kvasir,1,1,530,619
Kvasir-SEG,/home/samsul/Documents/Polyp Detection/kvasir-seg/images/cju32zhbnc1oy0801iyv1ix6p.jpg,/home/samsul/Documents/Polyp Detection/kvasir-seg/masks/cju32zhbnc1oy0801iyv1ix6p.jpg,kvasir,1,1,531,622
Kvasir-SEG,/home/samsul/Documents/Polyp Detection/kvasir-seg/images/cju858eswlepn0871pzvdrhj1.jpg,/home/samsul/Documents/Polyp Detection/kvasir-seg/masks/cju858eswlepn0871pzvdrhj1.jpg,kvasir,1,1,530,570
Kvasir-SEG,/home/samsul/Documents/Polyp Detection/kvasir-seg/images/cju30xqmh0ni00835ix3batv1.jpg,/home/samsul/Documents/Polyp Detection/kvasir-seg/masks/cju30xqmh0ni00835ix3batv1.jpg,kvasir,1,1,529,622
Kvasir-SEG,/home/samsul/Documents/Polyp Detection/kvasir-seg/images/cju2p91qir00k08350ddfif0w.jpg,/home/samsul/Documents/Polyp Detection/kvasir-seg/masks/cju2p91qir00k08350ddfif0w.jpg,kvasir,1,1,1070,1348
Kvasir-SEG,/home/samsul/Documents/Polyp Detection/kvasir-seg/images/cju83ipu3jwpx0801z5pvguf8.jpg,/home/samsul/Documents/Polyp Detection/kvasir-seg/masks/cju83ipu3jwpx0801z5pvguf8.jpg,kvasir,1,1,529,622
Kvasir-SEG,/home/samsul/Documents/Polyp Detection/kvasir-seg/images/cju8clorgsuwn08714toqb7v6.jpg,/home/samsul/Documents/Polyp Detection/kvasir-seg/masks/cju8clorgsuwn08714toqb7v6.jpg,kvasir,1,1,531,570
Kvasir-SEG,/home/samsul/Documents/Polyp Detection/kvasir-seg/images/cju77g99iyxc00817zqi2ppor.jpg,/home/samsul/Documents/Polyp Detection/kvasir-seg/masks/cju77g99iyxc00817zqi2ppor.jpg,kvasir,1,1,531,620
Kvasir-SEG,/home/samsul/Documents/Polyp Detection/kvasir-seg/images/cju8418jhkf7d0818ga2v0xq0.jpg,/home/samsul/Documents/Polyp Detection/kvasir-seg/masks/cju8418jhkf7d0818ga2v0xq0.jpg,kvasir,1,1,546,626
Kvasir-SEG,/home/samsul/Documents/Polyp Detection/kvasir-seg/images/cju5w7xn0lrkq0801f9k0htgx.jpg,/home/samsul/Documents/Polyp Detection/kvasir-seg/masks/cju5w7xn0lrkq0801f9k0htgx.jpg,kvasir,1,1,530,622
Kvasir-SEG,/home/samsul/Documents/Polyp Detection/kvasir-seg/images/cju6z9a9kwsl007552s49rx6i.jpg,/home/samsul/Documents/Polyp Detection/kvasir-seg/masks/cju6z9a9kwsl007552s49rx6i.jpg,kvasir,2,1,528,622
Kvasir-SEG,/home/samsul/Documents/Polyp Detection/kvasir-seg/images/cju8at3s1qqqx0850hcq8nmnq.jpg,/home/samsul/Documents/Polyp Detection/kvasir-seg/masks/cju8at3s1qqqx0850hcq8nmnq.jpg,kvasir,1,1,529,593
Kvasir-SEG,/home/samsul/Documents/Polyp Detection/kvasir-seg/images/cju2lberzkdzm09938cl40pog.jpg,/home/samsul/Documents/Polyp Detection/kvasir-seg/masks/cju2lberzkdzm09938cl40pog.jpg,kvasir,1,1,528,605
Kvasir-SEG,/home/samsul/Documents/Polyp Detection/kvasir-seg/images/cju3tvffffx5f0818t5ov22al.jpg,/home/samsul/Documents/Polyp Detection/kvasir-seg/masks/cju3tvffffx5f0818t5ov22al.jpg,kvasir,1,1,530,622
Kvasir-SEG,/home/samsul/Documents/Polyp Detection/kvasir-seg/images/cju2r7h21sj9608354gzks3ae.jpg,/home/samsul/Documents/Polyp Detection/kvasir-seg/masks/cju2r7h21sj9608354gzks3ae.jpg,kvasir,1,1,530,614
Kvasir-SEG,/home/samsul/Documents/Polyp Detection/kvasir-seg/images/cju5nyu31gv8e0871zpk74a2n.jpg,/home/samsul/Documents/Polyp Detection/kvasir-seg/masks/cju5nyu31gv8e0871zpk74a2n.jpg,kvasir,1,1,529,616
Kvasir-SEG,/home/samsul/Documents/Polyp Detection/kvasir-seg/images/cju41lojblbs307555jdci937.jpg,/home/samsul/Documents/Polyp Detection/kvasir-seg/masks/cju41lojblbs307555jdci937.jpg,kvasir,1,1,547,626
Kvasir-SEG,/home/samsul/Documents/Polyp Detection/kvasir-seg/images/cju7er4kc2opa0801anuxc0eb.jpg,/home/samsul/Documents/Polyp Detection/kvasir-seg/masks/cju7er4kc2opa0801anuxc0eb.jpg,kvasir,1,1,528,622
Kvasir-SEG,/home/samsul/Documents/Polyp Detection/kvasir-seg/images/cju7fcgbe2z3p07550vaflqdb.jpg,/home/samsul/Documents/Polyp Detection/kvasir-seg/masks/cju7fcgbe2z3p07550vaflqdb.jpg,kvasir,1,1,530,620
Kvasir-SEG,/home/samsul/Documents/Polyp Detection/kvasir-seg/images/cju15l5ubz9yh0855b3ivdpse.jpg,/home/samsul/Documents/Polyp Detection/kvasir-seg/masks/cju15l5ubz9yh0855b3ivdpse.jpg,kvasir,1,1,547,626
Kvasir-SEG,/home/samsul/Documents/Polyp Detection/kvasir-seg/images/cju15ptjtppz40988odsm9azx.jpg,/home/samsul/Documents/Polyp Detection/kvasir-seg/masks/cju15ptjtppz40988odsm9azx.jpg,kvasir,1,1,529,622
Kvasir-SEG,/home/samsul/Documents/Polyp Detection/kvasir-seg/images/cju1djtprvd7b0988thwwrg09.jpg,/home/samsul/Documents/Polyp Detection/kvasir-seg/masks/cju1djtprvd7b0988thwwrg09.jpg,kvasir,1,1,529,590
Kvasir-SEG,/home/samsul/Documents/Polyp Detection/kvasir-seg/images/cju7dbppn28nx085097654msi.jpg,/home/samsul/Documents/Polyp Detection/kvasir-seg/masks/cju7dbppn28nx085097654msi.jpg,kvasir,1,1,546,626
Kvasir-SEG,/home/samsul/Documents/Polyp Detection/kvasir-seg/images/cju8b7aqtr4a00987coba14b7.jpg,/home/samsul/Documents/Polyp Detection/kvasir-seg/masks/cju8b7aqtr4a00987coba14b7.jpg,kvasir,1,1,530,622
Kvasir-SEG,/home/samsul/Documents/Polyp Detection/kvasir-seg/images/ck2bxqz3evvg20794iiyv5v2m.jpg,/home/samsul/Documents/Polyp Detection/kvasir-seg/masks/ck2bxqz3evvg20794iiyv5v2m.jpg,kvasir,1,1,576,720
Kvasir-SEG,/home/samsul/Documents/Polyp Detection/kvasir-seg/images/cju2hos57llxm08359g92p6jj.jpg,/home/samsul/Documents/Polyp Detection/kvasir-seg/masks/cju2hos57llxm08359g92p6jj.jpg,kvasir,1,1,529,622
Kvasir-SEG,/home/samsul/Documents/Polyp Detection/kvasir-seg/images/cju2upu4evw7g08358guwozxv.jpg,/home/samsul/Documents/Polyp Detection/kvasir-seg/masks/cju2upu4evw7g08358guwozxv.jpg,kvasir,1,1,528,616
Kvasir-SEG,/home/samsul/Documents/Polyp Detection/kvasir-seg/images/cju2p0eveqtdc0835gpi3p93i.jpg,/home/samsul/Documents/Polyp Detection/kvasir-seg/masks/cju2p0eveqtdc0835gpi3p93i.jpg,kvasir,1,1,528,622
Kvasir-SEG,/home/samsul/Documents/Polyp Detection/kvasir-seg/images/cju45ofd9ne1j0801ri8dup7t.jpg,/home/samsul/Documents/Polyp Detection/kvasir-seg/masks/cju45ofd9ne1j0801ri8dup7t.jpg,kvasir,1,1,530,622
Kvasir-SEG,/home/samsul/Documents/Polyp Detection/kvasir-seg/images/cju2np2k9zi3v079992ypxqkn.jpg,/home/samsul/Documents/Polyp Detection/kvasir-seg/masks/cju2np2k9zi3v079992ypxqkn.jpg,kvasir,1,1,531,603
Kvasir-SEG,/home/samsul/Documents/Polyp Detection/kvasir-seg/images/cju2igw4gvxds0878808qj398.jpg,/home/samsul/Documents/Polyp Detection/kvasir-seg/masks/cju2igw4gvxds0878808qj398.jpg,kvasir,1,1,546,626
Kvasir-SEG,/home/samsul/Documents/Polyp Detection/kvasir-seg/images/cju42m60jlpcm08186kqppzqv.jpg,/home/samsul/Documents/Polyp Detection/kvasir-seg/masks/cju42m60jlpcm08186kqppzqv.jpg,kvasir,1,1,547,626
Kvasir-SEG,/home/samsul/Documents/Polyp Detection/kvasir-seg/images/cju7aifyo1p3n07552nxjx51f.jpg,/home/samsul/Documents/Polyp Detection/kvasir-seg/masks/cju7aifyo1p3n07552nxjx51f.jpg,kvasir,1,1,531,622
Kvasir-SEG,/home/samsul/Documents/Polyp Detection/kvasir-seg/images/cju0u82z3cuma0835wlxrnrjv.jpg,/home/samsul/Documents/Polyp Detection/kvasir-seg/masks/cju0u82z3cuma0835wlxrnrjv.jpg,kvasir,1,1,546,626
Kvasir-SEG,/home/samsul/Documents/Polyp Detection/kvasir-seg/images/cju5vi4nxlc530817uoqm2m7a.jpg,/home/samsul/Documents/Polyp Detection/kvasir-seg/masks/cju5vi4nxlc530817uoqm2m7a.jpg,kvasir,1,1,530,619
Kvasir-SEG,/home/samsul/Documents/Polyp Detection/kvasir-seg/images/cju1819curo000988pd5xcqme.jpg,/home/samsul/Documents/Polyp Detection/kvasir-seg/masks/cju1819curo000988pd5xcqme.jpg,kvasir,1,1,529,600
Kvasir-SEG,/home/samsul/Documents/Polyp Detection/kvasir-seg/images/cju3x7xsaijq80818f0psavav.jpg,/home/samsul/Documents/Polyp Detection/kvasir-seg/masks/cju3x7xsaijq80818f0psavav.jpg,kvasir,1,1,531,590
Kvasir-SEG,/home/samsul/Documents/Polyp Detection/kvasir-seg/images/cju5h57xedz5h0755mjpc8694.jpg,/home/samsul/Documents/Polyp Detection/kvasir-seg/masks/cju5h57xedz5h0755mjpc8694.jpg,kvasir,1,1,528,622
Kvasir-SEG,/home/samsul/Documents/Polyp Detection/kvasir-seg/images/cju3v56bwgy8v0871w14pz8fx.jpg,/home/samsul/Documents/Polyp Detection/kvasir-seg/masks/cju3v56bwgy8v0871w14pz8fx.jpg,kvasir,2,1,531,570
Kvasir-SEG,/home/samsul/Documents/Polyp Detection/kvasir-seg/images/cju5i39mreass0817au8p22zy.jpg,/home/samsul/Documents/Polyp Detection/kvasir-seg/masks/cju5i39mreass0817au8p22zy.jpg,kvasir,1,1,546,623
Kvasir-SEG,/home/samsul/Documents/Polyp Detection/kvasir-seg/images/cju3ua8u0g9rg0801uayhdxhu.jpg,/home/samsul/Documents/Polyp Detection/kvasir-seg/masks/cju3ua8u0g9rg0801uayhdxhu.jpg,kvasir,1,1,530,622
Kvasir-SEG,/home/samsul/Documents/Polyp Detection/kvasir-seg/images/cju6x0yqbvxqt0755dhxislgb.jpg,/home/samsul/Documents/Polyp Detection/kvasir-seg/masks/cju6x0yqbvxqt0755dhxislgb.jpg,kvasir,1,1,530,622
Kvasir-SEG,/home/samsul/Documents/Polyp Detection/kvasir-seg/images/cju87ox0kncom0801b98hqnd2.jpg,/home/samsul/Documents/Polyp Detection/kvasir-seg/masks/cju87ox0kncom0801b98hqnd2.jpg,kvasir,1,1,546,626
Kvasir-SEG,/home/samsul/Documents/Polyp Detection/kvasir-seg/images/cju42tauqlo5p08171l3cuo4b.jpg,/home/samsul/Documents/Polyp Detection/kvasir-seg/masks/cju42tauqlo5p08171l3cuo4b.jpg,kvasir,1,1,547,627
Kvasir-SEG,/home/samsul/Documents/Polyp Detection/kvasir-seg/images/cju5buy2bal250818ipl6fqwv.jpg,/home/samsul/Documents/Polyp Detection/kvasir-seg/masks/cju5buy2bal250818ipl6fqwv.jpg,kvasir,1,1,430,569
Kvasir-SEG,/home/samsul/Documents/Polyp Detection/kvasir-seg/images/cju16b6ynq8e40988m8vx0xnj.jpg,/home/samsul/Documents/Polyp Detection/kvasir-seg/masks/cju16b6ynq8e40988m8vx0xnj.jpg,kvasir,1,1,530,571
Kvasir-SEG,/home/samsul/Documents/Polyp Detection/kvasir-seg/images/cju8alhigqn2h0801zksudldd.jpg,/home/samsul/Documents/Polyp Detection/kvasir-seg/masks/cju8alhigqn2h0801zksudldd.jpg,kvasir,1,1,528,614
Kvasir-SEG,/home/samsul/Documents/Polyp Detection/kvasir-seg/images/cju3u1c8tfyqx08503iedc3mx.jpg,/home/samsul/Documents/Polyp Detection/kvasir-seg/masks/cju3u1c8tfyqx08503iedc3mx.jpg,kvasir,1,1,528,622
Kvasir-SEG,/home/samsul/Documents/Polyp Detection/kvasir-seg/images/cju34uhepd3dd0799hs8782ad.jpg,/home/samsul/Documents/Polyp Detection/kvasir-seg/masks/cju34uhepd3dd0799hs8782ad.jpg,kvasir,1,1,546,626
Kvasir-SEG,/home/samsul/Documents/Polyp Detection/kvasir-seg/images/cju6xa0qmvzun0818xjukgncj.jpg,/home/samsul/Documents/Polyp Detection/kvasir-seg/masks/cju6xa0qmvzun0818xjukgncj.jpg,kvasir,1,1,530,575
Kvasir-SEG,/home/samsul/Documents/Polyp Detection/kvasir-seg/images/cju2ma647l0nj0993ot4deq2q.jpg,/home/samsul/Documents/Polyp Detection/kvasir-seg/masks/cju2ma647l0nj0993ot4deq2q.jpg,kvasir,2,1,547,621
Kvasir-SEG,/home/samsul/Documents/Polyp Detection/kvasir-seg/images/cju7fob3x301u0755x985pmmq.jpg,/home/samsul/Documents/Polyp Detection/kvasir-seg/masks/cju7fob3x301u0755x985pmmq.jpg,kvasir,1,1,528,577
Kvasir-SEG,/home/samsul/Documents/Polyp Detection/kvasir-seg/images/cju2hfqnmhisa0993gpleeldd.jpg,/home/samsul/Documents/Polyp Detection/kvasir-seg/masks/cju2hfqnmhisa0993gpleeldd.jpg,kvasir,2,1,530,621
Kvasir-SEG,/home/samsul/Documents/Polyp Detection/kvasir-seg/images/cju5tenjojp1j0755ms4949h2.jpg,/home/samsul/Documents/Polyp Detection/kvasir-seg/masks/cju5tenjojp1j0755ms4949h2.jpg,kvasir,1,1,531,570
Kvasir-SEG,/home/samsul/Documents/Polyp Detection/kvasir-seg/images/cju7druhp2gp308715i6km7be.jpg,/home/samsul/Documents/Polyp Detection/kvasir-seg/masks/cju7druhp2gp308715i6km7be.jpg,kvasir,1,1,546,626
Kvasir-SEG,/home/samsul/Documents/Polyp Detection/kvasir-seg/images/cju33x0f22peh0988g0ln7w5v.jpg,/home/samsul/Documents/Polyp Detection/kvasir-seg/masks/cju33x0f22peh0988g0ln7w5v.jpg,kvasir,1,1,528,597
Kvasir-SEG,/home/samsul/Documents/Polyp Detection/kvasir-seg/images/cju5huurrecm70801y680y13m.jpg,/home/samsul/Documents/Polyp Detection/kvasir-seg/masks/cju5huurrecm70801y680y13m.jpg,kvasir,1,1,520,603
Kvasir-SEG,/home/samsul/Documents/Polyp Detection/kvasir-seg/images/cju7dglf226g50987ohbthl19.jpg,/home/samsul/Documents/Polyp Detection/kvasir-seg/masks/cju7dglf226g50987ohbthl19.jpg,kvasir,1,1,528,621
Kvasir-SEG,/home/samsul/Documents/Polyp Detection/kvasir-seg/images/ck2bxskgxxzfv08386xkqtqdy.jpg,/home/samsul/Documents/Polyp Detection/kvasir-seg/masks/ck2bxskgxxzfv08386xkqtqdy.jpg,kvasir,2,1,530,585
Kvasir-SEG,/home/samsul/Documents/Polyp Detection/kvasir-seg/images/cju160wshltz10993i1gmqxbe.jpg,/home/samsul/Documents/Polyp Detection/kvasir-seg/masks/cju160wshltz10993i1gmqxbe.jpg,kvasir,1,1,530,607
Kvasir-SEG,/home/samsul/Documents/Polyp Detection/kvasir-seg/images/cju5kre09fhka0850h7b1898j.jpg,/home/samsul/Documents/Polyp Detection/kvasir-seg/masks/cju5kre09fhka0850h7b1898j.jpg,kvasir,1,1,528,618
Kvasir-SEG,/home/samsul/Documents/Polyp Detection/kvasir-seg/images/cju16whaj0e7n0855q7b6cjkm.jpg,/home/samsul/Documents/Polyp Detection/kvasir-seg/masks/cju16whaj0e7n0855q7b6cjkm.jpg,kvasir,1,1,547,626
Kvasir-SEG,/home/samsul/Documents/Polyp Detection/kvasir-seg/images/cju5clr68b48r0755cmuvponm.jpg,/home/samsul/Documents/Polyp Detection/kvasir-seg/masks/cju5clr68b48r0755cmuvponm.jpg,kvasir,1,1,526,601
Kvasir-SEG,/home/samsul/Documents/Polyp Detection/kvasir-seg/images/cju7alcgr1lsr0871riqk84z7.jpg,/home/samsul/Documents/Polyp Detection/kvasir-seg/masks/cju7alcgr1lsr0871riqk84z7.jpg,kvasir,1,1,530,622
Kvasir-SEG,/home/samsul/Documents/Polyp Detection/kvasir-seg/images/cju8b6rp0r5st0850184f79xt.jpg,/home/samsul/Documents/Polyp Detection/kvasir-seg/masks/cju8b6rp0r5st0850184f79xt.jpg,kvasir,1,1,546,626
Kvasir-SEG,/home/samsul/Documents/Polyp Detection/kvasir-seg/images/cju88trl3ogi208716qvti51b.jpg,/home/samsul/Documents/Polyp Detection/kvasir-seg/masks/cju88trl3ogi208716qvti51b.jpg,kvasir,1,1,530,540
Kvasir-SEG,/home/samsul/Documents/Polyp Detection/kvasir-seg/images/cju5wphwwlu3m0987hh3ltg88.jpg,/home/samsul/Documents/Polyp Detection/kvasir-seg/masks/cju5wphwwlu3m0987hh3ltg88.jpg,kvasir,1,1,531,618
Kvasir-SEG,/home/samsul/Documents/Polyp Detection/kvasir-seg/images/cju2r6mt2om21099352pny5gw.jpg,/home/samsul/Documents/Polyp Detection/kvasir-seg/masks/cju2r6mt2om21099352pny5gw.jpg,kvasir,1,1,528,608
Kvasir-SEG,/home/samsul/Documents/Polyp Detection/kvasir-seg/images/cju6w733bveoz0817e600tw72.jpg,/home/samsul/Documents/Polyp Detection/kvasir-seg/masks/cju6w733bveoz0817e600tw72.jpg,kvasir,1,1,530,477
Kvasir-SEG,/home/samsul/Documents/Polyp Detection/kvasir-seg/images/cju8chdlqsu620755azjty1tj.jpg,/home/samsul/Documents/Polyp Detection/kvasir-seg/masks/cju8chdlqsu620755azjty1tj.jpg,kvasir,1,1,530,622
Kvasir-SEG,/home/samsul/Documents/Polyp Detection/kvasir-seg/images/cju6ur9l9v9jq0755paud9uka.jpg,/home/samsul/Documents/Polyp Detection/kvasir-seg/masks/cju6ur9l9v9jq0755paud9uka.jpg,kvasir,1,1,529,561
Kvasir-SEG,/home/samsul/Documents/Polyp Detection/kvasir-seg/images/cju336l68y7if0993wf092166.jpg,/home/samsul/Documents/Polyp Detection/kvasir-seg/masks/cju336l68y7if0993wf092166.jpg,kvasir,1,1,530,583
Kvasir-SEG,/home/samsul/Documents/Polyp Detection/kvasir-seg/images/cju84gpefknwm098714oq8q61.jpg,/home/samsul/Documents/Polyp Detection/kvasir-seg/masks/cju84gpefknwm098714oq8q61.jpg,kvasir,1,1,528,622
Kvasir-SEG,/home/samsul/Documents/Polyp Detection/kvasir-seg/images/cju87li0zn3yb0817kbwgjiz8.jpg,/home/samsul/Documents/Polyp Detection/kvasir-seg/masks/cju87li0zn3yb0817kbwgjiz8.jpg,kvasir,1,1,449,562
Kvasir-SEG,/home/samsul/Documents/Polyp Detection/kvasir-seg/images/cju34o6dbd2lo0855aqlcy1hs.jpg,/home/samsul/Documents/Polyp Detection/kvasir-seg/masks/cju34o6dbd2lo0855aqlcy1hs.jpg,kvasir,1,1,476,623
Kvasir-SEG,/home/samsul/Documents/Polyp Detection/kvasir-seg/images/cju2pkwt3r8b90988v2ywq1px.jpg,/home/samsul/Documents/Polyp Detection/kvasir-seg/masks/cju2pkwt3r8b90988v2ywq1px.jpg,kvasir,1,1,530,622
Kvasir-SEG,/home/samsul/Documents/Polyp Detection/kvasir-seg/images/cju2t62nq45jl0799odpufwx6.jpg,/home/samsul/Documents/Polyp Detection/kvasir-seg/masks/cju2t62nq45jl0799odpufwx6.jpg,kvasir,1,1,528,622
Kvasir-SEG,/home/samsul/Documents/Polyp Detection/kvasir-seg/images/cju2zgbj9zmrw0835nnlzxj4c.jpg,/home/samsul/Documents/Polyp Detection/kvasir-seg/masks/cju2zgbj9zmrw0835nnlzxj4c.jpg,kvasir,1,1,528,623
Kvasir-SEG,/home/samsul/Documents/Polyp Detection/kvasir-seg/images/cju5uxjnol2r509871qv2yeia.jpg,/home/samsul/Documents/Polyp Detection/kvasir-seg/masks/cju5uxjnol2r509871qv2yeia.jpg,kvasir,1,1,531,620
Kvasir-SEG,/home/samsul/Documents/Polyp Detection/kvasir-seg/images/cju3128yi0rpu0988o4oo5n8n.jpg,/home/samsul/Documents/Polyp Detection/kvasir-seg/masks/cju3128yi0rpu0988o4oo5n8n.jpg,kvasir,1,1,531,622
Kvasir-SEG,/home/samsul/Documents/Polyp Detection/kvasir-seg/images/cju34m7h536wq0988xz7gx79v.jpg,/home/samsul/Documents/Polyp Detection/kvasir-seg/masks/cju34m7h536wq0988xz7gx79v.jpg,kvasir,1,1,531,617
Kvasir-SEG,/home/samsul/Documents/Polyp Detection/kvasir-seg/images/cju6vqarjv7yo0987q4b1btk1.jpg,/home/samsul/Documents/Polyp Detection/kvasir-seg/masks/cju6vqarjv7yo0987q4b1btk1.jpg,kvasir,1,1,529,584
Kvasir-SEG,/home/samsul/Documents/Polyp Detection/kvasir-seg/images/cju35mdz73x890835eynq1h9v.jpg,/home/samsul/Documents/Polyp Detection/kvasir-seg/masks/cju35mdz73x890835eynq1h9v.jpg,kvasir,1,1,529,570
Kvasir-SEG,/home/samsul/Documents/Polyp Detection/kvasir-seg/images/cju0vtox5ain6099360pu62rp.jpg,/home/samsul/Documents/Polyp Detection/kvasir-seg/masks/cju0vtox5ain6099360pu62rp.jpg,kvasir,1,1,531,622
Kvasir-SEG,/home/samsul/Documents/Polyp Detection/kvasir-seg/images/cju89z6pqpqfx0817mfv8ixjc.jpg,/home/samsul/Documents/Polyp Detection/kvasir-seg/masks/cju89z6pqpqfx0817mfv8ixjc.jpg,kvasir,1,1,531,622
Kvasir-SEG,/home/samsul/Documents/Polyp Detection/kvasir-seg/images/cju7bc95p1mdm0817yqj5jc6j.jpg,/home/samsul/Documents/Polyp Detection/kvasir-seg/masks/cju7bc95p1mdm0817yqj5jc6j.jpg,kvasir,1,1,529,622
Kvasir-SEG,/home/samsul/Documents/Polyp Detection/kvasir-seg/images/cju5woy82m07m08505dmjg7g1.jpg,/home/samsul/Documents/Polyp Detection/kvasir-seg/masks/cju5woy82m07m08505dmjg7g1.jpg,kvasir,1,1,1070,1348
Kvasir-SEG,/home/samsul/Documents/Polyp Detection/kvasir-seg/images/cju43mkj9m8wb0871qiadahub.jpg,/home/samsul/Documents/Polyp Detection/kvasir-seg/masks/cju43mkj9m8wb0871qiadahub.jpg,kvasir,1,1,547,626
Kvasir-SEG,/home/samsul/Documents/Polyp Detection/kvasir-seg/images/cju32phw2bv130801yj7bkouq.jpg,/home/samsul/Documents/Polyp Detection/kvasir-seg/masks/cju32phw2bv130801yj7bkouq.jpg,kvasir,1,1,547,626
Kvasir-SEG,/home/samsul/Documents/Polyp Detection/kvasir-seg/images/cju5cjh3xattc0817j2vbulzi.jpg,/home/samsul/Documents/Polyp Detection/kvasir-seg/masks/cju5cjh3xattc0817j2vbulzi.jpg,kvasir,2,1,528,617
Kvasir-SEG,/home/samsul/Documents/Polyp Detection/kvasir-seg/images/cju2txjfzv60w098839dcimys.jpg,/home/samsul/Documents/Polyp Detection/kvasir-seg/masks/cju2txjfzv60w098839dcimys.jpg,kvasir,1,1,430,551
Kvasir-SEG,/home/samsul/Documents/Polyp Detection/kvasir-seg/images/cju784jpdzeae0987q5ypq883.jpg,/home/samsul/Documents/Polyp Detection/kvasir-seg/masks/cju784jpdzeae0987q5ypq883.jpg,kvasir,1,1,531,580
Kvasir-SEG,/home/samsul/Documents/Polyp Detection/kvasir-seg/images/cju2s16zp317h0799gr67jqc2.jpg,/home/samsul/Documents/Polyp Detection/kvasir-seg/masks/cju2s16zp317h0799gr67jqc2.jpg,kvasir,1,1,531,622
Kvasir-SEG,/home/samsul/Documents/Polyp Detection/kvasir-seg/images/cju31t8xd17bk0835rnb893jk.jpg,/home/samsul/Documents/Polyp Detection/kvasir-seg/masks/cju31t8xd17bk0835rnb893jk.jpg,kvasir,2,1,529,622
Kvasir-SEG,/home/samsul/Documents/Polyp Detection/kvasir-seg/images/cju45n0oxn5vu08500yfrt9jn.jpg,/home/samsul/Documents/Polyp Detection/kvasir-seg/masks/cju45n0oxn5vu08500yfrt9jn.jpg,kvasir,1,1,530,622
Kvasir-SEG,/home/samsul/Documents/Polyp Detection/kvasir-seg/images/cju42xpi8lw4w0871ve317a1p.jpg,/home/samsul/Documents/Polyp Detection/kvasir-seg/masks/cju42xpi8lw4w0871ve317a1p.jpg,kvasir,1,1,530,465
Kvasir-SEG,/home/samsul/Documents/Polyp Detection/kvasir-seg/images/cju34ds2531520988qjpqt6e3.jpg,/home/samsul/Documents/Polyp Detection/kvasir-seg/masks/cju34ds2531520988qjpqt6e3.jpg,kvasir,1,1,531,617
Kvasir-SEG,/home/samsul/Documents/Polyp Detection/kvasir-seg/images/cju5k3j3uf6de0817hszzfr7n.jpg,/home/samsul/Documents/Polyp Detection/kvasir-seg/masks/cju5k3j3uf6de0817hszzfr7n.jpg,kvasir,1,1,530,547
Kvasir-SEG,/home/samsul/Documents/Polyp Detection/kvasir-seg/images/cju87vqa0ndwg0850onjdz7ol.jpg,/home/samsul/Documents/Polyp Detection/kvasir-seg/masks/cju87vqa0ndwg0850onjdz7ol.jpg,kvasir,1,1,530,556
Kvasir-SEG,/home/samsul/Documents/Polyp Detection/kvasir-seg/images/cju77k828z46w0871r0avuoo9.jpg,/home/samsul/Documents/Polyp Detection/kvasir-seg/masks/cju77k828z46w0871r0avuoo9.jpg,kvasir,1,1,530,622
Kvasir-SEG,/home/samsul/Documents/Polyp Detection/kvasir-seg/images/cju34zivp3fq80988opxbaqyn.jpg,/home/samsul/Documents/Polyp Detection/kvasir-seg/masks/cju34zivp3fq80988opxbaqyn.jpg,kvasir,1,1,528,580
Kvasir-SEG,/home/samsul/Documents/Polyp Detection/kvasir-seg/images/cju3xjqtpikx50817tppy6g84.jpg,/home/samsul/Documents/Polyp Detection/kvasir-seg/masks/cju3xjqtpikx50817tppy6g84.jpg,kvasir,1,1,530,622
Kvasir-SEG,/home/samsul/Documents/Polyp Detection/kvasir-seg/images/cju7apr0c1qqm0755s7msqot4.jpg,/home/samsul/Documents/Polyp Detection/kvasir-seg/masks/cju7apr0c1qqm0755s7msqot4.jpg,kvasir,1,1,530,584
Kvasir-SEG,/home/samsul/Documents/Polyp Detection/kvasir-seg/images/cju5ca9hcatkc0801jzwe7tfx.jpg,/home/samsul/Documents/Polyp Detection/kvasir-seg/masks/cju5ca9hcatkc0801jzwe7tfx.jpg,kvasir,1,1,546,626
Kvasir-SEG,/home/samsul/Documents/Polyp Detection/kvasir-seg/images/cju5u6wf0kh1t0755bg1ssixv.jpg,/home/samsul/Documents/Polyp Detection/kvasir-seg/masks/cju5u6wf0kh1t0755bg1ssixv.jpg,kvasir,1,1,530,571
Kvasir-SEG,/home/samsul/Documents/Polyp Detection/kvasir-seg/images/cju2oi8sq0i2y0801mektzvw8.jpg,/home/samsul/Documents/Polyp Detection/kvasir-seg/masks/cju2oi8sq0i2y0801mektzvw8.jpg,kvasir,1,1,1070,1348
Kvasir-SEG,/home/samsul/Documents/Polyp Detection/kvasir-seg/images/cju2hw5gjlr5h0988so2qqres.jpg,/home/samsul/Documents/Polyp Detection/kvasir-seg/masks/cju2hw5gjlr5h0988so2qqres.jpg,kvasir,1,1,530,621
Kvasir-SEG,/home/samsul/Documents/Polyp Detection/kvasir-seg/images/cju2zwg05a0oy0801yr73ig7g.jpg,/home/samsul/Documents/Polyp Detection/kvasir-seg/masks/cju2zwg05a0oy0801yr73ig7g.jpg,kvasir,1,1,531,599
Kvasir-SEG,/home/samsul/Documents/Polyp Detection/kvasir-seg/images/cju7bduyq1rjf08719giru9ho.jpg,/home/samsul/Documents/Polyp Detection/kvasir-seg/masks/cju7bduyq1rjf08719giru9ho.jpg,kvasir,1,1,508,622
Kvasir-SEG,/home/samsul/Documents/Polyp Detection/kvasir-seg/images/cju34sh43d8zm08019xbwhc0o.jpg,/home/samsul/Documents/Polyp Detection/kvasir-seg/masks/cju34sh43d8zm08019xbwhc0o.jpg,kvasir,1,1,530,620
Kvasir-SEG,/home/samsul/Documents/Polyp Detection/kvasir-seg/images/cju2qtee81yd708787bsjr75d.jpg,/home/samsul/Documents/Polyp Detection/kvasir-seg/masks/cju2qtee81yd708787bsjr75d.jpg,kvasir,1,1,530,511
Kvasir-SEG,/home/samsul/Documents/Polyp Detection/kvasir-seg/images/cju30df2j09dd08351ayx2t6w.jpg,/home/samsul/Documents/Polyp Detection/kvasir-seg/masks/cju30df2j09dd08351ayx2t6w.jpg,kvasir,1,1,530,622
Kvasir-SEG,/home/samsul/Documents/Polyp Detection/kvasir-seg/images/cju0ue769mxii08019zqgdbxn.jpg,/home/samsul/Documents/Polyp Detection/kvasir-seg/masks/cju0ue769mxii08019zqgdbxn.jpg,kvasir,1,1,547,626
Kvasir-SEG,/home/samsul/Documents/Polyp Detection/kvasir-seg/images/cju334jzo261t0835yqudnfs1.jpg,/home/samsul/Documents/Polyp Detection/kvasir-seg/masks/cju334jzo261t0835yqudnfs1.jpg,kvasir,1,1,528,623
Kvasir-SEG,/home/samsul/Documents/Polyp Detection/kvasir-seg/images/cju8a1jtvpt9m081712iwkca7.jpg,/home/samsul/Documents/Polyp Detection/kvasir-seg/masks/cju8a1jtvpt9m081712iwkca7.jpg,kvasir,1,1,1070,1348
Kvasir-SEG,/home/samsul/Documents/Polyp Detection/kvasir-seg/images/cju2ti1du4idn0878giuozonw.jpg,/home/samsul/Documents/Polyp Detection/kvasir-seg/masks/cju2ti1du4idn0878giuozonw.jpg,kvasir,1,1,530,571
Kvasir-SEG,/home/samsul/Documents/Polyp Detection/kvasir-seg/images/cju30gxjq0djk0988jytm49rs.jpg,/home/samsul/Documents/Polyp Detection/kvasir-seg/masks/cju30gxjq0djk0988jytm49rs.jpg,kvasir,1,1,530,622
Kvasir-SEG,/home/samsul/Documents/Polyp Detection/kvasir-seg/images/cju42romflni20817etb9a0fl.jpg,/home/samsul/Documents/Polyp Detection/kvasir-seg/masks/cju42romflni20817etb9a0fl.jpg,kvasir,1,1,528,622
Kvasir-SEG,/home/samsul/Documents/Polyp Detection/kvasir-seg/images/cju5k7r0yf98c09878csbxb4d.jpg,/home/samsul/Documents/Polyp Detection/kvasir-seg/masks/cju5k7r0yf98c09878csbxb4d.jpg,kvasir,1,1,528,622
Kvasir-SEG,/home/samsul/Documents/Polyp Detection/kvasir-seg/images/cju2i3hzclw3o0988rrgh911i.jpg,/home/samsul/Documents/Polyp Detection/kvasir-seg/masks/cju2i3hzclw3o0988rrgh911i.jpg,kvasir,1,1,531,598
Kvasir-SEG,/home/samsul/Documents/Polyp Detection/kvasir-seg/images/cju323ypb1fbb0988gx5rzudb.jpg,/home/samsul/Documents/Polyp Detection/kvasir-seg/masks/cju323ypb1fbb0988gx5rzudb.jpg,kvasir,1,1,530,604
Kvasir-SEG,/home/samsul/Documents/Polyp Detection/kvasir-seg/images/cju76l27oyrw907551ri2a7fl.jpg,/home/samsul/Documents/Polyp Detection/kvasir-seg/masks/cju76l27oyrw907551ri2a7fl.jpg,kvasir,1,1,480,396
Kvasir-SEG,/home/samsul/Documents/Polyp Detection/kvasir-seg/images/cju30k2z40ds308353kdew70n.jpg,/home/samsul/Documents/Polyp Detection/kvasir-seg/masks/cju30k2z40ds308353kdew70n.jpg,kvasir,1,1,528,618
Kvasir-SEG,/home/samsul/Documents/Polyp Detection/kvasir-seg/images/cju2ro5jqsy680988pi6qsujw.jpg,/home/samsul/Documents/Polyp Detection/kvasir-seg/masks/cju2ro5jqsy680988pi6qsujw.jpg,kvasir,1,1,531,622
Kvasir-SEG,/home/samsul/Documents/Polyp Detection/kvasir-seg/images/cju2qvuj1s9ok0835tp2k4ozh.jpg,/home/samsul/Documents/Polyp Detection/kvasir-seg/masks/cju2qvuj1s9ok0835tp2k4ozh.jpg,kvasir,1,1,531,605
Kvasir-SEG,/home/samsul/Documents/Polyp Detection/kvasir-seg/images/cju88l66no10s0850rsda7ej1.jpg,/home/samsul/Documents/Polyp Detection/kvasir-seg/masks/cju88l66no10s0850rsda7ej1.jpg,kvasir,1,1,530,571
Kvasir-SEG,/home/samsul/Documents/Polyp Detection/kvasir-seg/images/cju1hyolc7aqu0878rrkfn1lr.jpg,/home/samsul/Documents/Polyp Detection/kvasir-seg/masks/cju1hyolc7aqu0878rrkfn1lr.jpg,kvasir,1,1,1070,1348
Kvasir-SEG,/home/samsul/Documents/Polyp Detection/kvasir-seg/images/cju3umoh1geet0817cmpef5am.jpg,/home/samsul/Documents/Polyp Detection/kvasir-seg/masks/cju3umoh1geet0817cmpef5am.jpg,kvasir,1,1,531,599
Kvasir-SEG,/home/samsul/Documents/Polyp Detection/kvasir-seg/images/cju41kd7yl4nm0850gil5qqwh.jpg,/home/samsul/Documents/Polyp Detection/kvasir-seg/masks/cju41kd7yl4nm0850gil5qqwh.jpg,kvasir,1,1,531,535
Kvasir-SEG,/home/samsul/Documents/Polyp Detection/kvasir-seg/images/cju8d2q30tfhs0801n7lx77xl.jpg,/home/samsul/Documents/Polyp Detection/kvasir-seg/masks/cju8d2q30tfhs0801n7lx77xl.jpg,kvasir,1,1,546,614
Kvasir-SEG,/home/samsul/Documents/Polyp Detection/kvasir-seg/images/cju7ey10f2rvf0871bwbi9x82.jpg,/home/samsul/Documents/Polyp Detection/kvasir-seg/masks/cju7ey10f2rvf0871bwbi9x82.jpg,kvasir,1,1,530,622
Kvasir-SEG,/home/samsul/Documents/Polyp Detection/kvasir-seg/images/cjyzkmjy8evns070165gf9dmq.jpg,/home/samsul/Documents/Polyp Detection/kvasir-seg/masks/cjyzkmjy8evns070165gf9dmq.jpg,kvasir,1,1,576,720
Kvasir-SEG,/home/samsul/Documents/Polyp Detection/kvasir-seg/images/cju2u73dj53oz0878486k8k4b.jpg,/home/samsul/Documents/Polyp Detection/kvasir-seg/masks/cju2u73dj53oz0878486k8k4b.jpg,kvasir,1,1,529,524
Kvasir-SEG,/home/samsul/Documents/Polyp Detection/kvasir-seg/images/cju30bmab08bi0835mvlr6e0r.jpg,/home/samsul/Documents/Polyp Detection/kvasir-seg/masks/cju30bmab08bi0835mvlr6e0r.jpg,kvasir,1,1,530,622
Kvasir-SEG,/home/samsul/Documents/Polyp Detection/kvasir-seg/images/cju6vvb8svhed0801jjcquh5e.jpg,/home/samsul/Documents/Polyp Detection/kvasir-seg/masks/cju6vvb8svhed0801jjcquh5e.jpg,kvasir,1,1,530,604
Kvasir-SEG,/home/samsul/Documents/Polyp Detection/kvasir-seg/images/cju1d96gsv62d09881b3wecw2.jpg,/home/samsul/Documents/Polyp Detection/kvasir-seg/masks/cju1d96gsv62d09881b3wecw2.jpg,kvasir,1,1,528,622
Kvasir-SEG,/home/samsul/Documents/Polyp Detection/kvasir-seg/images/cju1g20bdwq6u0835e16xugcd.jpg,/home/samsul/Documents/Polyp Detection/kvasir-seg/masks/cju1g20bdwq6u0835e16xugcd.jpg,kvasir,1,1,531,622
Kvasir-SEG,/home/samsul/Documents/Polyp Detection/kvasir-seg/images/cju2nqapmzvk20801f9us40dx.jpg,/home/samsul/Documents/Polyp Detection/kvasir-seg/masks/cju2nqapmzvk20801f9us40dx.jpg,kvasir,2,1,547,626
Kvasir-SEG,/home/samsul/Documents/Polyp Detection/kvasir-seg/images/cju2tpfa5uyx408359datxqqj.jpg,/home/samsul/Documents/Polyp Detection/kvasir-seg/masks/cju2tpfa5uyx408359datxqqj.jpg,kvasir,1,1,528,622
Kvasir-SEG,/home/samsul/Documents/Polyp Detection/kvasir-seg/images/cju2zdhsczmn50988z64qwg2q.jpg,/home/samsul/Documents/Polyp Detection/kvasir-seg/masks/cju2zdhsczmn50988z64qwg2q.jpg,kvasir,2,1,530,598
Kvasir-SEG,/home/samsul/Documents/Polyp Detection/kvasir-seg/images/cju7do8c72dbo0801vxfzxdc4.jpg,/home/samsul/Documents/Polyp Detection/kvasir-seg/masks/cju7do8c72dbo0801vxfzxdc4.jpg,kvasir,1,1,547,626
Kvasir-SEG,/home/samsul/Documents/Polyp Detection/kvasir-seg/images/cju85plp7lmkw0850rx42jdpf.jpg,/home/samsul/Documents/Polyp Detection/kvasir-seg/masks/cju85plp7lmkw0850rx42jdpf.jpg,kvasir,1,1,530,596
Kvasir-SEG,/home/samsul/Documents/Polyp Detection/kvasir-seg/images/cju8c5223s8j80850b4kealt4.jpg,/home/samsul/Documents/Polyp Detection/kvasir-seg/masks/cju8c5223s8j80850b4kealt4.jpg,kvasir,1,1,529,619
Kvasir-SEG,/home/samsul/Documents/Polyp Detection/kvasir-seg/images/cju85hguellg50818kwu3s8d1.jpg,/home/samsul/Documents/Polyp Detection/kvasir-seg/masks/cju85hguellg50818kwu3s8d1.jpg,kvasir,1,1,528,622
Kvasir-SEG,/home/samsul/Documents/Polyp Detection/kvasir-seg/images/cju8ashhnquqr0801rwduzt7d.jpg,/home/samsul/Documents/Polyp Detection/kvasir-seg/masks/cju8ashhnquqr0801rwduzt7d.jpg,kvasir,1,1,1011,1220
Kvasir-SEG,/home/samsul/Documents/Polyp Detection/kvasir-seg/images/cju2yi9tz8vky0801yqip0xyl.jpg,/home/samsul/Documents/Polyp Detection/kvasir-seg/masks/cju2yi9tz8vky0801yqip0xyl.jpg,kvasir,1,1,528,616
Kvasir-SEG,/home/samsul/Documents/Polyp Detection/kvasir-seg/images/cju3wstckialg0871xs0vevsj.jpg,/home/samsul/Documents/Polyp Detection/kvasir-seg/masks/cju3wstckialg0871xs0vevsj.jpg,kvasir,1,1,529,564
Kvasir-SEG,/home/samsul/Documents/Polyp Detection/kvasir-seg/images/cju2ysg748ru80878sp6j0gm0.jpg,/home/samsul/Documents/Polyp Detection/kvasir-seg/masks/cju2ysg748ru80878sp6j0gm0.jpg,kvasir,1,1,547,572
Kvasir-SEG,/home/samsul/Documents/Polyp Detection/kvasir-seg/images/cju3xiic0ilzp0850lusrb42j.jpg,/home/samsul/Documents/Polyp Detection/kvasir-seg/masks/cju3xiic0ilzp0850lusrb42j.jpg,kvasir,1,1,530,571
Kvasir-SEG,/home/samsul/Documents/Polyp Detection/kvasir-seg/images/cju1dnz61vfp40988e78bkjga.jpg,/home/samsul/Documents/Polyp Detection/kvasir-seg/masks/cju1dnz61vfp40988e78bkjga.jpg,kvasir,1,1,547,627
Kvasir-SEG,/home/samsul/Documents/Polyp Detection/kvasir-seg/images/cju8adb60qbiu080188mxpf8d.jpg,/home/samsul/Documents/Polyp Detection/kvasir-seg/masks/cju8adb60qbiu080188mxpf8d.jpg,kvasir,1,1,528,623
Kvasir-SEG,/home/samsul/Documents/Polyp Detection/kvasir-seg/images/cju35740hzm0g0993zl5ic246.jpg,/home/samsul/Documents/Polyp Detection/kvasir-seg/masks/cju35740hzm0g0993zl5ic246.jpg,kvasir,1,1,474,557
Kvasir-SEG,/home/samsul/Documents/Polyp Detection/kvasir-seg/images/cju7bgnvb1sf808717qa799ir.jpg,/home/samsul/Documents/Polyp Detection/kvasir-seg/masks/cju7bgnvb1sf808717qa799ir.jpg,kvasir,1,1,528,590
Kvasir-SEG,/home/samsul/Documents/Polyp Detection/kvasir-seg/images/cju5o1vu9gz8a0818eyy92bns.jpg,/home/samsul/Documents/Polyp Detection/kvasir-seg/masks/cju5o1vu9gz8a0818eyy92bns.jpg,kvasir,1,1,547,421
Kvasir-SEG,/home/samsul/Documents/Polyp Detection/kvasir-seg/images/cju2tjrog4jy30878pawyazqc.jpg,/home/samsul/Documents/Polyp Detection/kvasir-seg/masks/cju2tjrog4jy30878pawyazqc.jpg,kvasir,1,1,530,622
Kvasir-SEG,/home/samsul/Documents/Polyp Detection/kvasir-seg/images/cju2i6acqvo6l0799u20fift8.jpg,/home/samsul/Documents/Polyp Detection/kvasir-seg/masks/cju2i6acqvo6l0799u20fift8.jpg,kvasir,1,1,546,623
Kvasir-SEG,/home/samsul/Documents/Polyp Detection/kvasir-seg/images/cju6xmqd9w0250817l5kxfnsk.jpg,/home/samsul/Documents/Polyp Detection/kvasir-seg/masks/cju6xmqd9w0250817l5kxfnsk.jpg,kvasir,1,1,530,494
Kvasir-SEG,/home/samsul/Documents/Polyp Detection/kvasir-seg/images/cju85rkbnlo1c08503uxcpax1.jpg,/home/samsul/Documents/Polyp Detection/kvasir-seg/masks/cju85rkbnlo1c08503uxcpax1.jpg,kvasir,1,1,531,622
Kvasir-SEG,/home/samsul/Documents/Polyp Detection/kvasir-seg/images/cju7eea9b2m0z0801ynqv1fqu.jpg,/home/samsul/Documents/Polyp Detection/kvasir-seg/masks/cju7eea9b2m0z0801ynqv1fqu.jpg,kvasir,2,1,1012,1224
Kvasir-SEG,/home/samsul/Documents/Polyp Detection/kvasir-seg/images/cju426tomlhll0818fc0i7nvh.jpg,/home/samsul/Documents/Polyp Detection/kvasir-seg/masks/cju426tomlhll0818fc0i7nvh.jpg,kvasir,1,1,528,611
Kvasir-SEG,/home/samsul/Documents/Polyp Detection/kvasir-seg/images/cju0u2g7pmnux0801vkk47ivj.jpg,/home/samsul/Documents/Polyp Detection/kvasir-seg/masks/cju0u2g7pmnux0801vkk47ivj.jpg,kvasir,1,1,530,611
Kvasir-SEG,/home/samsul/Documents/Polyp Detection/kvasir-seg/images/cju1dia8hvc6v098827mgffnm.jpg,/home/samsul/Documents/Polyp Detection/kvasir-seg/masks/cju1dia8hvc6v098827mgffnm.jpg,kvasir,1,1,528,616
Kvasir-SEG,/home/samsul/Documents/Polyp Detection/kvasir-seg/images/cju7f5ghb2r5s0801chwkxxh9.jpg,/home/samsul/Documents/Polyp Detection/kvasir-seg/masks/cju7f5ghb2r5s0801chwkxxh9.jpg,kvasir,1,1,1010,1220
Kvasir-SEG,/home/samsul/Documents/Polyp Detection/kvasir-seg/images/cju1cbokpuiw70988j4lq1fpi.jpg,/home/samsul/Documents/Polyp Detection/kvasir-seg/masks/cju1cbokpuiw70988j4lq1fpi.jpg,kvasir,1,1,529,615
Kvasir-SEG,/home/samsul/Documents/Polyp Detection/kvasir-seg/images/cju5wkonqlrl409877y8zvnub.jpg,/home/samsul/Documents/Polyp Detection/kvasir-seg/masks/cju5wkonqlrl409877y8zvnub.jpg,kvasir,1,1,547,627
Kvasir-SEG,/home/samsul/Documents/Polyp Detection/kvasir-seg/images/cju1fyb1d69et0878muzdak9u.jpg,/home/samsul/Documents/Polyp Detection/kvasir-seg/masks/cju1fyb1d69et0878muzdak9u.jpg,kvasir,1,1,528,622
Kvasir-SEG,/home/samsul/Documents/Polyp Detection/kvasir-seg/images/cju1dq3x1vgx109889c7wyirg.jpg,/home/samsul/Documents/Polyp Detection/kvasir-seg/masks/cju1dq3x1vgx109889c7wyirg.jpg,kvasir,1,1,513,617
Kvasir-SEG,/home/samsul/Documents/Polyp Detection/kvasir-seg/images/cju2ntxtdzlvu0799xl3j9pan.jpg,/home/samsul/Documents/Polyp Detection/kvasir-seg/masks/cju2ntxtdzlvu0799xl3j9pan.jpg,kvasir,1,1,547,626
Kvasir-SEG,/home/samsul/Documents/Polyp Detection/kvasir-seg/images/cju5ew4h9cqaf0818rrczkmqh.jpg,/home/samsul/Documents/Polyp Detection/kvasir-seg/masks/cju5ew4h9cqaf0818rrczkmqh.jpg,kvasir,1,1,530,570
Kvasir-SEG,/home/samsul/Documents/Polyp Detection/kvasir-seg/images/cju7ehljc2or70871261br8ai.jpg,/home/samsul/Documents/Polyp Detection/kvasir-seg/masks/cju7ehljc2or70871261br8ai.jpg,kvasir,1,1,531,569
Kvasir-SEG,/home/samsul/Documents/Polyp Detection/kvasir-seg/images/cju422cm8lfxn0818ojicxejb.jpg,/home/samsul/Documents/Polyp Detection/kvasir-seg/masks/cju422cm8lfxn0818ojicxejb.jpg,kvasir,1,1,531,571
Kvasir-SEG,/home/samsul/Documents/Polyp Detection/kvasir-seg/images/cju2urqpwvxw70835rvndvtsi.jpg,/home/samsul/Documents/Polyp Detection/kvasir-seg/masks/cju2urqpwvxw70835rvndvtsi.jpg,kvasir,1,1,474,626
Kvasir-SEG,/home/samsul/Documents/Polyp Detection/kvasir-seg/images/cju88nroho44508500129f1nh.jpg,/home/samsul/Documents/Polyp Detection/kvasir-seg/masks/cju88nroho44508500129f1nh.jpg,kvasir,1,1,530,621
Kvasir-SEG,/home/samsul/Documents/Polyp Detection/kvasir-seg/images/cju5vzjoslpj708186z2fusmz.jpg,/home/samsul/Documents/Polyp Detection/kvasir-seg/masks/cju5vzjoslpj708186z2fusmz.jpg,kvasir,1,1,496,622
Kvasir-SEG,/home/samsul/Documents/Polyp Detection/kvasir-seg/images/cju35ldepdtlm0801yv79y8vu.jpg,/home/samsul/Documents/Polyp Detection/kvasir-seg/masks/cju35ldepdtlm0801yv79y8vu.jpg,kvasir,1,1,547,626
Kvasir-SEG,/home/samsul/Documents/Polyp Detection/kvasir-seg/images/cju16d65tzw9d0799ouslsw25.jpg,/home/samsul/Documents/Polyp Detection/kvasir-seg/masks/cju16d65tzw9d0799ouslsw25.jpg,kvasir,1,1,530,481
Kvasir-SEG,/home/samsul/Documents/Polyp Detection/kvasir-seg/images/cju843yjskhq30818qre4rwm2.jpg,/home/samsul/Documents/Polyp Detection/kvasir-seg/masks/cju843yjskhq30818qre4rwm2.jpg,kvasir,1,1,437,547
Kvasir-SEG,/home/samsul/Documents/Polyp Detection/kvasir-seg/images/cju2lcyfgkf5809932fn9gucn.jpg,/home/samsul/Documents/Polyp Detection/kvasir-seg/masks/cju2lcyfgkf5809932fn9gucn.jpg,kvasir,1,1,530,571
Kvasir-SEG,/home/samsul/Documents/Polyp Detection/kvasir-seg/images/cju7ajnbo1gvm098749rdouk0.jpg,/home/samsul/Documents/Polyp Detection/kvasir-seg/masks/cju7ajnbo1gvm098749rdouk0.jpg,kvasir,1,1,546,626
Kvasir-SEG,/home/samsul/Documents/Polyp Detection/kvasir-seg/images/cju7f6cqy2ur20818t1saazbm.jpg,/home/samsul/Documents/Polyp Detection/kvasir-seg/masks/cju7f6cqy2ur20818t1saazbm.jpg,kvasir,1,1,546,626
Kvasir-SEG,/home/samsul/Documents/Polyp Detection/kvasir-seg/images/cju3u39fog1bo0871lxjrabks.jpg,/home/samsul/Documents/Polyp Detection/kvasir-seg/masks/cju3u39fog1bo0871lxjrabks.jpg,kvasir,1,1,1010,1205
Kvasir-SEG,/home/samsul/Documents/Polyp Detection/kvasir-seg/images/cju8a3nhbpwnb0850d37fo2na.jpg,/home/samsul/Documents/Polyp Detection/kvasir-seg/masks/cju8a3nhbpwnb0850d37fo2na.jpg,kvasir,1,1,528,622
Kvasir-SEG,/home/samsul/Documents/Polyp Detection/kvasir-seg/images/cju7bd1qu1mx409877xjxibox.jpg,/home/samsul/Documents/Polyp Detection/kvasir-seg/masks/cju7bd1qu1mx409877xjxibox.jpg,kvasir,1,1,530,570
Kvasir-SEG,/home/samsul/Documents/Polyp Detection/kvasir-seg/images/cju5es375cnzy0801nkq35ffs.jpg,/home/samsul/Documents/Polyp Detection/kvasir-seg/masks/cju5es375cnzy0801nkq35ffs.jpg,kvasir,1,1,528,621
Kvasir-SEG,/home/samsul/Documents/Polyp Detection/kvasir-seg/images/cju7b2l561oas0871decgslaf.jpg,/home/samsul/Documents/Polyp Detection/kvasir-seg/masks/cju7b2l561oas0871decgslaf.jpg,kvasir,1,1,531,569
Kvasir-SEG,/home/samsul/Documents/Polyp Detection/kvasir-seg/images/cju2i8br1vqtd08784u6vmcjk.jpg,/home/samsul/Documents/Polyp Detection/kvasir-seg/masks/cju2i8br1vqtd08784u6vmcjk.jpg,kvasir,1,1,531,622
Kvasir-SEG,/home/samsul/Documents/Polyp Detection/kvasir-seg/images/cju83u9ftk3ni0987qnhlcinv.jpg,/home/samsul/Documents/Polyp Detection/kvasir-seg/masks/cju83u9ftk3ni0987qnhlcinv.jpg,kvasir,1,1,476,576
Kvasir-SEG,/home/samsul/Documents/Polyp Detection/kvasir-seg/images/cju7flevb2wii08188otgs9p2.jpg,/home/samsul/Documents/Polyp Detection/kvasir-seg/masks/cju7flevb2wii08188otgs9p2.jpg,kvasir,1,1,528,600
Kvasir-SEG,/home/samsul/Documents/Polyp Detection/kvasir-seg/images/cju2uokeg5jm20799xwgsyz89.jpg,/home/samsul/Documents/Polyp Detection/kvasir-seg/masks/cju2uokeg5jm20799xwgsyz89.jpg,kvasir,1,1,530,570
Kvasir-SEG,/home/samsul/Documents/Polyp Detection/kvasir-seg/images/cju7d5m0p23kn09871rk7pu3v.jpg,/home/samsul/Documents/Polyp Detection/kvasir-seg/masks/cju7d5m0p23kn09871rk7pu3v.jpg,kvasir,1,1,531,563
Kvasir-SEG,/home/samsul/Documents/Polyp Detection/kvasir-seg/images/cju2rnkt22xep0801as160g9t.jpg,/home/samsul/Documents/Polyp Detection/kvasir-seg/masks/cju2rnkt22xep0801as160g9t.jpg,kvasir,2,1,454,558
Kvasir-SEG,/home/samsul/Documents/Polyp Detection/kvasir-seg/images/cju5udcufki0s09874ll1dbr5.jpg,/home/samsul/Documents/Polyp Detection/kvasir-seg/masks/cju5udcufki0s09874ll1dbr5.jpg,kvasir,1,1,531,570
Kvasir-SEG,/home/samsul/Documents/Polyp Detection/kvasir-seg/images/cju7b5afm1nfw0801xqm8bf8q.jpg,/home/samsul/Documents/Polyp Detection/kvasir-seg/masks/cju7b5afm1nfw0801xqm8bf8q.jpg,kvasir,1,1,531,599
Kvasir-SEG,/home/samsul/Documents/Polyp Detection/kvasir-seg/images/cju5b9oyda4yr0850g9viziyv.jpg,/home/samsul/Documents/Polyp Detection/kvasir-seg/masks/cju5b9oyda4yr0850g9viziyv.jpg,kvasir,1,1,528,622
Kvasir-SEG,/home/samsul/Documents/Polyp Detection/kvasir-seg/images/cju5xopi0md7q0871r1sjc1av.jpg,/home/samsul/Documents/Polyp Detection/kvasir-seg/masks/cju5xopi0md7q0871r1sjc1av.jpg,kvasir,1,1,546,568
Kvasir-SEG,/home/samsul/Documents/Polyp Detection/kvasir-seg/images/cju7avvi51iox0817ym55y6tt.jpg,/home/samsul/Documents/Polyp Detection/kvasir-seg/masks/cju7avvi51iox0817ym55y6tt.jpg,kvasir,1,1,546,626
Kvasir-SEG,/home/samsul/Documents/Polyp Detection/kvasir-seg/images/cju35c4wzdhow0799h6eq4sgs.jpg,/home/samsul/Documents/Polyp Detection/kvasir-seg/masks/cju35c4wzdhow0799h6eq4sgs.jpg,kvasir,1,1,531,599
Kvasir-SEG,/home/samsul/Documents/Polyp Detection/kvasir-seg/images/cju7b10ce1mnm08011c5bwyr4.jpg,/home/samsul/Documents/Polyp Detection/kvasir-seg/masks/cju7b10ce1mnm08011c5bwyr4.jpg,kvasir,1,1,530,622
Kvasir-SEG,/home/samsul/Documents/Polyp Detection/kvasir-seg/images/cju2yljr0yzhw0988ecf271ly.jpg,/home/samsul/Documents/Polyp Detection/kvasir-seg/masks/cju2yljr0yzhw0988ecf271ly.jpg,kvasir,1,1,1009,1220
Kvasir-SEG,/home/samsul/Documents/Polyp Detection/kvasir-seg/images/cju3tx1qyg0c907552fglumhc.jpg,/home/samsul/Documents/Polyp Detection/kvasir-seg/masks/cju3tx1qyg0c907552fglumhc.jpg,kvasir,1,1,529,622
Kvasir-SEG,/home/samsul/Documents/Polyp Detection/kvasir-seg/images/cju1cu1u2474n0878tt7v4tdr.jpg,/home/samsul/Documents/Polyp Detection/kvasir-seg/masks/cju1cu1u2474n0878tt7v4tdr.jpg,kvasir,2,1,531,621
Kvasir-SEG,/home/samsul/Documents/Polyp Detection/kvasir-seg/images/cju2zrojo9kcd0878ld2epejq.jpg,/home/samsul/Documents/Polyp Detection/kvasir-seg/masks/cju2zrojo9kcd0878ld2epejq.jpg,kvasir,1,1,531,621
Kvasir-SEG,/home/samsul/Documents/Polyp Detection/kvasir-seg/images/cju5u8gz4kj5b07552e2wpkwp.jpg,/home/samsul/Documents/Polyp Detection/kvasir-seg/masks/cju5u8gz4kj5b07552e2wpkwp.jpg,kvasir,1,1,531,571
Kvasir-SEG,/home/samsul/Documents/Polyp Detection/kvasir-seg/images/cju88gx09o2vk0818610zody3.jpg,/home/samsul/Documents/Polyp Detection/kvasir-seg/masks/cju88gx09o2vk0818610zody3.jpg,kvasir,1,1,547,626
Kvasir-SEG,/home/samsul/Documents/Polyp Detection/kvasir-seg/images/cju88oh0po9gq0801nge4tgr1.jpg,/home/samsul/Documents/Polyp Detection/kvasir-seg/masks/cju88oh0po9gq0801nge4tgr1.jpg,kvasir,1,1,531,604
Kvasir-SEG,/home/samsul/Documents/Polyp Detection/kvasir-seg/images/cju3yb47cj1xq0817zfotbni4.jpg,/home/samsul/Documents/Polyp Detection/kvasir-seg/masks/cju3yb47cj1xq0817zfotbni4.jpg,kvasir,1,1,547,626
Kvasir-SEG,/home/samsul/Documents/Polyp Detection/kvasir-seg/images/cju32l161bi1v07990vm376in.jpg,/home/samsul/Documents/Polyp Detection/kvasir-seg/masks/cju32l161bi1v07990vm376in.jpg,kvasir,1,1,529,622
Kvasir-SEG,/home/samsul/Documents/Polyp Detection/kvasir-seg/images/cju5yimthmlv80850zhoc90c2.jpg,/home/samsul/Documents/Polyp Detection/kvasir-seg/masks/cju5yimthmlv80850zhoc90c2.jpg,kvasir,1,1,528,590
Kvasir-SEG,/home/samsul/Documents/Polyp Detection/kvasir-seg/images/ck2bxpfgxu2mk0748gsh7xelu.jpg,/home/samsul/Documents/Polyp Detection/kvasir-seg/masks/ck2bxpfgxu2mk0748gsh7xelu.jpg,kvasir,1,1,531,621
Kvasir-SEG,/home/samsul/Documents/Polyp Detection/kvasir-seg/images/cju1fmsyf6gxb0801cimx2gle.jpg,/home/samsul/Documents/Polyp Detection/kvasir-seg/masks/cju1fmsyf6gxb0801cimx2gle.jpg,kvasir,1,1,531,570
Kvasir-SEG,/home/samsul/Documents/Polyp Detection/kvasir-seg/images/cju15jr8jz8sb0855ukmkswkz.jpg,/home/samsul/Documents/Polyp Detection/kvasir-seg/masks/cju15jr8jz8sb0855ukmkswkz.jpg,kvasir,1,1,528,594
Kvasir-SEG,/home/samsul/Documents/Polyp Detection/kvasir-seg/images/cju41p90plcsx08018cnzpndc.jpg,/home/samsul/Documents/Polyp Detection/kvasir-seg/masks/cju41p90plcsx08018cnzpndc.jpg,kvasir,1,1,529,622
Kvasir-SEG,/home/samsul/Documents/Polyp Detection/kvasir-seg/images/cjyzu3reghjya0794w7pwoi50.jpg,/home/samsul/Documents/Polyp Detection/kvasir-seg/masks/cjyzu3reghjya0794w7pwoi50.jpg,kvasir,1,1,576,720
Kvasir-SEG,/home/samsul/Documents/Polyp Detection/kvasir-seg/images/cju7ejm2l2ncl0801wq6y84nw.jpg,/home/samsul/Documents/Polyp Detection/kvasir-seg/masks/cju7ejm2l2ncl0801wq6y84nw.jpg,kvasir,1,1,546,626
Kvasir-SEG,/home/samsul/Documents/Polyp Detection/kvasir-seg/images/cju849c23kgnk0817cgv2hw1e.jpg,/home/samsul/Documents/Polyp Detection/kvasir-seg/masks/cju849c23kgnk0817cgv2hw1e.jpg,kvasir,1,1,531,622
Kvasir-SEG,/home/samsul/Documents/Polyp Detection/kvasir-seg/images/cju1f5x1164xv08555654c24r.jpg,/home/samsul/Documents/Polyp Detection/kvasir-seg/masks/cju1f5x1164xv08555654c24r.jpg,kvasir,1,1,530,622
Kvasir-SEG,/home/samsul/Documents/Polyp Detection/kvasir-seg/images/cju8b8yair65w09878pyqtr96.jpg,/home/samsul/Documents/Polyp Detection/kvasir-seg/masks/cju8b8yair65w09878pyqtr96.jpg,kvasir,1,1,529,520
Kvasir-SEG,/home/samsul/Documents/Polyp Detection/kvasir-seg/images/cju8bqxxurs6i0850mu7mtef9.jpg,/home/samsul/Documents/Polyp Detection/kvasir-seg/masks/cju8bqxxurs6i0850mu7mtef9.jpg,kvasir,1,1,528,600
Kvasir-SEG,/home/samsul/Documents/Polyp Detection/kvasir-seg/images/cju15mhjczc8z0801kit5c6di.jpg,/home/samsul/Documents/Polyp Detection/kvasir-seg/masks/cju15mhjczc8z0801kit5c6di.jpg,kvasir,1,1,546,624
Kvasir-SEG,/home/samsul/Documents/Polyp Detection/kvasir-seg/images/cju7dlk532dsh0871zvr6qz0r.jpg,/home/samsul/Documents/Polyp Detection/kvasir-seg/masks/cju7dlk532dsh0871zvr6qz0r.jpg,kvasir,1,1,547,627
Kvasir-SEG,/home/samsul/Documents/Polyp Detection/kvasir-seg/images/cju8c9akjsdjj0850s67uzlxq.jpg,/home/samsul/Documents/Polyp Detection/kvasir-seg/masks/cju8c9akjsdjj0850s67uzlxq.jpg,kvasir,1,1,518,570
Kvasir-SEG,/home/samsul/Documents/Polyp Detection/kvasir-seg/images/cju2lejzcy4pc0878c9rlonot.jpg,/home/samsul/Documents/Polyp Detection/kvasir-seg/masks/cju2lejzcy4pc0878c9rlonot.jpg,kvasir,1,1,530,571
Kvasir-SEG,/home/samsul/Documents/Polyp Detection/kvasir-seg/images/cju88v2f9oi8w0871hx9auh01.jpg,/home/samsul/Documents/Polyp Detection/kvasir-seg/masks/cju88v2f9oi8w0871hx9auh01.jpg,kvasir,1,1,546,626
Kvasir-SEG,/home/samsul/Documents/Polyp Detection/kvasir-seg/images/cju2lyynuymli0855g7fxgbhe.jpg,/home/samsul/Documents/Polyp Detection/kvasir-seg/masks/cju2lyynuymli0855g7fxgbhe.jpg,kvasir,1,1,519,612
Kvasir-SEG,/home/samsul/Documents/Polyp Detection/kvasir-seg/images/cju8c1a0ws7o208181c6lbsom.jpg,/home/samsul/Documents/Polyp Detection/kvasir-seg/masks/cju8c1a0ws7o208181c6lbsom.jpg,kvasir,1,1,546,625
Kvasir-SEG,/home/samsul/Documents/Polyp Detection/kvasir-seg/images/cju8bssulrrcy0987h1vq5060.jpg,/home/samsul/Documents/Polyp Detection/kvasir-seg/masks/cju8bssulrrcy0987h1vq5060.jpg,kvasir,1,1,531,548
Kvasir-SEG,/home/samsul/Documents/Polyp Detection/kvasir-seg/images/cju2zkpdl9h7t0799ix60teqg.jpg,/home/samsul/Documents/Polyp Detection/kvasir-seg/masks/cju2zkpdl9h7t0799ix60teqg.jpg,kvasir,1,1,528,611
Kvasir-SEG,/home/samsul/Documents/Polyp Detection/kvasir-seg/images/cju1amqw6p8pw0993d9gc5crl.jpg,/home/samsul/Documents/Polyp Detection/kvasir-seg/masks/cju1amqw6p8pw0993d9gc5crl.jpg,kvasir,1,1,547,622
Kvasir-SEG,/home/samsul/Documents/Polyp Detection/kvasir-seg/images/cju7dqcwi2dz00850gcmr2ert.jpg,/home/samsul/Documents/Polyp Detection/kvasir-seg/masks/cju7dqcwi2dz00850gcmr2ert.jpg,kvasir,1,1,528,622
Kvasir-SEG,/home/samsul/Documents/Polyp Detection/kvasir-seg/images/cju2r91dg2k090801bh0xzbxk.jpg,/home/samsul/Documents/Polyp Detection/kvasir-seg/masks/cju2r91dg2k090801bh0xzbxk.jpg,kvasir,1,1,1070,1348
Kvasir-SEG,/home/samsul/Documents/Polyp Detection/kvasir-seg/images/cju6uzxk0v83p0801rcwnexdu.jpg,/home/samsul/Documents/Polyp Detection/kvasir-seg/masks/cju6uzxk0v83p0801rcwnexdu.jpg,kvasir,1,1,547,626
Kvasir-SEG,/home/samsul/Documents/Polyp Detection/kvasir-seg/images/cju84dsvaklpx098750hp83x4.jpg,/home/samsul/Documents/Polyp Detection/kvasir-seg/masks/cju84dsvaklpx098750hp83x4.jpg,kvasir,1,1,530,570
Kvasir-SEG,/home/samsul/Documents/Polyp Detection/kvasir-seg/images/cju32fhnhbds40799broyoptc.jpg,/home/samsul/Documents/Polyp Detection/kvasir-seg/masks/cju32fhnhbds40799broyoptc.jpg,kvasir,1,1,530,621
Kvasir-SEG,/home/samsul/Documents/Polyp Detection/kvasir-seg/images/cju1cj3f0qi5n0993ut8f49rj.jpg,/home/samsul/Documents/Polyp Detection/kvasir-seg/masks/cju1cj3f0qi5n0993ut8f49rj.jpg,kvasir,1,1,530,616
Kvasir-SEG,/home/samsul/Documents/Polyp Detection/kvasir-seg/images/cju84ih17kp5l09876bkooocl.jpg,/home/samsul/Documents/Polyp Detection/kvasir-seg/masks/cju84ih17kp5l09876bkooocl.jpg,kvasir,1,1,531,622
Kvasir-SEG,/home/samsul/Documents/Polyp Detection/kvasir-seg/images/cju2oq5570avm079959o20op1.jpg,/home/samsul/Documents/Polyp Detection/kvasir-seg/masks/cju2oq5570avm079959o20op1.jpg,kvasir,1,1,547,626
Kvasir-SEG,/home/samsul/Documents/Polyp Detection/kvasir-seg/images/cju2ycp1u8g2r0799jslnp7cz.jpg,/home/samsul/Documents/Polyp Detection/kvasir-seg/masks/cju2ycp1u8g2r0799jslnp7cz.jpg,kvasir,1,1,531,617
Kvasir-SEG,/home/samsul/Documents/Polyp Detection/kvasir-seg/images/cju43h43am1dy08176gwfhmnt.jpg,/home/samsul/Documents/Polyp Detection/kvasir-seg/masks/cju43h43am1dy08176gwfhmnt.jpg,kvasir,1,1,530,594
Kvasir-SEG,/home/samsul/Documents/Polyp Detection/kvasir-seg/images/cju8djdqztu6408506pzhlo18.jpg,/home/samsul/Documents/Polyp Detection/kvasir-seg/masks/cju8djdqztu6408506pzhlo18.jpg,kvasir,1,1,530,611
Kvasir-SEG,/home/samsul/Documents/Polyp Detection/kvasir-seg/images/cju6vta3kvazg0817qbeppjtm.jpg,/home/samsul/Documents/Polyp Detection/kvasir-seg/masks/cju6vta3kvazg0817qbeppjtm.jpg,kvasir,1,1,528,622
Kvasir-SEG,/home/samsul/Documents/Polyp Detection/kvasir-seg/images/cju3u4lxmg59o0755rz42b9en.jpg,/home/samsul/Documents/Polyp Detection/kvasir-seg/masks/cju3u4lxmg59o0755rz42b9en.jpg,kvasir,1,1,528,622
Kvasir-SEG,/home/samsul/Documents/Polyp Detection/kvasir-seg/images/cjyzurzvohqnr0794es1itzek.jpg,/home/samsul/Documents/Polyp Detection/kvasir-seg/masks/cjyzurzvohqnr0794es1itzek.jpg,kvasir,1,1,576,720
Kvasir-SEG,/home/samsul/Documents/Polyp Detection/kvasir-seg/images/cju3v664kh0px0818y4y7wolf.jpg,/home/samsul/Documents/Polyp Detection/kvasir-seg/masks/cju3v664kh0px0818y4y7wolf.jpg,kvasir,1,1,531,621
Kvasir-SEG,/home/samsul/Documents/Polyp Detection/kvasir-seg/images/cju7cp6dw244p0818gncdol4m.jpg,/home/samsul/Documents/Polyp Detection/kvasir-seg/masks/cju7cp6dw244p0818gncdol4m.jpg,kvasir,1,1,530,622
Kvasir-SEG,/home/samsul/Documents/Polyp Detection/kvasir-seg/images/cju77re6fz5bb0817vp9redjg.jpg,/home/samsul/Documents/Polyp Detection/kvasir-seg/masks/cju77re6fz5bb0817vp9redjg.jpg,kvasir,1,1,530,443
Kvasir-SEG,/home/samsul/Documents/Polyp Detection/kvasir-seg/images/cju77u1sjz77b0817ft44r3fk.jpg,/home/samsul/Documents/Polyp Detection/kvasir-seg/masks/cju77u1sjz77b0817ft44r3fk.jpg,kvasir,1,1,531,622
Kvasir-SEG,/home/samsul/Documents/Polyp Detection/kvasir-seg/images/cju42u5bjlvi10801dc13sskp.jpg,/home/samsul/Documents/Polyp Detection/kvasir-seg/masks/cju42u5bjlvi10801dc13sskp.jpg,kvasir,1,1,528,541
Kvasir-SEG,/home/samsul/Documents/Polyp Detection/kvasir-seg/images/cju8bm24yrrdp081829mbo8ic.jpg,/home/samsul/Documents/Polyp Detection/kvasir-seg/masks/cju8bm24yrrdp081829mbo8ic.jpg,kvasir,1,1,546,626
Kvasir-SEG,/home/samsul/Documents/Polyp Detection/kvasir-seg/images/cju888fr7nveu0818r9uwtiit.jpg,/home/samsul/Documents/Polyp Detection/kvasir-seg/masks/cju888fr7nveu0818r9uwtiit.jpg,kvasir,1,1,530,571
Kvasir-SEG,/home/samsul/Documents/Polyp Detection/kvasir-seg/images/cju7db7lp2f400755tntd1ohf.jpg,/home/samsul/Documents/Polyp Detection/kvasir-seg/masks/cju7db7lp2f400755tntd1ohf.jpg,kvasir,1,1,522,612
Kvasir-SEG,/home/samsul/Documents/Polyp Detection/kvasir-seg/images/cju2qqn5ys4uo0988ewrt2ip2.jpg,/home/samsul/Documents/Polyp Detection/kvasir-seg/masks/cju2qqn5ys4uo0988ewrt2ip2.jpg,kvasir,1,1,546,626
Kvasir-SEG,/home/samsul/Documents/Polyp Detection/kvasir-seg/images/cju1dfeupuzlw0835gnxip369.jpg,/home/samsul/Documents/Polyp Detection/kvasir-seg/masks/cju1dfeupuzlw0835gnxip369.jpg,kvasir,1,1,1070,1348
Kvasir-SEG,/home/samsul/Documents/Polyp Detection/kvasir-seg/images/cju3uz4o6gr9z0850lhxyxvsj.jpg,/home/samsul/Documents/Polyp Detection/kvasir-seg/masks/cju3uz4o6gr9z0850lhxyxvsj.jpg,kvasir,1,1,1070,1348
Kvasir-SEG,/home/samsul/Documents/Polyp Detection/kvasir-seg/images/ck2bxknhjvs1x0794iogrq49k.jpg,/home/samsul/Documents/Polyp Detection/kvasir-seg/masks/ck2bxknhjvs1x0794iogrq49k.jpg,kvasir,2,1,528,603
Kvasir-SEG,/home/samsul/Documents/Polyp Detection/kvasir-seg/images/cju1fuoa4wmc50835qfd11sp9.jpg,/home/samsul/Documents/Polyp Detection/kvasir-seg/masks/cju1fuoa4wmc50835qfd11sp9.jpg,kvasir,1,1,528,621
Kvasir-SEG,/home/samsul/Documents/Polyp Detection/kvasir-seg/images/cju2xbk0080y80801eghyddi2.jpg,/home/samsul/Documents/Polyp Detection/kvasir-seg/masks/cju2xbk0080y80801eghyddi2.jpg,kvasir,1,1,529,621
Kvasir-SEG,/home/samsul/Documents/Polyp Detection/kvasir-seg/images/cju87r56lnkyp0755hz30leew.jpg,/home/samsul/Documents/Polyp Detection/kvasir-seg/masks/cju87r56lnkyp0755hz30leew.jpg,kvasir,1,1,429,566
Kvasir-SEG,/home/samsul/Documents/Polyp Detection/kvasir-seg/images/cju84ffdzkrjn08183jh1fxmb.jpg,/home/samsul/Documents/Polyp Detection/kvasir-seg/masks/cju84ffdzkrjn08183jh1fxmb.jpg,kvasir,1,1,529,616
Kvasir-SEG,/home/samsul/Documents/Polyp Detection/kvasir-seg/images/cju3v72v5h1qz0818fggilwtq.jpg,/home/samsul/Documents/Polyp Detection/kvasir-seg/masks/cju3v72v5h1qz0818fggilwtq.jpg,kvasir,1,1,529,622
Kvasir-SEG,/home/samsul/Documents/Polyp Detection/kvasir-seg/images/cju14hjh2ob2o0835ouz3r5aa.jpg,/home/samsul/Documents/Polyp Detection/kvasir-seg/masks/cju14hjh2ob2o0835ouz3r5aa.jpg,kvasir,1,1,546,609
Kvasir-SEG,/home/samsul/Documents/Polyp Detection/kvasir-seg/images/cju2rmd2rsw9g09888hh1efu0.jpg,/home/samsul/Documents/Polyp Detection/kvasir-seg/masks/cju2rmd2rsw9g09888hh1efu0.jpg,kvasir,1,1,531,570
Kvasir-SEG,/home/samsul/Documents/Polyp Detection/kvasir-seg/images/cju6vvxsev9y30987kespucdg.jpg,/home/samsul/Documents/Polyp Detection/kvasir-seg/masks/cju6vvxsev9y30987kespucdg.jpg,kvasir,1,1,475,620
Kvasir-SEG,/home/samsul/Documents/Polyp Detection/kvasir-seg/images/cju2osuru0ki00855txo0n3uu.jpg,/home/samsul/Documents/Polyp Detection/kvasir-seg/masks/cju2osuru0ki00855txo0n3uu.jpg,kvasir,1,1,528,594
Kvasir-SEG,/home/samsul/Documents/Polyp Detection/kvasir-seg/images/cju88t4fvokxf07558ymyh281.jpg,/home/samsul/Documents/Polyp Detection/kvasir-seg/masks/cju88t4fvokxf07558ymyh281.jpg,kvasir,1,1,530,570
Kvasir-SEG,/home/samsul/Documents/Polyp Detection/kvasir-seg/images/cju6ywm40wdbo0987pbftsvtg.jpg,/home/samsul/Documents/Polyp Detection/kvasir-seg/masks/cju6ywm40wdbo0987pbftsvtg.jpg,kvasir,1,1,528,622
Kvasir-SEG,/home/samsul/Documents/Polyp Detection/kvasir-seg/images/cju2yv4imv6cz099314jveiib.jpg,/home/samsul/Documents/Polyp Detection/kvasir-seg/masks/cju2yv4imv6cz099314jveiib.jpg,kvasir,1,1,529,621
Kvasir-SEG,/home/samsul/Documents/Polyp Detection/kvasir-seg/images/cju2qz06823a40878ojcz9ccx.jpg,/home/samsul/Documents/Polyp Detection/kvasir-seg/masks/cju2qz06823a40878ojcz9ccx.jpg,kvasir,1,1,530,603
Kvasir-SEG,/home/samsul/Documents/Polyp Detection/kvasir-seg/images/cju8c5zcbsdfz0801o5t6jag1.jpg,/home/samsul/Documents/Polyp Detection/kvasir-seg/masks/cju8c5zcbsdfz0801o5t6jag1.jpg,kvasir,1,1,546,626
Kvasir-SEG,/home/samsul/Documents/Polyp Detection/kvasir-seg/images/cju5wqonpm0e60801z88ewmy1.jpg,/home/samsul/Documents/Polyp Detection/kvasir-seg/masks/cju5wqonpm0e60801z88ewmy1.jpg,kvasir,1,1,528,622
Kvasir-SEG,/home/samsul/Documents/Polyp Detection/kvasir-seg/images/cju40sdwukv3k0755y99ug1k8.jpg,/home/samsul/Documents/Polyp Detection/kvasir-seg/masks/cju40sdwukv3k0755y99ug1k8.jpg,kvasir,1,1,528,615
Kvasir-SEG,/home/samsul/Documents/Polyp Detection/kvasir-seg/images/cju6v3bb2v7xo085090blubyw.jpg,/home/samsul/Documents/Polyp Detection/kvasir-seg/masks/cju6v3bb2v7xo085090blubyw.jpg,kvasir,2,1,547,626
Kvasir-SEG,/home/samsul/Documents/Polyp Detection/kvasir-seg/images/cju8dic9mtppa0987swn23wbc.jpg,/home/samsul/Documents/Polyp Detection/kvasir-seg/masks/cju8dic9mtppa0987swn23wbc.jpg,kvasir,1,1,531,611
Kvasir-SEG,/home/samsul/Documents/Polyp Detection/kvasir-seg/images/cju5uzmaol56l0817flxh4w9p.jpg,/home/samsul/Documents/Polyp Detection/kvasir-seg/masks/cju5uzmaol56l0817flxh4w9p.jpg,kvasir,1,1,529,623
Kvasir-SEG,/home/samsul/Documents/Polyp Detection/kvasir-seg/images/cju88y1mwoln50871emyfny1g.jpg,/home/samsul/Documents/Polyp Detection/kvasir-seg/masks/cju88y1mwoln50871emyfny1g.jpg,kvasir,1,1,529,621
Kvasir-SEG,/home/samsul/Documents/Polyp Detection/kvasir-seg/images/cju85fc11ljr40818edpb0inh.jpg,/home/samsul/Documents/Polyp Detection/kvasir-seg/masks/cju85fc11ljr40818edpb0inh.jpg,kvasir,1,1,528,607
Kvasir-SEG,/home/samsul/Documents/Polyp Detection/kvasir-seg/images/cju8bop5jrsid08716i24fqda.jpg,/home/samsul/Documents/Polyp Detection/kvasir-seg/masks/cju8bop5jrsid08716i24fqda.jpg,kvasir,1,1,531,622
Kvasir-SEG,/home/samsul/Documents/Polyp Detection/kvasir-seg/images/cju1h5w4wxajx0835mc954kxy.jpg,/home/samsul/Documents/Polyp Detection/kvasir-seg/masks/cju1h5w4wxajx0835mc954kxy.jpg,kvasir,1,1,528,622
Kvasir-SEG,/home/samsul/Documents/Polyp Detection/kvasir-seg/images/cju5ygh1zmmdi0755uod5e17i.jpg,/home/samsul/Documents/Polyp Detection/kvasir-seg/masks/cju5ygh1zmmdi0755uod5e17i.jpg,kvasir,1,1,530,570
Kvasir-SEG,/home/samsul/Documents/Polyp Detection/kvasir-seg/images/cju7dhpsc2dnn0818025m6857.jpg,/home/samsul/Documents/Polyp Detection/kvasir-seg/masks/cju7dhpsc2dnn0818025m6857.jpg,kvasir,1,1,531,554
Kvasir-SEG,/home/samsul/Documents/Polyp Detection/kvasir-seg/images/cju1c8ffau5770835g0g343o8.jpg,/home/samsul/Documents/Polyp Detection/kvasir-seg/masks/cju1c8ffau5770835g0g343o8.jpg,kvasir,1,1,529,622
Kvasir-SEG,/home/samsul/Documents/Polyp Detection/kvasir-seg/images/cju2zdvjn9h7r08553cp4eed5.jpg,/home/samsul/Documents/Polyp Detection/kvasir-seg/masks/cju2zdvjn9h7r08553cp4eed5.jpg,kvasir,1,1,415,401
Kvasir-SEG,/home/samsul/Documents/Polyp Detection/kvasir-seg/images/cju7csvlb22fr0850lvm45n3x.jpg,/home/samsul/Documents/Polyp Detection/kvasir-seg/masks/cju7csvlb22fr0850lvm45n3x.jpg,kvasir,1,1,530,622
Kvasir-SEG,/home/samsul/Documents/Polyp Detection/kvasir-seg/images/cju40m0rjkpw80871z6n6yg1u.jpg,/home/samsul/Documents/Polyp Detection/kvasir-seg/masks/cju40m0rjkpw80871z6n6yg1u.jpg,kvasir,2,1,528,586
Kvasir-SEG,/home/samsul/Documents/Polyp Detection/kvasir-seg/images/cju7dvl5m2n4t0755hlnnjjet.jpg,/home/samsul/Documents/Polyp Detection/kvasir-seg/masks/cju7dvl5m2n4t0755hlnnjjet.jpg,kvasir,1,1,530,537
Kvasir-SEG,/home/samsul/Documents/Polyp Detection/kvasir-seg/images/cju77196iyshb0850ycbto50a.jpg,/home/samsul/Documents/Polyp Detection/kvasir-seg/masks/cju77196iyshb0850ycbto50a.jpg,kvasir,1,1,529,622
Kvasir-SEG,/home/samsul/Documents/Polyp Detection/kvasir-seg/images/cju18kevfrojc0835bn90f1in.jpg,/home/samsul/Documents/Polyp Detection/kvasir-seg/masks/cju18kevfrojc0835bn90f1in.jpg,kvasir,1,1,528,621
Kvasir-SEG,/home/samsul/Documents/Polyp Detection/kvasir-seg/images/cju6wuojavt740818b5qcv3iw.jpg,/home/samsul/Documents/Polyp Detection/kvasir-seg/masks/cju6wuojavt740818b5qcv3iw.jpg,kvasir,1,1,530,599
Kvasir-SEG,/home/samsul/Documents/Polyp Detection/kvasir-seg/images/cju45ty6zn9oz0850qy4qnck1.jpg,/home/samsul/Documents/Polyp Detection/kvasir-seg/masks/cju45ty6zn9oz0850qy4qnck1.jpg,kvasir,1,1,531,551
Kvasir-SEG,/home/samsul/Documents/Polyp Detection/kvasir-seg/images/cju5von04litr08718j8po40a.jpg,/home/samsul/Documents/Polyp Detection/kvasir-seg/masks/cju5von04litr08718j8po40a.jpg,kvasir,1,1,530,622
Kvasir-SEG,/home/samsul/Documents/Polyp Detection/kvasir-seg/images/cju18849rrsgr0988p90hkygb.jpg,/home/samsul/Documents/Polyp Detection/kvasir-seg/masks/cju18849rrsgr0988p90hkygb.jpg,kvasir,1,1,528,619
Kvasir-SEG,/home/samsul/Documents/Polyp Detection/kvasir-seg/images/cju30j1rgadut0801vuyrsnt8.jpg,/home/samsul/Documents/Polyp Detection/kvasir-seg/masks/cju30j1rgadut0801vuyrsnt8.jpg,kvasir,1,1,530,570
Kvasir-SEG,/home/samsul/Documents/Polyp Detection/kvasir-seg/images/cjz14qsk2wci60794un9ozwmw.jpg,/home/samsul/Documents/Polyp Detection/kvasir-seg/masks/cjz14qsk2wci60794un9ozwmw.jpg,kvasir,1,1,576,720
Kvasir-SEG,/home/samsul/Documents/Polyp Detection/kvasir-seg/images/cju5c7oijaqmq09878qwgqv8n.jpg,/home/samsul/Documents/Polyp Detection/kvasir-seg/masks/cju5c7oijaqmq09878qwgqv8n.jpg,kvasir,1,1,546,547
Kvasir-SEG,/home/samsul/Documents/Polyp Detection/kvasir-seg/images/cju83k8fyjsxr0817d6nxs6r4.jpg,/home/samsul/Documents/Polyp Detection/kvasir-seg/masks/cju83k8fyjsxr0817d6nxs6r4.jpg,kvasir,1,1,528,621
Kvasir-SEG,/home/samsul/Documents/Polyp Detection/kvasir-seg/images/cju85je7vlht70817c9jcjwi4.jpg,/home/samsul/Documents/Polyp Detection/kvasir-seg/masks/cju85je7vlht70817c9jcjwi4.jpg,kvasir,1,1,1011,1220
Kvasir-SEG,/home/samsul/Documents/Polyp Detection/kvasir-seg/images/cju324q101fhe08350wae9cif.jpg,/home/samsul/Documents/Polyp Detection/kvasir-seg/masks/cju324q101fhe08350wae9cif.jpg,kvasir,1,1,530,618
Kvasir-SEG,/home/samsul/Documents/Polyp Detection/kvasir-seg/images/cju7d3oc82cho0755dajlwldz.jpg,/home/samsul/Documents/Polyp Detection/kvasir-seg/masks/cju7d3oc82cho0755dajlwldz.jpg,kvasir,1,1,529,622
Kvasir-SEG,/home/samsul/Documents/Polyp Detection/kvasir-seg/images/cju7atnm31if40817pqclnjer.jpg,/home/samsul/Documents/Polyp Detection/kvasir-seg/masks/cju7atnm31if40817pqclnjer.jpg,kvasir,1,1,531,622
Kvasir-SEG,/home/samsul/Documents/Polyp Detection/kvasir-seg/images/cju32csyfblyh080170aa3x5p.jpg,/home/samsul/Documents/Polyp Detection/kvasir-seg/masks/cju32csyfblyh080170aa3x5p.jpg,kvasir,1,1,547,626
Kvasir-SEG,/home/samsul/Documents/Polyp Detection/kvasir-seg/images/cju5wuhm1lwm40987vugqn3vv.jpg,/home/samsul/Documents/Polyp Detection/kvasir-seg/masks/cju5wuhm1lwm40987vugqn3vv.jpg,kvasir,1,1,530,613
Kvasir-SEG,/home/samsul/Documents/Polyp Detection/kvasir-seg/images/cju2top2ruxxy0988p1svx36g.jpg,/home/samsul/Documents/Polyp Detection/kvasir-seg/masks/cju2top2ruxxy0988p1svx36g.jpg,kvasir,1,1,530,570
Kvasir-SEG,/home/samsul/Documents/Polyp Detection/kvasir-seg/images/cju2zi4l09f5807991s8do2b2.jpg,/home/samsul/Documents/Polyp Detection/kvasir-seg/masks/cju2zi4l09f5807991s8do2b2.jpg,kvasir,1,1,530,622
Kvasir-SEG,/home/samsul/Documents/Polyp Detection/kvasir-seg/images/cju14g8o4xui30878gkgbrvqj.jpg,/home/samsul/Documents/Polyp Detection/kvasir-seg/masks/cju14g8o4xui30878gkgbrvqj.jpg,kvasir,1,1,531,622
Kvasir-SEG,/home/samsul/Documents/Polyp Detection/kvasir-seg/images/cju7dxffn2eam0817qxosfwch.jpg,/home/samsul/Documents/Polyp Detection/kvasir-seg/masks/cju7dxffn2eam0817qxosfwch.jpg,kvasir,1,1,546,626
Kvasir-SEG,/home/samsul/Documents/Polyp Detection/kvasir-seg/images/cju33231uy4gi0993qc7b1jch.jpg,/home/samsul/Documents/Polyp Detection/kvasir-seg/masks/cju33231uy4gi0993qc7b1jch.jpg,kvasir,1,1,529,622
Kvasir-SEG,/home/samsul/Documents/Polyp Detection/kvasir-seg/images/cju2nsmwjlzyl0993jl80chvz.jpg,/home/samsul/Documents/Polyp Detection/kvasir-seg/masks/cju2nsmwjlzyl0993jl80chvz.jpg,kvasir,1,1,547,625
Kvasir-SEG,/home/samsul/Documents/Polyp Detection/kvasir-seg/images/cju5x7iskmad90818frchyfwd.jpg,/home/samsul/Documents/Polyp Detection/kvasir-seg/masks/cju5x7iskmad90818frchyfwd.jpg,kvasir,1,1,483,522
Kvasir-SEG,/home/samsul/Documents/Polyp Detection/kvasir-seg/images/cju0rx1idathl0835detmsp84.jpg,/home/samsul/Documents/Polyp Detection/kvasir-seg/masks/cju0rx1idathl0835detmsp84.jpg,kvasir,1,1,528,617
Kvasir-SEG,/home/samsul/Documents/Polyp Detection/kvasir-seg/images/cju1erep75us208553i4ofwwe.jpg,/home/samsul/Documents/Polyp Detection/kvasir-seg/masks/cju1erep75us208553i4ofwwe.jpg,kvasir,1,1,547,613
Kvasir-SEG,/home/samsul/Documents/Polyp Detection/kvasir-seg/images/cju1f15k3w4ct0835cmde6ypo.jpg,/home/samsul/Documents/Polyp Detection/kvasir-seg/masks/cju1f15k3w4ct0835cmde6ypo.jpg,kvasir,1,1,547,572
Kvasir-SEG,/home/samsul/Documents/Polyp Detection/kvasir-seg/images/cju2phaksnahz0993yxogjcpv.jpg,/home/samsul/Documents/Polyp Detection/kvasir-seg/masks/cju2phaksnahz0993yxogjcpv.jpg,kvasir,1,1,528,622
Kvasir-SEG,/home/samsul/Documents/Polyp Detection/kvasir-seg/images/cju320gyvbch60801v2amdi2g.jpg,/home/samsul/Documents/Polyp Detection/kvasir-seg/masks/cju320gyvbch60801v2amdi2g.jpg,kvasir,1,1,503,616
Kvasir-SEG,/home/samsul/Documents/Polyp Detection/kvasir-seg/images/cju5k503sfa5f0871lx0rpu5y.jpg,/home/samsul/Documents/Polyp Detection/kvasir-seg/masks/cju5k503sfa5f0871lx0rpu5y.jpg,kvasir,1,1,529,622
Kvasir-SEG,/home/samsul/Documents/Polyp Detection/kvasir-seg/images/cju6vucxvvlda0755j7msqnya.jpg,/home/samsul/Documents/Polyp Detection/kvasir-seg/masks/cju6vucxvvlda0755j7msqnya.jpg,kvasir,2,1,546,626
Kvasir-SEG,/home/samsul/Documents/Polyp Detection/kvasir-seg/images/cju2trtjf4qjd0878a2zle9v9.jpg,/home/samsul/Documents/Polyp Detection/kvasir-seg/masks/cju2trtjf4qjd0878a2zle9v9.jpg,kvasir,1,1,528,598
Kvasir-SEG,/home/samsul/Documents/Polyp Detection/kvasir-seg/images/cju77j66ez52p08019xygi0co.jpg,/home/samsul/Documents/Polyp Detection/kvasir-seg/masks/cju77j66ez52p08019xygi0co.jpg,kvasir,1,1,530,613
Kvasir-SEG,/home/samsul/Documents/Polyp Detection/kvasir-seg/images/cju1b75x63ddl0799sdp0i2j3.jpg,/home/samsul/Documents/Polyp Detection/kvasir-seg/masks/cju1b75x63ddl0799sdp0i2j3.jpg,kvasir,1,1,530,549
Kvasir-SEG,/home/samsul/Documents/Polyp Detection/kvasir-seg/images/cju8c5mxls96t0850wvkvsity.jpg,/home/samsul/Documents/Polyp Detection/kvasir-seg/masks/cju8c5mxls96t0850wvkvsity.jpg,kvasir,1,1,531,609
Kvasir-SEG,/home/samsul/Documents/Polyp Detection/kvasir-seg/images/cju7aqkue1i2k09879uzcpt8r.jpg,/home/samsul/Documents/Polyp Detection/kvasir-seg/masks/cju7aqkue1i2k09879uzcpt8r.jpg,kvasir,1,1,530,621
Kvasir-SEG,/home/samsul/Documents/Polyp Detection/kvasir-seg/images/cju8dn0c3u2v50801k8rvq02f.jpg,/home/samsul/Documents/Polyp Detection/kvasir-seg/masks/cju8dn0c3u2v50801k8rvq02f.jpg,kvasir,1,1,1070,1348
Kvasir-SEG,/home/samsul/Documents/Polyp Detection/kvasir-seg/images/cju3tp94kfstl08181awh6z49.jpg,/home/samsul/Documents/Polyp Detection/kvasir-seg/masks/cju3tp94kfstl08181awh6z49.jpg,kvasir,1,1,530,593
Kvasir-SEG,/home/samsul/Documents/Polyp Detection/kvasir-seg/images/cju5o4pk9h0720755lgp9jq8m.jpg,/home/samsul/Documents/Polyp Detection/kvasir-seg/masks/cju5o4pk9h0720755lgp9jq8m.jpg,kvasir,1,1,530,622
Kvasir-SEG,/home/samsul/Documents/Polyp Detection/kvasir-seg/images/cju41r6v2lcww0871ps8k8pf5.jpg,/home/samsul/Documents/Polyp Detection/kvasir-seg/masks/cju41r6v2lcww0871ps8k8pf5.jpg,kvasir,1,1,529,594
Kvasir-SEG,/home/samsul/Documents/Polyp Detection/kvasir-seg/images/cju7dymur2od30755eg8yv2ht.jpg,/home/samsul/Documents/Polyp Detection/kvasir-seg/masks/cju7dymur2od30755eg8yv2ht.jpg,kvasir,1,1,530,622
Kvasir-SEG,/home/samsul/Documents/Polyp Detection/kvasir-seg/images/cju8bysfgrzkl081786jwac09.jpg,/home/samsul/Documents/Polyp Detection/kvasir-seg/masks/cju8bysfgrzkl081786jwac09.jpg,kvasir,1,1,471,619
Kvasir-SEG,/home/samsul/Documents/Polyp Detection/kvasir-seg/images/cju34ymm8d6700799uop0cw33.jpg,/home/samsul/Documents/Polyp Detection/kvasir-seg/masks/cju34ymm8d6700799uop0cw33.jpg,kvasir,1,1,531,621
Kvasir-SEG,/home/samsul/Documents/Polyp Detection/kvasir-seg/images/cju7dz5yy2i7z0801ausi7rna.jpg,/home/samsul/Documents/Polyp Detection/kvasir-seg/masks/cju7dz5yy2i7z0801ausi7rna.jpg,kvasir,1,1,529,619
Kvasir-SEG,/home/samsul/Documents/Polyp Detection/kvasir-seg/images/cju1d31sp4d4k0878r3fr02ul.jpg,/home/samsul/Documents/Polyp Detection/kvasir-seg/masks/cju1d31sp4d4k0878r3fr02ul.jpg,kvasir,1,1,529,622
Kvasir-SEG,/home/samsul/Documents/Polyp Detection/kvasir-seg/images/cju3y0pjrj1c30755nxekxccj.jpg,/home/samsul/Documents/Polyp Detection/kvasir-seg/masks/cju3y0pjrj1c30755nxekxccj.jpg,kvasir,1,1,531,570
Kvasir-SEG,/home/samsul/Documents/Polyp Detection/kvasir-seg/images/ck2bxlujamu330725szlc2jdu.jpg,/home/samsul/Documents/Polyp Detection/kvasir-seg/masks/ck2bxlujamu330725szlc2jdu.jpg,kvasir,1,1,576,720
Kvasir-SEG,/home/samsul/Documents/Polyp Detection/kvasir-seg/images/cju33eqwbcch208012jikwdky.jpg,/home/samsul/Documents/Polyp Detection/kvasir-seg/masks/cju33eqwbcch208012jikwdky.jpg,kvasir,1,1,547,626
Kvasir-SEG,/home/samsul/Documents/Polyp Detection/kvasir-seg/images/cju83h9ysjwe808716nt35oah.jpg,/home/samsul/Documents/Polyp Detection/kvasir-seg/masks/cju83h9ysjwe808716nt35oah.jpg,kvasir,1,1,531,571
Kvasir-SEG,/home/samsul/Documents/Polyp Detection/kvasir-seg/images/cju76erapykj30871x5eaxh4q.jpg,/home/samsul/Documents/Polyp Detection/kvasir-seg/masks/cju76erapykj30871x5eaxh4q.jpg,kvasir,1,1,529,621
Kvasir-SEG,/home/samsul/Documents/Polyp Detection/kvasir-seg/images/cju6us80mv1b50871ebyq2wxa.jpg,/home/samsul/Documents/Polyp Detection/kvasir-seg/masks/cju6us80mv1b50871ebyq2wxa.jpg,kvasir,1,1,530,562
Kvasir-SEG,/home/samsul/Documents/Polyp Detection/kvasir-seg/images/cju1hirfi7ekp0855q0vgm9qq.jpg,/home/samsul/Documents/Polyp Detection/kvasir-seg/masks/cju1hirfi7ekp0855q0vgm9qq.jpg,kvasir,1,1,529,605
Kvasir-SEG,/home/samsul/Documents/Polyp Detection/kvasir-seg/images/cju77afzlz3kp07550x5nafzs.jpg,/home/samsul/Documents/Polyp Detection/kvasir-seg/masks/cju77afzlz3kp07550x5nafzs.jpg,kvasir,1,1,528,622
Kvasir-SEG,/home/samsul/Documents/Polyp Detection/kvasir-seg/images/cju2rkjfwoxys0993x768l1j2.jpg,/home/samsul/Documents/Polyp Detection/kvasir-seg/masks/cju2rkjfwoxys0993x768l1j2.jpg,kvasir,1,1,401,597
Kvasir-SEG,/home/samsul/Documents/Polyp Detection/kvasir-seg/images/cju42py9mlqyd0818u3d1d7ga.jpg,/home/samsul/Documents/Polyp Detection/kvasir-seg/masks/cju42py9mlqyd0818u3d1d7ga.jpg,kvasir,1,1,433,545
Kvasir-SEG,/home/samsul/Documents/Polyp Detection/kvasir-seg/images/cju5nxkujgscq0817l9gss626.jpg,/home/samsul/Documents/Polyp Detection/kvasir-seg/masks/cju5nxkujgscq0817l9gss626.jpg,kvasir,1,1,531,570
Kvasir-SEG,/home/samsul/Documents/Polyp Detection/kvasir-seg/images/cju7frtqu2xa20818wq8r9fzf.jpg,/home/samsul/Documents/Polyp Detection/kvasir-seg/masks/cju7frtqu2xa20818wq8r9fzf.jpg,kvasir,1,1,531,619
Kvasir-SEG,/home/samsul/Documents/Polyp Detection/kvasir-seg/images/cju7b3f5h1sm40755i572jden.jpg,/home/samsul/Documents/Polyp Detection/kvasir-seg/masks/cju7b3f5h1sm40755i572jden.jpg,kvasir,1,1,531,622
Kvasir-SEG,/home/samsul/Documents/Polyp Detection/kvasir-seg/images/cju18ibp219ub08783i6o98g7.jpg,/home/samsul/Documents/Polyp Detection/kvasir-seg/masks/cju18ibp219ub08783i6o98g7.jpg,kvasir,1,1,528,615
Kvasir-SEG,/home/samsul/Documents/Polyp Detection/kvasir-seg/images/cju2qn2fzs1vy0988l243cvzy.jpg,/home/samsul/Documents/Polyp Detection/kvasir-seg/masks/cju2qn2fzs1vy0988l243cvzy.jpg,kvasir,1,1,547,597
Kvasir-SEG,/home/samsul/Documents/Polyp Detection/kvasir-seg/images/cju87tyddnnad0755bj0wxahe.jpg,/home/samsul/Documents/Polyp Detection/kvasir-seg/masks/cju87tyddnnad0755bj0wxahe.jpg,kvasir,1,1,477,551
Kvasir-SEG,/home/samsul/Documents/Polyp Detection/kvasir-seg/images/cju8432cmkgq90871cxe4iptl.jpg,/home/samsul/Documents/Polyp Detection/kvasir-seg/masks/cju8432cmkgq90871cxe4iptl.jpg,kvasir,1,1,546,626
Kvasir-SEG,/home/samsul/Documents/Polyp Detection/kvasir-seg/images/cju7ekbo32pft0871fv7kzwb9.jpg,/home/samsul/Documents/Polyp Detection/kvasir-seg/masks/cju7ekbo32pft0871fv7kzwb9.jpg,kvasir,1,1,521,571
Kvasir-SEG,/home/samsul/Documents/Polyp Detection/kvasir-seg/images/cju326h4v1gxw08352px40p7r.jpg,/home/samsul/Documents/Polyp Detection/kvasir-seg/masks/cju326h4v1gxw08352px40p7r.jpg,kvasir,1,1,528,616
Kvasir-SEG,/home/samsul/Documents/Polyp Detection/kvasir-seg/images/cju43in5fm22c08175rxziqrk.jpg,/home/samsul/Documents/Polyp Detection/kvasir-seg/masks/cju43in5fm22c08175rxziqrk.jpg,kvasir,1,1,530,616
Kvasir-SEG,/home/samsul/Documents/Polyp Detection/kvasir-seg/images/cju5i5oh2efg60987ez6cpf72.jpg,/home/samsul/Documents/Polyp Detection/kvasir-seg/masks/cju5i5oh2efg60987ez6cpf72.jpg,kvasir,1,1,528,621
Kvasir-SEG,/home/samsul/Documents/Polyp Detection/kvasir-seg/images/cju2wzu8wxtgu09880ku9x1pg.jpg,/home/samsul/Documents/Polyp Detection/kvasir-seg/masks/cju2wzu8wxtgu09880ku9x1pg.jpg,kvasir,1,1,529,622
Kvasir-SEG,/home/samsul/Documents/Polyp Detection/kvasir-seg/images/cju2rn0hasxri0835nfy3buay.jpg,/home/samsul/Documents/Polyp Detection/kvasir-seg/masks/cju2rn0hasxri0835nfy3buay.jpg,kvasir,1,1,531,622
Kvasir-SEG,/home/samsul/Documents/Polyp Detection/kvasir-seg/images/cju3ttznuftyf09875t11850w.jpg,/home/samsul/Documents/Polyp Detection/kvasir-seg/masks/cju3ttznuftyf09875t11850w.jpg,kvasir,1,1,547,626
Kvasir-SEG,/home/samsul/Documents/Polyp Detection/kvasir-seg/images/cju5yeqiwmkgl0801fzv2douc.jpg,/home/samsul/Documents/Polyp Detection/kvasir-seg/masks/cju5yeqiwmkgl0801fzv2douc.jpg,kvasir,2,1,531,570
Kvasir-SEG,/home/samsul/Documents/Polyp Detection/kvasir-seg/images/cju85l4yjlops0801fvmnwptf.jpg,/home/samsul/Documents/Polyp Detection/kvasir-seg/masks/cju85l4yjlops0801fvmnwptf.jpg,kvasir,1,1,531,570
Kvasir-SEG,/home/samsul/Documents/Polyp Detection/kvasir-seg/images/cju88vx2uoocy075531lc63n3.jpg,/home/samsul/Documents/Polyp Detection/kvasir-seg/masks/cju88vx2uoocy075531lc63n3.jpg,kvasir,1,1,508,596
Kvasir-SEG,/home/samsul/Documents/Polyp Detection/kvasir-seg/images/cju1ffnjn6ctm08015perkg37.jpg,/home/samsul/Documents/Polyp Detection/kvasir-seg/masks/cju1ffnjn6ctm08015perkg37.jpg,kvasir,1,1,547,626
Kvasir-SEG,/home/samsul/Documents/Polyp Detection/kvasir-seg/images/cju3xuj20ivgp0818mij8bjrd.jpg,/home/samsul/Documents/Polyp Detection/kvasir-seg/masks/cju3xuj20ivgp0818mij8bjrd.jpg,kvasir,1,1,527,622
Kvasir-SEG,/home/samsul/Documents/Polyp Detection/kvasir-seg/images/cju30ftgja7170855xl9bkdm0.jpg,/home/samsul/Documents/Polyp Detection/kvasir-seg/masks/cju30ftgja7170855xl9bkdm0.jpg,kvasir,1,1,531,595
Kvasir-SEG,/home/samsul/Documents/Polyp Detection/kvasir-seg/images/cju42dwedlmk60871jbgu4ehi.jpg,/home/samsul/Documents/Polyp Detection/kvasir-seg/masks/cju42dwedlmk60871jbgu4ehi.jpg,kvasir,1,1,531,621
Kvasir-SEG,/home/samsul/Documents/Polyp Detection/kvasir-seg/images/cju774fmayxif0818u2g79usw.jpg,/home/samsul/Documents/Polyp Detection/kvasir-seg/masks/cju774fmayxif0818u2g79usw.jpg,kvasir,1,1,530,622
Kvasir-SEG,/home/samsul/Documents/Polyp Detection/kvasir-seg/images/cju5ymyd8mmdc0801ry3by1xr.jpg,/home/samsul/Documents/Polyp Detection/kvasir-seg/masks/cju5ymyd8mmdc0801ry3by1xr.jpg,kvasir,1,1,528,622
Kvasir-SEG,/home/samsul/Documents/Polyp Detection/kvasir-seg/images/cju6z1bzbwfq50817b2alatvr.jpg,/home/samsul/Documents/Polyp Detection/kvasir-seg/masks/cju6z1bzbwfq50817b2alatvr.jpg,kvasir,1,1,547,626
Kvasir-SEG,/home/samsul/Documents/Polyp Detection/kvasir-seg/images/cju33za6l2qy70988jhrlp2ev.jpg,/home/samsul/Documents/Polyp Detection/kvasir-seg/masks/cju33za6l2qy70988jhrlp2ev.jpg,kvasir,1,1,546,626
Kvasir-SEG,/home/samsul/Documents/Polyp Detection/kvasir-seg/images/cju1brhsj3rls0855a1vgdlen.jpg,/home/samsul/Documents/Polyp Detection/kvasir-seg/masks/cju1brhsj3rls0855a1vgdlen.jpg,kvasir,1,1,530,570
Kvasir-SEG,/home/samsul/Documents/Polyp Detection/kvasir-seg/images/cju13fwthn9mq0835gacxgy01.jpg,/home/samsul/Documents/Polyp Detection/kvasir-seg/masks/cju13fwthn9mq0835gacxgy01.jpg,kvasir,1,1,529,623
Kvasir-SEG,/home/samsul/Documents/Polyp Detection/kvasir-seg/images/cju33o12x2jm50988944mxq0v.jpg,/home/samsul/Documents/Polyp Detection/kvasir-seg/masks/cju33o12x2jm50988944mxq0v.jpg,kvasir,1,1,530,622
Kvasir-SEG,/home/samsul/Documents/Polyp Detection/kvasir-seg/images/cju3381d8bz3h07991xtl7ra0.jpg,/home/samsul/Documents/Polyp Detection/kvasir-seg/masks/cju3381d8bz3h07991xtl7ra0.jpg,kvasir,1,1,528,567
Kvasir-SEG,/home/samsul/Documents/Polyp Detection/kvasir-seg/images/cju3x4blzieu30850x10uuvbm.jpg,/home/samsul/Documents/Polyp Detection/kvasir-seg/masks/cju3x4blzieu30850x10uuvbm.jpg,kvasir,2,1,1011,1210
Kvasir-SEG,/home/samsul/Documents/Polyp Detection/kvasir-seg/images/cju43o6n7m9nk087191ijwqq9.jpg,/home/samsul/Documents/Polyp Detection/kvasir-seg/masks/cju43o6n7m9nk087191ijwqq9.jpg,kvasir,1,1,530,618
Kvasir-SEG,/home/samsul/Documents/Polyp Detection/kvasir-seg/images/cju2xd75m82720801q4s4ik3n.jpg,/home/samsul/Documents/Polyp Detection/kvasir-seg/masks/cju2xd75m82720801q4s4ik3n.jpg,kvasir,1,1,1011,1220
Kvasir-SEG,/home/samsul/Documents/Polyp Detection/kvasir-seg/images/cju2xlcqxy9c60988vjacdznb.jpg,/home/samsul/Documents/Polyp Detection/kvasir-seg/masks/cju2xlcqxy9c60988vjacdznb.jpg,kvasir,1,1,529,621
Kvasir-SEG,/home/samsul/Documents/Polyp Detection/kvasir-seg/images/cju2t2ivz43i10878zeg8r1br.jpg,/home/samsul/Documents/Polyp Detection/kvasir-seg/masks/cju2t2ivz43i10878zeg8r1br.jpg,kvasir,1,1,528,607
Kvasir-SEG,/home/samsul/Documents/Polyp Detection/kvasir-seg/images/cju5g163vd6mt0817uccuga6u.jpg,/home/samsul/Documents/Polyp Detection/kvasir-seg/masks/cju5g163vd6mt0817uccuga6u.jpg,kvasir,1,1,547,545
Kvasir-SEG,/home/samsul/Documents/Polyp Detection/kvasir-seg/images/cju5y4hgqmk0i08180rjhbwvp.jpg,/home/samsul/Documents/Polyp Detection/kvasir-seg/masks/cju5y4hgqmk0i08180rjhbwvp.jpg,kvasir,1,1,547,626
Kvasir-SEG,/home/samsul/Documents/Polyp Detection/kvasir-seg/images/cju5wmvsdlx1j0871npgj8j4b.jpg,/home/samsul/Documents/Polyp Detection/kvasir-seg/masks/cju5wmvsdlx1j0871npgj8j4b.jpg,kvasir,1,1,530,616
Kvasir-SEG,/home/samsul/Documents/Polyp Detection/kvasir-seg/images/cju7dtb1e2j0t0818deq51ib3.jpg,/home/samsul/Documents/Polyp Detection/kvasir-seg/masks/cju7dtb1e2j0t0818deq51ib3.jpg,kvasir,1,1,528,622
Kvasir-SEG,/home/samsul/Documents/Polyp Detection/kvasir-seg/images/cju8402x1kcy70801t6kz6bdi.jpg,/home/samsul/Documents/Polyp Detection/kvasir-seg/masks/cju8402x1kcy70801t6kz6bdi.jpg,kvasir,1,1,547,626
Kvasir-SEG,/home/samsul/Documents/Polyp Detection/kvasir-seg/images/cju1euuc65wm00799m4sjdnnn.jpg,/home/samsul/Documents/Polyp Detection/kvasir-seg/masks/cju1euuc65wm00799m4sjdnnn.jpg,kvasir,1,1,530,570
Kvasir-SEG,/home/samsul/Documents/Polyp Detection/kvasir-seg/images/cju3y21quj0ir0818kgjagr15.jpg,/home/samsul/Documents/Polyp Detection/kvasir-seg/masks/cju3y21quj0ir0818kgjagr15.jpg,kvasir,1,1,546,626
Kvasir-SEG,/home/samsul/Documents/Polyp Detection/kvasir-seg/images/cju2m56cryvqd0801gtn2yp8t.jpg,/home/samsul/Documents/Polyp Detection/kvasir-seg/masks/cju2m56cryvqd0801gtn2yp8t.jpg,kvasir,1,1,546,616
Kvasir-SEG,/home/samsul/Documents/Polyp Detection/kvasir-seg/images/cju2r2obh2bjm08553kng0rh7.jpg,/home/samsul/Documents/Polyp Detection/kvasir-seg/masks/cju2r2obh2bjm08553kng0rh7.jpg,kvasir,1,1,458,474
Kvasir-SEG,/home/samsul/Documents/Polyp Detection/kvasir-seg/images/cju2ueb6j5ado0878vf5md13o.jpg,/home/samsul/Documents/Polyp Detection/kvasir-seg/masks/cju2ueb6j5ado0878vf5md13o.jpg,kvasir,2,1,1070,1348
Kvasir-SEG,/home/samsul/Documents/Polyp Detection/kvasir-seg/images/cju2sevf53lkx08558h5bpaig.jpg,/home/samsul/Documents/Polyp Detection/kvasir-seg/masks/cju2sevf53lkx08558h5bpaig.jpg,kvasir,1,1,547,626
Kvasir-SEG,/home/samsul/Documents/Polyp Detection/kvasir-seg/images/cju1hp9i2xu8e0988u2dazk7m.jpg,/home/samsul/Documents/Polyp Detection/kvasir-seg/masks/cju1hp9i2xu8e0988u2dazk7m.jpg,kvasir,1,1,531,490
Kvasir-SEG,/home/samsul/Documents/Polyp Detection/kvasir-seg/images/ck2395w2mb4vu07480otsu6tw.jpg,/home/samsul/Documents/Polyp Detection/kvasir-seg/masks/ck2395w2mb4vu07480otsu6tw.jpg,kvasir,1,1,576,720
Kvasir-SEG,/home/samsul/Documents/Polyp Detection/kvasir-seg/images/cju2oo0wh0bqy0878biujeyhe.jpg,/home/samsul/Documents/Polyp Detection/kvasir-seg/masks/cju2oo0wh0bqy0878biujeyhe.jpg,kvasir,1,1,530,621
Kvasir-SEG,/home/samsul/Documents/Polyp Detection/kvasir-seg/images/cju2hewssldzx0835ep795xu0.jpg,/home/samsul/Documents/Polyp Detection/kvasir-seg/masks/cju2hewssldzx0835ep795xu0.jpg,kvasir,1,1,530,576
Kvasir-SEG,/home/samsul/Documents/Polyp Detection/kvasir-seg/images/cju2nd7l7z98o0799gfjvyfmw.jpg,/home/samsul/Documents/Polyp Detection/kvasir-seg/masks/cju2nd7l7z98o0799gfjvyfmw.jpg,kvasir,1,1,1070,1348
Kvasir-SEG,/home/samsul/Documents/Polyp Detection/kvasir-seg/images/cju5xq3tdm9fn0987pbedxdg5.jpg,/home/samsul/Documents/Polyp Detection/kvasir-seg/masks/cju5xq3tdm9fn0987pbedxdg5.jpg,kvasir,1,1,529,570
Kvasir-SEG,/home/samsul/Documents/Polyp Detection/kvasir-seg/images/cju2pag1f0s4r0878h52uq83s.jpg,/home/samsul/Documents/Polyp Detection/kvasir-seg/masks/cju2pag1f0s4r0878h52uq83s.jpg,kvasir,1,1,530,570
Kvasir-SEG,/home/samsul/Documents/Polyp Detection/kvasir-seg/images/cju5uhrdwkmsu0817ervv91l8.jpg,/home/samsul/Documents/Polyp Detection/kvasir-seg/masks/cju5uhrdwkmsu0817ervv91l8.jpg,kvasir,1,1,547,626
Kvasir-SEG,/home/samsul/Documents/Polyp Detection/kvasir-seg/images/cju171py4qiha0835u8sl59ds.jpg,/home/samsul/Documents/Polyp Detection/kvasir-seg/masks/cju171py4qiha0835u8sl59ds.jpg,kvasir,1,1,530,616
Kvasir-SEG,/home/samsul/Documents/Polyp Detection/kvasir-seg/images/cju34fojcctcf0799ebolbvkn.jpg,/home/samsul/Documents/Polyp Detection/kvasir-seg/masks/cju34fojcctcf0799ebolbvkn.jpg,kvasir,1,1,547,626
Kvasir-SEG,/home/samsul/Documents/Polyp Detection/kvasir-seg/images/cju2t16vuucaq0835xcpsivn2.jpg,/home/samsul/Documents/Polyp Detection/kvasir-seg/masks/cju2t16vuucaq0835xcpsivn2.jpg,kvasir,1,1,531,622
Kvasir-SEG,/home/samsul/Documents/Polyp Detection/kvasir-seg/images/cju41nz76lcxu0755cya2qefx.jpg,/home/samsul/Documents/Polyp Detection/kvasir-seg/masks/cju41nz76lcxu0755cya2qefx.jpg,kvasir,1,1,514,586
Kvasir-SEG,/home/samsul/Documents/Polyp Detection/kvasir-seg/images/cju32a52lb9rc0799xi40qs00.jpg,/home/samsul/Documents/Polyp Detection/kvasir-seg/masks/cju32a52lb9rc0799xi40qs00.jpg,kvasir,3,1,529,621
Kvasir-SEG,/home/samsul/Documents/Polyp Detection/kvasir-seg/images/cju33mirdc8mj0799k33wzoes.jpg,/home/samsul/Documents/Polyp Detection/kvasir-seg/masks/cju33mirdc8mj0799k33wzoes.jpg,kvasir,1,1,547,626
Kvasir-SEG,/home/samsul/Documents/Polyp Detection/kvasir-seg/images/cju7etr3y2p4t0801cdzjj8ab.jpg,/home/samsul/Documents/Polyp Detection/kvasir-seg/masks/cju7etr3y2p4t0801cdzjj8ab.jpg,kvasir,1,1,528,623
Kvasir-SEG,/home/samsul/Documents/Polyp Detection/kvasir-seg/images/cju5wcc90lu020850mjrxppv6.jpg,/home/samsul/Documents/Polyp Detection/kvasir-seg/masks/cju5wcc90lu020850mjrxppv6.jpg,kvasir,1,1,547,626
Kvasir-SEG,/home/samsul/Documents/Polyp Detection/kvasir-seg/images/cju1ats0y372e08011yazcsxm.jpg,/home/samsul/Documents/Polyp Detection/kvasir-seg/masks/cju1ats0y372e08011yazcsxm.jpg,kvasir,1,1,528,623
Kvasir-SEG,/home/samsul/Documents/Polyp Detection/kvasir-seg/images/cju30ajhw09sx0988qyahx9s8.jpg,/home/samsul/Documents/Polyp Detection/kvasir-seg/masks/cju30ajhw09sx0988qyahx9s8.jpg,kvasir,2,1,530,622
Kvasir-SEG,/home/samsul/Documents/Polyp Detection/kvasir-seg/images/cju5enq1tcn1i0755hnkon787.jpg,/home/samsul/Documents/Polyp Detection/kvasir-seg/masks/cju5enq1tcn1i0755hnkon787.jpg,kvasir,1,1,547,626
Kvasir-SEG,/home/samsul/Documents/Polyp Detection/kvasir-seg/images/cju7et17a2vjk0755e743npl1.jpg,/home/samsul/Documents/Polyp Detection/kvasir-seg/masks/cju7et17a2vjk0755e743npl1.jpg,kvasir,2,1,546,626
Kvasir-SEG,/home/samsul/Documents/Polyp Detection/kvasir-seg/images/cju43c92lm5cj0755lorsorfg.jpg,/home/samsul/Documents/Polyp Detection/kvasir-seg/masks/cju43c92lm5cj0755lorsorfg.jpg,kvasir,3,1,529,591
Kvasir-SEG,/home/samsul/Documents/Polyp Detection/kvasir-seg/images/cju3280wv1ir009882jze27tc.jpg,/home/samsul/Documents/Polyp Detection/kvasir-seg/masks/cju3280wv1ir009882jze27tc.jpg,kvasir,1,1,530,571
Kvasir-SEG,/home/samsul/Documents/Polyp Detection/kvasir-seg/images/cju2saez63gxl08559ucjq3kt.jpg,/home/samsul/Documents/Polyp Detection/kvasir-seg/masks/cju2saez63gxl08559ucjq3kt.jpg,kvasir,1,1,530,557
Kvasir-SEG,/home/samsul/Documents/Polyp Detection/kvasir-seg/images/cju83syhdk6gs0801rf1rekdl.jpg,/home/samsul/Documents/Polyp Detection/kvasir-seg/masks/cju83syhdk6gs0801rf1rekdl.jpg,kvasir,1,1,546,626
Kvasir-SEG,/home/samsul/Documents/Polyp Detection/kvasir-seg/images/cju2yo1j1v0qz09934o0e683p.jpg,/home/samsul/Documents/Polyp Detection/kvasir-seg/masks/cju2yo1j1v0qz09934o0e683p.jpg,kvasir,1,1,546,626
Kvasir-SEG,/home/samsul/Documents/Polyp Detection/kvasir-seg/images/cju2hjrqcvi2j0801bx1i6gxg.jpg,/home/samsul/Documents/Polyp Detection/kvasir-seg/masks/cju2hjrqcvi2j0801bx1i6gxg.jpg,kvasir,2,1,531,599
Kvasir-SEG,/home/samsul/Documents/Polyp Detection/kvasir-seg/images/cju85qefyln6v0850szeb9byi.jpg,/home/samsul/Documents/Polyp Detection/kvasir-seg/masks/cju85qefyln6v0850szeb9byi.jpg,kvasir,1,1,529,570
Kvasir-SEG,/home/samsul/Documents/Polyp Detection/kvasir-seg/images/cju5fi0yxd3ei0801v7u0yudn.jpg,/home/samsul/Documents/Polyp Detection/kvasir-seg/masks/cju5fi0yxd3ei0801v7u0yudn.jpg,kvasir,1,1,547,626
Kvasir-SEG,/home/samsul/Documents/Polyp Detection/kvasir-seg/images/cju5bdwa3aatx0818b79i18zf.jpg,/home/samsul/Documents/Polyp Detection/kvasir-seg/masks/cju5bdwa3aatx0818b79i18zf.jpg,kvasir,1,1,530,622
Kvasir-SEG,/home/samsul/Documents/Polyp Detection/kvasir-seg/images/cju84hibuktj80871u519o71q.jpg,/home/samsul/Documents/Polyp Detection/kvasir-seg/masks/cju84hibuktj80871u519o71q.jpg,kvasir,1,1,529,622
Kvasir-SEG,/home/samsul/Documents/Polyp Detection/kvasir-seg/images/cju183od81ff608017ekzif89.jpg,/home/samsul/Documents/Polyp Detection/kvasir-seg/masks/cju183od81ff608017ekzif89.jpg,kvasir,2,1,511,622
Kvasir-SEG,/home/samsul/Documents/Polyp Detection/kvasir-seg/images/cju2pmhtr17a00855cvpelzb0.jpg,/home/samsul/Documents/Polyp Detection/kvasir-seg/masks/cju2pmhtr17a00855cvpelzb0.jpg,kvasir,1,1,530,622
Kvasir-SEG,/home/samsul/Documents/Polyp Detection/kvasir-seg/images/cju17bz250pgd0799u1hqkj5u.jpg,/home/samsul/Documents/Polyp Detection/kvasir-seg/masks/cju17bz250pgd0799u1hqkj5u.jpg,kvasir,1,1,547,626
Kvasir-SEG,/home/samsul/Documents/Polyp Detection/kvasir-seg/images/cju34xspwzenf0993cyzajv9n.jpg,/home/samsul/Documents/Polyp Detection/kvasir-seg/masks/cju34xspwzenf0993cyzajv9n.jpg,kvasir,2,1,547,626
Kvasir-SEG,/home/samsul/Documents/Polyp Detection/kvasir-seg/images/cju8aj01yqeqm0850lhdz3xdw.jpg,/home/samsul/Documents/Polyp Detection/kvasir-seg/masks/cju8aj01yqeqm0850lhdz3xdw.jpg,kvasir,1,1,531,622
Kvasir-SEG,/home/samsul/Documents/Polyp Detection/kvasir-seg/images/cju5hwonqedw10801vsd3w6kk.jpg,/home/samsul/Documents/Polyp Detection/kvasir-seg/masks/cju5hwonqedw10801vsd3w6kk.jpg,kvasir,1,1,531,529
Kvasir-SEG,/home/samsul/Documents/Polyp Detection/kvasir-seg/images/cju88aq6vo1ij0755c2ey7z7n.jpg,/home/samsul/Documents/Polyp Detection/kvasir-seg/masks/cju88aq6vo1ij0755c2ey7z7n.jpg,kvasir,1,1,530,570
Kvasir-SEG,/home/samsul/Documents/Polyp Detection/kvasir-seg/images/cju5klveuff6w0871wbibgh3m.jpg,/home/samsul/Documents/Polyp Detection/kvasir-seg/masks/cju5klveuff6w0871wbibgh3m.jpg,kvasir,1,1,530,574
Kvasir-SEG,/home/samsul/Documents/Polyp Detection/kvasir-seg/images/cju8914beokbf0850isxpocrk.jpg,/home/samsul/Documents/Polyp Detection/kvasir-seg/masks/cju8914beokbf0850isxpocrk.jpg,kvasir,1,1,547,626
Kvasir-SEG,/home/samsul/Documents/Polyp Detection/kvasir-seg/images/cju83nwu1jxte0987h1krpfmv.jpg,/home/samsul/Documents/Polyp Detection/kvasir-seg/masks/cju83nwu1jxte0987h1krpfmv.jpg,kvasir,1,1,528,621
Kvasir-SEG,/home/samsul/Documents/Polyp Detection/kvasir-seg/images/cju83rcnzkbsj0755x5anfrcg.jpg,/home/samsul/Documents/Polyp Detection/kvasir-seg/masks/cju83rcnzkbsj0755x5anfrcg.jpg,kvasir,1,1,529,572
Kvasir-SEG,/home/samsul/Documents/Polyp Detection/kvasir-seg/images/cju6xifswvwbo0987nibtdr50.jpg,/home/samsul/Documents/Polyp Detection/kvasir-seg/masks/cju6xifswvwbo0987nibtdr50.jpg,kvasir,1,1,531,618
Kvasir-SEG,/home/samsul/Documents/Polyp Detection/kvasir-seg/images/cju8828oxnool0801qno9luhr.jpg,/home/samsul/Documents/Polyp Detection/kvasir-seg/masks/cju8828oxnool0801qno9luhr.jpg,kvasir,1,1,528,622
Kvasir-SEG,/home/samsul/Documents/Polyp Detection/kvasir-seg/images/cju2mh8t6p07008350e01tx2a.jpg,/home/samsul/Documents/Polyp Detection/kvasir-seg/masks/cju2mh8t6p07008350e01tx2a.jpg,kvasir,1,1,528,588
Kvasir-SEG,/home/samsul/Documents/Polyp Detection/kvasir-seg/images/cju7b1ygu1msd0801hywhy0mc.jpg,/home/samsul/Documents/Polyp Detection/kvasir-seg/masks/cju7b1ygu1msd0801hywhy0mc.jpg,kvasir,1,1,530,617
Kvasir-SEG,/home/samsul/Documents/Polyp Detection/kvasir-seg/images/cju85nr8elly209872w9n5m0s.jpg,/home/samsul/Documents/Polyp Detection/kvasir-seg/masks/cju85nr8elly209872w9n5m0s.jpg,kvasir,1,1,529,615
Kvasir-SEG,/home/samsul/Documents/Polyp Detection/kvasir-seg/images/cjyzufihqquiw0a46jatrbwln.jpg,/home/samsul/Documents/Polyp Detection/kvasir-seg/masks/cjyzufihqquiw0a46jatrbwln.jpg,kvasir,1,1,576,720
Kvasir-SEG,/home/samsul/Documents/Polyp Detection/kvasir-seg/images/cju5fydrud94708507vo6oy21.jpg,/home/samsul/Documents/Polyp Detection/kvasir-seg/masks/cju5fydrud94708507vo6oy21.jpg,kvasir,1,1,546,626
Kvasir-SEG,/home/samsul/Documents/Polyp Detection/kvasir-seg/images/cju85dx63lic408017f0l0400.jpg,/home/samsul/Documents/Polyp Detection/kvasir-seg/masks/cju85dx63lic408017f0l0400.jpg,kvasir,1,1,528,595
Kvasir-SEG,/home/samsul/Documents/Polyp Detection/kvasir-seg/images/cju2nbdpmlmcj0993s1cht0dz.jpg,/home/samsul/Documents/Polyp Detection/kvasir-seg/masks/cju2nbdpmlmcj0993s1cht0dz.jpg,kvasir,1,1,530,584
Kvasir-SEG,/home/samsul/Documents/Polyp Detection/kvasir-seg/images/cju17x0j4nfc10993y31pvlgs.jpg,/home/samsul/Documents/Polyp Detection/kvasir-seg/masks/cju17x0j4nfc10993y31pvlgs.jpg,kvasir,1,1,526,459
Kvasir-SEG,/home/samsul/Documents/Polyp Detection/kvasir-seg/images/cju7dsrtb2f8i085064kwugfk.jpg,/home/samsul/Documents/Polyp Detection/kvasir-seg/masks/cju7dsrtb2f8i085064kwugfk.jpg,kvasir,1,1,530,584
Kvasir-SEG,/home/samsul/Documents/Polyp Detection/kvasir-seg/images/cju1c3218411b08014g9f6gig.jpg,/home/samsul/Documents/Polyp Detection/kvasir-seg/masks/cju1c3218411b08014g9f6gig.jpg,kvasir,1,1,546,626
Kvasir-SEG,/home/samsul/Documents/Polyp Detection/kvasir-seg/images/cju0sxqiclckk08551ycbwhno.jpg,/home/samsul/Documents/Polyp Detection/kvasir-seg/masks/cju0sxqiclckk08551ycbwhno.jpg,kvasir,1,1,531,570
Kvasir-SEG,/home/samsul/Documents/Polyp Detection/kvasir-seg/images/cju8dpa89u6l80818dj6lldh9.jpg,/home/samsul/Documents/Polyp Detection/kvasir-seg/masks/cju8dpa89u6l80818dj6lldh9.jpg,kvasir,1,1,529,623
Kvasir-SEG,/home/samsul/Documents/Polyp Detection/kvasir-seg/images/cju87q6yoneim0871dl4phvkd.jpg,/home/samsul/Documents/Polyp Detection/kvasir-seg/masks/cju87q6yoneim0871dl4phvkd.jpg,kvasir,1,1,546,626
Kvasir-SEG,/home/samsul/Documents/Polyp Detection/kvasir-seg/images/cju30ywtc0oar0835bp2en7ec.jpg,/home/samsul/Documents/Polyp Detection/kvasir-seg/masks/cju30ywtc0oar0835bp2en7ec.jpg,kvasir,1,1,1062,1348
Kvasir-SEG,/home/samsul/Documents/Polyp Detection/kvasir-seg/images/cju6x97w4vwua0850x0997r0a.jpg,/home/samsul/Documents/Polyp Detection/kvasir-seg/masks/cju6x97w4vwua0850x0997r0a.jpg,kvasir,1,1,547,626
Kvasir-SEG,/home/samsul/Documents/Polyp Detection/kvasir-seg/images/cju1c0qb4tzi308355wtsnp0y.jpg,/home/samsul/Documents/Polyp Detection/kvasir-seg/masks/cju1c0qb4tzi308355wtsnp0y.jpg,kvasir,1,1,530,622
Kvasir-SEG,/home/samsul/Documents/Polyp Detection/kvasir-seg/images/cju42g865lorv07552ytz6xxa.jpg,/home/samsul/Documents/Polyp Detection/kvasir-seg/masks/cju42g865lorv07552ytz6xxa.jpg,kvasir,1,1,527,599
Kvasir-SEG,/home/samsul/Documents/Polyp Detection/kvasir-seg/images/cju2qfie4rvz508357kad9z5o.jpg,/home/samsul/Documents/Polyp Detection/kvasir-seg/masks/cju2qfie4rvz508357kad9z5o.jpg,kvasir,1,1,529,622
Kvasir-SEG,/home/samsul/Documents/Polyp Detection/kvasir-seg/images/cju6v5ilsv8hk0850rb5sgh6o.jpg,/home/samsul/Documents/Polyp Detection/kvasir-seg/masks/cju6v5ilsv8hk0850rb5sgh6o.jpg,kvasir,1,1,530,622
Kvasir-SEG,/home/samsul/Documents/Polyp Detection/kvasir-seg/images/cju7azuu31mia0801pf9ib5ed.jpg,/home/samsul/Documents/Polyp Detection/kvasir-seg/masks/cju7azuu31mia0801pf9ib5ed.jpg,kvasir,1,1,530,605
Kvasir-SEG,/home/samsul/Documents/Polyp Detection/kvasir-seg/images/cju6wjm81vgsc0987enk9n3pr.jpg,/home/samsul/Documents/Polyp Detection/kvasir-seg/masks/cju6wjm81vgsc0987enk9n3pr.jpg,kvasir,1,1,528,623
Kvasir-SEG,/home/samsul/Documents/Polyp Detection/kvasir-seg/images/cju3y79ofj3va0871uqfb1mzo.jpg,/home/samsul/Documents/Polyp Detection/kvasir-seg/masks/cju3y79ofj3va0871uqfb1mzo.jpg,kvasir,1,1,530,598
Kvasir-SEG,/home/samsul/Documents/Polyp Detection/kvasir-seg/images/cju330ofbc2l30801th5g3hw6.jpg,/home/samsul/Documents/Polyp Detection/kvasir-seg/masks/cju330ofbc2l30801th5g3hw6.jpg,kvasir,1,1,529,495
Kvasir-SEG,/home/samsul/Documents/Polyp Detection/kvasir-seg/images/cju857ad0l88m0817qx4cwxnf.jpg,/home/samsul/Documents/Polyp Detection/kvasir-seg/masks/cju857ad0l88m0817qx4cwxnf.jpg,kvasir,1,1,529,623
Kvasir-SEG,/home/samsul/Documents/Polyp Detection/kvasir-seg/images/cju18gzrq18zw0878wbf4ftw6.jpg,/home/samsul/Documents/Polyp Detection/kvasir-seg/masks/cju18gzrq18zw0878wbf4ftw6.jpg,kvasir,1,1,546,626
Kvasir-SEG,/home/samsul/Documents/Polyp Detection/kvasir-seg/images/cjyzjzssvd8pq0838f4nolj5l.jpg,/home/samsul/Documents/Polyp Detection/kvasir-seg/masks/cjyzjzssvd8pq0838f4nolj5l.jpg,kvasir,1,1,576,720
Kvasir-SEG,/home/samsul/Documents/Polyp Detection/kvasir-seg/images/cju7aez2x1jtj0871ztezs3oi.jpg,/home/samsul/Documents/Polyp Detection/kvasir-seg/masks/cju7aez2x1jtj0871ztezs3oi.jpg,kvasir,1,1,510,621
Kvasir-SEG,/home/samsul/Documents/Polyp Detection/kvasir-seg/images/cju6v1m1xv07w09870ah3njy1.jpg,/home/samsul/Documents/Polyp Detection/kvasir-seg/masks/cju6v1m1xv07w09870ah3njy1.jpg,kvasir,2,1,530,565
Kvasir-SEG,/home/samsul/Documents/Polyp Detection/kvasir-seg/images/cju3uwz6ogsp10801h2r3bj5l.jpg,/home/samsul/Documents/Polyp Detection/kvasir-seg/masks/cju3uwz6ogsp10801h2r3bj5l.jpg,kvasir,1,1,531,622
Kvasir-SEG,/home/samsul/Documents/Polyp Detection/kvasir-seg/images/cju34aozyyy830993bn16u32n.jpg,/home/samsul/Documents/Polyp Detection/kvasir-seg/masks/cju34aozyyy830993bn16u32n.jpg,kvasir,1,1,530,609
Kvasir-SEG,/home/samsul/Documents/Polyp Detection/kvasir-seg/images/cju3xl264ingx0850rcf0rshj.jpg,/home/samsul/Documents/Polyp Detection/kvasir-seg/masks/cju3xl264ingx0850rcf0rshj.jpg,kvasir,1,1,531,622
Kvasir-SEG,/home/samsul/Documents/Polyp Detection/kvasir-seg/images/cju175facms5f0993a5tjikvt.jpg,/home/samsul/Documents/Polyp Detection/kvasir-seg/masks/cju175facms5f0993a5tjikvt.jpg,kvasir,1,1,528,621
Kvasir-SEG,/home/samsul/Documents/Polyp Detection/kvasir-seg/images/cju7ezs7g2mxm098787atbran.jpg,/home/samsul/Documents/Polyp Detection/kvasir-seg/masks/cju7ezs7g2mxm098787atbran.jpg,kvasir,1,1,530,622
Kvasir-SEG,/home/samsul/Documents/Polyp Detection/kvasir-seg/images/cju5thdbrjp1108715xdfx356.jpg,/home/samsul/Documents/Polyp Detection/kvasir-seg/masks/cju5thdbrjp1108715xdfx356.jpg,kvasir,1,1,530,622
Kvasir-SEG,/home/samsul/Documents/Polyp Detection/kvasir-seg/images/cju2nnqrqzp580855z8mhzgd6.jpg,/home/samsul/Documents/Polyp Detection/kvasir-seg/masks/cju2nnqrqzp580855z8mhzgd6.jpg,kvasir,1,1,518,569
Kvasir-SEG,/home/samsul/Documents/Polyp Detection/kvasir-seg/images/cju0qkwl35piu0993l0dewei2.jpg,/home/samsul/Documents/Polyp Detection/kvasir-seg/masks/cju0qkwl35piu0993l0dewei2.jpg,kvasir,1,1,529,622
Kvasir-SEG,/home/samsul/Documents/Polyp Detection/kvasir-seg/images/cju5eyfe9cpk90987laa7tsl3.jpg,/home/samsul/Documents/Polyp Detection/kvasir-seg/masks/cju5eyfe9cpk90987laa7tsl3.jpg,kvasir,1,1,530,622
Kvasir-SEG,/home/samsul/Documents/Polyp Detection/kvasir-seg/images/cju6z600qwh4z081700qimgl9.jpg,/home/samsul/Documents/Polyp Detection/kvasir-seg/masks/cju6z600qwh4z081700qimgl9.jpg,kvasir,1,1,530,612
Kvasir-SEG,/home/samsul/Documents/Polyp Detection/kvasir-seg/images/cju30u1hbakn808019g15nb8b.jpg,/home/samsul/Documents/Polyp Detection/kvasir-seg/masks/cju30u1hbakn808019g15nb8b.jpg,kvasir,1,1,528,510
Kvasir-SEG,/home/samsul/Documents/Polyp Detection/kvasir-seg/images/cju7fbndk2sl608015ravktum.jpg,/home/samsul/Documents/Polyp Detection/kvasir-seg/masks/cju7fbndk2sl608015ravktum.jpg,kvasir,1,1,530,569
Kvasir-SEG,/home/samsul/Documents/Polyp Detection/kvasir-seg/images/cju40u30gkuzc0871rq7t666d.jpg,/home/samsul/Documents/Polyp Detection/kvasir-seg/masks/cju40u30gkuzc0871rq7t666d.jpg,kvasir,1,1,546,626
Kvasir-SEG,/home/samsul/Documents/Polyp Detection/kvasir-seg/images/cju77idwfz36d0871tzfzz51i.jpg,/home/samsul/Documents/Polyp Detection/kvasir-seg/masks/cju77idwfz36d0871tzfzz51i.jpg,kvasir,1,1,528,605
Kvasir-SEG,/home/samsul/Documents/Polyp Detection/kvasir-seg/images/cju85omszllp30850b6rm9mi3.jpg,/home/samsul/Documents/Polyp Detection/kvasir-seg/masks/cju85omszllp30850b6rm9mi3.jpg,kvasir,1,1,531,622
Kvasir-SEG,/home/samsul/Documents/Polyp Detection/kvasir-seg/images/cju8bw697rwg308177tg8huas.jpg,/home/samsul/Documents/Polyp Detection/kvasir-seg/masks/cju8bw697rwg308177tg8huas.jpg,kvasir,1,1,531,581
Kvasir-SEG,/home/samsul/Documents/Polyp Detection/kvasir-seg/images/cju785htizjzo08017tvlhtg4.jpg,/home/samsul/Documents/Polyp Detection/kvasir-seg/masks/cju785htizjzo08017tvlhtg4.jpg,kvasir,1,1,530,546
Kvasir-SEG,/home/samsul/Documents/Polyp Detection/kvasir-seg/images/cju77b3wyz4160755qis4ljsb.jpg,/home/samsul/Documents/Polyp Detection/kvasir-seg/masks/cju77b3wyz4160755qis4ljsb.jpg,kvasir,1,1,530,571
Kvasir-SEG,/home/samsul/Documents/Polyp Detection/kvasir-seg/images/cju8dm2cau2km0818jsv9eeq2.jpg,/home/samsul/Documents/Polyp Detection/kvasir-seg/masks/cju8dm2cau2km0818jsv9eeq2.jpg,kvasir,1,1,547,626
Kvasir-SEG,/home/samsul/Documents/Polyp Detection/kvasir-seg/images/cju7bfx651qr80801cs7epotb.jpg,/home/samsul/Documents/Polyp Detection/kvasir-seg/masks/cju7bfx651qr80801cs7epotb.jpg,kvasir,1,1,528,622
Kvasir-SEG,/home/samsul/Documents/Polyp Detection/kvasir-seg/images/cju5f26ebcuai0818xlwh6116.jpg,/home/samsul/Documents/Polyp Detection/kvasir-seg/masks/cju5f26ebcuai0818xlwh6116.jpg,kvasir,1,1,546,598
Kvasir-SEG,/home/samsul/Documents/Polyp Detection/kvasir-seg/images/cju7dp3dw2k4n0755zhe003ad.jpg,/home/samsul/Documents/Polyp Detection/kvasir-seg/masks/cju7dp3dw2k4n0755zhe003ad.jpg,kvasir,1,1,546,626
Kvasir-SEG,/home/samsul/Documents/Polyp Detection/kvasir-seg/images/cju43gfosm63n08714rpih8pe.jpg,/home/samsul/Documents/Polyp Detection/kvasir-seg/masks/cju43gfosm63n08714rpih8pe.jpg,kvasir,1,1,530,622
Kvasir-SEG,/home/samsul/Documents/Polyp Detection/kvasir-seg/images/cju7dn24o296i09871qfxb8s2.jpg,/home/samsul/Documents/Polyp Detection/kvasir-seg/masks/cju7dn24o296i09871qfxb8s2.jpg,kvasir,1,1,547,626
Kvasir-SEG,/home/samsul/Documents/Polyp Detection/kvasir-seg/images/cju3yht87j83m08507yk1u1fg.jpg,/home/samsul/Documents/Polyp Detection/kvasir-seg/masks/cju3yht87j83m08507yk1u1fg.jpg,kvasir,1,1,530,570
Kvasir-SEG,/home/samsul/Documents/Polyp Detection/kvasir-seg/images/cju300m3s04fg0988uzupuf7z.jpg,/home/samsul/Documents/Polyp Detection/kvasir-seg/masks/cju300m3s04fg0988uzupuf7z.jpg,kvasir,1,1,529,622
Kvasir-SEG,/home/samsul/Documents/Polyp Detection/kvasir-seg/images/cju773hsyyosz0817pk1e7sjq.jpg,/home/samsul/Documents/Polyp Detection/kvasir-seg/masks/cju773hsyyosz0817pk1e7sjq.jpg,kvasir,1,1,530,618
Kvasir-SEG,/home/samsul/Documents/Polyp Detection/kvasir-seg/images/cju84jdl9kv0i0871eog9b3i9.jpg,/home/samsul/Documents/Polyp Detection/kvasir-seg/masks/cju84jdl9kv0i0871eog9b3i9.jpg,kvasir,1,1,1070,1348
Kvasir-SEG,/home/samsul/Documents/Polyp Detection/kvasir-seg/images/cju3xwpgviwlx0871rwm15q7v.jpg,/home/samsul/Documents/Polyp Detection/kvasir-seg/masks/cju3xwpgviwlx0871rwm15q7v.jpg,kvasir,1,1,547,626
Kvasir-SEG,/home/samsul/Documents/Polyp Detection/kvasir-seg/images/cju87zv8lni0o0850hbbecbq6.jpg,/home/samsul/Documents/Polyp Detection/kvasir-seg/masks/cju87zv8lni0o0850hbbecbq6.jpg,kvasir,1,1,528,622
Kvasir-SEG,/home/samsul/Documents/Polyp Detection/kvasir-seg/images/cju1egx9pvz2n0988eoy8jp23.jpg,/home/samsul/Documents/Polyp Detection/kvasir-seg/masks/cju1egx9pvz2n0988eoy8jp23.jpg,kvasir,1,1,529,622
Kvasir-SEG,/home/samsul/Documents/Polyp Detection/kvasir-seg/images/cju6v4szov55u0871qmqz3v8n.jpg,/home/samsul/Documents/Polyp Detection/kvasir-seg/masks/cju6v4szov55u0871qmqz3v8n.jpg,kvasir,1,1,523,370
Kvasir-SEG,/home/samsul/Documents/Polyp Detection/kvasir-seg/images/cju2ulk385h170799rlklxob0.jpg,/home/samsul/Documents/Polyp Detection/kvasir-seg/masks/cju2ulk385h170799rlklxob0.jpg,kvasir,1,1,528,596
Kvasir-SEG,/home/samsul/Documents/Polyp Detection/kvasir-seg/images/cju6wn57mvooj0850rp78hhy7.jpg,/home/samsul/Documents/Polyp Detection/kvasir-seg/masks/cju6wn57mvooj0850rp78hhy7.jpg,kvasir,1,1,531,622
Kvasir-SEG,/home/samsul/Documents/Polyp Detection/kvasir-seg/images/cju30525w04r10835ygp257sb.jpg,/home/samsul/Documents/Polyp Detection/kvasir-seg/masks/cju30525w04r10835ygp257sb.jpg,kvasir,1,1,530,622
Kvasir-SEG,/home/samsul/Documents/Polyp Detection/kvasir-seg/images/cju357rxxdaz30878y2esjpjt.jpg,/home/samsul/Documents/Polyp Detection/kvasir-seg/masks/cju357rxxdaz30878y2esjpjt.jpg,kvasir,1,1,531,558
Kvasir-SEG,/home/samsul/Documents/Polyp Detection/kvasir-seg/images/cju41z76wlgbz0801qdetlvby.jpg,/home/samsul/Documents/Polyp Detection/kvasir-seg/masks/cju41z76wlgbz0801qdetlvby.jpg,kvasir,1,1,421,592
Kvasir-SEG,/home/samsul/Documents/Polyp Detection/kvasir-seg/images/cju7awzmu1ncs0871hziy65zx.jpg,/home/samsul/Documents/Polyp Detection/kvasir-seg/masks/cju7awzmu1ncs0871hziy65zx.jpg,kvasir,1,1,527,592
Kvasir-SEG,/home/samsul/Documents/Polyp Detection/kvasir-seg/images/cju87kbcen2av0987usezo8kn.jpg,/home/samsul/Documents/Polyp Detection/kvasir-seg/masks/cju87kbcen2av0987usezo8kn.jpg,kvasir,2,1,530,591
Kvasir-SEG,/home/samsul/Documents/Polyp Detection/kvasir-seg/images/cju5fu081d8gc0818l3yylujk.jpg,/home/samsul/Documents/Polyp Detection/kvasir-seg/masks/cju5fu081d8gc0818l3yylujk.jpg,kvasir,1,1,531,570
Kvasir-SEG,/home/samsul/Documents/Polyp Detection/kvasir-seg/images/cju76o55nymqd0871h31sph9w.jpg,/home/samsul/Documents/Polyp Detection/kvasir-seg/masks/cju76o55nymqd0871h31sph9w.jpg,kvasir,1,1,529,600
Kvasir-SEG,/home/samsul/Documents/Polyp Detection/kvasir-seg/images/cju2rz4k434s70855wwx3ddtx.jpg,/home/samsul/Documents/Polyp Detection/kvasir-seg/masks/cju2rz4k434s70855wwx3ddtx.jpg,kvasir,2,1,530,612
Kvasir-SEG,/home/samsul/Documents/Polyp Detection/kvasir-seg/images/cju8a56vxpy780850r45yu4wk.jpg,/home/samsul/Documents/Polyp Detection/kvasir-seg/masks/cju8a56vxpy780850r45yu4wk.jpg,kvasir,1,1,530,584
Kvasir-SEG,/home/samsul/Documents/Polyp Detection/kvasir-seg/images/cju5eftctcdbj08712gdp989f.jpg,/home/samsul/Documents/Polyp Detection/kvasir-seg/masks/cju5eftctcdbj08712gdp989f.jpg,kvasir,1,1,530,605
Kvasir-SEG,/home/samsul/Documents/Polyp Detection/kvasir-seg/images/cju5y7buemcw80987p0r30g9f.jpg,/home/samsul/Documents/Polyp Detection/kvasir-seg/masks/cju5y7buemcw80987p0r30g9f.jpg,kvasir,1,1,530,589
Kvasir-SEG,/home/samsul/Documents/Polyp Detection/kvasir-seg/images/cju1fj6axwfp30835ukhuzhw9.jpg,/home/samsul/Documents/Polyp Detection/kvasir-seg/masks/cju1fj6axwfp30835ukhuzhw9.jpg,kvasir,1,1,547,576
Kvasir-SEG,/home/samsul/Documents/Polyp Detection/kvasir-seg/images/cju5bwhapakm90987c1v4z46a.jpg,/home/samsul/Documents/Polyp Detection/kvasir-seg/masks/cju5bwhapakm90987c1v4z46a.jpg,kvasir,1,1,529,622
Kvasir-SEG,/home/samsul/Documents/Polyp Detection/kvasir-seg/images/cju40taxlkrho0987smigg0x0.jpg,/home/samsul/Documents/Polyp Detection/kvasir-seg/masks/cju40taxlkrho0987smigg0x0.jpg,kvasir,1,1,393,622
Kvasir-SEG,/home/samsul/Documents/Polyp Detection/kvasir-seg/images/cju8ceacrsqkr0755hdz145es.jpg,/home/samsul/Documents/Polyp Detection/kvasir-seg/masks/cju8ceacrsqkr0755hdz145es.jpg,kvasir,1,1,492,566
Kvasir-SEG,/home/samsul/Documents/Polyp Detection/kvasir-seg/images/cju8cbsyssiqj0871gr4jedjp.jpg,/home/samsul/Documents/Polyp Detection/kvasir-seg/masks/cju8cbsyssiqj0871gr4jedjp.jpg,kvasir,1,1,531,571
Kvasir-SEG,/home/samsul/Documents/Polyp Detection/kvasir-seg/images/cju0roawvklrq0799vmjorwfv.jpg,/home/samsul/Documents/Polyp Detection/kvasir-seg/masks/cju0roawvklrq0799vmjorwfv.jpg,kvasir,2,1,528,622
Kvasir-SEG,/home/samsul/Documents/Polyp Detection/kvasir-seg/images/cju8brv16rx7f0818uf5n89pv.jpg,/home/samsul/Documents/Polyp Detection/kvasir-seg/masks/cju8brv16rx7f0818uf5n89pv.jpg,kvasir,1,1,529,622
Kvasir-SEG,/home/samsul/Documents/Polyp Detection/kvasir-seg/images/cju1cfhyg48bb0799cl5pr2jh.jpg,/home/samsul/Documents/Polyp Detection/kvasir-seg/masks/cju1cfhyg48bb0799cl5pr2jh.jpg,kvasir,1,1,547,626
Kvasir-SEG,/home/samsul/Documents/Polyp Detection/kvasir-seg/images/cju3521y5d5mq0878t3ezsu4p.jpg,/home/samsul/Documents/Polyp Detection/kvasir-seg/masks/cju3521y5d5mq0878t3ezsu4p.jpg,kvasir,1,1,530,622
Kvasir-SEG,/home/samsul/Documents/Polyp Detection/kvasir-seg/images/cju2xs6na81t20878pt6nkfip.jpg,/home/samsul/Documents/Polyp Detection/kvasir-seg/masks/cju2xs6na81t20878pt6nkfip.jpg,kvasir,1,1,531,570
Kvasir-SEG,/home/samsul/Documents/Polyp Detection/kvasir-seg/images/cju35atpxdjot0855q46aqrd0.jpg,/home/samsul/Documents/Polyp Detection/kvasir-seg/masks/cju35atpxdjot0855q46aqrd0.jpg,kvasir,1,1,546,626
Kvasir-SEG,/home/samsul/Documents/Polyp Detection/kvasir-seg/images/cju85ia1slh220987y7c20sm2.jpg,/home/samsul/Documents/Polyp Detection/kvasir-seg/masks/cju85ia1slh220987y7c20sm2.jpg,kvasir,1,1,528,622
Kvasir-SEG,/home/samsul/Documents/Polyp Detection/kvasir-seg/images/cju7fen322ou10817ziqkob4k.jpg,/home/samsul/Documents/Polyp Detection/kvasir-seg/masks/cju7fen322ou10817ziqkob4k.jpg,kvasir,3,1,528,622
Kvasir-SEG,/home/samsul/Documents/Polyp Detection/kvasir-seg/images/cju7fq7mm2pw508176uk5ugtx.jpg,/home/samsul/Documents/Polyp Detection/kvasir-seg/masks/cju7fq7mm2pw508176uk5ugtx.jpg,kvasir,1,1,506,571
Kvasir-SEG,/home/samsul/Documents/Polyp Detection/kvasir-seg/images/cju7epwj82koz098713apjnzo.jpg,/home/samsul/Documents/Polyp Detection/kvasir-seg/masks/cju7epwj82koz098713apjnzo.jpg,kvasir,1,1,528,622
Kvasir-SEG,/home/samsul/Documents/Polyp Detection/kvasir-seg/images/cju1fr4etsmrr09933u4t4aql.jpg,/home/samsul/Documents/Polyp Detection/kvasir-seg/masks/cju1fr4etsmrr09933u4t4aql.jpg,kvasir,1,1,521,570
Kvasir-SEG,/home/samsul/Documents/Polyp Detection/kvasir-seg/images/cju5hl8nee8a40755fm8qjj0o.jpg,/home/samsul/Documents/Polyp Detection/kvasir-seg/masks/cju5hl8nee8a40755fm8qjj0o.jpg,kvasir,1,1,531,617
Kvasir-SEG,/home/samsul/Documents/Polyp Detection/kvasir-seg/images/cju7el6xv2k520817qxx9wdr5.jpg,/home/samsul/Documents/Polyp Detection/kvasir-seg/masks/cju7el6xv2k520817qxx9wdr5.jpg,kvasir,1,1,546,626
Kvasir-SEG,/home/samsul/Documents/Polyp Detection/kvasir-seg/images/cju5vwbr4lhqn0987a1pji0ux.jpg,/home/samsul/Documents/Polyp Detection/kvasir-seg/masks/cju5vwbr4lhqn0987a1pji0ux.jpg,kvasir,1,1,530,570
Kvasir-SEG,/home/samsul/Documents/Polyp Detection/kvasir-seg/images/cju0s2a9ekvms080138tjjpxr.jpg,/home/samsul/Documents/Polyp Detection/kvasir-seg/masks/cju0s2a9ekvms080138tjjpxr.jpg,kvasir,1,1,547,626
Kvasir-SEG,/home/samsul/Documents/Polyp Detection/kvasir-seg/images/cju2rqo702wpx0855fn7d5cxh.jpg,/home/samsul/Documents/Polyp Detection/kvasir-seg/masks/cju2rqo702wpx0855fn7d5cxh.jpg,kvasir,1,1,529,621
Kvasir-SEG,/home/samsul/Documents/Polyp Detection/kvasir-seg/images/cju2i03ptvkiu0799xbbd4det.jpg,/home/samsul/Documents/Polyp Detection/kvasir-seg/masks/cju2i03ptvkiu0799xbbd4det.jpg,kvasir,1,1,528,600
Kvasir-SEG,/home/samsul/Documents/Polyp Detection/kvasir-seg/images/cjyzkpsbjdsjq07211dfi4sru.jpg,/home/samsul/Documents/Polyp Detection/kvasir-seg/masks/cjyzkpsbjdsjq07211dfi4sru.jpg,kvasir,1,1,576,720
Kvasir-SEG,/home/samsul/Documents/Polyp Detection/kvasir-seg/images/cju7ff97z2ow40817u2r83my5.jpg,/home/samsul/Documents/Polyp Detection/kvasir-seg/masks/cju7ff97z2ow40817u2r83my5.jpg,kvasir,1,1,529,622
Kvasir-SEG,/home/samsul/Documents/Polyp Detection/kvasir-seg/images/cju3v3ac9gyz30755hfqwyp1i.jpg,/home/samsul/Documents/Polyp Detection/kvasir-seg/masks/cju3v3ac9gyz30755hfqwyp1i.jpg,kvasir,1,1,530,578
Kvasir-SEG,/home/samsul/Documents/Polyp Detection/kvasir-seg/images/cju1cnnziug1l0835yh4ropyg.jpg,/home/samsul/Documents/Polyp Detection/kvasir-seg/masks/cju1cnnziug1l0835yh4ropyg.jpg,kvasir,1,1,531,570
Kvasir-SEG,/home/samsul/Documents/Polyp Detection/kvasir-seg/images/cju85citjlnfm0755i4rk5tqj.jpg,/home/samsul/Documents/Polyp Detection/kvasir-seg/masks/cju85citjlnfm0755i4rk5tqj.jpg,kvasir,1,1,547,623
Kvasir-SEG,/home/samsul/Documents/Polyp Detection/kvasir-seg/images/cju0s690hkp960855tjuaqvv0.jpg,/home/samsul/Documents/Polyp Detection/kvasir-seg/masks/cju0s690hkp960855tjuaqvv0.jpg,kvasir,1,1,530,621
Kvasir-SEG,/home/samsul/Documents/Polyp Detection/kvasir-seg/images/cju7afqon1ip40850ue2308b6.jpg,/home/samsul/Documents/Polyp Detection/kvasir-seg/masks/cju7afqon1ip40850ue2308b6.jpg,kvasir,1,1,528,617
Kvasir-SEG,/home/samsul/Documents/Polyp Detection/kvasir-seg/images/cju3xvoo2iqlc0817eku2r3wl.jpg,/home/samsul/Documents/Polyp Detection/kvasir-seg/masks/cju3xvoo2iqlc0817eku2r3wl.jpg,kvasir,1,1,530,446
Kvasir-SEG,/home/samsul/Documents/Polyp Detection/kvasir-seg/images/cju430pm2lz0y0755jkhcc3d1.jpg,/home/samsul/Documents/Polyp Detection/kvasir-seg/masks/cju430pm2lz0y0755jkhcc3d1.jpg,kvasir,2,1,547,626
Kvasir-SEG,/home/samsul/Documents/Polyp Detection/kvasir-seg/images/cju16jgnyzp970878melv7r25.jpg,/home/samsul/Documents/Polyp Detection/kvasir-seg/masks/cju16jgnyzp970878melv7r25.jpg,kvasir,1,1,529,560
Kvasir-SEG,/home/samsul/Documents/Polyp Detection/kvasir-seg/images/cju2rpa30t07b0835im0erql0.jpg,/home/samsul/Documents/Polyp Detection/kvasir-seg/masks/cju2rpa30t07b0835im0erql0.jpg,kvasir,1,1,529,621
Kvasir-SEG,/home/samsul/Documents/Polyp Detection/kvasir-seg/images/cju7fpfzq2wyf0818xxd1oziv.jpg,/home/samsul/Documents/Polyp Detection/kvasir-seg/masks/cju7fpfzq2wyf0818xxd1oziv.jpg,kvasir,1,1,530,570
Kvasir-SEG,/home/samsul/Documents/Polyp Detection/kvasir-seg/images/cju1gv7106qd008784gk603mg.jpg,/home/samsul/Documents/Polyp Detection/kvasir-seg/masks/cju1gv7106qd008784gk603mg.jpg,kvasir,1,1,531,622
Kvasir-SEG,/home/samsul/Documents/Polyp Detection/kvasir-seg/images/cju302fqq9spc0878rrygyzzz.jpg,/home/samsul/Documents/Polyp Detection/kvasir-seg/masks/cju302fqq9spc0878rrygyzzz.jpg,kvasir,1,1,528,592
Kvasir-SEG,/home/samsul/Documents/Polyp Detection/kvasir-seg/images/cju2u4pymvc720988wsxrmi84.jpg,/home/samsul/Documents/Polyp Detection/kvasir-seg/masks/cju2u4pymvc720988wsxrmi84.jpg,kvasir,1,1,530,541
Kvasir-SEG,/home/samsul/Documents/Polyp Detection/kvasir-seg/images/cju8c82iosagu0817l74s4m5g.jpg,/home/samsul/Documents/Polyp Detection/kvasir-seg/masks/cju8c82iosagu0817l74s4m5g.jpg,kvasir,1,1,547,626
Kvasir-SEG,/home/samsul/Documents/Polyp Detection/kvasir-seg/images/cju85c2d4ln1b0755zz1z3onx.jpg,/home/samsul/Documents/Polyp Detection/kvasir-seg/masks/cju85c2d4ln1b0755zz1z3onx.jpg,kvasir,1,1,531,599
Kvasir-SEG,/home/samsul/Documents/Polyp Detection/kvasir-seg/images/cju439oazm2fu0871ma0vvrft.jpg,/home/samsul/Documents/Polyp Detection/kvasir-seg/masks/cju439oazm2fu0871ma0vvrft.jpg,kvasir,1,1,531,622
Kvasir-SEG,/home/samsul/Documents/Polyp Detection/kvasir-seg/images/cju5yhgznmkzb0801cji2vi8j.jpg,/home/samsul/Documents/Polyp Detection/kvasir-seg/masks/cju5yhgznmkzb0801cji2vi8j.jpg,kvasir,1,1,529,568
Kvasir-SEG,/home/samsul/Documents/Polyp Detection/kvasir-seg/images/cju2yb31a8e8u0878wdashg7o.jpg,/home/samsul/Documents/Polyp Detection/kvasir-seg/masks/cju2yb31a8e8u0878wdashg7o.jpg,kvasir,1,1,531,621
Kvasir-SEG,/home/samsul/Documents/Polyp Detection/kvasir-seg/images/cju7fazv92ywx0755xov2erga.jpg,/home/samsul/Documents/Polyp Detection/kvasir-seg/masks/cju7fazv92ywx0755xov2erga.jpg,kvasir,1,1,528,605
Kvasir-SEG,/home/samsul/Documents/Polyp Detection/kvasir-seg/images/cju1aqqv02qwz0878a5cyhr67.jpg,/home/samsul/Documents/Polyp Detection/kvasir-seg/masks/cju1aqqv02qwz0878a5cyhr67.jpg,kvasir,1,1,547,626
Kvasir-SEG,/home/samsul/Documents/Polyp Detection/kvasir-seg/images/cju7f4sc62xqj075597xpmuoy.jpg,/home/samsul/Documents/Polyp Detection/kvasir-seg/masks/cju7f4sc62xqj075597xpmuoy.jpg,kvasir,1,1,547,626
Kvasir-SEG,/home/samsul/Documents/Polyp Detection/kvasir-seg/images/cju31w6goazci0799n014ly1q.jpg,/home/samsul/Documents/Polyp Detection/kvasir-seg/masks/cju31w6goazci0799n014ly1q.jpg,kvasir,1,1,547,627
Kvasir-SEG,/home/samsul/Documents/Polyp Detection/kvasir-seg/images/cju76lsehyia10987u54vn8rb.jpg,/home/samsul/Documents/Polyp Detection/kvasir-seg/masks/cju76lsehyia10987u54vn8rb.jpg,kvasir,1,1,546,622
Kvasir-SEG,/home/samsul/Documents/Polyp Detection/kvasir-seg/images/cju6z2616wqbk07555bvnuyr1.jpg,/home/samsul/Documents/Polyp Detection/kvasir-seg/masks/cju6z2616wqbk07555bvnuyr1.jpg,kvasir,1,1,531,554
Kvasir-SEG,/home/samsul/Documents/Polyp Detection/kvasir-seg/images/cju2srvy5440s0801y1ba9akr.jpg,/home/samsul/Documents/Polyp Detection/kvasir-seg/masks/cju2srvy5440s0801y1ba9akr.jpg,kvasir,1,1,528,622
Kvasir-SEG,/home/samsul/Documents/Polyp Detection/kvasir-seg/images/cju32pzh9bpw10855q4vaxfhe.jpg,/home/samsul/Documents/Polyp Detection/kvasir-seg/masks/cju32pzh9bpw10855q4vaxfhe.jpg,kvasir,1,1,546,621
Kvasir-SEG,/home/samsul/Documents/Polyp Detection/kvasir-seg/images/cju7emdni2py40871ivhxjtut.jpg,/home/samsul/Documents/Polyp Detection/kvasir-seg/masks/cju7emdni2py40871ivhxjtut.jpg,kvasir,1,1,529,622
Kvasir-SEG,/home/samsul/Documents/Polyp Detection/kvasir-seg/images/cju1871y11d6r0799k6cw4yze.jpg,/home/samsul/Documents/Polyp Detection/kvasir-seg/masks/cju1871y11d6r0799k6cw4yze.jpg,kvasir,1,1,531,480
Kvasir-SEG,/home/samsul/Documents/Polyp Detection/kvasir-seg/images/cju5ht88gedbu0755xrcuddcx.jpg,/home/samsul/Documents/Polyp Detection/kvasir-seg/masks/cju5ht88gedbu0755xrcuddcx.jpg,kvasir,1,1,547,619
Kvasir-SEG,/home/samsul/Documents/Polyp Detection/kvasir-seg/images/cju6yxyt0wh080871sqpepu47.jpg,/home/samsul/Documents/Polyp Detection/kvasir-seg/masks/cju6yxyt0wh080871sqpepu47.jpg,kvasir,1,1,528,616
Kvasir-SEG,/home/samsul/Documents/Polyp Detection/kvasir-seg/images/cju3tsh4lfsok0987w6x3a0v1.jpg,/home/samsul/Documents/Polyp Detection/kvasir-seg/masks/cju3tsh4lfsok0987w6x3a0v1.jpg,kvasir,1,1,530,622
Kvasir-SEG,/home/samsul/Documents/Polyp Detection/kvasir-seg/images/cju0qoxqj9q6s0835b43399p4.jpg,/home/samsul/Documents/Polyp Detection/kvasir-seg/masks/cju0qoxqj9q6s0835b43399p4.jpg,kvasir,1,1,1070,1348
Kvasir-SEG,/home/samsul/Documents/Polyp Detection/kvasir-seg/images/cjyzuio1qgh040763k56deohv.jpg,/home/samsul/Documents/Polyp Detection/kvasir-seg/masks/cjyzuio1qgh040763k56deohv.jpg,kvasir,1,1,576,720
Kvasir-SEG,/home/samsul/Documents/Polyp Detection/kvasir-seg/images/cju1euant5l960878iqj5vvto.jpg,/home/samsul/Documents/Polyp Detection/kvasir-seg/masks/cju1euant5l960878iqj5vvto.jpg,kvasir,1,1,531,622
Kvasir-SEG,/home/samsul/Documents/Polyp Detection/kvasir-seg/images/cju2zr3c3vwb00993jn06bbaz.jpg,/home/samsul/Documents/Polyp Detection/kvasir-seg/masks/cju2zr3c3vwb00993jn06bbaz.jpg,kvasir,1,1,531,575
Kvasir-SEG,/home/samsul/Documents/Polyp Detection/kvasir-seg/images/cju45lbgznahl08180xz1h7u6.jpg,/home/samsul/Documents/Polyp Detection/kvasir-seg/masks/cju45lbgznahl08180xz1h7u6.jpg,kvasir,1,1,527,622
Kvasir-SEG,/home/samsul/Documents/Polyp Detection/kvasir-seg/images/cju3ykamdj9u208503pygyuc8.jpg,/home/samsul/Documents/Polyp Detection/kvasir-seg/masks/cju3ykamdj9u208503pygyuc8.jpg,kvasir,2,1,1010,1220
Kvasir-SEG,/home/samsul/Documents/Polyp Detection/kvasir-seg/images/cju5ccpvqash50850kb4bs22k.jpg,/home/samsul/Documents/Polyp Detection/kvasir-seg/masks/cju5ccpvqash50850kb4bs22k.jpg,kvasir,1,1,482,592
Kvasir-SEG,/home/samsul/Documents/Polyp Detection/kvasir-seg/images/cju45jpvfn6c809873pv1i34s.jpg,/home/samsul/Documents/Polyp Detection/kvasir-seg/masks/cju45jpvfn6c809873pv1i34s.jpg,kvasir,1,1,530,593
Kvasir-SEG,/home/samsul/Documents/Polyp Detection/kvasir-seg/images/cju5knbbqfipk080128cggukq.jpg,/home/samsul/Documents/Polyp Detection/kvasir-seg/masks/cju5knbbqfipk080128cggukq.jpg,kvasir,1,1,529,597
Kvasir-SEG,/home/samsul/Documents/Polyp Detection/kvasir-seg/images/cju34ouumcznz07996gg1xq7v.jpg,/home/samsul/Documents/Polyp Detection/kvasir-seg/masks/cju34ouumcznz07996gg1xq7v.jpg,kvasir,1,1,547,626
Kvasir-SEG,/home/samsul/Documents/Polyp Detection/kvasir-seg/images/cju2nguelpmlj0835rojdn097.jpg,/home/samsul/Documents/Polyp Detection/kvasir-seg/masks/cju2nguelpmlj0835rojdn097.jpg,kvasir,1,1,529,591
Kvasir-SEG,/home/samsul/Documents/Polyp Detection/kvasir-seg/images/cju2nfnvxzdkd0878399axlco.jpg,/home/samsul/Documents/Polyp Detection/kvasir-seg/masks/cju2nfnvxzdkd0878399axlco.jpg,kvasir,1,1,546,598
Kvasir-SEG,/home/samsul/Documents/Polyp Detection/kvasir-seg/images/cju5f0dezct4q08183ydw11dx.jpg,/home/samsul/Documents/Polyp Detection/kvasir-seg/masks/cju5f0dezct4q08183ydw11dx.jpg,kvasir,1,1,546,626
Kvasir-SEG,/home/samsul/Documents/Polyp Detection/kvasir-seg/images/cju5ft6mcd5q40987rhjgbrr6.jpg,/home/samsul/Documents/Polyp Detection/kvasir-seg/masks/cju5ft6mcd5q40987rhjgbrr6.jpg,kvasir,1,1,530,622
Kvasir-SEG,/home/samsul/Documents/Polyp Detection/kvasir-seg/images/cju87z6o6nh73085045bzsx6o.jpg,/home/samsul/Documents/Polyp Detection/kvasir-seg/masks/cju87z6o6nh73085045bzsx6o.jpg,kvasir,1,1,530,622
Kvasir-SEG,/home/samsul/Documents/Polyp Detection/kvasir-seg/images/cju43b8daly4408170e5ev06g.jpg,/home/samsul/Documents/Polyp Detection/kvasir-seg/masks/cju43b8daly4408170e5ev06g.jpg,kvasir,1,1,531,600
Kvasir-SEG,/home/samsul/Documents/Polyp Detection/kvasir-seg/images/cju32srle1xfq083575i3fl75.jpg,/home/samsul/Documents/Polyp Detection/kvasir-seg/masks/cju32srle1xfq083575i3fl75.jpg,kvasir,1,1,547,626
Kvasir-SEG,/home/samsul/Documents/Polyp Detection/kvasir-seg/images/cju2z45kuzf6d0988nz2c819m.jpg,/home/samsul/Documents/Polyp Detection/kvasir-seg/masks/cju2z45kuzf6d0988nz2c819m.jpg,kvasir,1,1,529,562
Kvasir-SEG,/home/samsul/Documents/Polyp Detection/kvasir-seg/images/cju5cu8qkb84x08186jwo8yin.jpg,/home/samsul/Documents/Polyp Detection/kvasir-seg/masks/cju5cu8qkb84x08186jwo8yin.jpg,kvasir,1,1,530,622
Kvasir-SEG,/home/samsul/Documents/Polyp Detection/kvasir-seg/images/cju1fb9236a110801yvg0fwju.jpg,/home/samsul/Documents/Polyp Detection/kvasir-seg/masks/cju1fb9236a110801yvg0fwju.jpg,kvasir,1,1,547,626
Kvasir-SEG,/home/samsul/Documents/Polyp Detection/kvasir-seg/images/cju40wto5kxwi0755it190f2k.jpg,/home/samsul/Documents/Polyp Detection/kvasir-seg/masks/cju40wto5kxwi0755it190f2k.jpg,kvasir,1,1,1070,1348
Kvasir-SEG,/home/samsul/Documents/Polyp Detection/kvasir-seg/images/cju6yywx1whbb0871ksgfgf9f.jpg,/home/samsul/Documents/Polyp Detection/kvasir-seg/masks/cju6yywx1whbb0871ksgfgf9f.jpg,kvasir,1,1,530,622
Kvasir-SEG,/home/samsul/Documents/Polyp Detection/kvasir-seg/images/cju13cgqmnhwn0988yrainhcp.jpg,/home/samsul/Documents/Polyp Detection/kvasir-seg/masks/cju13cgqmnhwn0988yrainhcp.jpg,kvasir,1,1,546,626
Kvasir-SEG,/home/samsul/Documents/Polyp Detection/kvasir-seg/images/cju884985nlmx0817vzpax3y4.jpg,/home/samsul/Documents/Polyp Detection/kvasir-seg/masks/cju884985nlmx0817vzpax3y4.jpg,kvasir,2,1,529,581
Kvasir-SEG,/home/samsul/Documents/Polyp Detection/kvasir-seg/images/cju7ebe962hr409872ovibahw.jpg,/home/samsul/Documents/Polyp Detection/kvasir-seg/masks/cju7ebe962hr409872ovibahw.jpg,kvasir,1,1,530,622
Kvasir-SEG,/home/samsul/Documents/Polyp Detection/kvasir-seg/images/cju7bmi1v1pnj0987pa52jjok.jpg,/home/samsul/Documents/Polyp Detection/kvasir-seg/masks/cju7bmi1v1pnj0987pa52jjok.jpg,kvasir,1,1,530,614
Kvasir-SEG,/home/samsul/Documents/Polyp Detection/kvasir-seg/images/cju2qdj95ru8g09886gfi9rsz.jpg,/home/samsul/Documents/Polyp Detection/kvasir-seg/masks/cju2qdj95ru8g09886gfi9rsz.jpg,kvasir,1,1,531,571
Kvasir-SEG,/home/samsul/Documents/Polyp Detection/kvasir-seg/images/cju34i3qvcyog0855qiejxx5w.jpg,/home/samsul/Documents/Polyp Detection/kvasir-seg/masks/cju34i3qvcyog0855qiejxx5w.jpg,kvasir,1,1,529,622
Kvasir-SEG,/home/samsul/Documents/Polyp Detection/kvasir-seg/images/cjyzl833ndne80838pzuq6ila.jpg,/home/samsul/Documents/Polyp Detection/kvasir-seg/masks/cjyzl833ndne80838pzuq6ila.jpg,kvasir,1,1,576,720
Kvasir-SEG,/home/samsul/Documents/Polyp Detection/kvasir-seg/images/cju2zm0axztpe0988r8s9twjr.jpg,/home/samsul/Documents/Polyp Detection/kvasir-seg/masks/cju2zm0axztpe0988r8s9twjr.jpg,kvasir,1,1,528,623
Kvasir-SEG,/home/samsul/Documents/Polyp Detection/kvasir-seg/images/cju2rzpsmtb0f0835jabkbao1.jpg,/home/samsul/Documents/Polyp Detection/kvasir-seg/masks/cju2rzpsmtb0f0835jabkbao1.jpg,kvasir,1,1,528,528
Kvasir-SEG,/home/samsul/Documents/Polyp Detection/kvasir-seg/images/cju8bff9nrfi10850fmfzbf8v.jpg,/home/samsul/Documents/Polyp Detection/kvasir-seg/masks/cju8bff9nrfi10850fmfzbf8v.jpg,kvasir,1,1,529,437
Kvasir-SEG,/home/samsul/Documents/Polyp Detection/kvasir-seg/images/cju5xkwzxmf0z0818gk4xabdm.jpg,/home/samsul/Documents/Polyp Detection/kvasir-seg/masks/cju5xkwzxmf0z0818gk4xabdm.jpg,kvasir,1,1,505,609
Kvasir-SEG,/home/samsul/Documents/Polyp Detection/kvasir-seg/images/cju8c2rqzs5t80850d0zky5dy.jpg,/home/samsul/Documents/Polyp Detection/kvasir-seg/masks/cju8c2rqzs5t80850d0zky5dy.jpg,kvasir,1,1,490,615
Kvasir-SEG,/home/samsul/Documents/Polyp Detection/kvasir-seg/images/cju3xga12iixg0817dijbvjxw.jpg,/home/samsul/Documents/Polyp Detection/kvasir-seg/masks/cju3xga12iixg0817dijbvjxw.jpg,kvasir,1,1,530,622
Kvasir-SEG,/home/samsul/Documents/Polyp Detection/kvasir-seg/images/cju1drnhbrb9409935wi7vkhg.jpg,/home/samsul/Documents/Polyp Detection/kvasir-seg/masks/cju1drnhbrb9409935wi7vkhg.jpg,kvasir,1,1,529,619
Kvasir-SEG,/home/samsul/Documents/Polyp Detection/kvasir-seg/images/cju7dff9529h208503w60lbil.jpg,/home/samsul/Documents/Polyp Detection/kvasir-seg/masks/cju7dff9529h208503w60lbil.jpg,kvasir,1,1,530,619
Kvasir-SEG,/home/samsul/Documents/Polyp Detection/kvasir-seg/images/cju5vgawslbe30987ndeepc1b.jpg,/home/samsul/Documents/Polyp Detection/kvasir-seg/masks/cju5vgawslbe30987ndeepc1b.jpg,kvasir,1,1,530,622
Kvasir-SEG,/home/samsul/Documents/Polyp Detection/kvasir-seg/images/cju7fnfv02tt90801djnix9m8.jpg,/home/samsul/Documents/Polyp Detection/kvasir-seg/masks/cju7fnfv02tt90801djnix9m8.jpg,kvasir,1,1,528,622
Kvasir-SEG,/home/samsul/Documents/Polyp Detection/kvasir-seg/images/cju5hjxaae3i40850h5z2laf5.jpg,/home/samsul/Documents/Polyp Detection/kvasir-seg/masks/cju5hjxaae3i40850h5z2laf5.jpg,kvasir,1,1,530,622
Kvasir-SEG,/home/samsul/Documents/Polyp Detection/kvasir-seg/images/cju5cky5xb0ay0801oxet697t.jpg,/home/samsul/Documents/Polyp Detection/kvasir-seg/masks/cju5cky5xb0ay0801oxet697t.jpg,kvasir,1,1,528,622
Kvasir-SEG,/home/samsul/Documents/Polyp Detection/kvasir-seg/images/ck2bxiswtxuw80838qkisqjwz.jpg,/home/samsul/Documents/Polyp Detection/kvasir-seg/masks/ck2bxiswtxuw80838qkisqjwz.jpg,kvasir,1,1,520,621
Kvasir-SEG,/home/samsul/Documents/Polyp Detection/kvasir-seg/images/cju8arof2qpf20850ifr1bnqj.jpg,/home/samsul/Documents/Polyp Detection/kvasir-seg/masks/cju8arof2qpf20850ifr1bnqj.jpg,kvasir,1,1,530,594
Kvasir-SEG,/home/samsul/Documents/Polyp Detection/kvasir-seg/images/cju35i2e63uxr0835h7zgkg9k.jpg,/home/samsul/Documents/Polyp Detection/kvasir-seg/masks/cju35i2e63uxr0835h7zgkg9k.jpg,kvasir,1,1,531,614
Kvasir-SEG,/home/samsul/Documents/Polyp Detection/kvasir-seg/images/cju2xwm1s84l50799i60mq0pu.jpg,/home/samsul/Documents/Polyp Detection/kvasir-seg/masks/cju2xwm1s84l50799i60mq0pu.jpg,kvasir,1,1,547,626
Kvasir-SEG,/home/samsul/Documents/Polyp Detection/kvasir-seg/images/cju8cwy02t9eq08185qn12c02.jpg,/home/samsul/Documents/Polyp Detection/kvasir-seg/masks/cju8cwy02t9eq08185qn12c02.jpg,kvasir,1,1,547,626
Kvasir-SEG,/home/samsul/Documents/Polyp Detection/kvasir-seg/images/cjyzul1qggwwj07216mhiv5sy.jpg,/home/samsul/Documents/Polyp Detection/kvasir-seg/masks/cjyzul1qggwwj07216mhiv5sy.jpg,kvasir,1,1,1072,1920
Kvasir-SEG,/home/samsul/Documents/Polyp Detection/kvasir-seg/images/cju15czxqp3lv0835jvhgzurz.jpg,/home/samsul/Documents/Polyp Detection/kvasir-seg/masks/cju15czxqp3lv0835jvhgzurz.jpg,kvasir,1,1,547,620
Kvasir-SEG,/home/samsul/Documents/Polyp Detection/kvasir-seg/images/cju8azmhcr66e0755t61atz72.jpg,/home/samsul/Documents/Polyp Detection/kvasir-seg/masks/cju8azmhcr66e0755t61atz72.jpg,kvasir,1,1,531,548
Kvasir-SEG,/home/samsul/Documents/Polyp Detection/kvasir-seg/images/cju8bk8oirjhw0817hgkua2w8.jpg,/home/samsul/Documents/Polyp Detection/kvasir-seg/masks/cju8bk8oirjhw0817hgkua2w8.jpg,kvasir,1,1,509,575
Kvasir-SEG,/home/samsul/Documents/Polyp Detection/kvasir-seg/images/cju2uwz9f5yf1085506cfamfx.jpg,/home/samsul/Documents/Polyp Detection/kvasir-seg/masks/cju2uwz9f5yf1085506cfamfx.jpg,kvasir,1,1,1011,1220
Kvasir-SEG,/home/samsul/Documents/Polyp Detection/kvasir-seg/images/cju772304yw5t0818vbw8kkjf.jpg,/home/samsul/Documents/Polyp Detection/kvasir-seg/masks/cju772304yw5t0818vbw8kkjf.jpg,kvasir,1,1,546,622
Kvasir-SEG,/home/samsul/Documents/Polyp Detection/kvasir-seg/images/cju6vifjlv55z0987un6y4zdo.jpg,/home/samsul/Documents/Polyp Detection/kvasir-seg/masks/cju6vifjlv55z0987un6y4zdo.jpg,kvasir,1,1,529,622
Kvasir-SEG,/home/samsul/Documents/Polyp Detection/kvasir-seg/images/cju1cvkfwqrec0993wbp1jlzm.jpg,/home/samsul/Documents/Polyp Detection/kvasir-seg/masks/cju1cvkfwqrec0993wbp1jlzm.jpg,kvasir,1,1,531,622
Kvasir-SEG,/home/samsul/Documents/Polyp Detection/kvasir-seg/images/cju6wll7wvo3y08502pagos8m.jpg,/home/samsul/Documents/Polyp Detection/kvasir-seg/masks/cju6wll7wvo3y08502pagos8m.jpg,kvasir,1,1,497,568
Kvasir-SEG,/home/samsul/Documents/Polyp Detection/kvasir-seg/images/cju3y54kwj3nr0801biidlb4e.jpg,/home/samsul/Documents/Polyp Detection/kvasir-seg/masks/cju3y54kwj3nr0801biidlb4e.jpg,kvasir,1,1,546,620
Kvasir-SEG,/home/samsul/Documents/Polyp Detection/kvasir-seg/images/cju77vvcwzcm50850lzoykuva.jpg,/home/samsul/Documents/Polyp Detection/kvasir-seg/masks/cju77vvcwzcm50850lzoykuva.jpg,kvasir,1,1,529,618
Kvasir-SEG,/home/samsul/Documents/Polyp Detection/kvasir-seg/images/cju2qxxko229x08786gvxxhur.jpg,/home/samsul/Documents/Polyp Detection/kvasir-seg/masks/cju2qxxko229x08786gvxxhur.jpg,kvasir,1,1,530,484
Kvasir-SEG,/home/samsul/Documents/Polyp Detection/kvasir-seg/images/cju2hx006vidl0799igm81vmh.jpg,/home/samsul/Documents/Polyp Detection/kvasir-seg/masks/cju2hx006vidl0799igm81vmh.jpg,kvasir,1,1,528,622
Kvasir-SEG,/home/samsul/Documents/Polyp Detection/kvasir-seg/images/cju43eigtm6ev0801mv0m96t1.jpg,/home/samsul/Documents/Polyp Detection/kvasir-seg/masks/cju43eigtm6ev0801mv0m96t1.jpg,kvasir,1,1,528,619
Kvasir-SEG,/home/samsul/Documents/Polyp Detection/kvasir-seg/images/cju2ouil2mssu0993hvxsed6d.jpg,/home/samsul/Documents/Polyp Detection/kvasir-seg/masks/cju2ouil2mssu0993hvxsed6d.jpg,kvasir,1,1,511,605
Kvasir-SEG,/home/samsul/Documents/Polyp Detection/kvasir-seg/images/cju5wrrs0m2af0818vmnajbtw.jpg,/home/samsul/Documents/Polyp Detection/kvasir-seg/masks/cju5wrrs0m2af0818vmnajbtw.jpg,kvasir,1,1,547,626
Kvasir-SEG,/home/samsul/Documents/Polyp Detection/kvasir-seg/images/cju7cl8zm1xcu0817ado0jpas.jpg,/home/samsul/Documents/Polyp Detection/kvasir-seg/masks/cju7cl8zm1xcu0817ado0jpas.jpg,kvasir,1,1,530,570
Kvasir-SEG,/home/samsul/Documents/Polyp Detection/kvasir-seg/images/cju1b3zgj3d8e0801kpolea6c.jpg,/home/samsul/Documents/Polyp Detection/kvasir-seg/masks/cju1b3zgj3d8e0801kpolea6c.jpg,kvasir,1,1,528,601
Kvasir-SEG,/home/samsul/Documents/Polyp Detection/kvasir-seg/images/cju45pm27n80u08174kyow1gj.jpg,/home/samsul/Documents/Polyp Detection/kvasir-seg/masks/cju45pm27n80u08174kyow1gj.jpg,kvasir,1,1,547,626
Kvasir-SEG,/home/samsul/Documents/Polyp Detection/kvasir-seg/images/cju8axq24r4an0755yhv9d4ly.jpg,/home/samsul/Documents/Polyp Detection/kvasir-seg/masks/cju8axq24r4an0755yhv9d4ly.jpg,kvasir,1,1,530,603
Kvasir-SEG,/home/samsul/Documents/Polyp Detection/kvasir-seg/images/cju7b9vcs1luz0987ta60j1dy.jpg,/home/samsul/Documents/Polyp Detection/kvasir-seg/masks/cju7b9vcs1luz0987ta60j1dy.jpg,kvasir,1,1,547,626
Kvasir-SEG,/home/samsul/Documents/Polyp Detection/kvasir-seg/images/cju7adqyj1jcx08712r1ro5gx.jpg,/home/samsul/Documents/Polyp Detection/kvasir-seg/masks/cju7adqyj1jcx08712r1ro5gx.jpg,kvasir,1,1,480,622
Kvasir-SEG,/home/samsul/Documents/Polyp Detection/kvasir-seg/images/cju2hlm19vjjf0801o69qnber.jpg,/home/samsul/Documents/Polyp Detection/kvasir-seg/masks/cju2hlm19vjjf0801o69qnber.jpg,kvasir,1,1,530,570
Kvasir-SEG,/home/samsul/Documents/Polyp Detection/kvasir-seg/images/ck2da7fwcjfis07218r1rvm95.jpg,/home/samsul/Documents/Polyp Detection/kvasir-seg/masks/ck2da7fwcjfis07218r1rvm95.jpg,kvasir,1,1,576,720
Kvasir-SEG,/home/samsul/Documents/Polyp Detection/kvasir-seg/images/cju0sr5ghl0nd08789uzf1raf.jpg,/home/samsul/Documents/Polyp Detection/kvasir-seg/masks/cju0sr5ghl0nd08789uzf1raf.jpg,kvasir,2,1,1019,1214
Kvasir-SEG,/home/samsul/Documents/Polyp Detection/kvasir-seg/images/cju83mki1jv5w0817kubxm31r.jpg,/home/samsul/Documents/Polyp Detection/kvasir-seg/masks/cju83mki1jv5w0817kubxm31r.jpg,kvasir,1,1,547,625
Kvasir-SEG,/home/samsul/Documents/Polyp Detection/kvasir-seg/images/cju1d50a94qf50855wsowacrc.jpg,/home/samsul/Documents/Polyp Detection/kvasir-seg/masks/cju1d50a94qf50855wsowacrc.jpg,kvasir,1,1,530,622
Kvasir-SEG,/home/samsul/Documents/Polyp Detection/kvasir-seg/images/cju2wve9v7esz0878mxsdcy04.jpg,/home/samsul/Documents/Polyp Detection/kvasir-seg/masks/cju2wve9v7esz0878mxsdcy04.jpg,kvasir,1,1,529,620
Kvasir-SEG,/home/samsul/Documents/Polyp Detection/kvasir-seg/images/cju2trbpkv0c00988hxla5dzz.jpg,/home/samsul/Documents/Polyp Detection/kvasir-seg/masks/cju2trbpkv0c00988hxla5dzz.jpg,kvasir,1,1,531,610
Kvasir-SEG,/home/samsul/Documents/Polyp Detection/kvasir-seg/images/cju8doa16u5gh0818w1ywda3q.jpg,/home/samsul/Documents/Polyp Detection/kvasir-seg/masks/cju8doa16u5gh0818w1ywda3q.jpg,kvasir,1,1,529,622
Kvasir-SEG,/home/samsul/Documents/Polyp Detection/kvasir-seg/images/cju5xneamme2p0801qdf7fdwv.jpg,/home/samsul/Documents/Polyp Detection/kvasir-seg/masks/cju5xneamme2p0801qdf7fdwv.jpg,kvasir,1,1,527,622
Kvasir-SEG,/home/samsul/Documents/Polyp Detection/kvasir-seg/images/cju7ahtkb1jr90801jck4kbds.jpg,/home/samsul/Documents/Polyp Detection/kvasir-seg/masks/cju7ahtkb1jr90801jck4kbds.jpg,kvasir,1,1,546,602
Kvasir-SEG,/home/samsul/Documents/Polyp Detection/kvasir-seg/images/cju3v11mrgwwb0755u242ygye.jpg,/home/samsul/Documents/Polyp Detection/kvasir-seg/masks/cju3v11mrgwwb0755u242ygye.jpg,kvasir,1,1,530,622
Kvasir-SEG,/home/samsul/Documents/Polyp Detection/kvasir-seg/images/cju893jmdompz0817xn3g1w4h.jpg,/home/samsul/Documents/Polyp Detection/kvasir-seg/masks/cju893jmdompz0817xn3g1w4h.jpg,kvasir,1,1,547,626
Kvasir-SEG,/home/samsul/Documents/Polyp Detection/kvasir-seg/images/cju5f8hxdcxxn08188obby0ea.jpg,/home/samsul/Documents/Polyp Detection/kvasir-seg/masks/cju5f8hxdcxxn08188obby0ea.jpg,kvasir,1,1,520,615
Kvasir-SEG,/home/samsul/Documents/Polyp Detection/kvasir-seg/images/cju7dda8w2br20818zhsuz8s7.jpg,/home/samsul/Documents/Polyp Detection/kvasir-seg/masks/cju7dda8w2br20818zhsuz8s7.jpg,kvasir,1,1,530,564
Kvasir-SEG,/home/samsul/Documents/Polyp Detection/kvasir-seg/images/cju3y9difj6th0801kd1rqm3w.jpg,/home/samsul/Documents/Polyp Detection/kvasir-seg/masks/cju3y9difj6th0801kd1rqm3w.jpg,kvasir,1,1,529,597
Kvasir-SEG,/home/samsul/Documents/Polyp Detection/kvasir-seg/images/cju30lncba3ny0878jwnous8n.jpg,/home/samsul/Documents/Polyp Detection/kvasir-seg/masks/cju30lncba3ny0878jwnous8n.jpg,kvasir,1,1,530,570
Kvasir-SEG,/home/samsul/Documents/Polyp Detection/kvasir-seg/images/cju87nkyrnb970801q84m47yt.jpg,/home/samsul/Documents/Polyp Detection/kvasir-seg/masks/cju87nkyrnb970801q84m47yt.jpg,kvasir,1,1,530,620
Kvasir-SEG,/home/samsul/Documents/Polyp Detection/kvasir-seg/images/cju88q6h6obpd0871ckmiabbo.jpg,/home/samsul/Documents/Polyp Detection/kvasir-seg/masks/cju88q6h6obpd0871ckmiabbo.jpg,kvasir,3,1,546,626
Kvasir-SEG,/home/samsul/Documents/Polyp Detection/kvasir-seg/images/cju5u4pywk81x0817vn9pe14z.jpg,/home/samsul/Documents/Polyp Detection/kvasir-seg/masks/cju5u4pywk81x0817vn9pe14z.jpg,kvasir,1,1,531,570
Kvasir-SEG,/home/samsul/Documents/Polyp Detection/kvasir-seg/images/cju2ricdv2iys0878sv1adh0u.jpg,/home/samsul/Documents/Polyp Detection/kvasir-seg/masks/cju2ricdv2iys0878sv1adh0u.jpg,kvasir,1,1,530,616
Kvasir-SEG,/home/samsul/Documents/Polyp Detection/kvasir-seg/images/cju8dk7eztzup08182yxko5zh.jpg,/home/samsul/Documents/Polyp Detection/kvasir-seg/masks/cju8dk7eztzup08182yxko5zh.jpg,kvasir,1,1,528,623
Kvasir-SEG,/home/samsul/Documents/Polyp Detection/kvasir-seg/images/cju2hgsptlfam0835o3b59h1o.jpg,/home/samsul/Documents/Polyp Detection/kvasir-seg/masks/cju2hgsptlfam0835o3b59h1o.jpg,kvasir,1,1,528,530
Kvasir-SEG,/home/samsul/Documents/Polyp Detection/kvasir-seg/images/cju7d7tly27h408016fyp5nr7.jpg,/home/samsul/Documents/Polyp Detection/kvasir-seg/masks/cju7d7tly27h408016fyp5nr7.jpg,kvasir,1,1,528,528
Kvasir-SEG,/home/samsul/Documents/Polyp Detection/kvasir-seg/images/cju16fpvhzypl0799p9phnlx6.jpg,/home/samsul/Documents/Polyp Detection/kvasir-seg/masks/cju16fpvhzypl0799p9phnlx6.jpg,kvasir,1,1,546,626
Kvasir-SEG,/home/samsul/Documents/Polyp Detection/kvasir-seg/images/cju1f79yhsb5w0993txub59ol.jpg,/home/samsul/Documents/Polyp Detection/kvasir-seg/masks/cju1f79yhsb5w0993txub59ol.jpg,kvasir,1,1,528,623
Kvasir-SEG,/home/samsul/Documents/Polyp Detection/kvasir-seg/images/cju5ekty5ckzf07550c9u3ckk.jpg,/home/samsul/Documents/Polyp Detection/kvasir-seg/masks/cju5ekty5ckzf07550c9u3ckk.jpg,kvasir,1,1,546,625
Kvasir-SEG,/home/samsul/Documents/Polyp Detection/kvasir-seg/images/cju8cattbsivm0818p446wgel.jpg,/home/samsul/Documents/Polyp Detection/kvasir-seg/masks/cju8cattbsivm0818p446wgel.jpg,kvasir,1,1,531,621
Kvasir-SEG,/home/samsul/Documents/Polyp Detection/kvasir-seg/images/cju85bf1algsq0871y9gtlq97.jpg,/home/samsul/Documents/Polyp Detection/kvasir-seg/masks/cju85bf1algsq0871y9gtlq97.jpg,kvasir,1,1,528,475
Kvasir-SEG,/home/samsul/Documents/Polyp Detection/kvasir-seg/images/cju5bmhdcafs909878qfzrqzi.jpg,/home/samsul/Documents/Polyp Detection/kvasir-seg/masks/cju5bmhdcafs909878qfzrqzi.jpg,kvasir,1,1,528,561
Kvasir-SEG,/home/samsul/Documents/Polyp Detection/kvasir-seg/images/cju88evxanv9r08176zkeovec.jpg,/home/samsul/Documents/Polyp Detection/kvasir-seg/masks/cju88evxanv9r08176zkeovec.jpg,kvasir,1,1,530,570
Kvasir-SEG,/home/samsul/Documents/Polyp Detection/kvasir-seg/images/cju5fb86jd1jp0755b1ukbhq5.jpg,/home/samsul/Documents/Polyp Detection/kvasir-seg/masks/cju5fb86jd1jp0755b1ukbhq5.jpg,kvasir,1,1,424,560
Kvasir-SEG,/home/samsul/Documents/Polyp Detection/kvasir-seg/images/cju7dubap2g0w0801fgl42mg9.jpg,/home/samsul/Documents/Polyp Detection/kvasir-seg/masks/cju7dubap2g0w0801fgl42mg9.jpg,kvasir,1,1,528,623
Kvasir-SEG,/home/samsul/Documents/Polyp Detection/kvasir-seg/images/cju0qx73cjw570799j4n5cjze.jpg,/home/samsul/Documents/Polyp Detection/kvasir-seg/masks/cju0qx73cjw570799j4n5cjze.jpg,kvasir,1,1,529,619
Kvasir-SEG,/home/samsul/Documents/Polyp Detection/kvasir-seg/images/cju7crgxa28550755wbsgqkel.jpg,/home/samsul/Documents/Polyp Detection/kvasir-seg/masks/cju7crgxa28550755wbsgqkel.jpg,kvasir,1,1,504,622
Kvasir-SEG,/home/samsul/Documents/Polyp Detection/kvasir-seg/images/cju1ewnoh5z030855vpex9uzt.jpg,/home/samsul/Documents/Polyp Detection/kvasir-seg/masks/cju1ewnoh5z030855vpex9uzt.jpg,kvasir,1,1,529,622
Kvasir-SEG,/home/samsul/Documents/Polyp Detection/kvasir-seg/images/cju2sszfq3uye0878sucelzk2.jpg,/home/samsul/Documents/Polyp Detection/kvasir-seg/masks/cju2sszfq3uye0878sucelzk2.jpg,kvasir,1,1,531,622
Kvasir-SEG,/home/samsul/Documents/Polyp Detection/kvasir-seg/images/cju6ut4l8va6y0755tyw3vfqq.jpg,/home/samsul/Documents/Polyp Detection/kvasir-seg/masks/cju6ut4l8va6y0755tyw3vfqq.jpg,kvasir,1,1,529,605
Kvasir-SEG,/home/samsul/Documents/Polyp Detection/kvasir-seg/images/cju17hw9hr9c5098800fu4u8e.jpg,/home/samsul/Documents/Polyp Detection/kvasir-seg/masks/cju17hw9hr9c5098800fu4u8e.jpg,kvasir,1,1,528,623
Kvasir-SEG,/home/samsul/Documents/Polyp Detection/kvasir-seg/images/cju2xf8e5y2wm08359vcgk09b.jpg,/home/samsul/Documents/Polyp Detection/kvasir-seg/masks/cju2xf8e5y2wm08359vcgk09b.jpg,kvasir,1,1,530,571
Kvasir-SEG,/home/samsul/Documents/Polyp Detection/kvasir-seg/images/cju5yclrymlgj0818k426ud6z.jpg,/home/samsul/Documents/Polyp Detection/kvasir-seg/masks/cju5yclrymlgj0818k426ud6z.jpg,kvasir,1,1,529,622
Kvasir-SEG,/home/samsul/Documents/Polyp Detection/kvasir-seg/images/cju2okvco06xc0799kxe5n1qh.jpg,/home/samsul/Documents/Polyp Detection/kvasir-seg/masks/cju2okvco06xc0799kxe5n1qh.jpg,kvasir,1,1,530,577
Kvasir-SEG,/home/samsul/Documents/Polyp Detection/kvasir-seg/images/cju2wx0gh7fpz0878wwyd9ep8.jpg,/home/samsul/Documents/Polyp Detection/kvasir-seg/masks/cju2wx0gh7fpz0878wwyd9ep8.jpg,kvasir,1,1,529,616
Kvasir-SEG,/home/samsul/Documents/Polyp Detection/kvasir-seg/images/cju84kplnl1y30755ropua1b0.jpg,/home/samsul/Documents/Polyp Detection/kvasir-seg/masks/cju84kplnl1y30755ropua1b0.jpg,kvasir,1,1,528,622
Kvasir-SEG,/home/samsul/Documents/Polyp Detection/kvasir-seg/images/cju6vrs1ov8cr098788h8gs6j.jpg,/home/samsul/Documents/Polyp Detection/kvasir-seg/masks/cju6vrs1ov8cr098788h8gs6j.jpg,kvasir,1,1,529,621
Kvasir-SEG,/home/samsul/Documents/Polyp Detection/kvasir-seg/images/cju7agj961l2r0818z29iq8yn.jpg,/home/samsul/Documents/Polyp Detection/kvasir-seg/masks/cju7agj961l2r0818z29iq8yn.jpg,kvasir,1,1,530,622
Kvasir-SEG,/home/samsul/Documents/Polyp Detection/kvasir-seg/images/cju83yddek68q0850d2x7zfkm.jpg,/home/samsul/Documents/Polyp Detection/kvasir-seg/masks/cju83yddek68q0850d2x7zfkm.jpg,kvasir,1,1,529,622
Kvasir-SEG,/home/samsul/Documents/Polyp Detection/kvasir-seg/images/cju2p4ddkmzxj0993p94o62av.jpg,/home/samsul/Documents/Polyp Detection/kvasir-seg/masks/cju2p4ddkmzxj0993p94o62av.jpg,kvasir,1,1,529,592
Kvasir-SEG,/home/samsul/Documents/Polyp Detection/kvasir-seg/images/cju2qh5le1ock0878oahaql7d.jpg,/home/samsul/Documents/Polyp Detection/kvasir-seg/masks/cju2qh5le1ock0878oahaql7d.jpg,kvasir,1,1,530,622
Kvasir-SEG,/home/samsul/Documents/Polyp Detection/kvasir-seg/images/cju2qozsk20cq0855ugrg3cri.jpg,/home/samsul/Documents/Polyp Detection/kvasir-seg/masks/cju2qozsk20cq0855ugrg3cri.jpg,kvasir,1,1,546,626
Kvasir-SEG,/home/samsul/Documents/Polyp Detection/kvasir-seg/images/cju2y40d8ulqo0993q0adtgtb.jpg,/home/samsul/Documents/Polyp Detection/kvasir-seg/masks/cju2y40d8ulqo0993q0adtgtb.jpg,kvasir,1,1,529,617
Kvasir-SEG,/home/samsul/Documents/Polyp Detection/kvasir-seg/images/cju8bbznkrf5g0871jncffynk.jpg,/home/samsul/Documents/Polyp Detection/kvasir-seg/masks/cju8bbznkrf5g0871jncffynk.jpg,kvasir,1,1,531,619
Kvasir-SEG,/home/samsul/Documents/Polyp Detection/kvasir-seg/images/cju1ftaji6isw0855108yqcse.jpg,/home/samsul/Documents/Polyp Detection/kvasir-seg/masks/cju1ftaji6isw0855108yqcse.jpg,kvasir,1,1,502,562
Kvasir-SEG,/home/samsul/Documents/Polyp Detection/kvasir-seg/images/cju7ea4om2l910801bohqjccy.jpg,/home/samsul/Documents/Polyp Detection/kvasir-seg/masks/cju7ea4om2l910801bohqjccy.jpg,kvasir,1,1,546,626
Kvasir-SEG,/home/samsul/Documents/Polyp Detection/kvasir-seg/images/cju45rj7ln8980850a7821fov.jpg,/home/samsul/Documents/Polyp Detection/kvasir-seg/masks/cju45rj7ln8980850a7821fov.jpg,kvasir,2,1,546,585
Kvasir-SEG,/home/samsul/Documents/Polyp Detection/kvasir-seg/images/cju2hdr06v2bq0799mbm3bks1.jpg,/home/samsul/Documents/Polyp Detection/kvasir-seg/masks/cju2hdr06v2bq0799mbm3bks1.jpg,kvasir,1,1,530,621
Kvasir-SEG,/home/samsul/Documents/Polyp Detection/kvasir-seg/images/cju5tgbzhjllu08174ca41eus.jpg,/home/samsul/Documents/Polyp Detection/kvasir-seg/masks/cju5tgbzhjllu08174ca41eus.jpg,kvasir,1,1,531,622
Kvasir-SEG,/home/samsul/Documents/Polyp Detection/kvasir-seg/images/cju2otvvv0l7z0855x7we8cb0.jpg,/home/samsul/Documents/Polyp Detection/kvasir-seg/masks/cju2otvvv0l7z0855x7we8cb0.jpg,kvasir,1,1,531,571
Kvasir-SEG,/home/samsul/Documents/Polyp Detection/kvasir-seg/images/cju83kxitjv340987z09m0ezy.jpg,/home/samsul/Documents/Polyp Detection/kvasir-seg/masks/cju83kxitjv340987z09m0ezy.jpg,kvasir,1,1,546,626
Kvasir-SEG,/home/samsul/Documents/Polyp Detection/kvasir-seg/images/cju8cj10qsrau0871o2dr6ai1.jpg,/home/samsul/Documents/Polyp Detection/kvasir-seg/masks/cju8cj10qsrau0871o2dr6ai1.jpg,kvasir,1,1,530,622
Kvasir-SEG,/home/samsul/Documents/Polyp Detection/kvasir-seg/images/cju42qet0lsq90871e50xbnuv.jpg,/home/samsul/Documents/Polyp Detection/kvasir-seg/masks/cju42qet0lsq90871e50xbnuv.jpg,kvasir,1,1,531,598
Kvasir-SEG,/home/samsul/Documents/Polyp Detection/kvasir-seg/images/cju2raxlosl630988jdbfy9b0.jpg,/home/samsul/Documents/Polyp Detection/kvasir-seg/masks/cju2raxlosl630988jdbfy9b0.jpg,kvasir,1,1,528,557
Kvasir-SEG,/home/samsul/Documents/Polyp Detection/kvasir-seg/images/cju2xa3i4y0160988i679zsqd.jpg,/home/samsul/Documents/Polyp Detection/kvasir-seg/masks/cju2xa3i4y0160988i679zsqd.jpg,kvasir,1,1,528,619
Kvasir-SEG,/home/samsul/Documents/Polyp Detection/kvasir-seg/images/cju45t5ddnbio0987qtqzx762.jpg,/home/samsul/Documents/Polyp Detection/kvasir-seg/masks/cju45t5ddnbio0987qtqzx762.jpg,kvasir,1,1,530,618
Kvasir-SEG,/home/samsul/Documents/Polyp Detection/kvasir-seg/images/cju2y5zas8m7f0801d34g5owq.jpg,/home/samsul/Documents/Polyp Detection/kvasir-seg/masks/cju2y5zas8m7f0801d34g5owq.jpg,kvasir,2,1,479,586
Kvasir-SEG,/home/samsul/Documents/Polyp Detection/kvasir-seg/images/cju8a2itsq4dv0755ntlovpxe.jpg,/home/samsul/Documents/Polyp Detection/kvasir-seg/masks/cju8a2itsq4dv0755ntlovpxe.jpg,kvasir,1,1,531,582
Kvasir-SEG,/home/samsul/Documents/Polyp Detection/kvasir-seg/images/cju3xzvnzj0hd0755xprz39nj.jpg,/home/samsul/Documents/Polyp Detection/kvasir-seg/masks/cju3xzvnzj0hd0755xprz39nj.jpg,kvasir,1,1,513,625
Kvasir-SEG,/home/samsul/Documents/Polyp Detection/kvasir-seg/images/cju2z2x3nvd3c099350zgty7w.jpg,/home/samsul/Documents/Polyp Detection/kvasir-seg/masks/cju2z2x3nvd3c099350zgty7w.jpg,kvasir,1,1,530,553
Kvasir-SEG,/home/samsul/Documents/Polyp Detection/kvasir-seg/images/cju8cgi2kspp308011nxdtjp6.jpg,/home/samsul/Documents/Polyp Detection/kvasir-seg/masks/cju8cgi2kspp308011nxdtjp6.jpg,kvasir,1,1,530,619
Kvasir-SEG,/home/samsul/Documents/Polyp Detection/kvasir-seg/images/cju40poe4kt9s0755f9cnm3h5.jpg,/home/samsul/Documents/Polyp Detection/kvasir-seg/masks/cju40poe4kt9s0755f9cnm3h5.jpg,kvasir,1,1,1070,1348
Kvasir-SEG,/home/samsul/Documents/Polyp Detection/kvasir-seg/images/cju14pxbaoksp0835qzorx6g6.jpg,/home/samsul/Documents/Polyp Detection/kvasir-seg/masks/cju14pxbaoksp0835qzorx6g6.jpg,kvasir,1,1,530,622
Kvasir-SEG,/home/samsul/Documents/Polyp Detection/kvasir-seg/images/cju5bbtwsa8cl0987wgfsqpao.jpg,/home/samsul/Documents/Polyp Detection/kvasir-seg/masks/cju5bbtwsa8cl0987wgfsqpao.jpg,kvasir,1,1,531,595
Kvasir-SEG,/home/samsul/Documents/Polyp Detection/kvasir-seg/images/cju8b3ka8r64u0801fh18hk7l.jpg,/home/samsul/Documents/Polyp Detection/kvasir-seg/masks/cju8b3ka8r64u0801fh18hk7l.jpg,kvasir,1,1,546,626
Kvasir-SEG,/home/samsul/Documents/Polyp Detection/kvasir-seg/images/cju2iatlki5u309930zmgkv6h.jpg,/home/samsul/Documents/Polyp Detection/kvasir-seg/masks/cju2iatlki5u309930zmgkv6h.jpg,kvasir,1,1,522,621
Kvasir-SEG,/home/samsul/Documents/Polyp Detection/kvasir-seg/images/cju3xtufwiv9c0818djsc4cqd.jpg,/home/samsul/Documents/Polyp Detection/kvasir-seg/masks/cju3xtufwiv9c0818djsc4cqd.jpg,kvasir,1,1,530,615
Kvasir-SEG,/home/samsul/Documents/Polyp Detection/kvasir-seg/images/cju1fm3id6gl50801r3fok20c.jpg,/home/samsul/Documents/Polyp Detection/kvasir-seg/masks/cju1fm3id6gl50801r3fok20c.jpg,kvasir,1,1,531,622
Kvasir-SEG,/home/samsul/Documents/Polyp Detection/kvasir-seg/images/cju40jl7skiuo0817p0smlgg8.jpg,/home/samsul/Documents/Polyp Detection/kvasir-seg/masks/cju40jl7skiuo0817p0smlgg8.jpg,kvasir,1,1,506,601
Kvasir-SEG,/home/samsul/Documents/Polyp Detection/kvasir-seg/images/cju88z8bson4h0871nnd7fdxo.jpg,/home/samsul/Documents/Polyp Detection/kvasir-seg/masks/cju88z8bson4h0871nnd7fdxo.jpg,kvasir,1,1,546,626
Kvasir-SEG,/home/samsul/Documents/Polyp Detection/kvasir-seg/images/cju2omjpeqj5a0988pjdlb8l1.jpg,/home/samsul/Documents/Polyp Detection/kvasir-seg/masks/cju2omjpeqj5a0988pjdlb8l1.jpg,kvasir,1,1,530,566
Kvasir-SEG,/home/samsul/Documents/Polyp Detection/kvasir-seg/images/cju3x5u2tiihx0818914gzxy1.jpg,/home/samsul/Documents/Polyp Detection/kvasir-seg/masks/cju3x5u2tiihx0818914gzxy1.jpg,kvasir,1,1,530,622
Kvasir-SEG,/home/samsul/Documents/Polyp Detection/kvasir-seg/images/cju32jcdabepz0878d0cznmfe.jpg,/home/samsul/Documents/Polyp Detection/kvasir-seg/masks/cju32jcdabepz0878d0cznmfe.jpg,kvasir,1,1,530,622
Kvasir-SEG,/home/samsul/Documents/Polyp Detection/kvasir-seg/images/cju358pwtdby20878cg7nm0np.jpg,/home/samsul/Documents/Polyp Detection/kvasir-seg/masks/cju358pwtdby20878cg7nm0np.jpg,kvasir,1,1,528,581
Kvasir-SEG,/home/samsul/Documents/Polyp Detection/kvasir-seg/images/cju846ec0kj7z08012o10klrb.jpg,/home/samsul/Documents/Polyp Detection/kvasir-seg/masks/cju846ec0kj7z08012o10klrb.jpg,kvasir,1,1,530,616
Kvasir-SEG,/home/samsul/Documents/Polyp Detection/kvasir-seg/images/cju2s2527pfyr0993l3h1149a.jpg,/home/samsul/Documents/Polyp Detection/kvasir-seg/masks/cju2s2527pfyr0993l3h1149a.jpg,kvasir,1,1,529,622
Kvasir-SEG,/home/samsul/Documents/Polyp Detection/kvasir-seg/images/cju17z0qongpa0993de4boim4.jpg,/home/samsul/Documents/Polyp Detection/kvasir-seg/masks/cju17z0qongpa0993de4boim4.jpg,kvasir,1,1,529,622
Kvasir-SEG,/home/samsul/Documents/Polyp Detection/kvasir-seg/images/cju35k2fr3vc50988c85qkrwg.jpg,/home/samsul/Documents/Polyp Detection/kvasir-seg/masks/cju35k2fr3vc50988c85qkrwg.jpg,kvasir,2,1,530,570
Kvasir-SEG,/home/samsul/Documents/Polyp Detection/kvasir-seg/images/cju5uget8krjy0818kvywd0zu.jpg,/home/samsul/Documents/Polyp Detection/kvasir-seg/masks/cju5uget8krjy0818kvywd0zu.jpg,kvasir,1,1,529,608
Kvasir-SEG,/home/samsul/Documents/Polyp Detection/kvasir-seg/images/cju2u2b9o4zvp08788qb9nqxj.jpg,/home/samsul/Documents/Polyp Detection/kvasir-seg/masks/cju2u2b9o4zvp08788qb9nqxj.jpg,kvasir,1,1,527,564
Kvasir-SEG,/home/samsul/Documents/Polyp Detection/kvasir-seg/images/cju1hhj6mxfp90835n3wofrap.jpg,/home/samsul/Documents/Polyp Detection/kvasir-seg/masks/cju1hhj6mxfp90835n3wofrap.jpg,kvasir,1,1,530,622
Kvasir-SEG,/home/samsul/Documents/Polyp Detection/kvasir-seg/images/cju892fesoq2g0801n0e0jyia.jpg,/home/samsul/Documents/Polyp Detection/kvasir-seg/masks/cju892fesoq2g0801n0e0jyia.jpg,kvasir,1,1,546,589
Kvasir-SEG,/home/samsul/Documents/Polyp Detection/kvasir-seg/images/cju8apjewqrk00801k5d71gky.jpg,/home/samsul/Documents/Polyp Detection/kvasir-seg/masks/cju8apjewqrk00801k5d71gky.jpg,kvasir,1,1,530,451
Kvasir-SEG,/home/samsul/Documents/Polyp Detection/kvasir-seg/images/cju5jx7jzf7c90871c2i9aiov.jpg,/home/samsul/Documents/Polyp Detection/kvasir-seg/masks/cju5jx7jzf7c90871c2i9aiov.jpg,kvasir,1,1,528,622
Kvasir-SEG,/home/samsul/Documents/Polyp Detection/kvasir-seg/images/cju88cddensj00987788yotmg.jpg,/home/samsul/Documents/Polyp Detection/kvasir-seg/masks/cju88cddensj00987788yotmg.jpg,kvasir,1,1,531,622
Kvasir-SEG,/home/samsul/Documents/Polyp Detection/kvasir-seg/images/cju8bj2ssrmlm0871gc2ug2rs.jpg,/home/samsul/Documents/Polyp Detection/kvasir-seg/masks/cju8bj2ssrmlm0871gc2ug2rs.jpg,kvasir,1,1,449,469
Kvasir-SEG,/home/samsul/Documents/Polyp Detection/kvasir-seg/images/cju1dhfok4mhe0878jlgrag0h.jpg,/home/samsul/Documents/Polyp Detection/kvasir-seg/masks/cju1dhfok4mhe0878jlgrag0h.jpg,kvasir,1,1,546,626
Kvasir-SEG,/home/samsul/Documents/Polyp Detection/kvasir-seg/images/cjyzlw7f9faqr070129au64sq.jpg,/home/samsul/Documents/Polyp Detection/kvasir-seg/masks/cjyzlw7f9faqr070129au64sq.jpg,kvasir,1,1,576,720
Kvasir-SEG,/home/samsul/Documents/Polyp Detection/kvasir-seg/images/cju3xhpvvimda0987ygrpzni2.jpg,/home/samsul/Documents/Polyp Detection/kvasir-seg/masks/cju3xhpvvimda0987ygrpzni2.jpg,kvasir,1,1,530,622
Kvasir-SEG,/home/samsul/Documents/Polyp Detection/kvasir-seg/images/cju88rl5eo94l0850kf5wtrm1.jpg,/home/samsul/Documents/Polyp Detection/kvasir-seg/masks/cju88rl5eo94l0850kf5wtrm1.jpg,kvasir,1,1,530,590
Kvasir-SEG,/home/samsul/Documents/Polyp Detection/kvasir-seg/images/cjyzk8qieoboa0848ogj51wwm.jpg,/home/samsul/Documents/Polyp Detection/kvasir-seg/masks/cjyzk8qieoboa0848ogj51wwm.jpg,kvasir,1,1,576,720
Kvasir-SEG,/home/samsul/Documents/Polyp Detection/kvasir-seg/images/cju2rxm8rpbaf0993o3qr2oph.jpg,/home/samsul/Documents/Polyp Detection/kvasir-seg/masks/cju2rxm8rpbaf0993o3qr2oph.jpg,kvasir,1,1,531,571
Kvasir-SEG,/home/samsul/Documents/Polyp Detection/kvasir-seg/images/cju414lf2l1lt0801rl3hjllj.jpg,/home/samsul/Documents/Polyp Detection/kvasir-seg/masks/cju414lf2l1lt0801rl3hjllj.jpg,kvasir,4,1,528,610
Kvasir-SEG,/home/samsul/Documents/Polyp Detection/kvasir-seg/images/cju2t9tdwuk700835kv0ljmtl.jpg,/home/samsul/Documents/Polyp Detection/kvasir-seg/masks/cju2t9tdwuk700835kv0ljmtl.jpg,kvasir,1,1,473,605
Kvasir-SEG,/home/samsul/Documents/Polyp Detection/kvasir-seg/images/cju3u815rg4ek0850vvhtcvcm.jpg,/home/samsul/Documents/Polyp Detection/kvasir-seg/masks/cju3u815rg4ek0850vvhtcvcm.jpg,kvasir,1,1,546,595
Kvasir-SEG,/home/samsul/Documents/Polyp Detection/kvasir-seg/images/cju6z7e4bwgdd0987ogkzq9kt.jpg,/home/samsul/Documents/Polyp Detection/kvasir-seg/masks/cju6z7e4bwgdd0987ogkzq9kt.jpg,kvasir,1,1,528,623
Kvasir-SEG,/home/samsul/Documents/Polyp Detection/kvasir-seg/images/cju7evxt12m730987rxivne3x.jpg,/home/samsul/Documents/Polyp Detection/kvasir-seg/masks/cju7evxt12m730987rxivne3x.jpg,kvasir,1,1,528,510
Kvasir-SEG,/home/samsul/Documents/Polyp Detection/kvasir-seg/images/cju5fw37edaae0801vkwvocn7.jpg,/home/samsul/Documents/Polyp Detection/kvasir-seg/masks/cju5fw37edaae0801vkwvocn7.jpg,kvasir,1,1,530,559
Kvasir-SEG,/home/samsul/Documents/Polyp Detection/kvasir-seg/images/cju33w4sdcivk0855x879zht7.jpg,/home/samsul/Documents/Polyp Detection/kvasir-seg/masks/cju33w4sdcivk0855x879zht7.jpg,kvasir,1,1,547,617
Kvasir-SEG,/home/samsul/Documents/Polyp Detection/kvasir-seg/images/cju8amfdtqi4x09871tygrgqe.jpg,/home/samsul/Documents/Polyp Detection/kvasir-seg/masks/cju8amfdtqi4x09871tygrgqe.jpg,kvasir,1,1,530,622
Kvasir-SEG,/home/samsul/Documents/Polyp Detection/kvasir-seg/images/cju2x7vw87mu30878hye2ca0m.jpg,/home/samsul/Documents/Polyp Detection/kvasir-seg/masks/cju2x7vw87mu30878hye2ca0m.jpg,kvasir,1,1,1070,1348
Kvasir-SEG,/home/samsul/Documents/Polyp Detection/kvasir-seg/images/cju83wwn1k55e0850kw6i2d81.jpg,/home/samsul/Documents/Polyp Detection/kvasir-seg/masks/cju83wwn1k55e0850kw6i2d81.jpg,kvasir,1,1,527,622
Kvasir-SEG,/home/samsul/Documents/Polyp Detection/kvasir-seg/images/cju7aklv31h4309871m29l4e7.jpg,/home/samsul/Documents/Polyp Detection/kvasir-seg/masks/cju7aklv31h4309871m29l4e7.jpg,kvasir,1,1,529,615
Kvasir-SEG,/home/samsul/Documents/Polyp Detection/kvasir-seg/images/cju7bb3ss1uoo0755pmhyco7t.jpg,/home/samsul/Documents/Polyp Detection/kvasir-seg/masks/cju7bb3ss1uoo0755pmhyco7t.jpg,kvasir,1,1,529,502
Kvasir-SEG,/home/samsul/Documents/Polyp Detection/kvasir-seg/images/cju41s6nbleqy0755e2mslg0b.jpg,/home/samsul/Documents/Polyp Detection/kvasir-seg/masks/cju41s6nbleqy0755e2mslg0b.jpg,kvasir,1,1,530,561
Kvasir-SEG,/home/samsul/Documents/Polyp Detection/kvasir-seg/images/cju43jcqim2cp08172dvjvyui.jpg,/home/samsul/Documents/Polyp Detection/kvasir-seg/masks/cju43jcqim2cp08172dvjvyui.jpg,kvasir,1,1,547,626
Kvasir-SEG,/home/samsul/Documents/Polyp Detection/kvasir-seg/images/cju5wrapcm2290818jsh26ppb.jpg,/home/samsul/Documents/Polyp Detection/kvasir-seg/masks/cju5wrapcm2290818jsh26ppb.jpg,kvasir,1,1,528,622
Kvasir-SEG,/home/samsul/Documents/Polyp Detection/kvasir-seg/images/cju34eqjpcpm508788b3lhp97.jpg,/home/samsul/Documents/Polyp Detection/kvasir-seg/masks/cju34eqjpcpm508788b3lhp97.jpg,kvasir,1,1,531,557
Kvasir-SEG,/home/samsul/Documents/Polyp Detection/kvasir-seg/images/cju2zjcvj9qma0801dk71hhi0.jpg,/home/samsul/Documents/Polyp Detection/kvasir-seg/masks/cju2zjcvj9qma0801dk71hhi0.jpg,kvasir,2,1,528,622
Kvasir-SEG,/home/samsul/Documents/Polyp Detection/kvasir-seg/images/ck2bxw18mmz1k0725litqq2mc.jpg,/home/samsul/Documents/Polyp Detection/kvasir-seg/masks/ck2bxw18mmz1k0725litqq2mc.jpg,kvasir,1,1,528,600
Kvasir-SEG,/home/samsul/Documents/Polyp Detection/kvasir-seg/images/cjyztzaqtrv430848l8xgcerw.jpg,/home/samsul/Documents/Polyp Detection/kvasir-seg/masks/cjyztzaqtrv430848l8xgcerw.jpg,kvasir,1,1,576,720
Kvasir-SEG,/home/samsul/Documents/Polyp Detection/kvasir-seg/images/cju2qs32r1vys07999conmbvx.jpg,/home/samsul/Documents/Polyp Detection/kvasir-seg/masks/cju2qs32r1vys07999conmbvx.jpg,kvasir,1,1,528,622
Kvasir-SEG,/home/samsul/Documents/Polyp Detection/kvasir-seg/images/cju17r8il13910799dr2wme2e.jpg,/home/samsul/Documents/Polyp Detection/kvasir-seg/masks/cju17r8il13910799dr2wme2e.jpg,kvasir,1,1,531,622
Kvasir-SEG,/home/samsul/Documents/Polyp Detection/kvasir-seg/images/cju31rb7vb6110801p9rhacuw.jpg,/home/samsul/Documents/Polyp Detection/kvasir-seg/masks/cju31rb7vb6110801p9rhacuw.jpg,kvasir,1,1,530,622
Kvasir-SEG,/home/samsul/Documents/Polyp Detection/kvasir-seg/images/cju17otoe119u0799nqcbl8n1.jpg,/home/samsul/Documents/Polyp Detection/kvasir-seg/masks/cju17otoe119u0799nqcbl8n1.jpg,kvasir,1,1,511,519
Kvasir-SEG,/home/samsul/Documents/Polyp Detection/kvasir-seg/images/cju5wj0faly5008187n6530af.jpg,/home/samsul/Documents/Polyp Detection/kvasir-seg/masks/cju5wj0faly5008187n6530af.jpg,kvasir,1,1,530,570
Kvasir-SEG,/home/samsul/Documents/Polyp Detection/kvasir-seg/images/cju2tvrvm53ws0801a0jfjdxg.jpg,/home/samsul/Documents/Polyp Detection/kvasir-seg/masks/cju2tvrvm53ws0801a0jfjdxg.jpg,kvasir,1,1,531,568
Kvasir-SEG,/home/samsul/Documents/Polyp Detection/kvasir-seg/images/cju8bh8surexp0987o5pzklk1.jpg,/home/samsul/Documents/Polyp Detection/kvasir-seg/masks/cju8bh8surexp0987o5pzklk1.jpg,kvasir,1,1,506,577
Kvasir-SEG,/home/samsul/Documents/Polyp Detection/kvasir-seg/images/cju7ddtz729960801uazp1knc.jpg,/home/samsul/Documents/Polyp Detection/kvasir-seg/masks/cju7ddtz729960801uazp1knc.jpg,kvasir,1,1,528,622
Kvasir-SEG,/home/samsul/Documents/Polyp Detection/kvasir-seg/images/cju5bf6hxa6m50817rbwettgu.jpg,/home/samsul/Documents/Polyp Detection/kvasir-seg/masks/cju5bf6hxa6m50817rbwettgu.jpg,kvasir,1,1,531,622
Kvasir-SEG,/home/samsul/Documents/Polyp Detection/kvasir-seg/images/cju8chxndsre008015uisl4si.jpg,/home/samsul/Documents/Polyp Detection/kvasir-seg/masks/cju8chxndsre008015uisl4si.jpg,kvasir,1,1,444,605
Kvasir-SEG,/home/samsul/Documents/Polyp Detection/kvasir-seg/images/cju887ftknop008177nnjt46y.jpg,/home/samsul/Documents/Polyp Detection/kvasir-seg/masks/cju887ftknop008177nnjt46y.jpg,kvasir,1,1,528,619
Kvasir-SEG,/home/samsul/Documents/Polyp Detection/kvasir-seg/images/cju5bhv81abur0850ean02atv.jpg,/home/samsul/Documents/Polyp Detection/kvasir-seg/masks/cju5bhv81abur0850ean02atv.jpg,kvasir,1,1,531,611
Kvasir-SEG,/home/samsul/Documents/Polyp Detection/kvasir-seg/images/cju30ia8da2bq0799klnehml2.jpg,/home/samsul/Documents/Polyp Detection/kvasir-seg/masks/cju30ia8da2bq0799klnehml2.jpg,kvasir,1,1,531,571
Kvasir-SEG,/home/samsul/Documents/Polyp Detection/kvasir-seg/images/cju3518w2d838079939fqztbc.jpg,/home/samsul/Documents/Polyp Detection/kvasir-seg/masks/cju3518w2d838079939fqztbc.jpg,kvasir,1,1,529,623
Kvasir-SEG,/home/samsul/Documents/Polyp Detection/kvasir-seg/images/cju7ap09p1kz10850ldccjebj.jpg,/home/samsul/Documents/Polyp Detection/kvasir-seg/masks/cju7ap09p1kz10850ldccjebj.jpg,kvasir,1,1,546,626
Kvasir-SEG,/home/samsul/Documents/Polyp Detection/kvasir-seg/images/cju7d8m3b2e210755l8fj1yph.jpg,/home/samsul/Documents/Polyp Detection/kvasir-seg/masks/cju7d8m3b2e210755l8fj1yph.jpg,kvasir,1,1,528,619
Kvasir-SEG,/home/samsul/Documents/Polyp Detection/kvasir-seg/images/cju7f0ec32txj08184asb8w5f.jpg,/home/samsul/Documents/Polyp Detection/kvasir-seg/masks/cju7f0ec32txj08184asb8w5f.jpg,kvasir,1,1,445,604
Kvasir-SEG,/home/samsul/Documents/Polyp Detection/kvasir-seg/images/cju8b2rmgr52s0801p54eyflx.jpg,/home/samsul/Documents/Polyp Detection/kvasir-seg/masks/cju8b2rmgr52s0801p54eyflx.jpg,kvasir,1,1,530,587
Kvasir-SEG,/home/samsul/Documents/Polyp Detection/kvasir-seg/images/cju1cdxvz48hw0801i0fjwcnk.jpg,/home/samsul/Documents/Polyp Detection/kvasir-seg/masks/cju1cdxvz48hw0801i0fjwcnk.jpg,kvasir,1,1,505,577
Kvasir-SEG,/home/samsul/Documents/Polyp Detection/kvasir-seg/images/cju8auylgqx0z0871u4o4db7o.jpg,/home/samsul/Documents/Polyp Detection/kvasir-seg/masks/cju8auylgqx0z0871u4o4db7o.jpg,kvasir,1,1,531,622
Kvasir-SEG,/home/samsul/Documents/Polyp Detection/kvasir-seg/images/cju35a77vdj4n08556jj2lgmc.jpg,/home/samsul/Documents/Polyp Detection/kvasir-seg/masks/cju35a77vdj4n08556jj2lgmc.jpg,kvasir,1,1,530,570
Kvasir-SEG,/home/samsul/Documents/Polyp Detection/kvasir-seg/images/cju2tzypl4wss0799ow05oxb9.jpg,/home/samsul/Documents/Polyp Detection/kvasir-seg/masks/cju2tzypl4wss0799ow05oxb9.jpg,kvasir,1,1,531,622
Kvasir-SEG,/home/samsul/Documents/Polyp Detection/kvasir-seg/images/cju15wdt3zla10801odjiw7sy.jpg,/home/samsul/Documents/Polyp Detection/kvasir-seg/masks/cju15wdt3zla10801odjiw7sy.jpg,kvasir,1,1,529,622
Kvasir-SEG,/home/samsul/Documents/Polyp Detection/kvasir-seg/images/cju2hqt33lmra0988fr5ijv8j.jpg,/home/samsul/Documents/Polyp Detection/kvasir-seg/masks/cju2hqt33lmra0988fr5ijv8j.jpg,kvasir,1,1,528,602
Kvasir-SEG,/home/samsul/Documents/Polyp Detection/kvasir-seg/images/cju3v0fl3gwce0755qkjhzmd4.jpg,/home/samsul/Documents/Polyp Detection/kvasir-seg/masks/cju3v0fl3gwce0755qkjhzmd4.jpg,kvasir,1,1,530,621
Kvasir-SEG,/home/samsul/Documents/Polyp Detection/kvasir-seg/images/cju2uzabhs6er0993x3aaf87p.jpg,/home/samsul/Documents/Polyp Detection/kvasir-seg/masks/cju2uzabhs6er0993x3aaf87p.jpg,kvasir,1,1,528,612
Kvasir-SEG,/home/samsul/Documents/Polyp Detection/kvasir-seg/images/cju7d6ux323ze0987xos3srkx.jpg,/home/samsul/Documents/Polyp Detection/kvasir-seg/masks/cju7d6ux323ze0987xos3srkx.jpg,kvasir,1,1,527,621
Kvasir-SEG,/home/samsul/Documents/Polyp Detection/kvasir-seg/images/cju42wamblrqn098798r2yyok.jpg,/home/samsul/Documents/Polyp Detection/kvasir-seg/masks/cju42wamblrqn098798r2yyok.jpg,kvasir,1,1,547,621
Kvasir-SEG,/home/samsul/Documents/Polyp Detection/kvasir-seg/images/cju0tl3uz8blh0993wxvn7ly3.jpg,/home/samsul/Documents/Polyp Detection/kvasir-seg/masks/cju0tl3uz8blh0993wxvn7ly3.jpg,kvasir,1,1,529,622
Kvasir-SEG,/home/samsul/Documents/Polyp Detection/kvasir-seg/images/cju3ya7goj6at0818v2l5ay7f.jpg,/home/samsul/Documents/Polyp Detection/kvasir-seg/masks/cju3ya7goj6at0818v2l5ay7f.jpg,kvasir,2,1,547,626
Kvasir-SEG,/home/samsul/Documents/Polyp Detection/kvasir-seg/images/cju5v8pgplg6k0755rvi2t63h.jpg,/home/samsul/Documents/Polyp Detection/kvasir-seg/masks/cju5v8pgplg6k0755rvi2t63h.jpg,kvasir,1,1,530,570
Kvasir-SEG,/home/samsul/Documents/Polyp Detection/kvasir-seg/images/cju1gghyjwxt80835vx0wgxw0.jpg,/home/samsul/Documents/Polyp Detection/kvasir-seg/masks/cju1gghyjwxt80835vx0wgxw0.jpg,kvasir,1,1,529,621
Kvasir-SEG,/home/samsul/Documents/Polyp Detection/kvasir-seg/images/cju5eq8c8ck690850vix98hv3.jpg,/home/samsul/Documents/Polyp Detection/kvasir-seg/masks/cju5eq8c8ck690850vix98hv3.jpg,kvasir,1,1,530,622
Kvasir-SEG,/home/samsul/Documents/Polyp Detection/kvasir-seg/images/cju5xjn5mm78b09871spyqhhr.jpg,/home/samsul/Documents/Polyp Detection/kvasir-seg/masks/cju5xjn5mm78b09871spyqhhr.jpg,kvasir,1,1,528,622
Kvasir-SEG,/home/samsul/Documents/Polyp Detection/kvasir-seg/images/cju7es23b2vcp0755gpbm9s7v.jpg,/home/samsul/Documents/Polyp Detection/kvasir-seg/masks/cju7es23b2vcp0755gpbm9s7v.jpg,kvasir,1,1,529,584
Kvasir-SEG,/home/samsul/Documents/Polyp Detection/kvasir-seg/images/cju33jon3ygbj0993pu22a4k6.jpg,/home/samsul/Documents/Polyp Detection/kvasir-seg/masks/cju33jon3ygbj0993pu22a4k6.jpg,kvasir,1,1,547,626
Kvasir-SEG,/home/samsul/Documents/Polyp Detection/kvasir-seg/images/cju88k75inzyb0850ccv5x3vk.jpg,/home/samsul/Documents/Polyp Detection/kvasir-seg/masks/cju88k75inzyb0850ccv5x3vk.jpg,kvasir,1,1,531,549
Kvasir-SEG,/home/samsul/Documents/Polyp Detection/kvasir-seg/images/cju8abobpqbir08189u01huru.jpg,/home/samsul/Documents/Polyp Detection/kvasir-seg/masks/cju8abobpqbir08189u01huru.jpg,kvasir,1,1,547,626
Kvasir-SEG,/home/samsul/Documents/Polyp Detection/kvasir-seg/images/cju1hs0za7jha0855vj0mdrjt.jpg,/home/samsul/Documents/Polyp Detection/kvasir-seg/masks/cju1hs0za7jha0855vj0mdrjt.jpg,kvasir,1,1,531,571
Kvasir-SEG,/home/samsul/Documents/Polyp Detection/kvasir-seg/images/cju6wi3akvn8r0801px8eligc.jpg,/home/samsul/Documents/Polyp Detection/kvasir-seg/masks/cju6wi3akvn8r0801px8eligc.jpg,kvasir,1,1,530,494
Kvasir-SEG,/home/samsul/Documents/Polyp Detection/kvasir-seg/images/cju8bafgqrf4x0818twisk3ea.jpg,/home/samsul/Documents/Polyp Detection/kvasir-seg/masks/cju8bafgqrf4x0818twisk3ea.jpg,kvasir,1,1,530,531
Kvasir-SEG,/home/samsul/Documents/Polyp Detection/kvasir-seg/images/cju35eg0tdmjt085525sb4bua.jpg,/home/samsul/Documents/Polyp Detection/kvasir-seg/masks/cju35eg0tdmjt085525sb4bua.jpg,kvasir,1,1,528,599
Kvasir-SEG,/home/samsul/Documents/Polyp Detection/kvasir-seg/images/cju1csmlc4ht10799b8ymmghg.jpg,/home/samsul/Documents/Polyp Detection/kvasir-seg/masks/cju1csmlc4ht10799b8ymmghg.jpg,kvasir,1,1,546,612
Kvasir-SEG,/home/samsul/Documents/Polyp Detection/kvasir-seg/images/cju77q10sz9ug0801449wu1nu.jpg,/home/samsul/Documents/Polyp Detection/kvasir-seg/masks/cju77q10sz9ug0801449wu1nu.jpg,kvasir,1,1,528,608
Kvasir-SEG,/home/samsul/Documents/Polyp Detection/kvasir-seg/images/cju2rlqdnoz9k0993cpjae3x0.jpg,/home/samsul/Documents/Polyp Detection/kvasir-seg/masks/cju2rlqdnoz9k0993cpjae3x0.jpg,kvasir,1,1,531,592
Kvasir-SEG,/home/samsul/Documents/Polyp Detection/kvasir-seg/images/cju2pjb9v0ywn0878j5g5n69j.jpg,/home/samsul/Documents/Polyp Detection/kvasir-seg/masks/cju2pjb9v0ywn0878j5g5n69j.jpg,kvasir,1,1,529,622
Kvasir-SEG,/home/samsul/Documents/Polyp Detection/kvasir-seg/images/cju6v6g6kvdw007552x6mb0po.jpg,/home/samsul/Documents/Polyp Detection/kvasir-seg/masks/cju6v6g6kvdw007552x6mb0po.jpg,kvasir,1,1,530,570
Kvasir-SEG,/home/samsul/Documents/Polyp Detection/kvasir-seg/images/cju77t0razbvm080106o56289.jpg,/home/samsul/Documents/Polyp Detection/kvasir-seg/masks/cju77t0razbvm080106o56289.jpg,kvasir,1,1,528,570
Kvasir-SEG,/home/samsul/Documents/Polyp Detection/kvasir-seg/images/cjyzu9th0qt4r0a46pyl4zik0.jpg,/home/samsul/Documents/Polyp Detection/kvasir-seg/masks/cjyzu9th0qt4r0a46pyl4zik0.jpg,kvasir,1,1,576,720
Kvasir-SEG,/home/samsul/Documents/Polyp Detection/kvasir-seg/images/cju7d4jk723eu0817bqz2n39m.jpg,/home/samsul/Documents/Polyp Detection/kvasir-seg/masks/cju7d4jk723eu0817bqz2n39m.jpg,kvasir,1,1,530,615
Kvasir-SEG,/home/samsul/Documents/Polyp Detection/kvasir-seg/images/cju2uy8ox62jo0801g88hh42z.jpg,/home/samsul/Documents/Polyp Detection/kvasir-seg/masks/cju2uy8ox62jo0801g88hh42z.jpg,kvasir,1,1,528,622
Kvasir-SEG,/home/samsul/Documents/Polyp Detection/kvasir-seg/images/cju8bpctzrqkr0850zeldv9kt.jpg,/home/samsul/Documents/Polyp Detection/kvasir-seg/masks/cju8bpctzrqkr0850zeldv9kt.jpg,kvasir,1,1,546,626
Kvasir-SEG,/home/samsul/Documents/Polyp Detection/kvasir-seg/images/cju8dqkrqu83i0818ev74qpxq.jpg,/home/samsul/Documents/Polyp Detection/kvasir-seg/masks/cju8dqkrqu83i0818ev74qpxq.jpg,kvasir,1,1,1070,1348
Kvasir-SEG,/home/samsul/Documents/Polyp Detection/kvasir-seg/images/cju306x7w05nb0835cunv799x.jpg,/home/samsul/Documents/Polyp Detection/kvasir-seg/masks/cju306x7w05nb0835cunv799x.jpg,kvasir,1,1,546,626
Kvasir-SEG,/home/samsul/Documents/Polyp Detection/kvasir-seg/images/cju30ov1oah920801mi8thuyg.jpg,/home/samsul/Documents/Polyp Detection/kvasir-seg/masks/cju30ov1oah920801mi8thuyg.jpg,kvasir,1,1,530,571
Kvasir-SEG,/home/samsul/Documents/Polyp Detection/kvasir-seg/images/cju8bi8q7rlmn0871abc5ch8k.jpg,/home/samsul/Documents/Polyp Detection/kvasir-seg/masks/cju8bi8q7rlmn0871abc5ch8k.jpg,kvasir,1,1,531,622
Kvasir-SEG,/home/samsul/Documents/Polyp Detection/kvasir-seg/images/cju8b1v3br45u087189kku66u.jpg,/home/samsul/Documents/Polyp Detection/kvasir-seg/masks/cju8b1v3br45u087189kku66u.jpg,kvasir,1,1,546,626
Kvasir-SEG,/home/samsul/Documents/Polyp Detection/kvasir-seg/images/cju7bf1lp1shi081835vs84lc.jpg,/home/samsul/Documents/Polyp Detection/kvasir-seg/masks/cju7bf1lp1shi081835vs84lc.jpg,kvasir,1,1,530,570
Kvasir-SEG,/home/samsul/Documents/Polyp Detection/kvasir-seg/images/cju2m71z2ywwv080131bcrsd3.jpg,/home/samsul/Documents/Polyp Detection/kvasir-seg/masks/cju2m71z2ywwv080131bcrsd3.jpg,kvasir,1,1,531,570
Kvasir-SEG,/home/samsul/Documents/Polyp Detection/kvasir-seg/images/cju7fd6yt2p740987wkr8exo1.jpg,/home/samsul/Documents/Polyp Detection/kvasir-seg/masks/cju7fd6yt2p740987wkr8exo1.jpg,kvasir,1,1,530,613
Kvasir-SEG,/home/samsul/Documents/Polyp Detection/kvasir-seg/images/cju1gkndf6yi10801o1qnje19.jpg,/home/samsul/Documents/Polyp Detection/kvasir-seg/masks/cju1gkndf6yi10801o1qnje19.jpg,kvasir,1,1,528,623
Kvasir-SEG,/home/samsul/Documents/Polyp Detection/kvasir-seg/images/cju33belnbyhm0878yxl42233.jpg,/home/samsul/Documents/Polyp Detection/kvasir-seg/masks/cju33belnbyhm0878yxl42233.jpg,kvasir,2,1,528,613
Kvasir-SEG,/home/samsul/Documents/Polyp Detection/kvasir-seg/images/cju5x00l6m5j608503k78ptee.jpg,/home/samsul/Documents/Polyp Detection/kvasir-seg/masks/cju5x00l6m5j608503k78ptee.jpg,kvasir,1,1,529,554
Kvasir-SEG,/home/samsul/Documents/Polyp Detection/kvasir-seg/images/cju34c1xfyz920993itxkkfad.jpg,/home/samsul/Documents/Polyp Detection/kvasir-seg/masks/cju34c1xfyz920993itxkkfad.jpg,kvasir,1,1,508,570
Kvasir-SEG,/home/samsul/Documents/Polyp Detection/kvasir-seg/images/cju33yemn2qb20988wfjxximx.jpg,/home/samsul/Documents/Polyp Detection/kvasir-seg/masks/cju33yemn2qb20988wfjxximx.jpg,kvasir,1,1,511,622
Kvasir-SEG,/home/samsul/Documents/Polyp Detection/kvasir-seg/images/cju7efffp2ivf0817etg3jehl.jpg,/home/samsul/Documents/Polyp Detection/kvasir-seg/masks/cju7efffp2ivf0817etg3jehl.jpg,kvasir,1,1,546,626
Kvasir-SEG,/home/samsul/Documents/Polyp Detection/kvasir-seg/images/cju1bhnfitmge0835ynls0l6b.jpg,/home/samsul/Documents/Polyp Detection/kvasir-seg/masks/cju1bhnfitmge0835ynls0l6b.jpg,kvasir,1,1,531,622
Kvasir-SEG,/home/samsul/Documents/Polyp Detection/kvasir-seg/images/cju2suk42469908015ngmq6f2.jpg,/home/samsul/Documents/Polyp Detection/kvasir-seg/masks/cju2suk42469908015ngmq6f2.jpg,kvasir,1,1,528,609
Kvasir-SEG,/home/samsul/Documents/Polyp Detection/kvasir-seg/images/cju13hp5rnbjx0835bf0jowgx.jpg,/home/samsul/Documents/Polyp Detection/kvasir-seg/masks/cju13hp5rnbjx0835bf0jowgx.jpg,kvasir,1,1,531,622
Kvasir-SEG,/home/samsul/Documents/Polyp Detection/kvasir-seg/images/cju1fjsb4sipq09931lvd8e41.jpg,/home/samsul/Documents/Polyp Detection/kvasir-seg/masks/cju1fjsb4sipq09931lvd8e41.jpg,kvasir,1,1,530,622
Kvasir-SEG,/home/samsul/Documents/Polyp Detection/kvasir-seg/images/cju412uwlkva50850d1ps1ww7.jpg,/home/samsul/Documents/Polyp Detection/kvasir-seg/masks/cju412uwlkva50850d1ps1ww7.jpg,kvasir,1,1,547,616
Kvasir-SEG,/home/samsul/Documents/Polyp Detection/kvasir-seg/images/cju3uhb79gcgr0871orbrbi3x.jpg,/home/samsul/Documents/Polyp Detection/kvasir-seg/masks/cju3uhb79gcgr0871orbrbi3x.jpg,kvasir,10,1,531,622
Kvasir-SEG,/home/samsul/Documents/Polyp Detection/kvasir-seg/images/cju88msmoo3470817m441j4sg.jpg,/home/samsul/Documents/Polyp Detection/kvasir-seg/masks/cju88msmoo3470817m441j4sg.jpg,kvasir,1,1,530,615
Kvasir-SEG,/home/samsul/Documents/Polyp Detection/kvasir-seg/images/cju43lcnum9y10755bjs7z87f.jpg,/home/samsul/Documents/Polyp Detection/kvasir-seg/masks/cju43lcnum9y10755bjs7z87f.jpg,kvasir,1,1,528,590
Kvasir-SEG,/home/samsul/Documents/Polyp Detection/kvasir-seg/images/cju17g6ykn1cs0993dww6qdi8.jpg,/home/samsul/Documents/Polyp Detection/kvasir-seg/masks/cju17g6ykn1cs0993dww6qdi8.jpg,kvasir,1,1,510,605
Kvasir-SEG,/home/samsul/Documents/Polyp Detection/kvasir-seg/images/cju43kj2pm34f0850l28ahpni.jpg,/home/samsul/Documents/Polyp Detection/kvasir-seg/masks/cju43kj2pm34f0850l28ahpni.jpg,kvasir,1,1,528,622
Kvasir-SEG,/home/samsul/Documents/Polyp Detection/kvasir-seg/images/cju7d9seq29zd0871nzl2uu5m.jpg,/home/samsul/Documents/Polyp Detection/kvasir-seg/masks/cju7d9seq29zd0871nzl2uu5m.jpg,kvasir,1,1,528,622
Kvasir-SEG,/home/samsul/Documents/Polyp Detection/kvasir-seg/images/cju1efbr0rqxz09931z0lf4vf.jpg,/home/samsul/Documents/Polyp Detection/kvasir-seg/masks/cju1efbr0rqxz09931z0lf4vf.jpg,kvasir,1,1,529,622
Kvasir-SEG,/home/samsul/Documents/Polyp Detection/kvasir-seg/images/cju32qr9tbvsj08013pkpjenq.jpg,/home/samsul/Documents/Polyp Detection/kvasir-seg/masks/cju32qr9tbvsj08013pkpjenq.jpg,kvasir,1,1,546,615
Kvasir-SEG,/home/samsul/Documents/Polyp Detection/kvasir-seg/images/cju8bn7m2rmm70817hgxpb1uq.jpg,/home/samsul/Documents/Polyp Detection/kvasir-seg/masks/cju8bn7m2rmm70817hgxpb1uq.jpg,kvasir,1,1,547,626
Kvasir-SEG,/home/samsul/Documents/Polyp Detection/kvasir-seg/images/cju33qpdvc9g0087825jhf3s9.jpg,/home/samsul/Documents/Polyp Detection/kvasir-seg/masks/cju33qpdvc9g0087825jhf3s9.jpg,kvasir,1,1,531,622
Kvasir-SEG,/home/samsul/Documents/Polyp Detection/kvasir-seg/images/cju7f900s2o0k08175gl1giid.jpg,/home/samsul/Documents/Polyp Detection/kvasir-seg/masks/cju7f900s2o0k08175gl1giid.jpg,kvasir,1,1,529,622
Kvasir-SEG,/home/samsul/Documents/Polyp Detection/kvasir-seg/images/cju5gucasds9d0801019axylx.jpg,/home/samsul/Documents/Polyp Detection/kvasir-seg/masks/cju5gucasds9d0801019axylx.jpg,kvasir,1,1,546,626
Kvasir-SEG,/home/samsul/Documents/Polyp Detection/kvasir-seg/images/cju2htabevq9108015qjei0x7.jpg,/home/samsul/Documents/Polyp Detection/kvasir-seg/masks/cju2htabevq9108015qjei0x7.jpg,kvasir,1,1,487,332
Kvasir-SEG,/home/samsul/Documents/Polyp Detection/kvasir-seg/images/cju8ca4geseia0850i2ru11hw.jpg,/home/samsul/Documents/Polyp Detection/kvasir-seg/masks/cju8ca4geseia0850i2ru11hw.jpg,kvasir,1,1,529,617
Kvasir-SEG,/home/samsul/Documents/Polyp Detection/kvasir-seg/images/cju85a8h8llwm07559wxg4t5w.jpg,/home/samsul/Documents/Polyp Detection/kvasir-seg/masks/cju85a8h8llwm07559wxg4t5w.jpg,kvasir,1,1,529,622
Kvasir-SEG,/home/samsul/Documents/Polyp Detection/kvasir-seg/images/cju8bljw9rqk20801kr54akrl.jpg,/home/samsul/Documents/Polyp Detection/kvasir-seg/masks/cju8bljw9rqk20801kr54akrl.jpg,kvasir,1,1,529,621
Kvasir-SEG,/home/samsul/Documents/Polyp Detection/kvasir-seg/images/cju886ryxnsl50801r93jai7q.jpg,/home/samsul/Documents/Polyp Detection/kvasir-seg/masks/cju886ryxnsl50801r93jai7q.jpg,kvasir,1,1,530,622
Kvasir-SEG,/home/samsul/Documents/Polyp Detection/kvasir-seg/images/cju42nm68lpyo0818xvvqmupq.jpg,/home/samsul/Documents/Polyp Detection/kvasir-seg/masks/cju42nm68lpyo0818xvvqmupq.jpg,kvasir,1,1,530,504
Kvasir-SEG,/home/samsul/Documents/Polyp Detection/kvasir-seg/images/cju8ayeq7r1fb0818z1junacy.jpg,/home/samsul/Documents/Polyp Detection/kvasir-seg/masks/cju8ayeq7r1fb0818z1junacy.jpg,kvasir,1,1,528,602
Kvasir-SEG,/home/samsul/Documents/Polyp Detection/kvasir-seg/images/cju6vgdmivcvb08018fra5lnv.jpg,/home/samsul/Documents/Polyp Detection/kvasir-seg/masks/cju6vgdmivcvb08018fra5lnv.jpg,kvasir,1,1,529,571
Kvasir-SEG,/home/samsul/Documents/Polyp Detection/kvasir-seg/images/cju2zo0fwzv580988qlijd2xa.jpg,/home/samsul/Documents/Polyp Detection/kvasir-seg/masks/cju2zo0fwzv580988qlijd2xa.jpg,kvasir,2,1,530,616
Kvasir-SEG,/home/samsul/Documents/Polyp Detection/kvasir-seg/images/cju885ikhnmkn09878s2lqtuh.jpg,/home/samsul/Documents/Polyp Detection/kvasir-seg/masks/cju885ikhnmkn09878s2lqtuh.jpg,kvasir,1,1,530,570
Kvasir-SEG,/home/samsul/Documents/Polyp Detection/kvasir-seg/images/cju83qd0yjyht0817ktkfl268.jpg,/home/samsul/Documents/Polyp Detection/kvasir-seg/masks/cju83qd0yjyht0817ktkfl268.jpg,kvasir,1,1,531,572
Kvasir-SEG,/home/samsul/Documents/Polyp Detection/kvasir-seg/images/cju1gi7jlwyld0835cdf6g6qz.jpg,/home/samsul/Documents/Polyp Detection/kvasir-seg/masks/cju1gi7jlwyld0835cdf6g6qz.jpg,kvasir,1,1,529,611
Kvasir-SEG,/home/samsul/Documents/Polyp Detection/kvasir-seg/images/cju5boicjagt20871b1fotkh4.jpg,/home/samsul/Documents/Polyp Detection/kvasir-seg/masks/cju5boicjagt20871b1fotkh4.jpg,kvasir,1,1,529,622
Kvasir-SEG,/home/samsul/Documents/Polyp Detection/kvasir-seg/images/cju7f9umg2olj0987fj5y285w.jpg,/home/samsul/Documents/Polyp Detection/kvasir-seg/masks/cju7f9umg2olj0987fj5y285w.jpg,kvasir,1,1,529,622
Kvasir-SEG,/home/samsul/Documents/Polyp Detection/kvasir-seg/images/cju40r6jrksyk0871wg98zgho.jpg,/home/samsul/Documents/Polyp Detection/kvasir-seg/masks/cju40r6jrksyk0871wg98zgho.jpg,kvasir,1,1,528,622
Kvasir-SEG,/home/samsul/Documents/Polyp Detection/kvasir-seg/images/cju303j5r062k098835zxfds5.jpg,/home/samsul/Documents/Polyp Detection/kvasir-seg/masks/cju303j5r062k098835zxfds5.jpg,kvasir,1,1,546,626
Kvasir-SEG,/home/samsul/Documents/Polyp Detection/kvasir-seg/images/cju5x28nzm7t907558ocq4bt7.jpg,/home/samsul/Documents/Polyp Detection/kvasir-seg/masks/cju5x28nzm7t907558ocq4bt7.jpg,kvasir,1,1,546,597
Kvasir-SEG,/home/samsul/Documents/Polyp Detection/kvasir-seg/images/cju2xjz2ju8pe0993ysv9wg17.jpg,/home/samsul/Documents/Polyp Detection/kvasir-seg/masks/cju2xjz2ju8pe0993ysv9wg17.jpg,kvasir,1,1,530,593
Kvasir-SEG,/home/samsul/Documents/Polyp Detection/kvasir-seg/images/cju1ejj7dvqfa0835ra184v5m.jpg,/home/samsul/Documents/Polyp Detection/kvasir-seg/masks/cju1ejj7dvqfa0835ra184v5m.jpg,kvasir,1,1,547,619
Kvasir-SEG,/home/samsul/Documents/Polyp Detection/kvasir-seg/images/cju7ez7r22qbc08015xfoz2wb.jpg,/home/samsul/Documents/Polyp Detection/kvasir-seg/masks/cju7ez7r22qbc08015xfoz2wb.jpg,kvasir,1,1,530,612
Kvasir-SEG,/home/samsul/Documents/Polyp Detection/kvasir-seg/images/cju1g4nsb6ngy0799l4ezm8ab.jpg,/home/samsul/Documents/Polyp Detection/kvasir-seg/masks/cju1g4nsb6ngy0799l4ezm8ab.jpg,kvasir,1,1,529,568
Kvasir-SEG,/home/samsul/Documents/Polyp Detection/kvasir-seg/images/cju1ddr6p4k5z08780uuuzit2.jpg,/home/samsul/Documents/Polyp Detection/kvasir-seg/masks/cju1ddr6p4k5z08780uuuzit2.jpg,kvasir,1,1,531,570
Kvasir-SEG,/home/samsul/Documents/Polyp Detection/kvasir-seg/images/cju31ugmfb3dz0855xtqshki6.jpg,/home/samsul/Documents/Polyp Detection/kvasir-seg/masks/cju31ugmfb3dz0855xtqshki6.jpg,kvasir,1,1,544,612
Kvasir-SEG,/home/samsul/Documents/Polyp Detection/kvasir-seg/images/cju1dg44i4z3w0801nyz4p6zf.jpg,/home/samsul/Documents/Polyp Detection/kvasir-seg/masks/cju1dg44i4z3w0801nyz4p6zf.jpg,kvasir,1,1,528,623
Kvasir-SEG,/home/samsul/Documents/Polyp Detection/kvasir-seg/images/cju7ae7bq1f820987toc8si1d.jpg,/home/samsul/Documents/Polyp Detection/kvasir-seg/masks/cju7ae7bq1f820987toc8si1d.jpg,kvasir,1,1,530,509
Kvasir-SEG,/home/samsul/Documents/Polyp Detection/kvasir-seg/images/cju30mm25a53s0799qa5wiqe8.jpg,/home/samsul/Documents/Polyp Detection/kvasir-seg/masks/cju30mm25a53s0799qa5wiqe8.jpg,kvasir,1,1,529,622
Kvasir-SEG,/home/samsul/Documents/Polyp Detection/kvasir-seg/images/cju31y80qbawn0801twwm2l5s.jpg,/home/samsul/Documents/Polyp Detection/kvasir-seg/masks/cju31y80qbawn0801twwm2l5s.jpg,kvasir,1,1,495,569
Kvasir-SEG,/home/samsul/Documents/Polyp Detection/kvasir-seg/images/cju8aqq8uqmoq0987hphto9gg.jpg,/home/samsul/Documents/Polyp Detection/kvasir-seg/masks/cju8aqq8uqmoq0987hphto9gg.jpg,kvasir,1,1,546,626
Kvasir-SEG,/home/samsul/Documents/Polyp Detection/kvasir-seg/images/cju890guyoiti098753yg6cdu.jpg,/home/samsul/Documents/Polyp Detection/kvasir-seg/masks/cju890guyoiti098753yg6cdu.jpg,kvasir,1,1,547,626
Kvasir-SEG,/home/samsul/Documents/Polyp Detection/kvasir-seg/images/cju7ecl9i2i060987xawjp4l0.jpg,/home/samsul/Documents/Polyp Detection/kvasir-seg/masks/cju7ecl9i2i060987xawjp4l0.jpg,kvasir,1,1,529,622
Kvasir-SEG,/home/samsul/Documents/Polyp Detection/kvasir-seg/images/cju1cyjb5qtie0993njqne9m3.jpg,/home/samsul/Documents/Polyp Detection/kvasir-seg/masks/cju1cyjb5qtie0993njqne9m3.jpg,kvasir,1,1,547,626
Kvasir-SEG,/home/samsul/Documents/Polyp Detection/kvasir-seg/images/cju32gzs6xo8x0993r8tedbpb.jpg,/home/samsul/Documents/Polyp Detection/kvasir-seg/masks/cju32gzs6xo8x0993r8tedbpb.jpg,kvasir,2,1,547,626
Kvasir-SEG,/home/samsul/Documents/Polyp Detection/kvasir-seg/images/cju418rckl3ur08012psrx1r1.jpg,/home/samsul/Documents/Polyp Detection/kvasir-seg/masks/cju418rckl3ur08012psrx1r1.jpg,kvasir,1,1,530,622
Kvasir-SEG,/home/samsul/Documents/Polyp Detection/kvasir-seg/images/cju5ufn3skquf0818dhapnhba.jpg,/home/samsul/Documents/Polyp Detection/kvasir-seg/masks/cju5ufn3skquf0818dhapnhba.jpg,kvasir,1,1,530,570
Kvasir-SEG,/home/samsul/Documents/Polyp Detection/kvasir-seg/images/cju1egh885m1l0855ci1lt37c.jpg,/home/samsul/Documents/Polyp Detection/kvasir-seg/masks/cju1egh885m1l0855ci1lt37c.jpg,kvasir,1,1,531,566
PolypGen,/home/samsul/Documents/Polyp Detection/Polyp-Gen:/seq1/images/18.jpg,/home/samsul/Documents/Polyp Detection/Polyp-Gen:/seq1/masks/18.jpg,pgen_seq1,0,0,1080,1380
PolypGen,/home/samsul/Documents/Polyp Detection/Polyp-Gen:/seq1/images/3.jpg,/home/samsul/Documents/Polyp Detection/Polyp-Gen:/seq1/masks/3.jpg,pgen_seq1,0,0,1080,1380
PolypGen,/home/samsul/Documents/Polyp Detection/Polyp-Gen:/seq1/images/11.jpg,/home/samsul/Documents/Polyp Detection/Polyp-Gen:/seq1/masks/11.jpg,pgen_seq1,0,0,1080,1380
PolypGen,/home/samsul/Documents/Polyp Detection/Polyp-Gen:/seq1/images/29.jpg,/home/samsul/Documents/Polyp Detection/Polyp-Gen:/seq1/masks/29.jpg,pgen_seq1,0,0,1080,1380
PolypGen,/home/samsul/Documents/Polyp Detection/Polyp-Gen:/seq1/images/6.jpg,/home/samsul/Documents/Polyp Detection/Polyp-Gen:/seq1/masks/6.jpg,pgen_seq1,0,0,1080,1380
PolypGen,/home/samsul/Documents/Polyp Detection/Polyp-Gen:/seq1/images/10.jpg,/home/samsul/Documents/Polyp Detection/Polyp-Gen:/seq1/masks/10.jpg,pgen_seq1,0,0,1080,1380
PolypGen,/home/samsul/Documents/Polyp Detection/Polyp-Gen:/seq1/images/34.jpg,/home/samsul/Documents/Polyp Detection/Polyp-Gen:/seq1/masks/34.jpg,pgen_seq1,0,0,1080,1380
PolypGen,/home/samsul/Documents/Polyp Detection/Polyp-Gen:/seq1/images/27.jpg,/home/samsul/Documents/Polyp Detection/Polyp-Gen:/seq1/masks/27.jpg,pgen_seq1,0,0,1080,1380
PolypGen,/home/samsul/Documents/Polyp Detection/Polyp-Gen:/seq1/images/31.jpg,/home/samsul/Documents/Polyp Detection/Polyp-Gen:/seq1/masks/31.jpg,pgen_seq1,0,0,1080,1380
PolypGen,/home/samsul/Documents/Polyp Detection/Polyp-Gen:/seq1/images/8.jpg,/home/samsul/Documents/Polyp Detection/Polyp-Gen:/seq1/masks/8.jpg,pgen_seq1,0,0,1080,1380
PolypGen,/home/samsul/Documents/Polyp Detection/Polyp-Gen:/seq1/images/1.jpg,/home/samsul/Documents/Polyp Detection/Polyp-Gen:/seq1/masks/1.jpg,pgen_seq1,0,0,1080,1380
PolypGen,/home/samsul/Documents/Polyp Detection/Polyp-Gen:/seq1/images/19.jpg,/home/samsul/Documents/Polyp Detection/Polyp-Gen:/seq1/masks/19.jpg,pgen_seq1,0,0,1080,1380
PolypGen,/home/samsul/Documents/Polyp Detection/Polyp-Gen:/seq1/images/14.jpg,/home/samsul/Documents/Polyp Detection/Polyp-Gen:/seq1/masks/14.jpg,pgen_seq1,0,0,1080,1380
PolypGen,/home/samsul/Documents/Polyp Detection/Polyp-Gen:/seq1/images/23.jpg,/home/samsul/Documents/Polyp Detection/Polyp-Gen:/seq1/masks/23.jpg,pgen_seq1,0,0,1080,1380
PolypGen,/home/samsul/Documents/Polyp Detection/Polyp-Gen:/seq1/images/28.jpg,/home/samsul/Documents/Polyp Detection/Polyp-Gen:/seq1/masks/28.jpg,pgen_seq1,0,0,1080,1380
PolypGen,/home/samsul/Documents/Polyp Detection/Polyp-Gen:/seq1/images/17.jpg,/home/samsul/Documents/Polyp Detection/Polyp-Gen:/seq1/masks/17.jpg,pgen_seq1,0,0,1080,1380
PolypGen,/home/samsul/Documents/Polyp Detection/Polyp-Gen:/seq1/images/4.jpg,/home/samsul/Documents/Polyp Detection/Polyp-Gen:/seq1/masks/4.jpg,pgen_seq1,0,0,1080,1380
PolypGen,/home/samsul/Documents/Polyp Detection/Polyp-Gen:/seq1/images/5.jpg,/home/samsul/Documents/Polyp Detection/Polyp-Gen:/seq1/masks/5.jpg,pgen_seq1,0,0,1080,1380
PolypGen,/home/samsul/Documents/Polyp Detection/Polyp-Gen:/seq1/images/21.jpg,/home/samsul/Documents/Polyp Detection/Polyp-Gen:/seq1/masks/21.jpg,pgen_seq1,0,0,1080,1380
PolypGen,/home/samsul/Documents/Polyp Detection/Polyp-Gen:/seq1/images/0.jpg,/home/samsul/Documents/Polyp Detection/Polyp-Gen:/seq1/masks/0.jpg,pgen_seq1,0,0,1080,1380
PolypGen,/home/samsul/Documents/Polyp Detection/Polyp-Gen:/seq1/images/26.jpg,/home/samsul/Documents/Polyp Detection/Polyp-Gen:/seq1/masks/26.jpg,pgen_seq1,0,0,1080,1380
PolypGen,/home/samsul/Documents/Polyp Detection/Polyp-Gen:/seq1/images/12.jpg,/home/samsul/Documents/Polyp Detection/Polyp-Gen:/seq1/masks/12.jpg,pgen_seq1,0,0,1080,1380
PolypGen,/home/samsul/Documents/Polyp Detection/Polyp-Gen:/seq1/images/22.jpg,/home/samsul/Documents/Polyp Detection/Polyp-Gen:/seq1/masks/22.jpg,pgen_seq1,0,0,1080,1380
PolypGen,/home/samsul/Documents/Polyp Detection/Polyp-Gen:/seq1/images/32.jpg,/home/samsul/Documents/Polyp Detection/Polyp-Gen:/seq1/masks/32.jpg,pgen_seq1,0,0,1080,1380
PolypGen,/home/samsul/Documents/Polyp Detection/Polyp-Gen:/seq1/images/9.jpg,/home/samsul/Documents/Polyp Detection/Polyp-Gen:/seq1/masks/9.jpg,pgen_seq1,0,0,1080,1380
PolypGen,/home/samsul/Documents/Polyp Detection/Polyp-Gen:/seq1/images/35.jpg,/home/samsul/Documents/Polyp Detection/Polyp-Gen:/seq1/masks/35.jpg,pgen_seq1,0,0,1080,1380
PolypGen,/home/samsul/Documents/Polyp Detection/Polyp-Gen:/seq1/images/33.jpg,/home/samsul/Documents/Polyp Detection/Polyp-Gen:/seq1/masks/33.jpg,pgen_seq1,0,0,1080,1380
PolypGen,/home/samsul/Documents/Polyp Detection/Polyp-Gen:/seq1/images/13.jpg,/home/samsul/Documents/Polyp Detection/Polyp-Gen:/seq1/masks/13.jpg,pgen_seq1,0,0,1080,1380
PolypGen,/home/samsul/Documents/Polyp Detection/Polyp-Gen:/seq1/images/16.jpg,/home/samsul/Documents/Polyp Detection/Polyp-Gen:/seq1/masks/16.jpg,pgen_seq1,0,0,1080,1380
PolypGen,/home/samsul/Documents/Polyp Detection/Polyp-Gen:/seq1/images/15.jpg,/home/samsul/Documents/Polyp Detection/Polyp-Gen:/seq1/masks/15.jpg,pgen_seq1,0,0,1080,1380
PolypGen,/home/samsul/Documents/Polyp Detection/Polyp-Gen:/seq1/images/25.jpg,/home/samsul/Documents/Polyp Detection/Polyp-Gen:/seq1/masks/25.jpg,pgen_seq1,0,0,1080,1380
PolypGen,/home/samsul/Documents/Polyp Detection/Polyp-Gen:/seq1/images/20.jpg,/home/samsul/Documents/Polyp Detection/Polyp-Gen:/seq1/masks/20.jpg,pgen_seq1,0,0,1080,1380
PolypGen,/home/samsul/Documents/Polyp Detection/Polyp-Gen:/seq1/images/7.jpg,/home/samsul/Documents/Polyp Detection/Polyp-Gen:/seq1/masks/7.jpg,pgen_seq1,0,0,1080,1380
PolypGen,/home/samsul/Documents/Polyp Detection/Polyp-Gen:/seq1/images/24.jpg,/home/samsul/Documents/Polyp Detection/Polyp-Gen:/seq1/masks/24.jpg,pgen_seq1,0,0,1080,1380
PolypGen,/home/samsul/Documents/Polyp Detection/Polyp-Gen:/seq1/images/30.jpg,/home/samsul/Documents/Polyp Detection/Polyp-Gen:/seq1/masks/30.jpg,pgen_seq1,0,0,1080,1380
PolypGen,/home/samsul/Documents/Polyp Detection/Polyp-Gen:/seq1/images/2.jpg,/home/samsul/Documents/Polyp Detection/Polyp-Gen:/seq1/masks/2.jpg,pgen_seq1,0,0,1080,1380
PolypGen,/home/samsul/Documents/Polyp Detection/Polyp-Gen:/seq10/images/18.jpg,/home/samsul/Documents/Polyp Detection/Polyp-Gen:/seq10/masks/18.jpg,pgen_seq10,0,0,1080,1380
PolypGen,/home/samsul/Documents/Polyp Detection/Polyp-Gen:/seq10/images/3.jpg,/home/samsul/Documents/Polyp Detection/Polyp-Gen:/seq10/masks/3.jpg,pgen_seq10,1,1,1080,1380
PolypGen,/home/samsul/Documents/Polyp Detection/Polyp-Gen:/seq10/images/11.jpg,/home/samsul/Documents/Polyp Detection/Polyp-Gen:/seq10/masks/11.jpg,pgen_seq10,0,0,1080,1380
PolypGen,/home/samsul/Documents/Polyp Detection/Polyp-Gen:/seq10/images/6.jpg,/home/samsul/Documents/Polyp Detection/Polyp-Gen:/seq10/masks/6.jpg,pgen_seq10,1,1,1080,1380
PolypGen,/home/samsul/Documents/Polyp Detection/Polyp-Gen:/seq10/images/10.jpg,/home/samsul/Documents/Polyp Detection/Polyp-Gen:/seq10/masks/10.jpg,pgen_seq10,0,0,1080,1380
PolypGen,/home/samsul/Documents/Polyp Detection/Polyp-Gen:/seq10/images/8.jpg,/home/samsul/Documents/Polyp Detection/Polyp-Gen:/seq10/masks/8.jpg,pgen_seq10,1,1,1080,1380
PolypGen,/home/samsul/Documents/Polyp Detection/Polyp-Gen:/seq10/images/1.jpg,/home/samsul/Documents/Polyp Detection/Polyp-Gen:/seq10/masks/1.jpg,pgen_seq10,0,0,1080,1380
PolypGen,/home/samsul/Documents/Polyp Detection/Polyp-Gen:/seq10/images/19.jpg,/home/samsul/Documents/Polyp Detection/Polyp-Gen:/seq10/masks/19.jpg,pgen_seq10,0,0,1080,1380
PolypGen,/home/samsul/Documents/Polyp Detection/Polyp-Gen:/seq10/images/14.jpg,/home/samsul/Documents/Polyp Detection/Polyp-Gen:/seq10/masks/14.jpg,pgen_seq10,0,0,1080,1380
PolypGen,/home/samsul/Documents/Polyp Detection/Polyp-Gen:/seq10/images/23.jpg,/home/samsul/Documents/Polyp Detection/Polyp-Gen:/seq10/masks/23.jpg,pgen_seq10,0,0,1080,1380
PolypGen,/home/samsul/Documents/Polyp Detection/Polyp-Gen:/seq10/images/17.jpg,/home/samsul/Documents/Polyp Detection/Polyp-Gen:/seq10/masks/17.jpg,pgen_seq10,0,0,1080,1380
PolypGen,/home/samsul/Documents/Polyp Detection/Polyp-Gen:/seq10/images/4.jpg,/home/samsul/Documents/Polyp Detection/Polyp-Gen:/seq10/masks/4.jpg,pgen_seq10,2,1,1080,1380
PolypGen,/home/samsul/Documents/Polyp Detection/Polyp-Gen:/seq10/images/5.jpg,/home/samsul/Documents/Polyp Detection/Polyp-Gen:/seq10/masks/5.jpg,pgen_seq10,1,1,1080,1380
PolypGen,/home/samsul/Documents/Polyp Detection/Polyp-Gen:/seq10/images/21.jpg,/home/samsul/Documents/Polyp Detection/Polyp-Gen:/seq10/masks/21.jpg,pgen_seq10,0,0,1080,1380
PolypGen,/home/samsul/Documents/Polyp Detection/Polyp-Gen:/seq10/images/0.jpg,/home/samsul/Documents/Polyp Detection/Polyp-Gen:/seq10/masks/0.jpg,pgen_seq10,0,0,1080,1380
PolypGen,/home/samsul/Documents/Polyp Detection/Polyp-Gen:/seq10/images/12.jpg,/home/samsul/Documents/Polyp Detection/Polyp-Gen:/seq10/masks/12.jpg,pgen_seq10,0,0,1080,1380
PolypGen,/home/samsul/Documents/Polyp Detection/Polyp-Gen:/seq10/images/22.jpg,/home/samsul/Documents/Polyp Detection/Polyp-Gen:/seq10/masks/22.jpg,pgen_seq10,0,0,1080,1380
PolypGen,/home/samsul/Documents/Polyp Detection/Polyp-Gen:/seq10/images/9.jpg,/home/samsul/Documents/Polyp Detection/Polyp-Gen:/seq10/masks/9.jpg,pgen_seq10,1,1,1080,1380
PolypGen,/home/samsul/Documents/Polyp Detection/Polyp-Gen:/seq10/images/13.jpg,/home/samsul/Documents/Polyp Detection/Polyp-Gen:/seq10/masks/13.jpg,pgen_seq10,0,0,1080,1380
PolypGen,/home/samsul/Documents/Polyp Detection/Polyp-Gen:/seq10/images/16.jpg,/home/samsul/Documents/Polyp Detection/Polyp-Gen:/seq10/masks/16.jpg,pgen_seq10,0,0,1080,1380
PolypGen,/home/samsul/Documents/Polyp Detection/Polyp-Gen:/seq10/images/15.jpg,/home/samsul/Documents/Polyp Detection/Polyp-Gen:/seq10/masks/15.jpg,pgen_seq10,0,0,1080,1380
PolypGen,/home/samsul/Documents/Polyp Detection/Polyp-Gen:/seq10/images/20.jpg,/home/samsul/Documents/Polyp Detection/Polyp-Gen:/seq10/masks/20.jpg,pgen_seq10,0,0,1080,1380
PolypGen,/home/samsul/Documents/Polyp Detection/Polyp-Gen:/seq10/images/7.jpg,/home/samsul/Documents/Polyp Detection/Polyp-Gen:/seq10/masks/7.jpg,pgen_seq10,1,1,1080,1380
PolypGen,/home/samsul/Documents/Polyp Detection/Polyp-Gen:/seq10/images/24.jpg,/home/samsul/Documents/Polyp Detection/Polyp-Gen:/seq10/masks/24.jpg,pgen_seq10,0,0,1080,1380
PolypGen,/home/samsul/Documents/Polyp Detection/Polyp-Gen:/seq10/images/2.jpg,/home/samsul/Documents/Polyp Detection/Polyp-Gen:/seq10/masks/2.jpg,pgen_seq10,0,0,1080,1380
PolypGen,/home/samsul/Documents/Polyp Detection/Polyp-Gen:/seq11/images/75.jpg,/home/samsul/Documents/Polyp Detection/Polyp-Gen:/seq11/masks/75.jpg,pgen_seq11,1,1,576,720
PolypGen,/home/samsul/Documents/Polyp Detection/Polyp-Gen:/seq11/images/211.jpg,/home/samsul/Documents/Polyp Detection/Polyp-Gen:/seq11/masks/211.jpg,pgen_seq11,0,0,576,720
PolypGen,/home/samsul/Documents/Polyp Detection/Polyp-Gen:/seq11/images/174.jpg,/home/samsul/Documents/Polyp Detection/Polyp-Gen:/seq11/masks/174.jpg,pgen_seq11,0,0,576,720
PolypGen,/home/samsul/Documents/Polyp Detection/Polyp-Gen:/seq11/images/71.jpg,/home/samsul/Documents/Polyp Detection/Polyp-Gen:/seq11/masks/71.jpg,pgen_seq11,1,1,576,720
PolypGen,/home/samsul/Documents/Polyp Detection/Polyp-Gen:/seq11/images/198.jpg,/home/samsul/Documents/Polyp Detection/Polyp-Gen:/seq11/masks/198.jpg,pgen_seq11,0,0,576,720
PolypGen,/home/samsul/Documents/Polyp Detection/Polyp-Gen:/seq11/images/150.jpg,/home/samsul/Documents/Polyp Detection/Polyp-Gen:/seq11/masks/150.jpg,pgen_seq11,0,0,576,720
PolypGen,/home/samsul/Documents/Polyp Detection/Polyp-Gen:/seq11/images/204.jpg,/home/samsul/Documents/Polyp Detection/Polyp-Gen:/seq11/masks/204.jpg,pgen_seq11,0,0,576,720
PolypGen,/home/samsul/Documents/Polyp Detection/Polyp-Gen:/seq11/images/116.jpg,/home/samsul/Documents/Polyp Detection/Polyp-Gen:/seq11/masks/116.jpg,pgen_seq11,1,1,576,720
PolypGen,/home/samsul/Documents/Polyp Detection/Polyp-Gen:/seq11/images/166.jpg,/home/samsul/Documents/Polyp Detection/Polyp-Gen:/seq11/masks/166.jpg,pgen_seq11,0,0,576,720
PolypGen,/home/samsul/Documents/Polyp Detection/Polyp-Gen:/seq11/images/93.jpg,/home/samsul/Documents/Polyp Detection/Polyp-Gen:/seq11/masks/93.jpg,pgen_seq11,1,1,576,720
PolypGen,/home/samsul/Documents/Polyp Detection/Polyp-Gen:/seq11/images/76.jpg,/home/samsul/Documents/Polyp Detection/Polyp-Gen:/seq11/masks/76.jpg,pgen_seq11,1,1,576,720
PolypGen,/home/samsul/Documents/Polyp Detection/Polyp-Gen:/seq11/images/200.jpg,/home/samsul/Documents/Polyp Detection/Polyp-Gen:/seq11/masks/200.jpg,pgen_seq11,0,0,576,720
PolypGen,/home/samsul/Documents/Polyp Detection/Polyp-Gen:/seq11/images/18.jpg,/home/samsul/Documents/Polyp Detection/Polyp-Gen:/seq11/masks/18.jpg,pgen_seq11,1,1,576,720
PolypGen,/home/samsul/Documents/Polyp Detection/Polyp-Gen:/seq11/images/192.jpg,/home/samsul/Documents/Polyp Detection/Polyp-Gen:/seq11/masks/192.jpg,pgen_seq11,0,0,576,720
PolypGen,/home/samsul/Documents/Polyp Detection/Polyp-Gen:/seq11/images/111.jpg,/home/samsul/Documents/Polyp Detection/Polyp-Gen:/seq11/masks/111.jpg,pgen_seq11,1,1,576,720
PolypGen,/home/samsul/Documents/Polyp Detection/Polyp-Gen:/seq11/images/3.jpg,/home/samsul/Documents/Polyp Detection/Polyp-Gen:/seq11/masks/3.jpg,pgen_seq11,1,1,576,720
PolypGen,/home/samsul/Documents/Polyp Detection/Polyp-Gen:/seq11/images/49.jpg,/home/samsul/Documents/Polyp Detection/Polyp-Gen:/seq11/masks/49.jpg,pgen_seq11,1,1,576,720
PolypGen,/home/samsul/Documents/Polyp Detection/Polyp-Gen:/seq11/images/40.jpg,/home/samsul/Documents/Polyp Detection/Polyp-Gen:/seq11/masks/40.jpg,pgen_seq11,1,1,576,720
PolypGen,/home/samsul/Documents/Polyp Detection/Polyp-Gen:/seq11/images/68.jpg,/home/samsul/Documents/Polyp Detection/Polyp-Gen:/seq11/masks/68.jpg,pgen_seq11,1,1,576,720
PolypGen,/home/samsul/Documents/Polyp Detection/Polyp-Gen:/seq11/images/197.jpg,/home/samsul/Documents/Polyp Detection/Polyp-Gen:/seq11/masks/197.jpg,pgen_seq11,0,0,576,720
PolypGen,/home/samsul/Documents/Polyp Detection/Polyp-Gen:/seq11/images/57.jpg,/home/samsul/Documents/Polyp Detection/Polyp-Gen:/seq11/masks/57.jpg,pgen_seq11,1,1,576,720
PolypGen,/home/samsul/Documents/Polyp Detection/Polyp-Gen:/seq11/images/123.jpg,/home/samsul/Documents/Polyp Detection/Polyp-Gen:/seq11/masks/123.jpg,pgen_seq11,1,1,576,720
PolypGen,/home/samsul/Documents/Polyp Detection/Polyp-Gen:/seq11/images/220.jpg,/home/samsul/Documents/Polyp Detection/Polyp-Gen:/seq11/masks/220.jpg,pgen_seq11,0,0,576,720
PolypGen,/home/samsul/Documents/Polyp Detection/Polyp-Gen:/seq11/images/167.jpg,/home/samsul/Documents/Polyp Detection/Polyp-Gen:/seq11/masks/167.jpg,pgen_seq11,0,0,576,720
PolypGen,/home/samsul/Documents/Polyp Detection/Polyp-Gen:/seq11/images/81.jpg,/home/samsul/Documents/Polyp Detection/Polyp-Gen:/seq11/masks/81.jpg,pgen_seq11,1,1,576,720
PolypGen,/home/samsul/Documents/Polyp Detection/Polyp-Gen:/seq11/images/101.jpg,/home/samsul/Documents/Polyp Detection/Polyp-Gen:/seq11/masks/101.jpg,pgen_seq11,1,1,576,720
PolypGen,/home/samsul/Documents/Polyp Detection/Polyp-Gen:/seq11/images/159.jpg,/home/samsul/Documents/Polyp Detection/Polyp-Gen:/seq11/masks/159.jpg,pgen_seq11,0,0,576,720
PolypGen,/home/samsul/Documents/Polyp Detection/Polyp-Gen:/seq11/images/104.jpg,/home/samsul/Documents/Polyp Detection/Polyp-Gen:/seq11/masks/104.jpg,pgen_seq11,1,1,576,720
PolypGen,/home/samsul/Documents/Polyp Detection/Polyp-Gen:/seq11/images/11.jpg,/home/samsul/Documents/Polyp Detection/Polyp-Gen:/seq11/masks/11.jpg,pgen_seq11,1,1,576,720
PolypGen,/home/samsul/Documents/Polyp Detection/Polyp-Gen:/seq11/images/29.jpg,/home/samsul/Documents/Polyp Detection/Polyp-Gen:/seq11/masks/29.jpg,pgen_seq11,1,1,576,720
PolypGen,/home/samsul/Documents/Polyp Detection/Polyp-Gen:/seq11/images/156.jpg,/home/samsul/Documents/Polyp Detection/Polyp-Gen:/seq11/masks/156.jpg,pgen_seq11,0,0,576,720
PolypGen,/home/samsul/Documents/Polyp Detection/Polyp-Gen:/seq11/images/85.jpg,/home/samsul/Documents/Polyp Detection/Polyp-Gen:/seq11/masks/85.jpg,pgen_seq11,1,1,576,720
PolypGen,/home/samsul/Documents/Polyp Detection/Polyp-Gen:/seq11/images/145.jpg,/home/samsul/Documents/Polyp Detection/Polyp-Gen:/seq11/masks/145.jpg,pgen_seq11,1,1,576,720
PolypGen,/home/samsul/Documents/Polyp Detection/Polyp-Gen:/seq11/images/54.jpg,/home/samsul/Documents/Polyp Detection/Polyp-Gen:/seq11/masks/54.jpg,pgen_seq11,1,1,576,720
PolypGen,/home/samsul/Documents/Polyp Detection/Polyp-Gen:/seq11/images/51.jpg,/home/samsul/Documents/Polyp Detection/Polyp-Gen:/seq11/masks/51.jpg,pgen_seq11,1,1,576,720
PolypGen,/home/samsul/Documents/Polyp Detection/Polyp-Gen:/seq11/images/209.jpg,/home/samsul/Documents/Polyp Detection/Polyp-Gen:/seq11/masks/209.jpg,pgen_seq11,0,0,576,720
PolypGen,/home/samsul/Documents/Polyp Detection/Polyp-Gen:/seq11/images/6.jpg,/home/samsul/Documents/Polyp Detection/Polyp-Gen:/seq11/masks/6.jpg,pgen_seq11,1,1,576,720
PolypGen,/home/samsul/Documents/Polyp Detection/Polyp-Gen:/seq11/images/58.jpg,/home/samsul/Documents/Polyp Detection/Polyp-Gen:/seq11/masks/58.jpg,pgen_seq11,1,1,576,720
PolypGen,/home/samsul/Documents/Polyp Detection/Polyp-Gen:/seq11/images/121.jpg,/home/samsul/Documents/Polyp Detection/Polyp-Gen:/seq11/masks/121.jpg,pgen_seq11,1,1,576,720
PolypGen,/home/samsul/Documents/Polyp Detection/Polyp-Gen:/seq11/images/66.jpg,/home/samsul/Documents/Polyp Detection/Polyp-Gen:/seq11/masks/66.jpg,pgen_seq11,1,1,576,720
PolypGen,/home/samsul/Documents/Polyp Detection/Polyp-Gen:/seq11/images/10.jpg,/home/samsul/Documents/Polyp Detection/Polyp-Gen:/seq11/masks/10.jpg,pgen_seq11,1,1,576,720
PolypGen,/home/samsul/Documents/Polyp Detection/Polyp-Gen:/seq11/images/118.jpg,/home/samsul/Documents/Polyp Detection/Polyp-Gen:/seq11/masks/118.jpg,pgen_seq11,1,1,576,720
PolypGen,/home/samsul/Documents/Polyp Detection/Polyp-Gen:/seq11/images/34.jpg,/home/samsul/Documents/Polyp Detection/Polyp-Gen:/seq11/masks/34.jpg,pgen_seq11,1,1,576,720
PolypGen,/home/samsul/Documents/Polyp Detection/Polyp-Gen:/seq11/images/37.jpg,/home/samsul/Documents/Polyp Detection/Polyp-Gen:/seq11/masks/37.jpg,pgen_seq11,1,1,576,720
PolypGen,/home/samsul/Documents/Polyp Detection/Polyp-Gen:/seq11/images/110.jpg,/home/samsul/Documents/Polyp Detection/Polyp-Gen:/seq11/masks/110.jpg,pgen_seq11,1,1,576,720
PolypGen,/home/samsul/Documents/Polyp Detection/Polyp-Gen:/seq11/images/115.jpg,/home/samsul/Documents/Polyp Detection/Polyp-Gen:/seq11/masks/115.jpg,pgen_seq11,1,1,576,720
PolypGen,/home/samsul/Documents/Polyp Detection/Polyp-Gen:/seq11/images/67.jpg,/home/samsul/Documents/Polyp Detection/Polyp-Gen:/seq11/masks/67.jpg,pgen_seq11,1,1,576,720
PolypGen,/home/samsul/Documents/Polyp Detection/Polyp-Gen:/seq11/images/27.jpg,/home/samsul/Documents/Polyp Detection/Polyp-Gen:/seq11/masks/27.jpg,pgen_seq11,1,1,576,720
PolypGen,/home/samsul/Documents/Polyp Detection/Polyp-Gen:/seq11/images/182.jpg,/home/samsul/Documents/Polyp Detection/Polyp-Gen:/seq11/masks/182.jpg,pgen_seq11,0,0,576,720
PolypGen,/home/samsul/Documents/Polyp Detection/Polyp-Gen:/seq11/images/126.jpg,/home/samsul/Documents/Polyp Detection/Polyp-Gen:/seq11/masks/126.jpg,pgen_seq11,1,1,576,720
PolypGen,/home/samsul/Documents/Polyp Detection/Polyp-Gen:/seq11/images/82.jpg,/home/samsul/Documents/Polyp Detection/Polyp-Gen:/seq11/masks/82.jpg,pgen_seq11,1,1,576,720
PolypGen,/home/samsul/Documents/Polyp Detection/Polyp-Gen:/seq11/images/78.jpg,/home/samsul/Documents/Polyp Detection/Polyp-Gen:/seq11/masks/78.jpg,pgen_seq11,1,1,576,720
PolypGen,/home/samsul/Documents/Polyp Detection/Polyp-Gen:/seq11/images/162.jpg,/home/samsul/Documents/Polyp Detection/Polyp-Gen:/seq11/masks/162.jpg,pgen_seq11,0,0,576,720
PolypGen,/home/samsul/Documents/Polyp Detection/Polyp-Gen:/seq11/images/62.jpg,/home/samsul/Documents/Polyp Detection/Polyp-Gen:/seq11/masks/62.jpg,pgen_seq11,1,1,576,720
PolypGen,/home/samsul/Documents/Polyp Detection/Polyp-Gen:/seq11/images/39.jpg,/home/samsul/Documents/Polyp Detection/Polyp-Gen:/seq11/masks/39.jpg,pgen_seq11,1,1,576,720
PolypGen,/home/samsul/Documents/Polyp Detection/Polyp-Gen:/seq11/images/120.jpg,/home/samsul/Documents/Polyp Detection/Polyp-Gen:/seq11/masks/120.jpg,pgen_seq11,1,1,576,720
PolypGen,/home/samsul/Documents/Polyp Detection/Polyp-Gen:/seq11/images/179.jpg,/home/samsul/Documents/Polyp Detection/Polyp-Gen:/seq11/masks/179.jpg,pgen_seq11,0,0,576,720
PolypGen,/home/samsul/Documents/Polyp Detection/Polyp-Gen:/seq11/images/154.jpg,/home/samsul/Documents/Polyp Detection/Polyp-Gen:/seq11/masks/154.jpg,pgen_seq11,0,0,576,720
PolypGen,/home/samsul/Documents/Polyp Detection/Polyp-Gen:/seq11/images/89.jpg,/home/samsul/Documents/Polyp Detection/Polyp-Gen:/seq11/masks/89.jpg,pgen_seq11,1,1,576,720
PolypGen,/home/samsul/Documents/Polyp Detection/Polyp-Gen:/seq11/images/99.jpg,/home/samsul/Documents/Polyp Detection/Polyp-Gen:/seq11/masks/99.jpg,pgen_seq11,1,1,576,720
PolypGen,/home/samsul/Documents/Polyp Detection/Polyp-Gen:/seq11/images/131.jpg,/home/samsul/Documents/Polyp Detection/Polyp-Gen:/seq11/masks/131.jpg,pgen_seq11,0,0,576,720
PolypGen,/home/samsul/Documents/Polyp Detection/Polyp-Gen:/seq11/images/190.jpg,/home/samsul/Documents/Polyp Detection/Polyp-Gen:/seq11/masks/190.jpg,pgen_seq11,0,0,576,720
PolypGen,/home/samsul/Documents/Polyp Detection/Polyp-Gen:/seq11/images/105.jpg,/home/samsul/Documents/Polyp Detection/Polyp-Gen:/seq11/masks/105.jpg,pgen_seq11,1,1,576,720
PolypGen,/home/samsul/Documents/Polyp Detection/Polyp-Gen:/seq11/images/191.jpg,/home/samsul/Documents/Polyp Detection/Polyp-Gen:/seq11/masks/191.jpg,pgen_seq11,0,0,576,720
PolypGen,/home/samsul/Documents/Polyp Detection/Polyp-Gen:/seq11/images/112.jpg,/home/samsul/Documents/Polyp Detection/Polyp-Gen:/seq11/masks/112.jpg,pgen_seq11,1,1,576,720
PolypGen,/home/samsul/Documents/Polyp Detection/Polyp-Gen:/seq11/images/170.jpg,/home/samsul/Documents/Polyp Detection/Polyp-Gen:/seq11/masks/170.jpg,pgen_seq11,0,0,576,720
PolypGen,/home/samsul/Documents/Polyp Detection/Polyp-Gen:/seq11/images/169.jpg,/home/samsul/Documents/Polyp Detection/Polyp-Gen:/seq11/masks/169.jpg,pgen_seq11,0,0,576,720
PolypGen,/home/samsul/Documents/Polyp Detection/Polyp-Gen:/seq11/images/86.jpg,/home/samsul/Documents/Polyp Detection/Polyp-Gen:/seq11/masks/86.jpg,pgen_seq11,1,1,576,720
PolypGen,/home/samsul/Documents/Polyp Detection/Polyp-Gen:/seq11/images/177.jpg,/home/samsul/Documents/Polyp Detection/Polyp-Gen:/seq11/masks/177.jpg,pgen_seq11,0,0,576,720
PolypGen,/home/samsul/Documents/Polyp Detection/Polyp-Gen:/seq11/images/31.jpg,/home/samsul/Documents/Polyp Detection/Polyp-Gen:/seq11/masks/31.jpg,pgen_seq11,1,1,576,720
PolypGen,/home/samsul/Documents/Polyp Detection/Polyp-Gen:/seq11/images/8.jpg,/home/samsul/Documents/Polyp Detection/Polyp-Gen:/seq11/masks/8.jpg,pgen_seq11,1,1,576,720
PolypGen,/home/samsul/Documents/Polyp Detection/Polyp-Gen:/seq11/images/164.jpg,/home/samsul/Documents/Polyp Detection/Polyp-Gen:/seq11/masks/164.jpg,pgen_seq11,0,0,576,720
PolypGen,/home/samsul/Documents/Polyp Detection/Polyp-Gen:/seq11/images/98.jpg,/home/samsul/Documents/Polyp Detection/Polyp-Gen:/seq11/masks/98.jpg,pgen_seq11,1,1,576,720
PolypGen,/home/samsul/Documents/Polyp Detection/Polyp-Gen:/seq11/images/103.jpg,/home/samsul/Documents/Polyp Detection/Polyp-Gen:/seq11/masks/103.jpg,pgen_seq11,1,1,576,720
PolypGen,/home/samsul/Documents/Polyp Detection/Polyp-Gen:/seq11/images/41.jpg,/home/samsul/Documents/Polyp Detection/Polyp-Gen:/seq11/masks/41.jpg,pgen_seq11,1,1,576,720
PolypGen,/home/samsul/Documents/Polyp Detection/Polyp-Gen:/seq11/images/109.jpg,/home/samsul/Documents/Polyp Detection/Polyp-Gen:/seq11/masks/109.jpg,pgen_seq11,1,1,576,720
PolypGen,/home/samsul/Documents/Polyp Detection/Polyp-Gen:/seq11/images/83.jpg,/home/samsul/Documents/Polyp Detection/Polyp-Gen:/seq11/masks/83.jpg,pgen_seq11,1,1,576,720
PolypGen,/home/samsul/Documents/Polyp Detection/Polyp-Gen:/seq11/images/165.jpg,/home/samsul/Documents/Polyp Detection/Polyp-Gen:/seq11/masks/165.jpg,pgen_seq11,0,0,576,720
PolypGen,/home/samsul/Documents/Polyp Detection/Polyp-Gen:/seq11/images/173.jpg,/home/samsul/Documents/Polyp Detection/Polyp-Gen:/seq11/masks/173.jpg,pgen_seq11,1,1,576,720
PolypGen,/home/samsul/Documents/Polyp Detection/Polyp-Gen:/seq11/images/172.jpg,/home/samsul/Documents/Polyp Detection/Polyp-Gen:/seq11/masks/172.jpg,pgen_seq11,0,0,576,720
PolypGen,/home/samsul/Documents/Polyp Detection/Polyp-Gen:/seq11/images/79.jpg,/home/samsul/Documents/Polyp Detection/Polyp-Gen:/seq11/masks/79.jpg,pgen_seq11,1,1,576,720
PolypGen,/home/samsul/Documents/Polyp Detection/Polyp-Gen:/seq11/images/193.jpg,/home/samsul/Documents/Polyp Detection/Polyp-Gen:/seq11/masks/193.jpg,pgen_seq11,0,0,576,720
PolypGen,/home/samsul/Documents/Polyp Detection/Polyp-Gen:/seq11/images/188.jpg,/home/samsul/Documents/Polyp Detection/Polyp-Gen:/seq11/masks/188.jpg,pgen_seq11,0,0,576,720
PolypGen,/home/samsul/Documents/Polyp Detection/Polyp-Gen:/seq11/images/158.jpg,/home/samsul/Documents/Polyp Detection/Polyp-Gen:/seq11/masks/158.jpg,pgen_seq11,0,0,576,720
PolypGen,/home/samsul/Documents/Polyp Detection/Polyp-Gen:/seq11/images/50.jpg,/home/samsul/Documents/Polyp Detection/Polyp-Gen:/seq11/masks/50.jpg,pgen_seq11,1,1,576,720
PolypGen,/home/samsul/Documents/Polyp Detection/Polyp-Gen:/seq11/images/1.jpg,/home/samsul/Documents/Polyp Detection/Polyp-Gen:/seq11/masks/1.jpg,pgen_seq11,0,0,576,720
PolypGen,/home/samsul/Documents/Polyp Detection/Polyp-Gen:/seq11/images/186.jpg,/home/samsul/Documents/Polyp Detection/Polyp-Gen:/seq11/masks/186.jpg,pgen_seq11,0,0,576,720
PolypGen,/home/samsul/Documents/Polyp Detection/Polyp-Gen:/seq11/images/52.jpg,/home/samsul/Documents/Polyp Detection/Polyp-Gen:/seq11/masks/52.jpg,pgen_seq11,1,1,576,720
PolypGen,/home/samsul/Documents/Polyp Detection/Polyp-Gen:/seq11/images/95.jpg,/home/samsul/Documents/Polyp Detection/Polyp-Gen:/seq11/masks/95.jpg,pgen_seq11,1,1,576,720
PolypGen,/home/samsul/Documents/Polyp Detection/Polyp-Gen:/seq11/images/19.jpg,/home/samsul/Documents/Polyp Detection/Polyp-Gen:/seq11/masks/19.jpg,pgen_seq11,1,1,576,720
PolypGen,/home/samsul/Documents/Polyp Detection/Polyp-Gen:/seq11/images/171.jpg,/home/samsul/Documents/Polyp Detection/Polyp-Gen:/seq11/masks/171.jpg,pgen_seq11,0,0,576,720
PolypGen,/home/samsul/Documents/Polyp Detection/Polyp-Gen:/seq11/images/60.jpg,/home/samsul/Documents/Polyp Detection/Polyp-Gen:/seq11/masks/60.jpg,pgen_seq11,1,1,576,720
PolypGen,/home/samsul/Documents/Polyp Detection/Polyp-Gen:/seq11/images/124.jpg,/home/samsul/Documents/Polyp Detection/Polyp-Gen:/seq11/masks/124.jpg,pgen_seq11,1,1,576,720
PolypGen,/home/samsul/Documents/Polyp Detection/Polyp-Gen:/seq11/images/189.jpg,/home/samsul/Documents/Polyp Detection/Polyp-Gen:/seq11/masks/189.jpg,pgen_seq11,0,0,576,720
PolypGen,/home/samsul/Documents/Polyp Detection/Polyp-Gen:/seq11/images/69.jpg,/home/samsul/Documents/Polyp Detection/Polyp-Gen:/seq11/masks/69.jpg,pgen_seq11,1,1,576,720
PolypGen,/home/samsul/Documents/Polyp Detection/Polyp-Gen:/seq11/images/163.jpg,/home/samsul/Documents/Polyp Detection/Polyp-Gen:/seq11/masks/163.jpg,pgen_seq11,0,0,576,720
PolypGen,/home/samsul/Documents/Polyp Detection/Polyp-Gen:/seq11/images/225.jpg,/home/samsul/Documents/Polyp Detection/Polyp-Gen:/seq11/masks/225.jpg,pgen_seq11,0,0,576,720
PolypGen,/home/samsul/Documents/Polyp Detection/Polyp-Gen:/seq11/images/14.jpg,/home/samsul/Documents/Polyp Detection/Polyp-Gen:/seq11/masks/14.jpg,pgen_seq11,1,1,576,720
PolypGen,/home/samsul/Documents/Polyp Detection/Polyp-Gen:/seq11/images/91.jpg,/home/samsul/Documents/Polyp Detection/Polyp-Gen:/seq11/masks/91.jpg,pgen_seq11,1,1,576,720
PolypGen,/home/samsul/Documents/Polyp Detection/Polyp-Gen:/seq11/images/70.jpg,/home/samsul/Documents/Polyp Detection/Polyp-Gen:/seq11/masks/70.jpg,pgen_seq11,1,1,576,720
PolypGen,/home/samsul/Documents/Polyp Detection/Polyp-Gen:/seq11/images/117.jpg,/home/samsul/Documents/Polyp Detection/Polyp-Gen:/seq11/masks/117.jpg,pgen_seq11,1,1,576,720
PolypGen,/home/samsul/Documents/Polyp Detection/Polyp-Gen:/seq11/images/23.jpg,/home/samsul/Documents/Polyp Detection/Polyp-Gen:/seq11/masks/23.jpg,pgen_seq11,0,0,576,720
PolypGen,/home/samsul/Documents/Polyp Detection/Polyp-Gen:/seq11/images/199.jpg,/home/samsul/Documents/Polyp Detection/Polyp-Gen:/seq11/masks/199.jpg,pgen_seq11,0,0,576,720
PolypGen,/home/samsul/Documents/Polyp Detection/Polyp-Gen:/seq11/images/205.jpg,/home/samsul/Documents/Polyp Detection/Polyp-Gen:/seq11/masks/205.jpg,pgen_seq11,0,0,576,720
PolypGen,/home/samsul/Documents/Polyp Detection/Polyp-Gen:/seq11/images/64.jpg,/home/samsul/Documents/Polyp Detection/Polyp-Gen:/seq11/masks/64.jpg,pgen_seq11,1,1,576,720
PolypGen,/home/samsul/Documents/Polyp Detection/Polyp-Gen:/seq11/images/28.jpg,/home/samsul/Documents/Polyp Detection/Polyp-Gen:/seq11/masks/28.jpg,pgen_seq11,1,1,576,720
PolypGen,/home/samsul/Documents/Polyp Detection/Polyp-Gen:/seq11/images/17.jpg,/home/samsul/Documents/Polyp Detection/Polyp-Gen:/seq11/masks/17.jpg,pgen_seq11,1,1,576,720
PolypGen,/home/samsul/Documents/Polyp Detection/Polyp-Gen:/seq11/images/36.jpg,/home/samsul/Documents/Polyp Detection/Polyp-Gen:/seq11/masks/36.jpg,pgen_seq11,1,1,576,720
PolypGen,/home/samsul/Documents/Polyp Detection/Polyp-Gen:/seq11/images/87.jpg,/home/samsul/Documents/Polyp Detection/Polyp-Gen:/seq11/masks/87.jpg,pgen_seq11,1,1,576,720
PolypGen,/home/samsul/Documents/Polyp Detection/Polyp-Gen:/seq11/images/4.jpg,/home/samsul/Documents/Polyp Detection/Polyp-Gen:/seq11/masks/4.jpg,pgen_seq11,1,1,576,720
PolypGen,/home/samsul/Documents/Polyp Detection/Polyp-Gen:/seq11/images/216.jpg,/home/samsul/Documents/Polyp Detection/Polyp-Gen:/seq11/masks/216.jpg,pgen_seq11,0,0,576,720
PolypGen,/home/samsul/Documents/Polyp Detection/Polyp-Gen:/seq11/images/5.jpg,/home/samsul/Documents/Polyp Detection/Polyp-Gen:/seq11/masks/5.jpg,pgen_seq11,1,1,576,720
PolypGen,/home/samsul/Documents/Polyp Detection/Polyp-Gen:/seq11/images/21.jpg,/home/samsul/Documents/Polyp Detection/Polyp-Gen:/seq11/masks/21.jpg,pgen_seq11,1,1,576,720
PolypGen,/home/samsul/Documents/Polyp Detection/Polyp-Gen:/seq11/images/208.jpg,/home/samsul/Documents/Polyp Detection/Polyp-Gen:/seq11/masks/208.jpg,pgen_seq11,0,0,576,720
PolypGen,/home/samsul/Documents/Polyp Detection/Polyp-Gen:/seq11/images/72.jpg,/home/samsul/Documents/Polyp Detection/Polyp-Gen:/seq11/masks/72.jpg,pgen_seq11,1,1,576,720
PolypGen,/home/samsul/Documents/Polyp Detection/Polyp-Gen:/seq11/images/0.jpg,/home/samsul/Documents/Polyp Detection/Polyp-Gen:/seq11/masks/0.jpg,pgen_seq11,0,0,576,720
PolypGen,/home/samsul/Documents/Polyp Detection/Polyp-Gen:/seq11/images/147.jpg,/home/samsul/Documents/Polyp Detection/Polyp-Gen:/seq11/masks/147.jpg,pgen_seq11,1,1,576,720
PolypGen,/home/samsul/Documents/Polyp Detection/Polyp-Gen:/seq11/images/194.jpg,/home/samsul/Documents/Polyp Detection/Polyp-Gen:/seq11/masks/194.jpg,pgen_seq11,0,0,576,720
PolypGen,/home/samsul/Documents/Polyp Detection/Polyp-Gen:/seq11/images/148.jpg,/home/samsul/Documents/Polyp Detection/Polyp-Gen:/seq11/masks/148.jpg,pgen_seq11,0,0,576,720
PolypGen,/home/samsul/Documents/Polyp Detection/Polyp-Gen:/seq11/images/113.jpg,/home/samsul/Documents/Polyp Detection/Polyp-Gen:/seq11/masks/113.jpg,pgen_seq11,1,1,576,720
PolypGen,/home/samsul/Documents/Polyp Detection/Polyp-Gen:/seq11/images/26.jpg,/home/samsul/Documents/Polyp Detection/Polyp-Gen:/seq11/masks/26.jpg,pgen_seq11,1,1,576,720
PolypGen,/home/samsul/Documents/Polyp Detection/Polyp-Gen:/seq11/images/12.jpg,/home/samsul/Documents/Polyp Detection/Polyp-Gen:/seq11/masks/12.jpg,pgen_seq11,1,1,576,720
PolypGen,/home/samsul/Documents/Polyp Detection/Polyp-Gen:/seq11/images/108.jpg,/home/samsul/Documents/Polyp Detection/Polyp-Gen:/seq11/masks/108.jpg,pgen_seq11,1,1,576,720
PolypGen,/home/samsul/Documents/Polyp Detection/Polyp-Gen:/seq11/images/221.jpg,/home/samsul/Documents/Polyp Detection/Polyp-Gen:/seq11/masks/221.jpg,pgen_seq11,0,0,576,720
PolypGen,/home/samsul/Documents/Polyp Detection/Polyp-Gen:/seq11/images/22.jpg,/home/samsul/Documents/Polyp Detection/Polyp-Gen:/seq11/masks/22.jpg,pgen_seq11,1,1,576,720
PolypGen,/home/samsul/Documents/Polyp Detection/Polyp-Gen:/seq11/images/129.jpg,/home/samsul/Documents/Polyp Detection/Polyp-Gen:/seq11/masks/129.jpg,pgen_seq11,1,1,576,720
PolypGen,/home/samsul/Documents/Polyp Detection/Polyp-Gen:/seq11/images/140.jpg,/home/samsul/Documents/Polyp Detection/Polyp-Gen:/seq11/masks/140.jpg,pgen_seq11,1,1,576,720
PolypGen,/home/samsul/Documents/Polyp Detection/Polyp-Gen:/seq11/images/100.jpg,/home/samsul/Documents/Polyp Detection/Polyp-Gen:/seq11/masks/100.jpg,pgen_seq11,1,1,576,720
PolypGen,/home/samsul/Documents/Polyp Detection/Polyp-Gen:/seq11/images/32.jpg,/home/samsul/Documents/Polyp Detection/Polyp-Gen:/seq11/masks/32.jpg,pgen_seq11,1,1,576,720
PolypGen,/home/samsul/Documents/Polyp Detection/Polyp-Gen:/seq11/images/178.jpg,/home/samsul/Documents/Polyp Detection/Polyp-Gen:/seq11/masks/178.jpg,pgen_seq11,0,0,576,720
PolypGen,/home/samsul/Documents/Polyp Detection/Polyp-Gen:/seq11/images/9.jpg,/home/samsul/Documents/Polyp Detection/Polyp-Gen:/seq11/masks/9.jpg,pgen_seq11,1,1,576,720
PolypGen,/home/samsul/Documents/Polyp Detection/Polyp-Gen:/seq11/images/44.jpg,/home/samsul/Documents/Polyp Detection/Polyp-Gen:/seq11/masks/44.jpg,pgen_seq11,1,1,576,720
PolypGen,/home/samsul/Documents/Polyp Detection/Polyp-Gen:/seq11/images/106.jpg,/home/samsul/Documents/Polyp Detection/Polyp-Gen:/seq11/masks/106.jpg,pgen_seq11,1,1,576,720
PolypGen,/home/samsul/Documents/Polyp Detection/Polyp-Gen:/seq11/images/80.jpg,/home/samsul/Documents/Polyp Detection/Polyp-Gen:/seq11/masks/80.jpg,pgen_seq11,1,1,576,720
PolypGen,/home/samsul/Documents/Polyp Detection/Polyp-Gen:/seq11/images/35.jpg,/home/samsul/Documents/Polyp Detection/Polyp-Gen:/seq11/masks/35.jpg,pgen_seq11,1,1,576,720
PolypGen,/home/samsul/Documents/Polyp Detection/Polyp-Gen:/seq11/images/48.jpg,/home/samsul/Documents/Polyp Detection/Polyp-Gen:/seq11/masks/48.jpg,pgen_seq11,1,1,576,720
PolypGen,/home/samsul/Documents/Polyp Detection/Polyp-Gen:/seq11/images/33.jpg,/home/samsul/Documents/Polyp Detection/Polyp-Gen:/seq11/masks/33.jpg,pgen_seq11,1,1,576,720
PolypGen,/home/samsul/Documents/Polyp Detection/Polyp-Gen:/seq11/images/141.jpg,/home/samsul/Documents/Polyp Detection/Polyp-Gen:/seq11/masks/141.jpg,pgen_seq11,1,1,576,720
PolypGen,/home/samsul/Documents/Polyp Detection/Polyp-Gen:/seq11/images/43.jpg,/home/samsul/Documents/Polyp Detection/Polyp-Gen:/seq11/masks/43.jpg,pgen_seq11,1,1,576,720
PolypGen,/home/samsul/Documents/Polyp Detection/Polyp-Gen:/seq11/images/90.jpg,/home/samsul/Documents/Polyp Detection/Polyp-Gen:/seq11/masks/90.jpg,pgen_seq11,1,1,576,720
PolypGen,/home/samsul/Documents/Polyp Detection/Polyp-Gen:/seq11/images/223.jpg,/home/samsul/Documents/Polyp Detection/Polyp-Gen:/seq11/masks/223.jpg,pgen_seq11,0,0,576,720
PolypGen,/home/samsul/Documents/Polyp Detection/Polyp-Gen:/seq11/images/55.jpg,/home/samsul/Documents/Polyp Detection/Polyp-Gen:/seq11/masks/55.jpg,pgen_seq11,1,1,576,720
PolypGen,/home/samsul/Documents/Polyp Detection/Polyp-Gen:/seq11/images/183.jpg,/home/samsul/Documents/Polyp Detection/Polyp-Gen:/seq11/masks/183.jpg,pgen_seq11,0,0,576,720
PolypGen,/home/samsul/Documents/Polyp Detection/Polyp-Gen:/seq11/images/143.jpg,/home/samsul/Documents/Polyp Detection/Polyp-Gen:/seq11/masks/143.jpg,pgen_seq11,1,1,576,720
PolypGen,/home/samsul/Documents/Polyp Detection/Polyp-Gen:/seq11/images/226.jpg,/home/samsul/Documents/Polyp Detection/Polyp-Gen:/seq11/masks/226.jpg,pgen_seq11,0,0,576,720
PolypGen,/home/samsul/Documents/Polyp Detection/Polyp-Gen:/seq11/images/213.jpg,/home/samsul/Documents/Polyp Detection/Polyp-Gen:/seq11/masks/213.jpg,pgen_seq11,0,0,576,720
PolypGen,/home/samsul/Documents/Polyp Detection/Polyp-Gen:/seq11/images/175.jpg,/home/samsul/Documents/Polyp Detection/Polyp-Gen:/seq11/masks/175.jpg,pgen_seq11,0,0,576,720
PolypGen,/home/samsul/Documents/Polyp Detection/Polyp-Gen:/seq11/images/125.jpg,/home/samsul/Documents/Polyp Detection/Polyp-Gen:/seq11/masks/125.jpg,pgen_seq11,1,1,576,720
PolypGen,/home/samsul/Documents/Polyp Detection/Polyp-Gen:/seq11/images/227.jpg,/home/samsul/Documents/Polyp Detection/Polyp-Gen:/seq11/masks/227.jpg,pgen_seq11,0,0,576,720
PolypGen,/home/samsul/Documents/Polyp Detection/Polyp-Gen:/seq11/images/47.jpg,/home/samsul/Documents/Polyp Detection/Polyp-Gen:/seq11/masks/47.jpg,pgen_seq11,1,1,576,720
PolypGen,/home/samsul/Documents/Polyp Detection/Polyp-Gen:/seq11/images/206.jpg,/home/samsul/Documents/Polyp Detection/Polyp-Gen:/seq11/masks/206.jpg,pgen_seq11,0,0,576,720
PolypGen,/home/samsul/Documents/Polyp Detection/Polyp-Gen:/seq11/images/157.jpg,/home/samsul/Documents/Polyp Detection/Polyp-Gen:/seq11/masks/157.jpg,pgen_seq11,0,0,576,720
PolypGen,/home/samsul/Documents/Polyp Detection/Polyp-Gen:/seq11/images/133.jpg,/home/samsul/Documents/Polyp Detection/Polyp-Gen:/seq11/masks/133.jpg,pgen_seq11,0,0,576,720
PolypGen,/home/samsul/Documents/Polyp Detection/Polyp-Gen:/seq11/images/184.jpg,/home/samsul/Documents/Polyp Detection/Polyp-Gen:/seq11/masks/184.jpg,pgen_seq11,0,0,576,720
PolypGen,/home/samsul/Documents/Polyp Detection/Polyp-Gen:/seq11/images/13.jpg,/home/samsul/Documents/Polyp Detection/Polyp-Gen:/seq11/masks/13.jpg,pgen_seq11,1,1,576,720
PolypGen,/home/samsul/Documents/Polyp Detection/Polyp-Gen:/seq11/images/144.jpg,/home/samsul/Documents/Polyp Detection/Polyp-Gen:/seq11/masks/144.jpg,pgen_seq11,1,1,576,720
PolypGen,/home/samsul/Documents/Polyp Detection/Polyp-Gen:/seq11/images/53.jpg,/home/samsul/Documents/Polyp Detection/Polyp-Gen:/seq11/masks/53.jpg,pgen_seq11,1,1,576,720
PolypGen,/home/samsul/Documents/Polyp Detection/Polyp-Gen:/seq11/images/196.jpg,/home/samsul/Documents/Polyp Detection/Polyp-Gen:/seq11/masks/196.jpg,pgen_seq11,0,0,576,720
PolypGen,/home/samsul/Documents/Polyp Detection/Polyp-Gen:/seq11/images/16.jpg,/home/samsul/Documents/Polyp Detection/Polyp-Gen:/seq11/masks/16.jpg,pgen_seq11,1,1,576,720
PolypGen,/home/samsul/Documents/Polyp Detection/Polyp-Gen:/seq11/images/195.jpg,/home/samsul/Documents/Polyp Detection/Polyp-Gen:/seq11/masks/195.jpg,pgen_seq11,0,0,576,720
PolypGen,/home/samsul/Documents/Polyp Detection/Polyp-Gen:/seq11/images/42.jpg,/home/samsul/Documents/Polyp Detection/Polyp-Gen:/seq11/masks/42.jpg,pgen_seq11,1,1,576,720
PolypGen,/home/samsul/Documents/Polyp Detection/Polyp-Gen:/seq11/images/218.jpg,/home/samsul/Documents/Polyp Detection/Polyp-Gen:/seq11/masks/218.jpg,pgen_seq11,0,0,576,720
PolypGen,/home/samsul/Documents/Polyp Detection/Polyp-Gen:/seq11/images/114.jpg,/home/samsul/Documents/Polyp Detection/Polyp-Gen:/seq11/masks/114.jpg,pgen_seq11,1,1,576,720
PolypGen,/home/samsul/Documents/Polyp Detection/Polyp-Gen:/seq11/images/222.jpg,/home/samsul/Documents/Polyp Detection/Polyp-Gen:/seq11/masks/222.jpg,pgen_seq11,0,0,576,720
PolypGen,/home/samsul/Documents/Polyp Detection/Polyp-Gen:/seq11/images/38.jpg,/home/samsul/Documents/Polyp Detection/Polyp-Gen:/seq11/masks/38.jpg,pgen_seq11,1,1,576,720
PolypGen,/home/samsul/Documents/Polyp Detection/Polyp-Gen:/seq11/images/15.jpg,/home/samsul/Documents/Polyp Detection/Polyp-Gen:/seq11/masks/15.jpg,pgen_seq11,1,1,576,720
PolypGen,/home/samsul/Documents/Polyp Detection/Polyp-Gen:/seq11/images/25.jpg,/home/samsul/Documents/Polyp Detection/Polyp-Gen:/seq11/masks/25.jpg,pgen_seq11,1,1,576,720
PolypGen,/home/samsul/Documents/Polyp Detection/Polyp-Gen:/seq11/images/152.jpg,/home/samsul/Documents/Polyp Detection/Polyp-Gen:/seq11/masks/152.jpg,pgen_seq11,0,0,576,720
PolypGen,/home/samsul/Documents/Polyp Detection/Polyp-Gen:/seq11/images/146.jpg,/home/samsul/Documents/Polyp Detection/Polyp-Gen:/seq11/masks/146.jpg,pgen_seq11,1,1,576,720
PolypGen,/home/samsul/Documents/Polyp Detection/Polyp-Gen:/seq11/images/96.jpg,/home/samsul/Documents/Polyp Detection/Polyp-Gen:/seq11/masks/96.jpg,pgen_seq11,0,0,576,720
PolypGen,/home/samsul/Documents/Polyp Detection/Polyp-Gen:/seq11/images/84.jpg,/home/samsul/Documents/Polyp Detection/Polyp-Gen:/seq11/masks/84.jpg,pgen_seq11,0,0,576,720
PolypGen,/home/samsul/Documents/Polyp Detection/Polyp-Gen:/seq11/images/212.jpg,/home/samsul/Documents/Polyp Detection/Polyp-Gen:/seq11/masks/212.jpg,pgen_seq11,0,0,576,720
PolypGen,/home/samsul/Documents/Polyp Detection/Polyp-Gen:/seq11/images/107.jpg,/home/samsul/Documents/Polyp Detection/Polyp-Gen:/seq11/masks/107.jpg,pgen_seq11,1,1,576,720
PolypGen,/home/samsul/Documents/Polyp Detection/Polyp-Gen:/seq11/images/217.jpg,/home/samsul/Documents/Polyp Detection/Polyp-Gen:/seq11/masks/217.jpg,pgen_seq11,0,0,576,720
PolypGen,/home/samsul/Documents/Polyp Detection/Polyp-Gen:/seq11/images/134.jpg,/home/samsul/Documents/Polyp Detection/Polyp-Gen:/seq11/masks/134.jpg,pgen_seq11,0,0,576,720
PolypGen,/home/samsul/Documents/Polyp Detection/Polyp-Gen:/seq11/images/215.jpg,/home/samsul/Documents/Polyp Detection/Polyp-Gen:/seq11/masks/215.jpg,pgen_seq11,0,0,576,720
PolypGen,/home/samsul/Documents/Polyp Detection/Polyp-Gen:/seq11/images/97.jpg,/home/samsul/Documents/Polyp Detection/Polyp-Gen:/seq11/masks/97.jpg,pgen_seq11,1,1,576,720
PolypGen,/home/samsul/Documents/Polyp Detection/Polyp-Gen:/seq11/images/135.jpg,/home/samsul/Documents/Polyp Detection/Polyp-Gen:/seq11/masks/135.jpg,pgen_seq11,0,0,576,720
PolypGen,/home/samsul/Documents/Polyp Detection/Polyp-Gen:/seq11/images/102.jpg,/home/samsul/Documents/Polyp Detection/Polyp-Gen:/seq11/masks/102.jpg,pgen_seq11,1,1,576,720
PolypGen,/home/samsul/Documents/Polyp Detection/Polyp-Gen:/seq11/images/219.jpg,/home/samsul/Documents/Polyp Detection/Polyp-Gen:/seq11/masks/219.jpg,pgen_seq11,0,0,576,720
PolypGen,/home/samsul/Documents/Polyp Detection/Polyp-Gen:/seq11/images/168.jpg,/home/samsul/Documents/Polyp Detection/Polyp-Gen:/seq11/masks/168.jpg,pgen_seq11,0,0,576,720
PolypGen,/home/samsul/Documents/Polyp Detection/Polyp-Gen:/seq11/images/63.jpg,/home/samsul/Documents/Polyp Detection/Polyp-Gen:/seq11/masks/63.jpg,pgen_seq11,1,1,576,720
PolypGen,/home/samsul/Documents/Polyp Detection/Polyp-Gen:/seq11/images/56.jpg,/home/samsul/Documents/Polyp Detection/Polyp-Gen:/seq11/masks/56.jpg,pgen_seq11,1,1,576,720
PolypGen,/home/samsul/Documents/Polyp Detection/Polyp-Gen:/seq11/images/119.jpg,/home/samsul/Documents/Polyp Detection/Polyp-Gen:/seq11/masks/119.jpg,pgen_seq11,1,1,576,720
PolypGen,/home/samsul/Documents/Polyp Detection/Polyp-Gen:/seq11/images/201.jpg,/home/samsul/Documents/Polyp Detection/Polyp-Gen:/seq11/masks/201.jpg,pgen_seq11,0,0,576,720
PolypGen,/home/samsul/Documents/Polyp Detection/Polyp-Gen:/seq11/images/20.jpg,/home/samsul/Documents/Polyp Detection/Polyp-Gen:/seq11/masks/20.jpg,pgen_seq11,1,1,576,720
PolypGen,/home/samsul/Documents/Polyp Detection/Polyp-Gen:/seq11/images/46.jpg,/home/samsul/Documents/Polyp Detection/Polyp-Gen:/seq11/masks/46.jpg,pgen_seq11,1,1,576,720
PolypGen,/home/samsul/Documents/Polyp Detection/Polyp-Gen:/seq11/images/210.jpg,/home/samsul/Documents/Polyp Detection/Polyp-Gen:/seq11/masks/210.jpg,pgen_seq11,0,0,576,720
PolypGen,/home/samsul/Documents/Polyp Detection/Polyp-Gen:/seq11/images/122.jpg,/home/samsul/Documents/Polyp Detection/Polyp-Gen:/seq11/masks/122.jpg,pgen_seq11,1,1,576,720
PolypGen,/home/samsul/Documents/Polyp Detection/Polyp-Gen:/seq11/images/153.jpg,/home/samsul/Documents/Polyp Detection/Polyp-Gen:/seq11/masks/153.jpg,pgen_seq11,0,0,576,720
PolypGen,/home/samsul/Documents/Polyp Detection/Polyp-Gen:/seq11/images/127.jpg,/home/samsul/Documents/Polyp Detection/Polyp-Gen:/seq11/masks/127.jpg,pgen_seq11,1,1,576,720
PolypGen,/home/samsul/Documents/Polyp Detection/Polyp-Gen:/seq11/images/142.jpg,/home/samsul/Documents/Polyp Detection/Polyp-Gen:/seq11/masks/142.jpg,pgen_seq11,0,0,576,720
PolypGen,/home/samsul/Documents/Polyp Detection/Polyp-Gen:/seq11/images/202.jpg,/home/samsul/Documents/Polyp Detection/Polyp-Gen:/seq11/masks/202.jpg,pgen_seq11,0,0,576,720
PolypGen,/home/samsul/Documents/Polyp Detection/Polyp-Gen:/seq11/images/74.jpg,/home/samsul/Documents/Polyp Detection/Polyp-Gen:/seq11/masks/74.jpg,pgen_seq11,1,1,576,720
PolypGen,/home/samsul/Documents/Polyp Detection/Polyp-Gen:/seq11/images/136.jpg,/home/samsul/Documents/Polyp Detection/Polyp-Gen:/seq11/masks/136.jpg,pgen_seq11,0,0,576,720
PolypGen,/home/samsul/Documents/Polyp Detection/Polyp-Gen:/seq11/images/92.jpg,/home/samsul/Documents/Polyp Detection/Polyp-Gen:/seq11/masks/92.jpg,pgen_seq11,1,1,576,720
PolypGen,/home/samsul/Documents/Polyp Detection/Polyp-Gen:/seq11/images/185.jpg,/home/samsul/Documents/Polyp Detection/Polyp-Gen:/seq11/masks/185.jpg,pgen_seq11,0,0,576,720
PolypGen,/home/samsul/Documents/Polyp Detection/Polyp-Gen:/seq11/images/155.jpg,/home/samsul/Documents/Polyp Detection/Polyp-Gen:/seq11/masks/155.jpg,pgen_seq11,0,0,576,720
PolypGen,/home/samsul/Documents/Polyp Detection/Polyp-Gen:/seq11/images/7.jpg,/home/samsul/Documents/Polyp Detection/Polyp-Gen:/seq11/masks/7.jpg,pgen_seq11,1,1,576,720
PolypGen,/home/samsul/Documents/Polyp Detection/Polyp-Gen:/seq11/images/45.jpg,/home/samsul/Documents/Polyp Detection/Polyp-Gen:/seq11/masks/45.jpg,pgen_seq11,1,1,576,720
PolypGen,/home/samsul/Documents/Polyp Detection/Polyp-Gen:/seq11/images/128.jpg,/home/samsul/Documents/Polyp Detection/Polyp-Gen:/seq11/masks/128.jpg,pgen_seq11,0,0,576,720
PolypGen,/home/samsul/Documents/Polyp Detection/Polyp-Gen:/seq11/images/180.jpg,/home/samsul/Documents/Polyp Detection/Polyp-Gen:/seq11/masks/180.jpg,pgen_seq11,0,0,576,720
PolypGen,/home/samsul/Documents/Polyp Detection/Polyp-Gen:/seq11/images/73.jpg,/home/samsul/Documents/Polyp Detection/Polyp-Gen:/seq11/masks/73.jpg,pgen_seq11,1,1,576,720
PolypGen,/home/samsul/Documents/Polyp Detection/Polyp-Gen:/seq11/images/94.jpg,/home/samsul/Documents/Polyp Detection/Polyp-Gen:/seq11/masks/94.jpg,pgen_seq11,1,1,576,720
PolypGen,/home/samsul/Documents/Polyp Detection/Polyp-Gen:/seq11/images/132.jpg,/home/samsul/Documents/Polyp Detection/Polyp-Gen:/seq11/masks/132.jpg,pgen_seq11,0,0,576,720
PolypGen,/home/samsul/Documents/Polyp Detection/Polyp-Gen:/seq11/images/207.jpg,/home/samsul/Documents/Polyp Detection/Polyp-Gen:/seq11/masks/207.jpg,pgen_seq11,0,0,576,720
PolypGen,/home/samsul/Documents/Polyp Detection/Polyp-Gen:/seq11/images/151.jpg,/home/samsul/Documents/Polyp Detection/Polyp-Gen:/seq11/masks/151.jpg,pgen_seq11,0,0,576,720
PolypGen,/home/samsul/Documents/Polyp Detection/Polyp-Gen:/seq11/images/88.jpg,/home/samsul/Documents/Polyp Detection/Polyp-Gen:/seq11/masks/88.jpg,pgen_seq11,1,1,576,720
PolypGen,/home/samsul/Documents/Polyp Detection/Polyp-Gen:/seq11/images/65.jpg,/home/samsul/Documents/Polyp Detection/Polyp-Gen:/seq11/masks/65.jpg,pgen_seq11,1,1,576,720
PolypGen,/home/samsul/Documents/Polyp Detection/Polyp-Gen:/seq11/images/176.jpg,/home/samsul/Documents/Polyp Detection/Polyp-Gen:/seq11/masks/176.jpg,pgen_seq11,0,0,576,720
PolypGen,/home/samsul/Documents/Polyp Detection/Polyp-Gen:/seq11/images/161.jpg,/home/samsul/Documents/Polyp Detection/Polyp-Gen:/seq11/masks/161.jpg,pgen_seq11,0,0,576,720
PolypGen,/home/samsul/Documents/Polyp Detection/Polyp-Gen:/seq11/images/139.jpg,/home/samsul/Documents/Polyp Detection/Polyp-Gen:/seq11/masks/139.jpg,pgen_seq11,0,0,576,720
PolypGen,/home/samsul/Documents/Polyp Detection/Polyp-Gen:/seq11/images/77.jpg,/home/samsul/Documents/Polyp Detection/Polyp-Gen:/seq11/masks/77.jpg,pgen_seq11,1,1,576,720
PolypGen,/home/samsul/Documents/Polyp Detection/Polyp-Gen:/seq11/images/61.jpg,/home/samsul/Documents/Polyp Detection/Polyp-Gen:/seq11/masks/61.jpg,pgen_seq11,1,1,576,720
PolypGen,/home/samsul/Documents/Polyp Detection/Polyp-Gen:/seq11/images/149.jpg,/home/samsul/Documents/Polyp Detection/Polyp-Gen:/seq11/masks/149.jpg,pgen_seq11,1,1,576,720
PolypGen,/home/samsul/Documents/Polyp Detection/Polyp-Gen:/seq11/images/224.jpg,/home/samsul/Documents/Polyp Detection/Polyp-Gen:/seq11/masks/224.jpg,pgen_seq11,0,0,576,720
PolypGen,/home/samsul/Documents/Polyp Detection/Polyp-Gen:/seq11/images/130.jpg,/home/samsul/Documents/Polyp Detection/Polyp-Gen:/seq11/masks/130.jpg,pgen_seq11,1,1,576,720
PolypGen,/home/samsul/Documents/Polyp Detection/Polyp-Gen:/seq11/images/24.jpg,/home/samsul/Documents/Polyp Detection/Polyp-Gen:/seq11/masks/24.jpg,pgen_seq11,1,1,576,720
PolypGen,/home/samsul/Documents/Polyp Detection/Polyp-Gen:/seq11/images/203.jpg,/home/samsul/Documents/Polyp Detection/Polyp-Gen:/seq11/masks/203.jpg,pgen_seq11,0,0,576,720
PolypGen,/home/samsul/Documents/Polyp Detection/Polyp-Gen:/seq11/images/160.jpg,/home/samsul/Documents/Polyp Detection/Polyp-Gen:/seq11/masks/160.jpg,pgen_seq11,0,0,576,720
PolypGen,/home/samsul/Documents/Polyp Detection/Polyp-Gen:/seq11/images/30.jpg,/home/samsul/Documents/Polyp Detection/Polyp-Gen:/seq11/masks/30.jpg,pgen_seq11,1,1,576,720
PolypGen,/home/samsul/Documents/Polyp Detection/Polyp-Gen:/seq11/images/187.jpg,/home/samsul/Documents/Polyp Detection/Polyp-Gen:/seq11/masks/187.jpg,pgen_seq11,0,0,576,720
PolypGen,/home/samsul/Documents/Polyp Detection/Polyp-Gen:/seq11/images/181.jpg,/home/samsul/Documents/Polyp Detection/Polyp-Gen:/seq11/masks/181.jpg,pgen_seq11,0,0,576,720
PolypGen,/home/samsul/Documents/Polyp Detection/Polyp-Gen:/seq11/images/138.jpg,/home/samsul/Documents/Polyp Detection/Polyp-Gen:/seq11/masks/138.jpg,pgen_seq11,1,1,576,720
PolypGen,/home/samsul/Documents/Polyp Detection/Polyp-Gen:/seq11/images/2.jpg,/home/samsul/Documents/Polyp Detection/Polyp-Gen:/seq11/masks/2.jpg,pgen_seq11,1,1,576,720
PolypGen,/home/samsul/Documents/Polyp Detection/Polyp-Gen:/seq11/images/59.jpg,/home/samsul/Documents/Polyp Detection/Polyp-Gen:/seq11/masks/59.jpg,pgen_seq11,1,1,576,720
PolypGen,/home/samsul/Documents/Polyp Detection/Polyp-Gen:/seq11/images/214.jpg,/home/samsul/Documents/Polyp Detection/Polyp-Gen:/seq11/masks/214.jpg,pgen_seq11,0,0,576,720
PolypGen,/home/samsul/Documents/Polyp Detection/Polyp-Gen:/seq11/images/137.jpg,/home/samsul/Documents/Polyp Detection/Polyp-Gen:/seq11/masks/137.jpg,pgen_seq11,1,1,576,720
PolypGen,/home/samsul/Documents/Polyp Detection/Polyp-Gen:/seq12/images/75.jpg,/home/samsul/Documents/Polyp Detection/Polyp-Gen:/seq12/masks/75.jpg,pgen_seq12,1,1,1024,1030
PolypGen,/home/samsul/Documents/Polyp Detection/Polyp-Gen:/seq12/images/211.jpg,/home/samsul/Documents/Polyp Detection/Polyp-Gen:/seq12/masks/211.jpg,pgen_seq12,1,1,1024,1030
PolypGen,/home/samsul/Documents/Polyp Detection/Polyp-Gen:/seq12/images/174.jpg,/home/samsul/Documents/Polyp Detection/Polyp-Gen:/seq12/masks/174.jpg,pgen_seq12,1,1,1024,1030
PolypGen,/home/samsul/Documents/Polyp Detection/Polyp-Gen:/seq12/images/71.jpg,/home/samsul/Documents/Polyp Detection/Polyp-Gen:/seq12/masks/71.jpg,pgen_seq12,1,1,1024,1030
PolypGen,/home/samsul/Documents/Polyp Detection/Polyp-Gen:/seq12/images/198.jpg,/home/samsul/Documents/Polyp Detection/Polyp-Gen:/seq12/masks/198.jpg,pgen_seq12,1,1,1024,1030
PolypGen,/home/samsul/Documents/Polyp Detection/Polyp-Gen:/seq12/images/234.jpg,/home/samsul/Documents/Polyp Detection/Polyp-Gen:/seq12/masks/234.jpg,pgen_seq12,1,1,1024,1030
PolypGen,/home/samsul/Documents/Polyp Detection/Polyp-Gen:/seq12/images/241.jpg,/home/samsul/Documents/Polyp Detection/Polyp-Gen:/seq12/masks/241.jpg,pgen_seq12,1,1,1024,1030
PolypGen,/home/samsul/Documents/Polyp Detection/Polyp-Gen:/seq12/images/150.jpg,/home/samsul/Documents/Polyp Detection/Polyp-Gen:/seq12/masks/150.jpg,pgen_seq12,1,1,1024,1030
PolypGen,/home/samsul/Documents/Polyp Detection/Polyp-Gen:/seq12/images/204.jpg,/home/samsul/Documents/Polyp Detection/Polyp-Gen:/seq12/masks/204.jpg,pgen_seq12,1,1,1024,1030
PolypGen,/home/samsul/Documents/Polyp Detection/Polyp-Gen:/seq12/images/116.jpg,/home/samsul/Documents/Polyp Detection/Polyp-Gen:/seq12/masks/116.jpg,pgen_seq12,1,1,1024,1030
PolypGen,/home/samsul/Documents/Polyp Detection/Polyp-Gen:/seq12/images/166.jpg,/home/samsul/Documents/Polyp Detection/Polyp-Gen:/seq12/masks/166.jpg,pgen_seq12,1,1,1024,1030
PolypGen,/home/samsul/Documents/Polyp Detection/Polyp-Gen:/seq12/images/232.jpg,/home/samsul/Documents/Polyp Detection/Polyp-Gen:/seq12/masks/232.jpg,pgen_seq12,1,1,1024,1030
PolypGen,/home/samsul/Documents/Polyp Detection/Polyp-Gen:/seq12/images/93.jpg,/home/samsul/Documents/Polyp Detection/Polyp-Gen:/seq12/masks/93.jpg,pgen_seq12,1,1,1024,1030
PolypGen,/home/samsul/Documents/Polyp Detection/Polyp-Gen:/seq12/images/76.jpg,/home/samsul/Documents/Polyp Detection/Polyp-Gen:/seq12/masks/76.jpg,pgen_seq12,1,1,1024,1030
PolypGen,/home/samsul/Documents/Polyp Detection/Polyp-Gen:/seq12/images/200.jpg,/home/samsul/Documents/Polyp Detection/Polyp-Gen:/seq12/masks/200.jpg,pgen_seq12,1,1,1024,1030
PolypGen,/home/samsul/Documents/Polyp Detection/Polyp-Gen:/seq12/images/18.jpg,/home/samsul/Documents/Polyp Detection/Polyp-Gen:/seq12/masks/18.jpg,pgen_seq12,1,1,1024,1030
PolypGen,/home/samsul/Documents/Polyp Detection/Polyp-Gen:/seq12/images/192.jpg,/home/samsul/Documents/Polyp Detection/Polyp-Gen:/seq12/masks/192.jpg,pgen_seq12,1,1,1024,1030
PolypGen,/home/samsul/Documents/Polyp Detection/Polyp-Gen:/seq12/images/111.jpg,/home/samsul/Documents/Polyp Detection/Polyp-Gen:/seq12/masks/111.jpg,pgen_seq12,1,1,1024,1030
PolypGen,/home/samsul/Documents/Polyp Detection/Polyp-Gen:/seq12/images/3.jpg,/home/samsul/Documents/Polyp Detection/Polyp-Gen:/seq12/masks/3.jpg,pgen_seq12,1,1,1024,1030
PolypGen,/home/samsul/Documents/Polyp Detection/Polyp-Gen:/seq12/images/49.jpg,/home/samsul/Documents/Polyp Detection/Polyp-Gen:/seq12/masks/49.jpg,pgen_seq12,1,1,1024,1030
PolypGen,/home/samsul/Documents/Polyp Detection/Polyp-Gen:/seq12/images/40.jpg,/home/samsul/Documents/Polyp Detection/Polyp-Gen:/seq12/masks/40.jpg,pgen_seq12,1,1,1024,1030
PolypGen,/home/samsul/Documents/Polyp Detection/Polyp-Gen:/seq12/images/68.jpg,/home/samsul/Documents/Polyp Detection/Polyp-Gen:/seq12/masks/68.jpg,pgen_seq12,1,1,1024,1030
PolypGen,/home/samsul/Documents/Polyp Detection/Polyp-Gen:/seq12/images/197.jpg,/home/samsul/Documents/Polyp Detection/Polyp-Gen:/seq12/masks/197.jpg,pgen_seq12,1,1,1024,1030
PolypGen,/home/samsul/Documents/Polyp Detection/Polyp-Gen:/seq12/images/235.jpg,/home/samsul/Documents/Polyp Detection/Polyp-Gen:/seq12/masks/235.jpg,pgen_seq12,1,1,1024,1030
PolypGen,/home/samsul/Documents/Polyp Detection/Polyp-Gen:/seq12/images/57.jpg,/home/samsul/Documents/Polyp Detection/Polyp-Gen:/seq12/masks/57.jpg,pgen_seq12,1,1,1024,1030
PolypGen,/home/samsul/Documents/Polyp Detection/Polyp-Gen:/seq12/images/123.jpg,/home/samsul/Documents/Polyp Detection/Polyp-Gen:/seq12/masks/123.jpg,pgen_seq12,1,1,1024,1030
PolypGen,/home/samsul/Documents/Polyp Detection/Polyp-Gen:/seq12/images/220.jpg,/home/samsul/Documents/Polyp Detection/Polyp-Gen:/seq12/masks/220.jpg,pgen_seq12,1,1,1024,1030
PolypGen,/home/samsul/Documents/Polyp Detection/Polyp-Gen:/seq12/images/167.jpg,/home/samsul/Documents/Polyp Detection/Polyp-Gen:/seq12/masks/167.jpg,pgen_seq12,1,1,1024,1030
PolypGen,/home/samsul/Documents/Polyp Detection/Polyp-Gen:/seq12/images/81.jpg,/home/samsul/Documents/Polyp Detection/Polyp-Gen:/seq12/masks/81.jpg,pgen_seq12,1,1,1024,1030
PolypGen,/home/samsul/Documents/Polyp Detection/Polyp-Gen:/seq12/images/101.jpg,/home/samsul/Documents/Polyp Detection/Polyp-Gen:/seq12/masks/101.jpg,pgen_seq12,1,1,1024,1030
PolypGen,/home/samsul/Documents/Polyp Detection/Polyp-Gen:/seq12/images/159.jpg,/home/samsul/Documents/Polyp Detection/Polyp-Gen:/seq12/masks/159.jpg,pgen_seq12,1,1,1024,1030
PolypGen,/home/samsul/Documents/Polyp Detection/Polyp-Gen:/seq12/images/104.jpg,/home/samsul/Documents/Polyp Detection/Polyp-Gen:/seq12/masks/104.jpg,pgen_seq12,1,1,1024,1030
PolypGen,/home/samsul/Documents/Polyp Detection/Polyp-Gen:/seq12/images/247.jpg,/home/samsul/Documents/Polyp Detection/Polyp-Gen:/seq12/masks/247.jpg,pgen_seq12,1,1,1024,1030
PolypGen,/home/samsul/Documents/Polyp Detection/Polyp-Gen:/seq12/images/11.jpg,/home/samsul/Documents/Polyp Detection/Polyp-Gen:/seq12/masks/11.jpg,pgen_seq12,1,1,1024,1030
PolypGen,/home/samsul/Documents/Polyp Detection/Polyp-Gen:/seq12/images/29.jpg,/home/samsul/Documents/Polyp Detection/Polyp-Gen:/seq12/masks/29.jpg,pgen_seq12,1,1,1024,1030
PolypGen,/home/samsul/Documents/Polyp Detection/Polyp-Gen:/seq12/images/156.jpg,/home/samsul/Documents/Polyp Detection/Polyp-Gen:/seq12/masks/156.jpg,pgen_seq12,1,1,1024,1030
PolypGen,/home/samsul/Documents/Polyp Detection/Polyp-Gen:/seq12/images/85.jpg,/home/samsul/Documents/Polyp Detection/Polyp-Gen:/seq12/masks/85.jpg,pgen_seq12,1,1,1024,1030
PolypGen,/home/samsul/Documents/Polyp Detection/Polyp-Gen:/seq12/images/145.jpg,/home/samsul/Documents/Polyp Detection/Polyp-Gen:/seq12/masks/145.jpg,pgen_seq12,1,1,1024,1030
PolypGen,/home/samsul/Documents/Polyp Detection/Polyp-Gen:/seq12/images/54.jpg,/home/samsul/Documents/Polyp Detection/Polyp-Gen:/seq12/masks/54.jpg,pgen_seq12,1,1,1024,1030
PolypGen,/home/samsul/Documents/Polyp Detection/Polyp-Gen:/seq12/images/51.jpg,/home/samsul/Documents/Polyp Detection/Polyp-Gen:/seq12/masks/51.jpg,pgen_seq12,1,1,1024,1030
PolypGen,/home/samsul/Documents/Polyp Detection/Polyp-Gen:/seq12/images/209.jpg,/home/samsul/Documents/Polyp Detection/Polyp-Gen:/seq12/masks/209.jpg,pgen_seq12,1,1,1024,1030
PolypGen,/home/samsul/Documents/Polyp Detection/Polyp-Gen:/seq12/images/6.jpg,/home/samsul/Documents/Polyp Detection/Polyp-Gen:/seq12/masks/6.jpg,pgen_seq12,1,1,1024,1030
PolypGen,/home/samsul/Documents/Polyp Detection/Polyp-Gen:/seq12/images/58.jpg,/home/samsul/Documents/Polyp Detection/Polyp-Gen:/seq12/masks/58.jpg,pgen_seq12,1,1,1024,1030
PolypGen,/home/samsul/Documents/Polyp Detection/Polyp-Gen:/seq12/images/121.jpg,/home/samsul/Documents/Polyp Detection/Polyp-Gen:/seq12/masks/121.jpg,pgen_seq12,1,1,1024,1030
PolypGen,/home/samsul/Documents/Polyp Detection/Polyp-Gen:/seq12/images/238.jpg,/home/samsul/Documents/Polyp Detection/Polyp-Gen:/seq12/masks/238.jpg,pgen_seq12,1,1,1024,1030
PolypGen,/home/samsul/Documents/Polyp Detection/Polyp-Gen:/seq12/images/66.jpg,/home/samsul/Documents/Polyp Detection/Polyp-Gen:/seq12/masks/66.jpg,pgen_seq12,1,1,1024,1030
PolypGen,/home/samsul/Documents/Polyp Detection/Polyp-Gen:/seq12/images/10.jpg,/home/samsul/Documents/Polyp Detection/Polyp-Gen:/seq12/masks/10.jpg,pgen_seq12,1,1,1024,1030
PolypGen,/home/samsul/Documents/Polyp Detection/Polyp-Gen:/seq12/images/118.jpg,/home/samsul/Documents/Polyp Detection/Polyp-Gen:/seq12/masks/118.jpg,pgen_seq12,1,1,1024,1030
PolypGen,/home/samsul/Documents/Polyp Detection/Polyp-Gen:/seq12/images/34.jpg,/home/samsul/Documents/Polyp Detection/Polyp-Gen:/seq12/masks/34.jpg,pgen_seq12,1,1,1024,1030
PolypGen,/home/samsul/Documents/Polyp Detection/Polyp-Gen:/seq12/images/37.jpg,/home/samsul/Documents/Polyp Detection/Polyp-Gen:/seq12/masks/37.jpg,pgen_seq12,1,1,1024,1030
PolypGen,/home/samsul/Documents/Polyp Detection/Polyp-Gen:/seq12/images/110.jpg,/home/samsul/Documents/Polyp Detection/Polyp-Gen:/seq12/masks/110.jpg,pgen_seq12,1,1,1024,1030
PolypGen,/home/samsul/Documents/Polyp Detection/Polyp-Gen:/seq12/images/115.jpg,/home/samsul/Documents/Polyp Detection/Polyp-Gen:/seq12/masks/115.jpg,pgen_seq12,1,1,1024,1030
PolypGen,/home/samsul/Documents/Polyp Detection/Polyp-Gen:/seq12/images/67.jpg,/home/samsul/Documents/Polyp Detection/Polyp-Gen:/seq12/masks/67.jpg,pgen_seq12,1,1,1024,1030
PolypGen,/home/samsul/Documents/Polyp Detection/Polyp-Gen:/seq12/images/27.jpg,/home/samsul/Documents/Polyp Detection/Polyp-Gen:/seq12/masks/27.jpg,pgen_seq12,1,1,1024,1030
PolypGen,/home/samsul/Documents/Polyp Detection/Polyp-Gen:/seq12/images/182.jpg,/home/samsul/Documents/Polyp Detection/Polyp-Gen:/seq12/masks/182.jpg,pgen_seq12,1,1,1024,1030
PolypGen,/home/samsul/Documents/Polyp Detection/Polyp-Gen:/seq12/images/126.jpg,/home/samsul/Documents/Polyp Detection/Polyp-Gen:/seq12/masks/126.jpg,pgen_seq12,1,1,1024,1030
PolypGen,/home/samsul/Documents/Polyp Detection/Polyp-Gen:/seq12/images/82.jpg,/home/samsul/Documents/Polyp Detection/Polyp-Gen:/seq12/masks/82.jpg,pgen_seq12,1,1,1024,1030
PolypGen,/home/samsul/Documents/Polyp Detection/Polyp-Gen:/seq12/images/78.jpg,/home/samsul/Documents/Polyp Detection/Polyp-Gen:/seq12/masks/78.jpg,pgen_seq12,1,1,1024,1030
PolypGen,/home/samsul/Documents/Polyp Detection/Polyp-Gen:/seq12/images/162.jpg,/home/samsul/Documents/Polyp Detection/Polyp-Gen:/seq12/masks/162.jpg,pgen_seq12,1,1,1024,1030
PolypGen,/home/samsul/Documents/Polyp Detection/Polyp-Gen:/seq12/images/62.jpg,/home/samsul/Documents/Polyp Detection/Polyp-Gen:/seq12/masks/62.jpg,pgen_seq12,1,1,1024,1030
PolypGen,/home/samsul/Documents/Polyp Detection/Polyp-Gen:/seq12/images/39.jpg,/home/samsul/Documents/Polyp Detection/Polyp-Gen:/seq12/masks/39.jpg,pgen_seq12,1,1,1024,1030
PolypGen,/home/samsul/Documents/Polyp Detection/Polyp-Gen:/seq12/images/244.jpg,/home/samsul/Documents/Polyp Detection/Polyp-Gen:/seq12/masks/244.jpg,pgen_seq12,1,1,1024,1030
PolypGen,/home/samsul/Documents/Polyp Detection/Polyp-Gen:/seq12/images/120.jpg,/home/samsul/Documents/Polyp Detection/Polyp-Gen:/seq12/masks/120.jpg,pgen_seq12,1,1,1024,1030
PolypGen,/home/samsul/Documents/Polyp Detection/Polyp-Gen:/seq12/images/179.jpg,/home/samsul/Documents/Polyp Detection/Polyp-Gen:/seq12/masks/179.jpg,pgen_seq12,1,1,1024,1030
PolypGen,/home/samsul/Documents/Polyp Detection/Polyp-Gen:/seq12/images/154.jpg,/home/samsul/Documents/Polyp Detection/Polyp-Gen:/seq12/masks/154.jpg,pgen_seq12,1,1,1024,1030
PolypGen,/home/samsul/Documents/Polyp Detection/Polyp-Gen:/seq12/images/89.jpg,/home/samsul/Documents/Polyp Detection/Polyp-Gen:/seq12/masks/89.jpg,pgen_seq12,1,1,1024,1030
PolypGen,/home/samsul/Documents/Polyp Detection/Polyp-Gen:/seq12/images/99.jpg,/home/samsul/Documents/Polyp Detection/Polyp-Gen:/seq12/masks/99.jpg,pgen_seq12,1,1,1024,1030
PolypGen,/home/samsul/Documents/Polyp Detection/Polyp-Gen:/seq12/images/131.jpg,/home/samsul/Documents/Polyp Detection/Polyp-Gen:/seq12/masks/131.jpg,pgen_seq12,1,1,1024,1030
PolypGen,/home/samsul/Documents/Polyp Detection/Polyp-Gen:/seq12/images/190.jpg,/home/samsul/Documents/Polyp Detection/Polyp-Gen:/seq12/masks/190.jpg,pgen_seq12,1,1,1024,1030
PolypGen,/home/samsul/Documents/Polyp Detection/Polyp-Gen:/seq12/images/105.jpg,/home/samsul/Documents/Polyp Detection/Polyp-Gen:/seq12/masks/105.jpg,pgen_seq12,1,1,1024,1030
PolypGen,/home/samsul/Documents/Polyp Detection/Polyp-Gen:/seq12/images/191.jpg,/home/samsul/Documents/Polyp Detection/Polyp-Gen:/seq12/masks/191.jpg,pgen_seq12,1,1,1024,1030
PolypGen,/home/samsul/Documents/Polyp Detection/Polyp-Gen:/seq12/images/112.jpg,/home/samsul/Documents/Polyp Detection/Polyp-Gen:/seq12/masks/112.jpg,pgen_seq12,1,1,1024,1030
PolypGen,/home/samsul/Documents/Polyp Detection/Polyp-Gen:/seq12/images/236.jpg,/home/samsul/Documents/Polyp Detection/Polyp-Gen:/seq12/masks/236.jpg,pgen_seq12,1,1,1024,1030
PolypGen,/home/samsul/Documents/Polyp Detection/Polyp-Gen:/seq12/images/170.jpg,/home/samsul/Documents/Polyp Detection/Polyp-Gen:/seq12/masks/170.jpg,pgen_seq12,1,1,1024,1030
PolypGen,/home/samsul/Documents/Polyp Detection/Polyp-Gen:/seq12/images/169.jpg,/home/samsul/Documents/Polyp Detection/Polyp-Gen:/seq12/masks/169.jpg,pgen_seq12,1,1,1024,1030
PolypGen,/home/samsul/Documents/Polyp Detection/Polyp-Gen:/seq12/images/86.jpg,/home/samsul/Documents/Polyp Detection/Polyp-Gen:/seq12/masks/86.jpg,pgen_seq12,1,1,1024,1030
PolypGen,/home/samsul/Documents/Polyp Detection/Polyp-Gen:/seq12/images/177.jpg,/home/samsul/Documents/Polyp Detection/Polyp-Gen:/seq12/masks/177.jpg,pgen_seq12,1,1,1024,1030
PolypGen,/home/samsul/Documents/Polyp Detection/Polyp-Gen:/seq12/images/31.jpg,/home/samsul/Documents/Polyp Detection/Polyp-Gen:/seq12/masks/31.jpg,pgen_seq12,1,1,1024,1030
PolypGen,/home/samsul/Documents/Polyp Detection/Polyp-Gen:/seq12/images/8.jpg,/home/samsul/Documents/Polyp Detection/Polyp-Gen:/seq12/masks/8.jpg,pgen_seq12,1,1,1024,1030
PolypGen,/home/samsul/Documents/Polyp Detection/Polyp-Gen:/seq12/images/164.jpg,/home/samsul/Documents/Polyp Detection/Polyp-Gen:/seq12/masks/164.jpg,pgen_seq12,1,1,1024,1030
PolypGen,/home/samsul/Documents/Polyp Detection/Polyp-Gen:/seq12/images/98.jpg,/home/samsul/Documents/Polyp Detection/Polyp-Gen:/seq12/masks/98.jpg,pgen_seq12,1,1,1024,1030
PolypGen,/home/samsul/Documents/Polyp Detection/Polyp-Gen:/seq12/images/103.jpg,/home/samsul/Documents/Polyp Detection/Polyp-Gen:/seq12/masks/103.jpg,pgen_seq12,1,1,1024,1030
PolypGen,/home/samsul/Documents/Polyp Detection/Polyp-Gen:/seq12/images/41.jpg,/home/samsul/Documents/Polyp Detection/Polyp-Gen:/seq12/masks/41.jpg,pgen_seq12,1,1,1024,1030
PolypGen,/home/samsul/Documents/Polyp Detection/Polyp-Gen:/seq12/images/109.jpg,/home/samsul/Documents/Polyp Detection/Polyp-Gen:/seq12/masks/109.jpg,pgen_seq12,1,1,1024,1030
PolypGen,/home/samsul/Documents/Polyp Detection/Polyp-Gen:/seq12/images/83.jpg,/home/samsul/Documents/Polyp Detection/Polyp-Gen:/seq12/masks/83.jpg,pgen_seq12,1,1,1024,1030
PolypGen,/home/samsul/Documents/Polyp Detection/Polyp-Gen:/seq12/images/165.jpg,/home/samsul/Documents/Polyp Detection/Polyp-Gen:/seq12/masks/165.jpg,pgen_seq12,1,1,1024,1030
PolypGen,/home/samsul/Documents/Polyp Detection/Polyp-Gen:/seq12/images/173.jpg,/home/samsul/Documents/Polyp Detection/Polyp-Gen:/seq12/masks/173.jpg,pgen_seq12,1,1,1024,1030
PolypGen,/home/samsul/Documents/Polyp Detection/Polyp-Gen:/seq12/images/172.jpg,/home/samsul/Documents/Polyp Detection/Polyp-Gen:/seq12/masks/172.jpg,pgen_seq12,1,1,1024,1030
PolypGen,/home/samsul/Documents/Polyp Detection/Polyp-Gen:/seq12/images/79.jpg,/home/samsul/Documents/Polyp Detection/Polyp-Gen:/seq12/masks/79.jpg,pgen_seq12,1,1,1024,1030
PolypGen,/home/samsul/Documents/Polyp Detection/Polyp-Gen:/seq12/images/193.jpg,/home/samsul/Documents/Polyp Detection/Polyp-Gen:/seq12/masks/193.jpg,pgen_seq12,1,1,1024,1030
PolypGen,/home/samsul/Documents/Polyp Detection/Polyp-Gen:/seq12/images/188.jpg,/home/samsul/Documents/Polyp Detection/Polyp-Gen:/seq12/masks/188.jpg,pgen_seq12,1,1,1024,1030
PolypGen,/home/samsul/Documents/Polyp Detection/Polyp-Gen:/seq12/images/158.jpg,/home/samsul/Documents/Polyp Detection/Polyp-Gen:/seq12/masks/158.jpg,pgen_seq12,1,1,1024,1030
PolypGen,/home/samsul/Documents/Polyp Detection/Polyp-Gen:/seq12/images/50.jpg,/home/samsul/Documents/Polyp Detection/Polyp-Gen:/seq12/masks/50.jpg,pgen_seq12,1,1,1024,1030
PolypGen,/home/samsul/Documents/Polyp Detection/Polyp-Gen:/seq12/images/1.jpg,/home/samsul/Documents/Polyp Detection/Polyp-Gen:/seq12/masks/1.jpg,pgen_seq12,1,1,1024,1030
PolypGen,/home/samsul/Documents/Polyp Detection/Polyp-Gen:/seq12/images/186.jpg,/home/samsul/Documents/Polyp Detection/Polyp-Gen:/seq12/masks/186.jpg,pgen_seq12,1,1,1024,1030
PolypGen,/home/samsul/Documents/Polyp Detection/Polyp-Gen:/seq12/images/52.jpg,/home/samsul/Documents/Polyp Detection/Polyp-Gen:/seq12/masks/52.jpg,pgen_seq12,1,1,1024,1030
PolypGen,/home/samsul/Documents/Polyp Detection/Polyp-Gen:/seq12/images/95.jpg,/home/samsul/Documents/Polyp Detection/Polyp-Gen:/seq12/masks/95.jpg,pgen_seq12,1,1,1024,1030
PolypGen,/home/samsul/Documents/Polyp Detection/Polyp-Gen:/seq12/images/19.jpg,/home/samsul/Documents/Polyp Detection/Polyp-Gen:/seq12/masks/19.jpg,pgen_seq12,1,1,1024,1030
PolypGen,/home/samsul/Documents/Polyp Detection/Polyp-Gen:/seq12/images/171.jpg,/home/samsul/Documents/Polyp Detection/Polyp-Gen:/seq12/masks/171.jpg,pgen_seq12,1,1,1024,1030
PolypGen,/home/samsul/Documents/Polyp Detection/Polyp-Gen:/seq12/images/60.jpg,/home/samsul/Documents/Polyp Detection/Polyp-Gen:/seq12/masks/60.jpg,pgen_seq12,1,1,1024,1030
PolypGen,/home/samsul/Documents/Polyp Detection/Polyp-Gen:/seq12/images/124.jpg,/home/samsul/Documents/Polyp Detection/Polyp-Gen:/seq12/masks/124.jpg,pgen_seq12,1,1,1024,1030
PolypGen,/home/samsul/Documents/Polyp Detection/Polyp-Gen:/seq12/images/189.jpg,/home/samsul/Documents/Polyp Detection/Polyp-Gen:/seq12/masks/189.jpg,pgen_seq12,1,1,1024,1030
PolypGen,/home/samsul/Documents/Polyp Detection/Polyp-Gen:/seq12/images/69.jpg,/home/samsul/Documents/Polyp Detection/Polyp-Gen:/seq12/masks/69.jpg,pgen_seq12,1,1,1024,1030
PolypGen,/home/samsul/Documents/Polyp Detection/Polyp-Gen:/seq12/images/163.jpg,/home/samsul/Documents/Polyp Detection/Polyp-Gen:/seq12/masks/163.jpg,pgen_seq12,1,1,1024,1030
PolypGen,/home/samsul/Documents/Polyp Detection/Polyp-Gen:/seq12/images/225.jpg,/home/samsul/Documents/Polyp Detection/Polyp-Gen:/seq12/masks/225.jpg,pgen_seq12,1,1,1024,1030
PolypGen,/home/samsul/Documents/Polyp Detection/Polyp-Gen:/seq12/images/14.jpg,/home/samsul/Documents/Polyp Detection/Polyp-Gen:/seq12/masks/14.jpg,pgen_seq12,1,1,1024,1030
PolypGen,/home/samsul/Documents/Polyp Detection/Polyp-Gen:/seq12/images/91.jpg,/home/samsul/Documents/Polyp Detection/Polyp-Gen:/seq12/masks/91.jpg,pgen_seq12,1,1,1024,1030
PolypGen,/home/samsul/Documents/Polyp Detection/Polyp-Gen:/seq12/images/249.jpg,/home/samsul/Documents/Polyp Detection/Polyp-Gen:/seq12/masks/249.jpg,pgen_seq12,1,1,1024,1030
PolypGen,/home/samsul/Documents/Polyp Detection/Polyp-Gen:/seq12/images/70.jpg,/home/samsul/Documents/Polyp Detection/Polyp-Gen:/seq12/masks/70.jpg,pgen_seq12,1,1,1024,1030
PolypGen,/home/samsul/Documents/Polyp Detection/Polyp-Gen:/seq12/images/117.jpg,/home/samsul/Documents/Polyp Detection/Polyp-Gen:/seq12/masks/117.jpg,pgen_seq12,1,1,1024,1030
PolypGen,/home/samsul/Documents/Polyp Detection/Polyp-Gen:/seq12/images/23.jpg,/home/samsul/Documents/Polyp Detection/Polyp-Gen:/seq12/masks/23.jpg,pgen_seq12,1,1,1024,1030
PolypGen,/home/samsul/Documents/Polyp Detection/Polyp-Gen:/seq12/images/199.jpg,/home/samsul/Documents/Polyp Detection/Polyp-Gen:/seq12/masks/199.jpg,pgen_seq12,1,1,1024,1030
PolypGen,/home/samsul/Documents/Polyp Detection/Polyp-Gen:/seq12/images/205.jpg,/home/samsul/Documents/Polyp Detection/Polyp-Gen:/seq12/masks/205.jpg,pgen_seq12,1,1,1024,1030
PolypGen,/home/samsul/Documents/Polyp Detection/Polyp-Gen:/seq12/images/64.jpg,/home/samsul/Documents/Polyp Detection/Polyp-Gen:/seq12/masks/64.jpg,pgen_seq12,1,1,1024,1030
PolypGen,/home/samsul/Documents/Polyp Detection/Polyp-Gen:/seq12/images/28.jpg,/home/samsul/Documents/Polyp Detection/Polyp-Gen:/seq12/masks/28.jpg,pgen_seq12,1,1,1024,1030
PolypGen,/home/samsul/Documents/Polyp Detection/Polyp-Gen:/seq12/images/17.jpg,/home/samsul/Documents/Polyp Detection/Polyp-Gen:/seq12/masks/17.jpg,pgen_seq12,1,1,1024,1030
PolypGen,/home/samsul/Documents/Polyp Detection/Polyp-Gen:/seq12/images/36.jpg,/home/samsul/Documents/Polyp Detection/Polyp-Gen:/seq12/masks/36.jpg,pgen_seq12,1,1,1024,1030
PolypGen,/home/samsul/Documents/Polyp Detection/Polyp-Gen:/seq12/images/87.jpg,/home/samsul/Documents/Polyp Detection/Polyp-Gen:/seq12/masks/87.jpg,pgen_seq12,1,1,1024,1030
PolypGen,/home/samsul/Documents/Polyp Detection/Polyp-Gen:/seq12/images/4.jpg,/home/samsul/Documents/Polyp Detection/Polyp-Gen:/seq12/masks/4.jpg,pgen_seq12,1,1,1024,1030
PolypGen,/home/samsul/Documents/Polyp Detection/Polyp-Gen:/seq12/images/216.jpg,/home/samsul/Documents/Polyp Detection/Polyp-Gen:/seq12/masks/216.jpg,pgen_seq12,1,1,1024,1030
PolypGen,/home/samsul/Documents/Polyp Detection/Polyp-Gen:/seq12/images/5.jpg,/home/samsul/Documents/Polyp Detection/Polyp-Gen:/seq12/masks/5.jpg,pgen_seq12,1,1,1024,1030
PolypGen,/home/samsul/Documents/Polyp Detection/Polyp-Gen:/seq12/images/21.jpg,/home/samsul/Documents/Polyp Detection/Polyp-Gen:/seq12/masks/21.jpg,pgen_seq12,1,1,1024,1030
PolypGen,/home/samsul/Documents/Polyp Detection/Polyp-Gen:/seq12/images/208.jpg,/home/samsul/Documents/Polyp Detection/Polyp-Gen:/seq12/masks/208.jpg,pgen_seq12,1,1,1024,1030
PolypGen,/home/samsul/Documents/Polyp Detection/Polyp-Gen:/seq12/images/72.jpg,/home/samsul/Documents/Polyp Detection/Polyp-Gen:/seq12/masks/72.jpg,pgen_seq12,1,1,1024,1030
PolypGen,/home/samsul/Documents/Polyp Detection/Polyp-Gen:/seq12/images/0.jpg,/home/samsul/Documents/Polyp Detection/Polyp-Gen:/seq12/masks/0.jpg,pgen_seq12,1,1,1024,1030
PolypGen,/home/samsul/Documents/Polyp Detection/Polyp-Gen:/seq12/images/147.jpg,/home/samsul/Documents/Polyp Detection/Polyp-Gen:/seq12/masks/147.jpg,pgen_seq12,1,1,1024,1030
PolypGen,/home/samsul/Documents/Polyp Detection/Polyp-Gen:/seq12/images/194.jpg,/home/samsul/Documents/Polyp Detection/Polyp-Gen:/seq12/masks/194.jpg,pgen_seq12,1,1,1024,1030
PolypGen,/home/samsul/Documents/Polyp Detection/Polyp-Gen:/seq12/images/148.jpg,/home/samsul/Documents/Polyp Detection/Polyp-Gen:/seq12/masks/148.jpg,pgen_seq12,1,1,1024,1030
PolypGen,/home/samsul/Documents/Polyp Detection/Polyp-Gen:/seq12/images/113.jpg,/home/samsul/Documents/Polyp Detection/Polyp-Gen:/seq12/masks/113.jpg,pgen_seq12,1,1,1024,1030
PolypGen,/home/samsul/Documents/Polyp Detection/Polyp-Gen:/seq12/images/26.jpg,/home/samsul/Documents/Polyp Detection/Polyp-Gen:/seq12/masks/26.jpg,pgen_seq12,1,1,1024,1030
PolypGen,/home/samsul/Documents/Polyp Detection/Polyp-Gen:/seq12/images/12.jpg,/home/samsul/Documents/Polyp Detection/Polyp-Gen:/seq12/masks/12.jpg,pgen_seq12,1,1,1024,1030
PolypGen,/home/samsul/Documents/Polyp Detection/Polyp-Gen:/seq12/images/108.jpg,/home/samsul/Documents/Polyp Detection/Polyp-Gen:/seq12/masks/108.jpg,pgen_seq12,1,1,1024,1030
PolypGen,/home/samsul/Documents/Polyp Detection/Polyp-Gen:/seq12/images/221.jpg,/home/samsul/Documents/Polyp Detection/Polyp-Gen:/seq12/masks/221.jpg,pgen_seq12,1,1,1024,1030
PolypGen,/home/samsul/Documents/Polyp Detection/Polyp-Gen:/seq12/images/22.jpg,/home/samsul/Documents/Polyp Detection/Polyp-Gen:/seq12/masks/22.jpg,pgen_seq12,1,1,1024,1030
PolypGen,/home/samsul/Documents/Polyp Detection/Polyp-Gen:/seq12/images/129.jpg,/home/samsul/Documents/Polyp Detection/Polyp-Gen:/seq12/masks/129.jpg,pgen_seq12,1,1,1024,1030
PolypGen,/home/samsul/Documents/Polyp Detection/Polyp-Gen:/seq12/images/140.jpg,/home/samsul/Documents/Polyp Detection/Polyp-Gen:/seq12/masks/140.jpg,pgen_seq12,2,1,1024,1030
PolypGen,/home/samsul/Documents/Polyp Detection/Polyp-Gen:/seq12/images/100.jpg,/home/samsul/Documents/Polyp Detection/Polyp-Gen:/seq12/masks/100.jpg,pgen_seq12,1,1,1024,1030
PolypGen,/home/samsul/Documents/Polyp Detection/Polyp-Gen:/seq12/images/248.jpg,/home/samsul/Documents/Polyp Detection/Polyp-Gen:/seq12/masks/248.jpg,pgen_seq12,1,1,1024,1030
PolypGen,/home/samsul/Documents/Polyp Detection/Polyp-Gen:/seq12/images/32.jpg,/home/samsul/Documents/Polyp Detection/Polyp-Gen:/seq12/masks/32.jpg,pgen_seq12,1,1,1024,1030
PolypGen,/home/samsul/Documents/Polyp Detection/Polyp-Gen:/seq12/images/178.jpg,/home/samsul/Documents/Polyp Detection/Polyp-Gen:/seq12/masks/178.jpg,pgen_seq12,1,1,1024,1030
PolypGen,/home/samsul/Documents/Polyp Detection/Polyp-Gen:/seq12/images/9.jpg,/home/samsul/Documents/Polyp Detection/Polyp-Gen:/seq12/masks/9.jpg,pgen_seq12,1,1,1024,1030
PolypGen,/home/samsul/Documents/Polyp Detection/Polyp-Gen:/seq12/images/44.jpg,/home/samsul/Documents/Polyp Detection/Polyp-Gen:/seq12/masks/44.jpg,pgen_seq12,1,1,1024,1030
PolypGen,/home/samsul/Documents/Polyp Detection/Polyp-Gen:/seq12/images/106.jpg,/home/samsul/Documents/Polyp Detection/Polyp-Gen:/seq12/masks/106.jpg,pgen_seq12,1,1,1024,1030
PolypGen,/home/samsul/Documents/Polyp Detection/Polyp-Gen:/seq12/images/80.jpg,/home/samsul/Documents/Polyp Detection/Polyp-Gen:/seq12/masks/80.jpg,pgen_seq12,1,1,1024,1030
PolypGen,/home/samsul/Documents/Polyp Detection/Polyp-Gen:/seq12/images/35.jpg,/home/samsul/Documents/Polyp Detection/Polyp-Gen:/seq12/masks/35.jpg,pgen_seq12,1,1,1024,1030
PolypGen,/home/samsul/Documents/Polyp Detection/Polyp-Gen:/seq12/images/48.jpg,/home/samsul/Documents/Polyp Detection/Polyp-Gen:/seq12/masks/48.jpg,pgen_seq12,1,1,1024,1030
PolypGen,/home/samsul/Documents/Polyp Detection/Polyp-Gen:/seq12/images/229.jpg,/home/samsul/Documents/Polyp Detection/Polyp-Gen:/seq12/masks/229.jpg,pgen_seq12,1,1,1024,1030
PolypGen,/home/samsul/Documents/Polyp Detection/Polyp-Gen:/seq12/images/33.jpg,/home/samsul/Documents/Polyp Detection/Polyp-Gen:/seq12/masks/33.jpg,pgen_seq12,1,1,1024,1030
PolypGen,/home/samsul/Documents/Polyp Detection/Polyp-Gen:/seq12/images/141.jpg,/home/samsul/Documents/Polyp Detection/Polyp-Gen:/seq12/masks/141.jpg,pgen_seq12,1,1,1024,1030
PolypGen,/home/samsul/Documents/Polyp Detection/Polyp-Gen:/seq12/images/43.jpg,/home/samsul/Documents/Polyp Detection/Polyp-Gen:/seq12/masks/43.jpg,pgen_seq12,1,1,1024,1030
PolypGen,/home/samsul/Documents/Polyp Detection/Polyp-Gen:/seq12/images/90.jpg,/home/samsul/Documents/Polyp Detection/Polyp-Gen:/seq12/masks/90.jpg,pgen_seq12,1,1,1024,1030
PolypGen,/home/samsul/Documents/Polyp Detection/Polyp-Gen:/seq12/images/223.jpg,/home/samsul/Documents/Polyp Detection/Polyp-Gen:/seq12/masks/223.jpg,pgen_seq12,1,1,1024,1030
PolypGen,/home/samsul/Documents/Polyp Detection/Polyp-Gen:/seq12/images/55.jpg,/home/samsul/Documents/Polyp Detection/Polyp-Gen:/seq12/masks/55.jpg,pgen_seq12,1,1,1024,1030
PolypGen,/home/samsul/Documents/Polyp Detection/Polyp-Gen:/seq12/images/183.jpg,/home/samsul/Documents/Polyp Detection/Polyp-Gen:/seq12/masks/183.jpg,pgen_seq12,1,1,1024,1030
PolypGen,/home/samsul/Documents/Polyp Detection/Polyp-Gen:/seq12/images/245.jpg,/home/samsul/Documents/Polyp Detection/Polyp-Gen:/seq12/masks/245.jpg,pgen_seq12,1,1,1024,1030
PolypGen,/home/samsul/Documents/Polyp Detection/Polyp-Gen:/seq12/images/143.jpg,/home/samsul/Documents/Polyp Detection/Polyp-Gen:/seq12/masks/143.jpg,pgen_seq12,1,1,1024,1030
PolypGen,/home/samsul/Documents/Polyp Detection/Polyp-Gen:/seq12/images/226.jpg,/home/samsul/Documents/Polyp Detection/Polyp-Gen:/seq12/masks/226.jpg,pgen_seq12,1,1,1024,1030
PolypGen,/home/samsul/Documents/Polyp Detection/Polyp-Gen:/seq12/images/213.jpg,/home/samsul/Documents/Polyp Detection/Polyp-Gen:/seq12/masks/213.jpg,pgen_seq12,1,1,1024,1030
PolypGen,/home/samsul/Documents/Polyp Detection/Polyp-Gen:/seq12/images/175.jpg,/home/samsul/Documents/Polyp Detection/Polyp-Gen:/seq12/masks/175.jpg,pgen_seq12,1,1,1024,1030
PolypGen,/home/samsul/Documents/Polyp Detection/Polyp-Gen:/seq12/images/125.jpg,/home/samsul/Documents/Polyp Detection/Polyp-Gen:/seq12/masks/125.jpg,pgen_seq12,1,1,1024,1030
PolypGen,/home/samsul/Documents/Polyp Detection/Polyp-Gen:/seq12/images/227.jpg,/home/samsul/Documents/Polyp Detection/Polyp-Gen:/seq12/masks/227.jpg,pgen_seq12,1,1,1024,1030
PolypGen,/home/samsul/Documents/Polyp Detection/Polyp-Gen:/seq12/images/47.jpg,/home/samsul/Documents/Polyp Detection/Polyp-Gen:/seq12/masks/47.jpg,pgen_seq12,1,1,1024,1030
PolypGen,/home/samsul/Documents/Polyp Detection/Polyp-Gen:/seq12/images/206.jpg,/home/samsul/Documents/Polyp Detection/Polyp-Gen:/seq12/masks/206.jpg,pgen_seq12,1,1,1024,1030
PolypGen,/home/samsul/Documents/Polyp Detection/Polyp-Gen:/seq12/images/157.jpg,/home/samsul/Documents/Polyp Detection/Polyp-Gen:/seq12/masks/157.jpg,pgen_seq12,1,1,1024,1030
PolypGen,/home/samsul/Documents/Polyp Detection/Polyp-Gen:/seq12/images/133.jpg,/home/samsul/Documents/Polyp Detection/Polyp-Gen:/seq12/masks/133.jpg,pgen_seq12,1,1,1024,1030
PolypGen,/home/samsul/Documents/Polyp Detection/Polyp-Gen:/seq12/images/233.jpg,/home/samsul/Documents/Polyp Detection/Polyp-Gen:/seq12/masks/233.jpg,pgen_seq12,1,1,1024,1030
PolypGen,/home/samsul/Documents/Polyp Detection/Polyp-Gen:/seq12/images/184.jpg,/home/samsul/Documents/Polyp Detection/Polyp-Gen:/seq12/masks/184.jpg,pgen_seq12,1,1,1024,1030
PolypGen,/home/samsul/Documents/Polyp Detection/Polyp-Gen:/seq12/images/13.jpg,/home/samsul/Documents/Polyp Detection/Polyp-Gen:/seq12/masks/13.jpg,pgen_seq12,1,1,1024,1030
PolypGen,/home/samsul/Documents/Polyp Detection/Polyp-Gen:/seq12/images/144.jpg,/home/samsul/Documents/Polyp Detection/Polyp-Gen:/seq12/masks/144.jpg,pgen_seq12,1,1,1024,1030
PolypGen,/home/samsul/Documents/Polyp Detection/Polyp-Gen:/seq12/images/53.jpg,/home/samsul/Documents/Polyp Detection/Polyp-Gen:/seq12/masks/53.jpg,pgen_seq12,1,1,1024,1030
PolypGen,/home/samsul/Documents/Polyp Detection/Polyp-Gen:/seq12/images/196.jpg,/home/samsul/Documents/Polyp Detection/Polyp-Gen:/seq12/masks/196.jpg,pgen_seq12,1,1,1024,1030
PolypGen,/home/samsul/Documents/Polyp Detection/Polyp-Gen:/seq12/images/16.jpg,/home/samsul/Documents/Polyp Detection/Polyp-Gen:/seq12/masks/16.jpg,pgen_seq12,1,1,1024,1030
PolypGen,/home/samsul/Documents/Polyp Detection/Polyp-Gen:/seq12/images/195.jpg,/home/samsul/Documents/Polyp Detection/Polyp-Gen:/seq12/masks/195.jpg,pgen_seq12,1,1,1024,1030
PolypGen,/home/samsul/Documents/Polyp Detection/Polyp-Gen:/seq12/images/42.jpg,/home/samsul/Documents/Polyp Detection/Polyp-Gen:/seq12/masks/42.jpg,pgen_seq12,1,1,1024,1030
PolypGen,/home/samsul/Documents/Polyp Detection/Polyp-Gen:/seq12/images/218.jpg,/home/samsul/Documents/Polyp Detection/Polyp-Gen:/seq12/masks/218.jpg,pgen_seq12,1,1,1024,1030
PolypGen,/home/samsul/Documents/Polyp Detection/Polyp-Gen:/seq12/images/114.jpg,/home/samsul/Documents/Polyp Detection/Polyp-Gen:/seq12/masks/114.jpg,pgen_seq12,1,1,1024,1030
PolypGen,/home/samsul/Documents/Polyp Detection/Polyp-Gen:/seq12/images/222.jpg,/home/samsul/Documents/Polyp Detection/Polyp-Gen:/seq12/masks/222.jpg,pgen_seq12,1,1,1024,1030
PolypGen,/home/samsul/Documents/Polyp Detection/Polyp-Gen:/seq12/images/38.jpg,/home/samsul/Documents/Polyp Detection/Polyp-Gen:/seq12/masks/38.jpg,pgen_seq12,1,1,1024,1030
PolypGen,/home/samsul/Documents/Polyp Detection/Polyp-Gen:/seq12/images/237.jpg,/home/samsul/Documents/Polyp Detection/Polyp-Gen:/seq12/masks/237.jpg,pgen_seq12,1,1,1024,1030
PolypGen,/home/samsul/Documents/Polyp Detection/Polyp-Gen:/seq12/images/15.jpg,/home/samsul/Documents/Polyp Detection/Polyp-Gen:/seq12/masks/15.jpg,pgen_seq12,1,1,1024,1030
PolypGen,/home/samsul/Documents/Polyp Detection/Polyp-Gen:/seq12/images/25.jpg,/home/samsul/Documents/Polyp Detection/Polyp-Gen:/seq12/masks/25.jpg,pgen_seq12,1,1,1024,1030
PolypGen,/home/samsul/Documents/Polyp Detection/Polyp-Gen:/seq12/images/152.jpg,/home/samsul/Documents/Polyp Detection/Polyp-Gen:/seq12/masks/152.jpg,pgen_seq12,1,1,1024,1030
PolypGen,/home/samsul/Documents/Polyp Detection/Polyp-Gen:/seq12/images/146.jpg,/home/samsul/Documents/Polyp Detection/Polyp-Gen:/seq12/masks/146.jpg,pgen_seq12,1,1,1024,1030
PolypGen,/home/samsul/Documents/Polyp Detection/Polyp-Gen:/seq12/images/96.jpg,/home/samsul/Documents/Polyp Detection/Polyp-Gen:/seq12/masks/96.jpg,pgen_seq12,1,1,1024,1030
PolypGen,/home/samsul/Documents/Polyp Detection/Polyp-Gen:/seq12/images/84.jpg,/home/samsul/Documents/Polyp Detection/Polyp-Gen:/seq12/masks/84.jpg,pgen_seq12,1,1,1024,1030
PolypGen,/home/samsul/Documents/Polyp Detection/Polyp-Gen:/seq12/images/212.jpg,/home/samsul/Documents/Polyp Detection/Polyp-Gen:/seq12/masks/212.jpg,pgen_seq12,1,1,1024,1030
PolypGen,/home/samsul/Documents/Polyp Detection/Polyp-Gen:/seq12/images/107.jpg,/home/samsul/Documents/Polyp Detection/Polyp-Gen:/seq12/masks/107.jpg,pgen_seq12,1,1,1024,1030
PolypGen,/home/samsul/Documents/Polyp Detection/Polyp-Gen:/seq12/images/246.jpg,/home/samsul/Documents/Polyp Detection/Polyp-Gen:/seq12/masks/246.jpg,pgen_seq12,1,1,1024,1030
PolypGen,/home/samsul/Documents/Polyp Detection/Polyp-Gen:/seq12/images/217.jpg,/home/samsul/Documents/Polyp Detection/Polyp-Gen:/seq12/masks/217.jpg,pgen_seq12,1,1,1024,1030
PolypGen,/home/samsul/Documents/Polyp Detection/Polyp-Gen:/seq12/images/134.jpg,/home/samsul/Documents/Polyp Detection/Polyp-Gen:/seq12/masks/134.jpg,pgen_seq12,1,1,1024,1030
PolypGen,/home/samsul/Documents/Polyp Detection/Polyp-Gen:/seq12/images/215.jpg,/home/samsul/Documents/Polyp Detection/Polyp-Gen:/seq12/masks/215.jpg,pgen_seq12,1,1,1024,1030
PolypGen,/home/samsul/Documents/Polyp Detection/Polyp-Gen:/seq12/images/97.jpg,/home/samsul/Documents/Polyp Detection/Polyp-Gen:/seq12/masks/97.jpg,pgen_seq12,1,1,1024,1030
PolypGen,/home/samsul/Documents/Polyp Detection/Polyp-Gen:/seq12/images/135.jpg,/home/samsul/Documents/Polyp Detection/Polyp-Gen:/seq12/masks/135.jpg,pgen_seq12,1,1,1024,1030
PolypGen,/home/samsul/Documents/Polyp Detection/Polyp-Gen:/seq12/images/102.jpg,/home/samsul/Documents/Polyp Detection/Polyp-Gen:/seq12/masks/102.jpg,pgen_seq12,1,1,1024,1030
PolypGen,/home/samsul/Documents/Polyp Detection/Polyp-Gen:/seq12/images/219.jpg,/home/samsul/Documents/Polyp Detection/Polyp-Gen:/seq12/masks/219.jpg,pgen_seq12,1,1,1024,1030
PolypGen,/home/samsul/Documents/Polyp Detection/Polyp-Gen:/seq12/images/168.jpg,/home/samsul/Documents/Polyp Detection/Polyp-Gen:/seq12/masks/168.jpg,pgen_seq12,1,1,1024,1030
PolypGen,/home/samsul/Documents/Polyp Detection/Polyp-Gen:/seq12/images/63.jpg,/home/samsul/Documents/Polyp Detection/Polyp-Gen:/seq12/masks/63.jpg,pgen_seq12,1,1,1024,1030
PolypGen,/home/samsul/Documents/Polyp Detection/Polyp-Gen:/seq12/images/228.jpg,/home/samsul/Documents/Polyp Detection/Polyp-Gen:/seq12/masks/228.jpg,pgen_seq12,1,1,1024,1030
PolypGen,/home/samsul/Documents/Polyp Detection/Polyp-Gen:/seq12/images/242.jpg,/home/samsul/Documents/Polyp Detection/Polyp-Gen:/seq12/masks/242.jpg,pgen_seq12,1,1,1024,1030
PolypGen,/home/samsul/Documents/Polyp Detection/Polyp-Gen:/seq12/images/56.jpg,/home/samsul/Documents/Polyp Detection/Polyp-Gen:/seq12/masks/56.jpg,pgen_seq12,1,1,1024,1030
PolypGen,/home/samsul/Documents/Polyp Detection/Polyp-Gen:/seq12/images/119.jpg,/home/samsul/Documents/Polyp Detection/Polyp-Gen:/seq12/masks/119.jpg,pgen_seq12,1,1,1024,1030
PolypGen,/home/samsul/Documents/Polyp Detection/Polyp-Gen:/seq12/images/201.jpg,/home/samsul/Documents/Polyp Detection/Polyp-Gen:/seq12/masks/201.jpg,pgen_seq12,1,1,1024,1030
PolypGen,/home/samsul/Documents/Polyp Detection/Polyp-Gen:/seq12/images/20.jpg,/home/samsul/Documents/Polyp Detection/Polyp-Gen:/seq12/masks/20.jpg,pgen_seq12,1,1,1024,1030
PolypGen,/home/samsul/Documents/Polyp Detection/Polyp-Gen:/seq12/images/46.jpg,/home/samsul/Documents/Polyp Detection/Polyp-Gen:/seq12/masks/46.jpg,pgen_seq12,1,1,1024,1030
PolypGen,/home/samsul/Documents/Polyp Detection/Polyp-Gen:/seq12/images/210.jpg,/home/samsul/Documents/Polyp Detection/Polyp-Gen:/seq12/masks/210.jpg,pgen_seq12,1,1,1024,1030
PolypGen,/home/samsul/Documents/Polyp Detection/Polyp-Gen:/seq12/images/122.jpg,/home/samsul/Documents/Polyp Detection/Polyp-Gen:/seq12/masks/122.jpg,pgen_seq12,1,1,1024,1030
PolypGen,/home/samsul/Documents/Polyp Detection/Polyp-Gen:/seq12/images/153.jpg,/home/samsul/Documents/Polyp Detection/Polyp-Gen:/seq12/masks/153.jpg,pgen_seq12,1,1,1024,1030
PolypGen,/home/samsul/Documents/Polyp Detection/Polyp-Gen:/seq12/images/127.jpg,/home/samsul/Documents/Polyp Detection/Polyp-Gen:/seq12/masks/127.jpg,pgen_seq12,1,1,1024,1030
PolypGen,/home/samsul/Documents/Polyp Detection/Polyp-Gen:/seq12/images/142.jpg,/home/samsul/Documents/Polyp Detection/Polyp-Gen:/seq12/masks/142.jpg,pgen_seq12,1,1,1024,1030
PolypGen,/home/samsul/Documents/Polyp Detection/Polyp-Gen:/seq12/images/202.jpg,/home/samsul/Documents/Polyp Detection/Polyp-Gen:/seq12/masks/202.jpg,pgen_seq12,1,1,1024,1030
PolypGen,/home/samsul/Documents/Polyp Detection/Polyp-Gen:/seq12/images/74.jpg,/home/samsul/Documents/Polyp Detection/Polyp-Gen:/seq12/masks/74.jpg,pgen_seq12,1,1,1024,1030
PolypGen,/home/samsul/Documents/Polyp Detection/Polyp-Gen:/seq12/images/136.jpg,/home/samsul/Documents/Polyp Detection/Polyp-Gen:/seq12/masks/136.jpg,pgen_seq12,1,1,1024,1030
PolypGen,/home/samsul/Documents/Polyp Detection/Polyp-Gen:/seq12/images/92.jpg,/home/samsul/Documents/Polyp Detection/Polyp-Gen:/seq12/masks/92.jpg,pgen_seq12,1,1,1024,1030
PolypGen,/home/samsul/Documents/Polyp Detection/Polyp-Gen:/seq12/images/185.jpg,/home/samsul/Documents/Polyp Detection/Polyp-Gen:/seq12/masks/185.jpg,pgen_seq12,1,1,1024,1030
PolypGen,/home/samsul/Documents/Polyp Detection/Polyp-Gen:/seq12/images/155.jpg,/home/samsul/Documents/Polyp Detection/Polyp-Gen:/seq12/masks/155.jpg,pgen_seq12,1,1,1024,1030
PolypGen,/home/samsul/Documents/Polyp Detection/Polyp-Gen:/seq12/images/7.jpg,/home/samsul/Documents/Polyp Detection/Polyp-Gen:/seq12/masks/7.jpg,pgen_seq12,1,1,1024,1030
PolypGen,/home/samsul/Documents/Polyp Detection/Polyp-Gen:/seq12/images/45.jpg,/home/samsul/Documents/Polyp Detection/Polyp-Gen:/seq12/masks/45.jpg,pgen_seq12,1,1,1024,1030
PolypGen,/home/samsul/Documents/Polyp Detection/Polyp-Gen:/seq12/images/128.jpg,/home/samsul/Documents/Polyp Detection/Polyp-Gen:/seq12/masks/128.jpg,pgen_seq12,1,1,1024,1030
PolypGen,/home/samsul/Documents/Polyp Detection/Polyp-Gen:/seq12/images/180.jpg,/home/samsul/Documents/Polyp Detection/Polyp-Gen:/seq12/masks/180.jpg,pgen_seq12,1,1,1024,1030
PolypGen,/home/samsul/Documents/Polyp Detection/Polyp-Gen:/seq12/images/73.jpg,/home/samsul/Documents/Polyp Detection/Polyp-Gen:/seq12/masks/73.jpg,pgen_seq12,1,1,1024,1030
PolypGen,/home/samsul/Documents/Polyp Detection/Polyp-Gen:/seq12/images/94.jpg,/home/samsul/Documents/Polyp Detection/Polyp-Gen:/seq12/masks/94.jpg,pgen_seq12,1,1,1024,1030
PolypGen,/home/samsul/Documents/Polyp Detection/Polyp-Gen:/seq12/images/132.jpg,/home/samsul/Documents/Polyp Detection/Polyp-Gen:/seq12/masks/132.jpg,pgen_seq12,1,1,1024,1030
PolypGen,/home/samsul/Documents/Polyp Detection/Polyp-Gen:/seq12/images/207.jpg,/home/samsul/Documents/Polyp Detection/Polyp-Gen:/seq12/masks/207.jpg,pgen_seq12,1,1,1024,1030
PolypGen,/home/samsul/Documents/Polyp Detection/Polyp-Gen:/seq12/images/151.jpg,/home/samsul/Documents/Polyp Detection/Polyp-Gen:/seq12/masks/151.jpg,pgen_seq12,1,1,1024,1030
PolypGen,/home/samsul/Documents/Polyp Detection/Polyp-Gen:/seq12/images/88.jpg,/home/samsul/Documents/Polyp Detection/Polyp-Gen:/seq12/masks/88.jpg,pgen_seq12,1,1,1024,1030
PolypGen,/home/samsul/Documents/Polyp Detection/Polyp-Gen:/seq12/images/65.jpg,/home/samsul/Documents/Polyp Detection/Polyp-Gen:/seq12/masks/65.jpg,pgen_seq12,1,1,1024,1030
PolypGen,/home/samsul/Documents/Polyp Detection/Polyp-Gen:/seq12/images/176.jpg,/home/samsul/Documents/Polyp Detection/Polyp-Gen:/seq12/masks/176.jpg,pgen_seq12,1,1,1024,1030
PolypGen,/home/samsul/Documents/Polyp Detection/Polyp-Gen:/seq12/images/161.jpg,/home/samsul/Documents/Polyp Detection/Polyp-Gen:/seq12/masks/161.jpg,pgen_seq12,1,1,1024,1030
PolypGen,/home/samsul/Documents/Polyp Detection/Polyp-Gen:/seq12/images/139.jpg,/home/samsul/Documents/Polyp Detection/Polyp-Gen:/seq12/masks/139.jpg,pgen_seq12,1,1,1024,1030
PolypGen,/home/samsul/Documents/Polyp Detection/Polyp-Gen:/seq12/images/77.jpg,/home/samsul/Documents/Polyp Detection/Polyp-Gen:/seq12/masks/77.jpg,pgen_seq12,1,1,1024,1030
PolypGen,/home/samsul/Documents/Polyp Detection/Polyp-Gen:/seq12/images/61.jpg,/home/samsul/Documents/Polyp Detection/Polyp-Gen:/seq12/masks/61.jpg,pgen_seq12,1,1,1024,1030
PolypGen,/home/samsul/Documents/Polyp Detection/Polyp-Gen:/seq12/images/149.jpg,/home/samsul/Documents/Polyp Detection/Polyp-Gen:/seq12/masks/149.jpg,pgen_seq12,1,1,1024,1030
PolypGen,/home/samsul/Documents/Polyp Detection/Polyp-Gen:/seq12/images/240.jpg,/home/samsul/Documents/Polyp Detection/Polyp-Gen:/seq12/masks/240.jpg,pgen_seq12,1,1,1024,1030
PolypGen,/home/samsul/Documents/Polyp Detection/Polyp-Gen:/seq12/images/224.jpg,/home/samsul/Documents/Polyp Detection/Polyp-Gen:/seq12/masks/224.jpg,pgen_seq12,1,1,1024,1030
PolypGen,/home/samsul/Documents/Polyp Detection/Polyp-Gen:/seq12/images/239.jpg,/home/samsul/Documents/Polyp Detection/Polyp-Gen:/seq12/masks/239.jpg,pgen_seq12,1,1,1024,1030
PolypGen,/home/samsul/Documents/Polyp Detection/Polyp-Gen:/seq12/images/130.jpg,/home/samsul/Documents/Polyp Detection/Polyp-Gen:/seq12/masks/130.jpg,pgen_seq12,1,1,1024,1030
PolypGen,/home/samsul/Documents/Polyp Detection/Polyp-Gen:/seq12/images/24.jpg,/home/samsul/Documents/Polyp Detection/Polyp-Gen:/seq12/masks/24.jpg,pgen_seq12,1,1,1024,1030
PolypGen,/home/samsul/Documents/Polyp Detection/Polyp-Gen:/seq12/images/203.jpg,/home/samsul/Documents/Polyp Detection/Polyp-Gen:/seq12/masks/203.jpg,pgen_seq12,1,1,1024,1030
PolypGen,/home/samsul/Documents/Polyp Detection/Polyp-Gen:/seq12/images/160.jpg,/home/samsul/Documents/Polyp Detection/Polyp-Gen:/seq12/masks/160.jpg,pgen_seq12,1,1,1024,1030
PolypGen,/home/samsul/Documents/Polyp Detection/Polyp-Gen:/seq12/images/243.jpg,/home/samsul/Documents/Polyp Detection/Polyp-Gen:/seq12/masks/243.jpg,pgen_seq12,1,1,1024,1030
PolypGen,/home/samsul/Documents/Polyp Detection/Polyp-Gen:/seq12/images/30.jpg,/home/samsul/Documents/Polyp Detection/Polyp-Gen:/seq12/masks/30.jpg,pgen_seq12,1,1,1024,1030
PolypGen,/home/samsul/Documents/Polyp Detection/Polyp-Gen:/seq12/images/187.jpg,/home/samsul/Documents/Polyp Detection/Polyp-Gen:/seq12/masks/187.jpg,pgen_seq12,1,1,1024,1030
PolypGen,/home/samsul/Documents/Polyp Detection/Polyp-Gen:/seq12/images/231.jpg,/home/samsul/Documents/Polyp Detection/Polyp-Gen:/seq12/masks/231.jpg,pgen_seq12,1,1,1024,1030
PolypGen,/home/samsul/Documents/Polyp Detection/Polyp-Gen:/seq12/images/181.jpg,/home/samsul/Documents/Polyp Detection/Polyp-Gen:/seq12/masks/181.jpg,pgen_seq12,1,1,1024,1030
PolypGen,/home/samsul/Documents/Polyp Detection/Polyp-Gen:/seq12/images/138.jpg,/home/samsul/Documents/Polyp Detection/Polyp-Gen:/seq12/masks/138.jpg,pgen_seq12,1,1,1024,1030
PolypGen,/home/samsul/Documents/Polyp Detection/Polyp-Gen:/seq12/images/2.jpg,/home/samsul/Documents/Polyp Detection/Polyp-Gen:/seq12/masks/2.jpg,pgen_seq12,1,1,1024,1030
PolypGen,/home/samsul/Documents/Polyp Detection/Polyp-Gen:/seq12/images/59.jpg,/home/samsul/Documents/Polyp Detection/Polyp-Gen:/seq12/masks/59.jpg,pgen_seq12,1,1,1024,1030
PolypGen,/home/samsul/Documents/Polyp Detection/Polyp-Gen:/seq12/images/214.jpg,/home/samsul/Documents/Polyp Detection/Polyp-Gen:/seq12/masks/214.jpg,pgen_seq12,1,1,1024,1030
PolypGen,/home/samsul/Documents/Polyp Detection/Polyp-Gen:/seq12/images/230.jpg,/home/samsul/Documents/Polyp Detection/Polyp-Gen:/seq12/masks/230.jpg,pgen_seq12,1,1,1024,1030
PolypGen,/home/samsul/Documents/Polyp Detection/Polyp-Gen:/seq12/images/137.jpg,/home/samsul/Documents/Polyp Detection/Polyp-Gen:/seq12/masks/137.jpg,pgen_seq12,2,1,1024,1030
PolypGen,/home/samsul/Documents/Polyp Detection/Polyp-Gen:/seq13/images/75.jpg,/home/samsul/Documents/Polyp Detection/Polyp-Gen:/seq13/masks/75.jpg,pgen_seq13,1,1,1064,1440
PolypGen,/home/samsul/Documents/Polyp Detection/Polyp-Gen:/seq13/images/211.jpg,/home/samsul/Documents/Polyp Detection/Polyp-Gen:/seq13/masks/211.jpg,pgen_seq13,1,1,1064,1440
PolypGen,/home/samsul/Documents/Polyp Detection/Polyp-Gen:/seq13/images/174.jpg,/home/samsul/Documents/Polyp Detection/Polyp-Gen:/seq13/masks/174.jpg,pgen_seq13,0,0,1064,1440
PolypGen,/home/samsul/Documents/Polyp Detection/Polyp-Gen:/seq13/images/71.jpg,/home/samsul/Documents/Polyp Detection/Polyp-Gen:/seq13/masks/71.jpg,pgen_seq13,1,1,1064,1440
PolypGen,/home/samsul/Documents/Polyp Detection/Polyp-Gen:/seq13/images/198.jpg,/home/samsul/Documents/Polyp Detection/Polyp-Gen:/seq13/masks/198.jpg,pgen_seq13,1,1,1064,1440
PolypGen,/home/samsul/Documents/Polyp Detection/Polyp-Gen:/seq13/images/234.jpg,/home/samsul/Documents/Polyp Detection/Polyp-Gen:/seq13/masks/234.jpg,pgen_seq13,1,1,1064,1440
PolypGen,/home/samsul/Documents/Polyp Detection/Polyp-Gen:/seq13/images/241.jpg,/home/samsul/Documents/Polyp Detection/Polyp-Gen:/seq13/masks/241.jpg,pgen_seq13,1,1,1064,1440
PolypGen,/home/samsul/Documents/Polyp Detection/Polyp-Gen:/seq13/images/150.jpg,/home/samsul/Documents/Polyp Detection/Polyp-Gen:/seq13/masks/150.jpg,pgen_seq13,1,1,1064,1440
PolypGen,/home/samsul/Documents/Polyp Detection/Polyp-Gen:/seq13/images/204.jpg,/home/samsul/Documents/Polyp Detection/Polyp-Gen:/seq13/masks/204.jpg,pgen_seq13,1,1,1064,1440
PolypGen,/home/samsul/Documents/Polyp Detection/Polyp-Gen:/seq13/images/116.jpg,/home/samsul/Documents/Polyp Detection/Polyp-Gen:/seq13/masks/116.jpg,pgen_seq13,1,1,1064,1440
PolypGen,/home/samsul/Documents/Polyp Detection/Polyp-Gen:/seq13/images/166.jpg,/home/samsul/Documents/Polyp Detection/Polyp-Gen:/seq13/masks/166.jpg,pgen_seq13,1,1,1064,1440
PolypGen,/home/samsul/Documents/Polyp Detection/Polyp-Gen:/seq13/images/232.jpg,/home/samsul/Documents/Polyp Detection/Polyp-Gen:/seq13/masks/232.jpg,pgen_seq13,1,1,1064,1440
PolypGen,/home/samsul/Documents/Polyp Detection/Polyp-Gen:/seq13/images/93.jpg,/home/samsul/Documents/Polyp Detection/Polyp-Gen:/seq13/masks/93.jpg,pgen_seq13,1,1,1064,1440
PolypGen,/home/samsul/Documents/Polyp Detection/Polyp-Gen:/seq13/images/76.jpg,/home/samsul/Documents/Polyp Detection/Polyp-Gen:/seq13/masks/76.jpg,pgen_seq13,0,0,1064,1440
PolypGen,/home/samsul/Documents/Polyp Detection/Polyp-Gen:/seq13/images/200.jpg,/home/samsul/Documents/Polyp Detection/Polyp-Gen:/seq13/masks/200.jpg,pgen_seq13,1,1,1064,1440
PolypGen,/home/samsul/Documents/Polyp Detection/Polyp-Gen:/seq13/images/18.jpg,/home/samsul/Documents/Polyp Detection/Polyp-Gen:/seq13/masks/18.jpg,pgen_seq13,2,1,1064,1440
PolypGen,/home/samsul/Documents/Polyp Detection/Polyp-Gen:/seq13/images/192.jpg,/home/samsul/Documents/Polyp Detection/Polyp-Gen:/seq13/masks/192.jpg,pgen_seq13,1,1,1064,1440
PolypGen,/home/samsul/Documents/Polyp Detection/Polyp-Gen:/seq13/images/111.jpg,/home/samsul/Documents/Polyp Detection/Polyp-Gen:/seq13/masks/111.jpg,pgen_seq13,1,1,1064,1440
PolypGen,/home/samsul/Documents/Polyp Detection/Polyp-Gen:/seq13/images/3.jpg,/home/samsul/Documents/Polyp Detection/Polyp-Gen:/seq13/masks/3.jpg,pgen_seq13,3,1,1064,1440
PolypGen,/home/samsul/Documents/Polyp Detection/Polyp-Gen:/seq13/images/49.jpg,/home/samsul/Documents/Polyp Detection/Polyp-Gen:/seq13/masks/49.jpg,pgen_seq13,1,1,1064,1440
PolypGen,/home/samsul/Documents/Polyp Detection/Polyp-Gen:/seq13/images/40.jpg,/home/samsul/Documents/Polyp Detection/Polyp-Gen:/seq13/masks/40.jpg,pgen_seq13,0,0,1064,1440
PolypGen,/home/samsul/Documents/Polyp Detection/Polyp-Gen:/seq13/images/68.jpg,/home/samsul/Documents/Polyp Detection/Polyp-Gen:/seq13/masks/68.jpg,pgen_seq13,1,1,1064,1440
PolypGen,/home/samsul/Documents/Polyp Detection/Polyp-Gen:/seq13/images/197.jpg,/home/samsul/Documents/Polyp Detection/Polyp-Gen:/seq13/masks/197.jpg,pgen_seq13,1,1,1064,1440
PolypGen,/home/samsul/Documents/Polyp Detection/Polyp-Gen:/seq13/images/235.jpg,/home/samsul/Documents/Polyp Detection/Polyp-Gen:/seq13/masks/235.jpg,pgen_seq13,1,1,1064,1440
PolypGen,/home/samsul/Documents/Polyp Detection/Polyp-Gen:/seq13/images/57.jpg,/home/samsul/Documents/Polyp Detection/Polyp-Gen:/seq13/masks/57.jpg,pgen_seq13,1,1,1064,1440
PolypGen,/home/samsul/Documents/Polyp Detection/Polyp-Gen:/seq13/images/123.jpg,/home/samsul/Documents/Polyp Detection/Polyp-Gen:/seq13/masks/123.jpg,pgen_seq13,1,1,1064,1440
PolypGen,/home/samsul/Documents/Polyp Detection/Polyp-Gen:/seq13/images/220.jpg,/home/samsul/Documents/Polyp Detection/Polyp-Gen:/seq13/masks/220.jpg,pgen_seq13,1,1,1064,1440
PolypGen,/home/samsul/Documents/Polyp Detection/Polyp-Gen:/seq13/images/167.jpg,/home/samsul/Documents/Polyp Detection/Polyp-Gen:/seq13/masks/167.jpg,pgen_seq13,1,1,1064,1440
PolypGen,/home/samsul/Documents/Polyp Detection/Polyp-Gen:/seq13/images/81.jpg,/home/samsul/Documents/Polyp Detection/Polyp-Gen:/seq13/masks/81.jpg,pgen_seq13,0,0,1064,1440
PolypGen,/home/samsul/Documents/Polyp Detection/Polyp-Gen:/seq13/images/101.jpg,/home/samsul/Documents/Polyp Detection/Polyp-Gen:/seq13/masks/101.jpg,pgen_seq13,1,1,1064,1440
PolypGen,/home/samsul/Documents/Polyp Detection/Polyp-Gen:/seq13/images/159.jpg,/home/samsul/Documents/Polyp Detection/Polyp-Gen:/seq13/masks/159.jpg,pgen_seq13,1,1,1064,1440
PolypGen,/home/samsul/Documents/Polyp Detection/Polyp-Gen:/seq13/images/104.jpg,/home/samsul/Documents/Polyp Detection/Polyp-Gen:/seq13/masks/104.jpg,pgen_seq13,1,1,1064,1440
PolypGen,/home/samsul/Documents/Polyp Detection/Polyp-Gen:/seq13/images/247.jpg,/home/samsul/Documents/Polyp Detection/Polyp-Gen:/seq13/masks/247.jpg,pgen_seq13,1,1,1064,1440
PolypGen,/home/samsul/Documents/Polyp Detection/Polyp-Gen:/seq13/images/11.jpg,/home/samsul/Documents/Polyp Detection/Polyp-Gen:/seq13/masks/11.jpg,pgen_seq13,2,1,1064,1440
PolypGen,/home/samsul/Documents/Polyp Detection/Polyp-Gen:/seq13/images/29.jpg,/home/samsul/Documents/Polyp Detection/Polyp-Gen:/seq13/masks/29.jpg,pgen_seq13,0,0,1064,1440
PolypGen,/home/samsul/Documents/Polyp Detection/Polyp-Gen:/seq13/images/156.jpg,/home/samsul/Documents/Polyp Detection/Polyp-Gen:/seq13/masks/156.jpg,pgen_seq13,1,1,1064,1440
PolypGen,/home/samsul/Documents/Polyp Detection/Polyp-Gen:/seq13/images/85.jpg,/home/samsul/Documents/Polyp Detection/Polyp-Gen:/seq13/masks/85.jpg,pgen_seq13,0,0,1064,1440
PolypGen,/home/samsul/Documents/Polyp Detection/Polyp-Gen:/seq13/images/145.jpg,/home/samsul/Documents/Polyp Detection/Polyp-Gen:/seq13/masks/145.jpg,pgen_seq13,1,1,1064,1440
PolypGen,/home/samsul/Documents/Polyp Detection/Polyp-Gen:/seq13/images/54.jpg,/home/samsul/Documents/Polyp Detection/Polyp-Gen:/seq13/masks/54.jpg,pgen_seq13,1,1,1064,1440
PolypGen,/home/samsul/Documents/Polyp Detection/Polyp-Gen:/seq13/images/51.jpg,/home/samsul/Documents/Polyp Detection/Polyp-Gen:/seq13/masks/51.jpg,pgen_seq13,1,1,1064,1440
PolypGen,/home/samsul/Documents/Polyp Detection/Polyp-Gen:/seq13/images/209.jpg,/home/samsul/Documents/Polyp Detection/Polyp-Gen:/seq13/masks/209.jpg,pgen_seq13,1,1,1064,1440
PolypGen,/home/samsul/Documents/Polyp Detection/Polyp-Gen:/seq13/images/6.jpg,/home/samsul/Documents/Polyp Detection/Polyp-Gen:/seq13/masks/6.jpg,pgen_seq13,0,0,1064,1440
PolypGen,/home/samsul/Documents/Polyp Detection/Polyp-Gen:/seq13/images/58.jpg,/home/samsul/Documents/Polyp Detection/Polyp-Gen:/seq13/masks/58.jpg,pgen_seq13,1,1,1064,1440
PolypGen,/home/samsul/Documents/Polyp Detection/Polyp-Gen:/seq13/images/121.jpg,/home/samsul/Documents/Polyp Detection/Polyp-Gen:/seq13/masks/121.jpg,pgen_seq13,1,1,1064,1440
PolypGen,/home/samsul/Documents/Polyp Detection/Polyp-Gen:/seq13/images/238.jpg,/home/samsul/Documents/Polyp Detection/Polyp-Gen:/seq13/masks/238.jpg,pgen_seq13,1,1,1064,1440
PolypGen,/home/samsul/Documents/Polyp Detection/Polyp-Gen:/seq13/images/66.jpg,/home/samsul/Documents/Polyp Detection/Polyp-Gen:/seq13/masks/66.jpg,pgen_seq13,0,0,1064,1440
PolypGen,/home/samsul/Documents/Polyp Detection/Polyp-Gen:/seq13/images/10.jpg,/home/samsul/Documents/Polyp Detection/Polyp-Gen:/seq13/masks/10.jpg,pgen_seq13,4,1,1064,1440
PolypGen,/home/samsul/Documents/Polyp Detection/Polyp-Gen:/seq13/images/118.jpg,/home/samsul/Documents/Polyp Detection/Polyp-Gen:/seq13/masks/118.jpg,pgen_seq13,1,1,1064,1440
PolypGen,/home/samsul/Documents/Polyp Detection/Polyp-Gen:/seq13/images/34.jpg,/home/samsul/Documents/Polyp Detection/Polyp-Gen:/seq13/masks/34.jpg,pgen_seq13,0,0,1064,1440
PolypGen,/home/samsul/Documents/Polyp Detection/Polyp-Gen:/seq13/images/37.jpg,/home/samsul/Documents/Polyp Detection/Polyp-Gen:/seq13/masks/37.jpg,pgen_seq13,0,0,1064,1440
PolypGen,/home/samsul/Documents/Polyp Detection/Polyp-Gen:/seq13/images/110.jpg,/home/samsul/Documents/Polyp Detection/Polyp-Gen:/seq13/masks/110.jpg,pgen_seq13,1,1,1064,1440
PolypGen,/home/samsul/Documents/Polyp Detection/Polyp-Gen:/seq13/images/115.jpg,/home/samsul/Documents/Polyp Detection/Polyp-Gen:/seq13/masks/115.jpg,pgen_seq13,1,1,1064,1440
PolypGen,/home/samsul/Documents/Polyp Detection/Polyp-Gen:/seq13/images/67.jpg,/home/samsul/Documents/Polyp Detection/Polyp-Gen:/seq13/masks/67.jpg,pgen_seq13,1,1,1064,1440
PolypGen,/home/samsul/Documents/Polyp Detection/Polyp-Gen:/seq13/images/27.jpg,/home/samsul/Documents/Polyp Detection/Polyp-Gen:/seq13/masks/27.jpg,pgen_seq13,0,0,1064,1440
PolypGen,/home/samsul/Documents/Polyp Detection/Polyp-Gen:/seq13/images/182.jpg,/home/samsul/Documents/Polyp Detection/Polyp-Gen:/seq13/masks/182.jpg,pgen_seq13,1,1,1064,1440
PolypGen,/home/samsul/Documents/Polyp Detection/Polyp-Gen:/seq13/images/126.jpg,/home/samsul/Documents/Polyp Detection/Polyp-Gen:/seq13/masks/126.jpg,pgen_seq13,1,1,1064,1440
PolypGen,/home/samsul/Documents/Polyp Detection/Polyp-Gen:/seq13/images/82.jpg,/home/samsul/Documents/Polyp Detection/Polyp-Gen:/seq13/masks/82.jpg,pgen_seq13,0,0,1064,1440
PolypGen,/home/samsul/Documents/Polyp Detection/Polyp-Gen:/seq13/images/78.jpg,/home/samsul/Documents/Polyp Detection/Polyp-Gen:/seq13/masks/78.jpg,pgen_seq13,0,0,1064,1440
PolypGen,/home/samsul/Documents/Polyp Detection/Polyp-Gen:/seq13/images/162.jpg,/home/samsul/Documents/Polyp Detection/Polyp-Gen:/seq13/masks/162.jpg,pgen_seq13,1,1,1064,1440
PolypGen,/home/samsul/Documents/Polyp Detection/Polyp-Gen:/seq13/images/62.jpg,/home/samsul/Documents/Polyp Detection/Polyp-Gen:/seq13/masks/62.jpg,pgen_seq13,1,1,1064,1440
PolypGen,/home/samsul/Documents/Polyp Detection/Polyp-Gen:/seq13/images/39.jpg,/home/samsul/Documents/Polyp Detection/Polyp-Gen:/seq13/masks/39.jpg,pgen_seq13,0,0,1064,1440
PolypGen,/home/samsul/Documents/Polyp Detection/Polyp-Gen:/seq13/images/244.jpg,/home/samsul/Documents/Polyp Detection/Polyp-Gen:/seq13/masks/244.jpg,pgen_seq13,1,1,1064,1440
PolypGen,/home/samsul/Documents/Polyp Detection/Polyp-Gen:/seq13/images/120.jpg,/home/samsul/Documents/Polyp Detection/Polyp-Gen:/seq13/masks/120.jpg,pgen_seq13,1,1,1064,1440
PolypGen,/home/samsul/Documents/Polyp Detection/Polyp-Gen:/seq13/images/179.jpg,/home/samsul/Documents/Polyp Detection/Polyp-Gen:/seq13/masks/179.jpg,pgen_seq13,1,1,1064,1440
PolypGen,/home/samsul/Documents/Polyp Detection/Polyp-Gen:/seq13/images/154.jpg,/home/samsul/Documents/Polyp Detection/Polyp-Gen:/seq13/masks/154.jpg,pgen_seq13,1,1,1064,1440
PolypGen,/home/samsul/Documents/Polyp Detection/Polyp-Gen:/seq13/images/89.jpg,/home/samsul/Documents/Polyp Detection/Polyp-Gen:/seq13/masks/89.jpg,pgen_seq13,0,0,1064,1440
PolypGen,/home/samsul/Documents/Polyp Detection/Polyp-Gen:/seq13/images/99.jpg,/home/samsul/Documents/Polyp Detection/Polyp-Gen:/seq13/masks/99.jpg,pgen_seq13,1,1,1064,1440
PolypGen,/home/samsul/Documents/Polyp Detection/Polyp-Gen:/seq13/images/131.jpg,/home/samsul/Documents/Polyp Detection/Polyp-Gen:/seq13/masks/131.jpg,pgen_seq13,1,1,1064,1440
PolypGen,/home/samsul/Documents/Polyp Detection/Polyp-Gen:/seq13/images/190.jpg,/home/samsul/Documents/Polyp Detection/Polyp-Gen:/seq13/masks/190.jpg,pgen_seq13,1,1,1064,1440
PolypGen,/home/samsul/Documents/Polyp Detection/Polyp-Gen:/seq13/images/105.jpg,/home/samsul/Documents/Polyp Detection/Polyp-Gen:/seq13/masks/105.jpg,pgen_seq13,1,1,1064,1440
PolypGen,/home/samsul/Documents/Polyp Detection/Polyp-Gen:/seq13/images/191.jpg,/home/samsul/Documents/Polyp Detection/Polyp-Gen:/seq13/masks/191.jpg,pgen_seq13,1,1,1064,1440
PolypGen,/home/samsul/Documents/Polyp Detection/Polyp-Gen:/seq13/images/112.jpg,/home/samsul/Documents/Polyp Detection/Polyp-Gen:/seq13/masks/112.jpg,pgen_seq13,1,1,1064,1440
PolypGen,/home/samsul/Documents/Polyp Detection/Polyp-Gen:/seq13/images/236.jpg,/home/samsul/Documents/Polyp Detection/Polyp-Gen:/seq13/masks/236.jpg,pgen_seq13,1,1,1064,1440
PolypGen,/home/samsul/Documents/Polyp Detection/Polyp-Gen:/seq13/images/170.jpg,/home/samsul/Documents/Polyp Detection/Polyp-Gen:/seq13/masks/170.jpg,pgen_seq13,0,0,1064,1440
PolypGen,/home/samsul/Documents/Polyp Detection/Polyp-Gen:/seq13/images/169.jpg,/home/samsul/Documents/Polyp Detection/Polyp-Gen:/seq13/masks/169.jpg,pgen_seq13,1,1,1064,1440
PolypGen,/home/samsul/Documents/Polyp Detection/Polyp-Gen:/seq13/images/86.jpg,/home/samsul/Documents/Polyp Detection/Polyp-Gen:/seq13/masks/86.jpg,pgen_seq13,0,0,1064,1440
PolypGen,/home/samsul/Documents/Polyp Detection/Polyp-Gen:/seq13/images/177.jpg,/home/samsul/Documents/Polyp Detection/Polyp-Gen:/seq13/masks/177.jpg,pgen_seq13,1,1,1064,1440
PolypGen,/home/samsul/Documents/Polyp Detection/Polyp-Gen:/seq13/images/31.jpg,/home/samsul/Documents/Polyp Detection/Polyp-Gen:/seq13/masks/31.jpg,pgen_seq13,0,0,1064,1440
PolypGen,/home/samsul/Documents/Polyp Detection/Polyp-Gen:/seq13/images/8.jpg,/home/samsul/Documents/Polyp Detection/Polyp-Gen:/seq13/masks/8.jpg,pgen_seq13,0,0,1064,1440
PolypGen,/home/samsul/Documents/Polyp Detection/Polyp-Gen:/seq13/images/164.jpg,/home/samsul/Documents/Polyp Detection/Polyp-Gen:/seq13/masks/164.jpg,pgen_seq13,1,1,1064,1440
PolypGen,/home/samsul/Documents/Polyp Detection/Polyp-Gen:/seq13/images/98.jpg,/home/samsul/Documents/Polyp Detection/Polyp-Gen:/seq13/masks/98.jpg,pgen_seq13,0,0,1064,1440
PolypGen,/home/samsul/Documents/Polyp Detection/Polyp-Gen:/seq13/images/103.jpg,/home/samsul/Documents/Polyp Detection/Polyp-Gen:/seq13/masks/103.jpg,pgen_seq13,1,1,1064,1440
PolypGen,/home/samsul/Documents/Polyp Detection/Polyp-Gen:/seq13/images/41.jpg,/home/samsul/Documents/Polyp Detection/Polyp-Gen:/seq13/masks/41.jpg,pgen_seq13,0,0,1064,1440
PolypGen,/home/samsul/Documents/Polyp Detection/Polyp-Gen:/seq13/images/109.jpg,/home/samsul/Documents/Polyp Detection/Polyp-Gen:/seq13/masks/109.jpg,pgen_seq13,1,1,1064,1440
PolypGen,/home/samsul/Documents/Polyp Detection/Polyp-Gen:/seq13/images/83.jpg,/home/samsul/Documents/Polyp Detection/Polyp-Gen:/seq13/masks/83.jpg,pgen_seq13,0,0,1064,1440
PolypGen,/home/samsul/Documents/Polyp Detection/Polyp-Gen:/seq13/images/165.jpg,/home/samsul/Documents/Polyp Detection/Polyp-Gen:/seq13/masks/165.jpg,pgen_seq13,1,1,1064,1440
PolypGen,/home/samsul/Documents/Polyp Detection/Polyp-Gen:/seq13/images/173.jpg,/home/samsul/Documents/Polyp Detection/Polyp-Gen:/seq13/masks/173.jpg,pgen_seq13,0,0,1064,1440
PolypGen,/home/samsul/Documents/Polyp Detection/Polyp-Gen:/seq13/images/172.jpg,/home/samsul/Documents/Polyp Detection/Polyp-Gen:/seq13/masks/172.jpg,pgen_seq13,1,1,1064,1440
PolypGen,/home/samsul/Documents/Polyp Detection/Polyp-Gen:/seq13/images/79.jpg,/home/samsul/Documents/Polyp Detection/Polyp-Gen:/seq13/masks/79.jpg,pgen_seq13,0,0,1064,1440
PolypGen,/home/samsul/Documents/Polyp Detection/Polyp-Gen:/seq13/images/193.jpg,/home/samsul/Documents/Polyp Detection/Polyp-Gen:/seq13/masks/193.jpg,pgen_seq13,1,1,1064,1440
PolypGen,/home/samsul/Documents/Polyp Detection/Polyp-Gen:/seq13/images/188.jpg,/home/samsul/Documents/Polyp Detection/Polyp-Gen:/seq13/masks/188.jpg,pgen_seq13,1,1,1064,1440
PolypGen,/home/samsul/Documents/Polyp Detection/Polyp-Gen:/seq13/images/158.jpg,/home/samsul/Documents/Polyp Detection/Polyp-Gen:/seq13/masks/158.jpg,pgen_seq13,1,1,1064,1440
PolypGen,/home/samsul/Documents/Polyp Detection/Polyp-Gen:/seq13/images/50.jpg,/home/samsul/Documents/Polyp Detection/Polyp-Gen:/seq13/masks/50.jpg,pgen_seq13,1,1,1064,1440
PolypGen,/home/samsul/Documents/Polyp Detection/Polyp-Gen:/seq13/images/1.jpg,/home/samsul/Documents/Polyp Detection/Polyp-Gen:/seq13/masks/1.jpg,pgen_seq13,3,1,1064,1440
PolypGen,/home/samsul/Documents/Polyp Detection/Polyp-Gen:/seq13/images/186.jpg,/home/samsul/Documents/Polyp Detection/Polyp-Gen:/seq13/masks/186.jpg,pgen_seq13,1,1,1064,1440
PolypGen,/home/samsul/Documents/Polyp Detection/Polyp-Gen:/seq13/images/52.jpg,/home/samsul/Documents/Polyp Detection/Polyp-Gen:/seq13/masks/52.jpg,pgen_seq13,1,1,1064,1440
PolypGen,/home/samsul/Documents/Polyp Detection/Polyp-Gen:/seq13/images/95.jpg,/home/samsul/Documents/Polyp Detection/Polyp-Gen:/seq13/masks/95.jpg,pgen_seq13,1,1,1064,1440
PolypGen,/home/samsul/Documents/Polyp Detection/Polyp-Gen:/seq13/images/19.jpg,/home/samsul/Documents/Polyp Detection/Polyp-Gen:/seq13/masks/19.jpg,pgen_seq13,3,1,1064,1440
PolypGen,/home/samsul/Documents/Polyp Detection/Polyp-Gen:/seq13/images/171.jpg,/home/samsul/Documents/Polyp Detection/Polyp-Gen:/seq13/masks/171.jpg,pgen_seq13,0,0,1064,1440
PolypGen,/home/samsul/Documents/Polyp Detection/Polyp-Gen:/seq13/images/60.jpg,/home/samsul/Documents/Polyp Detection/Polyp-Gen:/seq13/masks/60.jpg,pgen_seq13,1,1,1064,1440
PolypGen,/home/samsul/Documents/Polyp Detection/Polyp-Gen:/seq13/images/124.jpg,/home/samsul/Documents/Polyp Detection/Polyp-Gen:/seq13/masks/124.jpg,pgen_seq13,1,1,1064,1440
PolypGen,/home/samsul/Documents/Polyp Detection/Polyp-Gen:/seq13/images/189.jpg,/home/samsul/Documents/Polyp Detection/Polyp-Gen:/seq13/masks/189.jpg,pgen_seq13,1,1,1064,1440
PolypGen,/home/samsul/Documents/Polyp Detection/Polyp-Gen:/seq13/images/69.jpg,/home/samsul/Documents/Polyp Detection/Polyp-Gen:/seq13/masks/69.jpg,pgen_seq13,1,1,1064,1440
PolypGen,/home/samsul/Documents/Polyp Detection/Polyp-Gen:/seq13/images/163.jpg,/home/samsul/Documents/Polyp Detection/Polyp-Gen:/seq13/masks/163.jpg,pgen_seq13,1,1,1064,1440
PolypGen,/home/samsul/Documents/Polyp Detection/Polyp-Gen:/seq13/images/225.jpg,/home/samsul/Documents/Polyp Detection/Polyp-Gen:/seq13/masks/225.jpg,pgen_seq13,1,1,1064,1440
PolypGen,/home/samsul/Documents/Polyp Detection/Polyp-Gen:/seq13/images/14.jpg,/home/samsul/Documents/Polyp Detection/Polyp-Gen:/seq13/masks/14.jpg,pgen_seq13,2,1,1064,1440
PolypGen,/home/samsul/Documents/Polyp Detection/Polyp-Gen:/seq13/images/91.jpg,/home/samsul/Documents/Polyp Detection/Polyp-Gen:/seq13/masks/91.jpg,pgen_seq13,1,1,1064,1440
PolypGen,/home/samsul/Documents/Polyp Detection/Polyp-Gen:/seq13/images/249.jpg,/home/samsul/Documents/Polyp Detection/Polyp-Gen:/seq13/masks/249.jpg,pgen_seq13,1,1,1064,1440
PolypGen,/home/samsul/Documents/Polyp Detection/Polyp-Gen:/seq13/images/70.jpg,/home/samsul/Documents/Polyp Detection/Polyp-Gen:/seq13/masks/70.jpg,pgen_seq13,1,1,1064,1440
PolypGen,/home/samsul/Documents/Polyp Detection/Polyp-Gen:/seq13/images/117.jpg,/home/samsul/Documents/Polyp Detection/Polyp-Gen:/seq13/masks/117.jpg,pgen_seq13,1,1,1064,1440
PolypGen,/home/samsul/Documents/Polyp Detection/Polyp-Gen:/seq13/images/23.jpg,/home/samsul/Documents/Polyp Detection/Polyp-Gen:/seq13/masks/23.jpg,pgen_seq13,1,1,1064,1440
PolypGen,/home/samsul/Documents/Polyp Detection/Polyp-Gen:/seq13/images/199.jpg,/home/samsul/Documents/Polyp Detection/Polyp-Gen:/seq13/masks/199.jpg,pgen_seq13,1,1,1064,1440
PolypGen,/home/samsul/Documents/Polyp Detection/Polyp-Gen:/seq13/images/205.jpg,/home/samsul/Documents/Polyp Detection/Polyp-Gen:/seq13/masks/205.jpg,pgen_seq13,1,1,1064,1440
PolypGen,/home/samsul/Documents/Polyp Detection/Polyp-Gen:/seq13/images/64.jpg,/home/samsul/Documents/Polyp Detection/Polyp-Gen:/seq13/masks/64.jpg,pgen_seq13,1,1,1064,1440
PolypGen,/home/samsul/Documents/Polyp Detection/Polyp-Gen:/seq13/images/28.jpg,/home/samsul/Documents/Polyp Detection/Polyp-Gen:/seq13/masks/28.jpg,pgen_seq13,0,0,1064,1440
PolypGen,/home/samsul/Documents/Polyp Detection/Polyp-Gen:/seq13/images/17.jpg,/home/samsul/Documents/Polyp Detection/Polyp-Gen:/seq13/masks/17.jpg,pgen_seq13,0,0,1064,1440
PolypGen,/home/samsul/Documents/Polyp Detection/Polyp-Gen:/seq13/images/36.jpg,/home/samsul/Documents/Polyp Detection/Polyp-Gen:/seq13/masks/36.jpg,pgen_seq13,0,0,1064,1440
PolypGen,/home/samsul/Documents/Polyp Detection/Polyp-Gen:/seq13/images/87.jpg,/home/samsul/Documents/Polyp Detection/Polyp-Gen:/seq13/masks/87.jpg,pgen_seq13,0,0,1064,1440
PolypGen,/home/samsul/Documents/Polyp Detection/Polyp-Gen:/seq13/images/4.jpg,/home/samsul/Documents/Polyp Detection/Polyp-Gen:/seq13/masks/4.jpg,pgen_seq13,0,0,1064,1440
PolypGen,/home/samsul/Documents/Polyp Detection/Polyp-Gen:/seq13/images/216.jpg,/home/samsul/Documents/Polyp Detection/Polyp-Gen:/seq13/masks/216.jpg,pgen_seq13,1,1,1064,1440
PolypGen,/home/samsul/Documents/Polyp Detection/Polyp-Gen:/seq13/images/5.jpg,/home/samsul/Documents/Polyp Detection/Polyp-Gen:/seq13/masks/5.jpg,pgen_seq13,0,0,1064,1440
PolypGen,/home/samsul/Documents/Polyp Detection/Polyp-Gen:/seq13/images/21.jpg,/home/samsul/Documents/Polyp Detection/Polyp-Gen:/seq13/masks/21.jpg,pgen_seq13,1,1,1064,1440
PolypGen,/home/samsul/Documents/Polyp Detection/Polyp-Gen:/seq13/images/208.jpg,/home/samsul/Documents/Polyp Detection/Polyp-Gen:/seq13/masks/208.jpg,pgen_seq13,1,1,1064,1440
PolypGen,/home/samsul/Documents/Polyp Detection/Polyp-Gen:/seq13/images/72.jpg,/home/samsul/Documents/Polyp Detection/Polyp-Gen:/seq13/masks/72.jpg,pgen_seq13,1,1,1064,1440
PolypGen,/home/samsul/Documents/Polyp Detection/Polyp-Gen:/seq13/images/0.jpg,/home/samsul/Documents/Polyp Detection/Polyp-Gen:/seq13/masks/0.jpg,pgen_seq13,0,0,1064,1440
PolypGen,/home/samsul/Documents/Polyp Detection/Polyp-Gen:/seq13/images/147.jpg,/home/samsul/Documents/Polyp Detection/Polyp-Gen:/seq13/masks/147.jpg,pgen_seq13,1,1,1064,1440
PolypGen,/home/samsul/Documents/Polyp Detection/Polyp-Gen:/seq13/images/194.jpg,/home/samsul/Documents/Polyp Detection/Polyp-Gen:/seq13/masks/194.jpg,pgen_seq13,0,0,1064,1440
PolypGen,/home/samsul/Documents/Polyp Detection/Polyp-Gen:/seq13/images/148.jpg,/home/samsul/Documents/Polyp Detection/Polyp-Gen:/seq13/masks/148.jpg,pgen_seq13,1,1,1064,1440
PolypGen,/home/samsul/Documents/Polyp Detection/Polyp-Gen:/seq13/images/113.jpg,/home/samsul/Documents/Polyp Detection/Polyp-Gen:/seq13/masks/113.jpg,pgen_seq13,1,1,1064,1440
PolypGen,/home/samsul/Documents/Polyp Detection/Polyp-Gen:/seq13/images/26.jpg,/home/samsul/Documents/Polyp Detection/Polyp-Gen:/seq13/masks/26.jpg,pgen_seq13,0,0,1064,1440
PolypGen,/home/samsul/Documents/Polyp Detection/Polyp-Gen:/seq13/images/12.jpg,/home/samsul/Documents/Polyp Detection/Polyp-Gen:/seq13/masks/12.jpg,pgen_seq13,1,1,1064,1440
PolypGen,/home/samsul/Documents/Polyp Detection/Polyp-Gen:/seq13/images/108.jpg,/home/samsul/Documents/Polyp Detection/Polyp-Gen:/seq13/masks/108.jpg,pgen_seq13,1,1,1064,1440
PolypGen,/home/samsul/Documents/Polyp Detection/Polyp-Gen:/seq13/images/221.jpg,/home/samsul/Documents/Polyp Detection/Polyp-Gen:/seq13/masks/221.jpg,pgen_seq13,1,1,1064,1440
PolypGen,/home/samsul/Documents/Polyp Detection/Polyp-Gen:/seq13/images/22.jpg,/home/samsul/Documents/Polyp Detection/Polyp-Gen:/seq13/masks/22.jpg,pgen_seq13,1,1,1064,1440
PolypGen,/home/samsul/Documents/Polyp Detection/Polyp-Gen:/seq13/images/129.jpg,/home/samsul/Documents/Polyp Detection/Polyp-Gen:/seq13/masks/129.jpg,pgen_seq13,1,1,1064,1440
PolypGen,/home/samsul/Documents/Polyp Detection/Polyp-Gen:/seq13/images/140.jpg,/home/samsul/Documents/Polyp Detection/Polyp-Gen:/seq13/masks/140.jpg,pgen_seq13,1,1,1064,1440
PolypGen,/home/samsul/Documents/Polyp Detection/Polyp-Gen:/seq13/images/100.jpg,/home/samsul/Documents/Polyp Detection/Polyp-Gen:/seq13/masks/100.jpg,pgen_seq13,1,1,1064,1440
PolypGen,/home/samsul/Documents/Polyp Detection/Polyp-Gen:/seq13/images/248.jpg,/home/samsul/Documents/Polyp Detection/Polyp-Gen:/seq13/masks/248.jpg,pgen_seq13,1,1,1064,1440
PolypGen,/home/samsul/Documents/Polyp Detection/Polyp-Gen:/seq13/images/32.jpg,/home/samsul/Documents/Polyp Detection/Polyp-Gen:/seq13/masks/32.jpg,pgen_seq13,0,0,1064,1440
PolypGen,/home/samsul/Documents/Polyp Detection/Polyp-Gen:/seq13/images/178.jpg,/home/samsul/Documents/Polyp Detection/Polyp-Gen:/seq13/masks/178.jpg,pgen_seq13,1,1,1064,1440
PolypGen,/home/samsul/Documents/Polyp Detection/Polyp-Gen:/seq13/images/9.jpg,/home/samsul/Documents/Polyp Detection/Polyp-Gen:/seq13/masks/9.jpg,pgen_seq13,1,1,1064,1440
PolypGen,/home/samsul/Documents/Polyp Detection/Polyp-Gen:/seq13/images/44.jpg,/home/samsul/Documents/Polyp Detection/Polyp-Gen:/seq13/masks/44.jpg,pgen_seq13,0,0,1064,1440
PolypGen,/home/samsul/Documents/Polyp Detection/Polyp-Gen:/seq13/images/106.jpg,/home/samsul/Documents/Polyp Detection/Polyp-Gen:/seq13/masks/106.jpg,pgen_seq13,1,1,1064,1440
PolypGen,/home/samsul/Documents/Polyp Detection/Polyp-Gen:/seq13/images/80.jpg,/home/samsul/Documents/Polyp Detection/Polyp-Gen:/seq13/masks/80.jpg,pgen_seq13,0,0,1064,1440
PolypGen,/home/samsul/Documents/Polyp Detection/Polyp-Gen:/seq13/images/35.jpg,/home/samsul/Documents/Polyp Detection/Polyp-Gen:/seq13/masks/35.jpg,pgen_seq13,0,0,1064,1440
PolypGen,/home/samsul/Documents/Polyp Detection/Polyp-Gen:/seq13/images/48.jpg,/home/samsul/Documents/Polyp Detection/Polyp-Gen:/seq13/masks/48.jpg,pgen_seq13,1,1,1064,1440
PolypGen,/home/samsul/Documents/Polyp Detection/Polyp-Gen:/seq13/images/229.jpg,/home/samsul/Documents/Polyp Detection/Polyp-Gen:/seq13/masks/229.jpg,pgen_seq13,1,1,1064,1440
PolypGen,/home/samsul/Documents/Polyp Detection/Polyp-Gen:/seq13/images/33.jpg,/home/samsul/Documents/Polyp Detection/Polyp-Gen:/seq13/masks/33.jpg,pgen_seq13,0,0,1064,1440
PolypGen,/home/samsul/Documents/Polyp Detection/Polyp-Gen:/seq13/images/141.jpg,/home/samsul/Documents/Polyp Detection/Polyp-Gen:/seq13/masks/141.jpg,pgen_seq13,1,1,1064,1440
PolypGen,/home/samsul/Documents/Polyp Detection/Polyp-Gen:/seq13/images/43.jpg,/home/samsul/Documents/Polyp Detection/Polyp-Gen:/seq13/masks/43.jpg,pgen_seq13,0,0,1064,1440
PolypGen,/home/samsul/Documents/Polyp Detection/Polyp-Gen:/seq13/images/90.jpg,/home/samsul/Documents/Polyp Detection/Polyp-Gen:/seq13/masks/90.jpg,pgen_seq13,1,1,1064,1440
PolypGen,/home/samsul/Documents/Polyp Detection/Polyp-Gen:/seq13/images/223.jpg,/home/samsul/Documents/Polyp Detection/Polyp-Gen:/seq13/masks/223.jpg,pgen_seq13,1,1,1064,1440
PolypGen,/home/samsul/Documents/Polyp Detection/Polyp-Gen:/seq13/images/55.jpg,/home/samsul/Documents/Polyp Detection/Polyp-Gen:/seq13/masks/55.jpg,pgen_seq13,1,1,1064,1440
PolypGen,/home/samsul/Documents/Polyp Detection/Polyp-Gen:/seq13/images/183.jpg,/home/samsul/Documents/Polyp Detection/Polyp-Gen:/seq13/masks/183.jpg,pgen_seq13,0,0,1064,1440
PolypGen,/home/samsul/Documents/Polyp Detection/Polyp-Gen:/seq13/images/245.jpg,/home/samsul/Documents/Polyp Detection/Polyp-Gen:/seq13/masks/245.jpg,pgen_seq13,1,1,1064,1440
PolypGen,/home/samsul/Documents/Polyp Detection/Polyp-Gen:/seq13/images/143.jpg,/home/samsul/Documents/Polyp Detection/Polyp-Gen:/seq13/masks/143.jpg,pgen_seq13,1,1,1064,1440
PolypGen,/home/samsul/Documents/Polyp Detection/Polyp-Gen:/seq13/images/226.jpg,/home/samsul/Documents/Polyp Detection/Polyp-Gen:/seq13/masks/226.jpg,pgen_seq13,1,1,1064,1440
PolypGen,/home/samsul/Documents/Polyp Detection/Polyp-Gen:/seq13/images/213.jpg,/home/samsul/Documents/Polyp Detection/Polyp-Gen:/seq13/masks/213.jpg,pgen_seq13,1,1,1064,1440
PolypGen,/home/samsul/Documents/Polyp Detection/Polyp-Gen:/seq13/images/175.jpg,/home/samsul/Documents/Polyp Detection/Polyp-Gen:/seq13/masks/175.jpg,pgen_seq13,0,0,1064,1440
PolypGen,/home/samsul/Documents/Polyp Detection/Polyp-Gen:/seq13/images/125.jpg,/home/samsul/Documents/Polyp Detection/Polyp-Gen:/seq13/masks/125.jpg,pgen_seq13,1,1,1064,1440
PolypGen,/home/samsul/Documents/Polyp Detection/Polyp-Gen:/seq13/images/227.jpg,/home/samsul/Documents/Polyp Detection/Polyp-Gen:/seq13/masks/227.jpg,pgen_seq13,1,1,1064,1440
PolypGen,/home/samsul/Documents/Polyp Detection/Polyp-Gen:/seq13/images/47.jpg,/home/samsul/Documents/Polyp Detection/Polyp-Gen:/seq13/masks/47.jpg,pgen_seq13,1,1,1064,1440
PolypGen,/home/samsul/Documents/Polyp Detection/Polyp-Gen:/seq13/images/206.jpg,/home/samsul/Documents/Polyp Detection/Polyp-Gen:/seq13/masks/206.jpg,pgen_seq13,1,1,1064,1440
PolypGen,/home/samsul/Documents/Polyp Detection/Polyp-Gen:/seq13/images/157.jpg,/home/samsul/Documents/Polyp Detection/Polyp-Gen:/seq13/masks/157.jpg,pgen_seq13,1,1,1064,1440
PolypGen,/home/samsul/Documents/Polyp Detection/Polyp-Gen:/seq13/images/133.jpg,/home/samsul/Documents/Polyp Detection/Polyp-Gen:/seq13/masks/133.jpg,pgen_seq13,1,1,1064,1440
PolypGen,/home/samsul/Documents/Polyp Detection/Polyp-Gen:/seq13/images/233.jpg,/home/samsul/Documents/Polyp Detection/Polyp-Gen:/seq13/masks/233.jpg,pgen_seq13,1,1,1064,1440
PolypGen,/home/samsul/Documents/Polyp Detection/Polyp-Gen:/seq13/images/184.jpg,/home/samsul/Documents/Polyp Detection/Polyp-Gen:/seq13/masks/184.jpg,pgen_seq13,1,1,1064,1440
PolypGen,/home/samsul/Documents/Polyp Detection/Polyp-Gen:/seq13/images/13.jpg,/home/samsul/Documents/Polyp Detection/Polyp-Gen:/seq13/masks/13.jpg,pgen_seq13,4,1,1064,1440
PolypGen,/home/samsul/Documents/Polyp Detection/Polyp-Gen:/seq13/images/144.jpg,/home/samsul/Documents/Polyp Detection/Polyp-Gen:/seq13/masks/144.jpg,pgen_seq13,1,1,1064,1440
PolypGen,/home/samsul/Documents/Polyp Detection/Polyp-Gen:/seq13/images/53.jpg,/home/samsul/Documents/Polyp Detection/Polyp-Gen:/seq13/masks/53.jpg,pgen_seq13,1,1,1064,1440
PolypGen,/home/samsul/Documents/Polyp Detection/Polyp-Gen:/seq13/images/196.jpg,/home/samsul/Documents/Polyp Detection/Polyp-Gen:/seq13/masks/196.jpg,pgen_seq13,1,1,1064,1440
PolypGen,/home/samsul/Documents/Polyp Detection/Polyp-Gen:/seq13/images/16.jpg,/home/samsul/Documents/Polyp Detection/Polyp-Gen:/seq13/masks/16.jpg,pgen_seq13,3,1,1064,1440
PolypGen,/home/samsul/Documents/Polyp Detection/Polyp-Gen:/seq13/images/195.jpg,/home/samsul/Documents/Polyp Detection/Polyp-Gen:/seq13/masks/195.jpg,pgen_seq13,3,1,1064,1440
PolypGen,/home/samsul/Documents/Polyp Detection/Polyp-Gen:/seq13/images/42.jpg,/home/samsul/Documents/Polyp Detection/Polyp-Gen:/seq13/masks/42.jpg,pgen_seq13,0,0,1064,1440
PolypGen,/home/samsul/Documents/Polyp Detection/Polyp-Gen:/seq13/images/218.jpg,/home/samsul/Documents/Polyp Detection/Polyp-Gen:/seq13/masks/218.jpg,pgen_seq13,1,1,1064,1440
PolypGen,/home/samsul/Documents/Polyp Detection/Polyp-Gen:/seq13/images/114.jpg,/home/samsul/Documents/Polyp Detection/Polyp-Gen:/seq13/masks/114.jpg,pgen_seq13,1,1,1064,1440
PolypGen,/home/samsul/Documents/Polyp Detection/Polyp-Gen:/seq13/images/222.jpg,/home/samsul/Documents/Polyp Detection/Polyp-Gen:/seq13/masks/222.jpg,pgen_seq13,1,1,1064,1440
PolypGen,/home/samsul/Documents/Polyp Detection/Polyp-Gen:/seq13/images/38.jpg,/home/samsul/Documents/Polyp Detection/Polyp-Gen:/seq13/masks/38.jpg,pgen_seq13,0,0,1064,1440
PolypGen,/home/samsul/Documents/Polyp Detection/Polyp-Gen:/seq13/images/237.jpg,/home/samsul/Documents/Polyp Detection/Polyp-Gen:/seq13/masks/237.jpg,pgen_seq13,1,1,1064,1440
PolypGen,/home/samsul/Documents/Polyp Detection/Polyp-Gen:/seq13/images/15.jpg,/home/samsul/Documents/Polyp Detection/Polyp-Gen:/seq13/masks/15.jpg,pgen_seq13,4,1,1064,1440
PolypGen,/home/samsul/Documents/Polyp Detection/Polyp-Gen:/seq13/images/25.jpg,/home/samsul/Documents/Polyp Detection/Polyp-Gen:/seq13/masks/25.jpg,pgen_seq13,1,1,1064,1440
PolypGen,/home/samsul/Documents/Polyp Detection/Polyp-Gen:/seq13/images/152.jpg,/home/samsul/Documents/Polyp Detection/Polyp-Gen:/seq13/masks/152.jpg,pgen_seq13,1,1,1064,1440
PolypGen,/home/samsul/Documents/Polyp Detection/Polyp-Gen:/seq13/images/146.jpg,/home/samsul/Documents/Polyp Detection/Polyp-Gen:/seq13/masks/146.jpg,pgen_seq13,1,1,1064,1440
PolypGen,/home/samsul/Documents/Polyp Detection/Polyp-Gen:/seq13/images/96.jpg,/home/samsul/Documents/Polyp Detection/Polyp-Gen:/seq13/masks/96.jpg,pgen_seq13,1,1,1064,1440
PolypGen,/home/samsul/Documents/Polyp Detection/Polyp-Gen:/seq13/images/84.jpg,/home/samsul/Documents/Polyp Detection/Polyp-Gen:/seq13/masks/84.jpg,pgen_seq13,1,1,1064,1440
PolypGen,/home/samsul/Documents/Polyp Detection/Polyp-Gen:/seq13/images/212.jpg,/home/samsul/Documents/Polyp Detection/Polyp-Gen:/seq13/masks/212.jpg,pgen_seq13,1,1,1064,1440
PolypGen,/home/samsul/Documents/Polyp Detection/Polyp-Gen:/seq13/images/107.jpg,/home/samsul/Documents/Polyp Detection/Polyp-Gen:/seq13/masks/107.jpg,pgen_seq13,1,1,1064,1440
PolypGen,/home/samsul/Documents/Polyp Detection/Polyp-Gen:/seq13/images/246.jpg,/home/samsul/Documents/Polyp Detection/Polyp-Gen:/seq13/masks/246.jpg,pgen_seq13,1,1,1064,1440
PolypGen,/home/samsul/Documents/Polyp Detection/Polyp-Gen:/seq13/images/217.jpg,/home/samsul/Documents/Polyp Detection/Polyp-Gen:/seq13/masks/217.jpg,pgen_seq13,1,1,1064,1440
PolypGen,/home/samsul/Documents/Polyp Detection/Polyp-Gen:/seq13/images/134.jpg,/home/samsul/Documents/Polyp Detection/Polyp-Gen:/seq13/masks/134.jpg,pgen_seq13,1,1,1064,1440
PolypGen,/home/samsul/Documents/Polyp Detection/Polyp-Gen:/seq13/images/215.jpg,/home/samsul/Documents/Polyp Detection/Polyp-Gen:/seq13/masks/215.jpg,pgen_seq13,1,1,1064,1440
PolypGen,/home/samsul/Documents/Polyp Detection/Polyp-Gen:/seq13/images/97.jpg,/home/samsul/Documents/Polyp Detection/Polyp-Gen:/seq13/masks/97.jpg,pgen_seq13,1,1,1064,1440
PolypGen,/home/samsul/Documents/Polyp Detection/Polyp-Gen:/seq13/images/135.jpg,/home/samsul/Documents/Polyp Detection/Polyp-Gen:/seq13/masks/135.jpg,pgen_seq13,1,1,1064,1440
PolypGen,/home/samsul/Documents/Polyp Detection/Polyp-Gen:/seq13/images/102.jpg,/home/samsul/Documents/Polyp Detection/Polyp-Gen:/seq13/masks/102.jpg,pgen_seq13,1,1,1064,1440
PolypGen,/home/samsul/Documents/Polyp Detection/Polyp-Gen:/seq13/images/219.jpg,/home/samsul/Documents/Polyp Detection/Polyp-Gen:/seq13/masks/219.jpg,pgen_seq13,1,1,1064,1440
PolypGen,/home/samsul/Documents/Polyp Detection/Polyp-Gen:/seq13/images/168.jpg,/home/samsul/Documents/Polyp Detection/Polyp-Gen:/seq13/masks/168.jpg,pgen_seq13,1,1,1064,1440
PolypGen,/home/samsul/Documents/Polyp Detection/Polyp-Gen:/seq13/images/63.jpg,/home/samsul/Documents/Polyp Detection/Polyp-Gen:/seq13/masks/63.jpg,pgen_seq13,1,1,1064,1440
PolypGen,/home/samsul/Documents/Polyp Detection/Polyp-Gen:/seq13/images/228.jpg,/home/samsul/Documents/Polyp Detection/Polyp-Gen:/seq13/masks/228.jpg,pgen_seq13,2,1,1064,1440
PolypGen,/home/samsul/Documents/Polyp Detection/Polyp-Gen:/seq13/images/242.jpg,/home/samsul/Documents/Polyp Detection/Polyp-Gen:/seq13/masks/242.jpg,pgen_seq13,1,1,1064,1440
PolypGen,/home/samsul/Documents/Polyp Detection/Polyp-Gen:/seq13/images/56.jpg,/home/samsul/Documents/Polyp Detection/Polyp-Gen:/seq13/masks/56.jpg,pgen_seq13,1,1,1064,1440
PolypGen,/home/samsul/Documents/Polyp Detection/Polyp-Gen:/seq13/images/119.jpg,/home/samsul/Documents/Polyp Detection/Polyp-Gen:/seq13/masks/119.jpg,pgen_seq13,1,1,1064,1440
PolypGen,/home/samsul/Documents/Polyp Detection/Polyp-Gen:/seq13/images/201.jpg,/home/samsul/Documents/Polyp Detection/Polyp-Gen:/seq13/masks/201.jpg,pgen_seq13,1,1,1064,1440
PolypGen,/home/samsul/Documents/Polyp Detection/Polyp-Gen:/seq13/images/20.jpg,/home/samsul/Documents/Polyp Detection/Polyp-Gen:/seq13/masks/20.jpg,pgen_seq13,1,1,1064,1440
PolypGen,/home/samsul/Documents/Polyp Detection/Polyp-Gen:/seq13/images/46.jpg,/home/samsul/Documents/Polyp Detection/Polyp-Gen:/seq13/masks/46.jpg,pgen_seq13,1,1,1064,1440
PolypGen,/home/samsul/Documents/Polyp Detection/Polyp-Gen:/seq13/images/210.jpg,/home/samsul/Documents/Polyp Detection/Polyp-Gen:/seq13/masks/210.jpg,pgen_seq13,1,1,1064,1440
PolypGen,/home/samsul/Documents/Polyp Detection/Polyp-Gen:/seq13/images/122.jpg,/home/samsul/Documents/Polyp Detection/Polyp-Gen:/seq13/masks/122.jpg,pgen_seq13,1,1,1064,1440
PolypGen,/home/samsul/Documents/Polyp Detection/Polyp-Gen:/seq13/images/153.jpg,/home/samsul/Documents/Polyp Detection/Polyp-Gen:/seq13/masks/153.jpg,pgen_seq13,1,1,1064,1440
PolypGen,/home/samsul/Documents/Polyp Detection/Polyp-Gen:/seq13/images/127.jpg,/home/samsul/Documents/Polyp Detection/Polyp-Gen:/seq13/masks/127.jpg,pgen_seq13,1,1,1064,1440
PolypGen,/home/samsul/Documents/Polyp Detection/Polyp-Gen:/seq13/images/142.jpg,/home/samsul/Documents/Polyp Detection/Polyp-Gen:/seq13/masks/142.jpg,pgen_seq13,1,1,1064,1440
PolypGen,/home/samsul/Documents/Polyp Detection/Polyp-Gen:/seq13/images/202.jpg,/home/samsul/Documents/Polyp Detection/Polyp-Gen:/seq13/masks/202.jpg,pgen_seq13,1,1,1064,1440
PolypGen,/home/samsul/Documents/Polyp Detection/Polyp-Gen:/seq13/images/74.jpg,/home/samsul/Documents/Polyp Detection/Polyp-Gen:/seq13/masks/74.jpg,pgen_seq13,1,1,1064,1440
PolypGen,/home/samsul/Documents/Polyp Detection/Polyp-Gen:/seq13/images/136.jpg,/home/samsul/Documents/Polyp Detection/Polyp-Gen:/seq13/masks/136.jpg,pgen_seq13,1,1,1064,1440
PolypGen,/home/samsul/Documents/Polyp Detection/Polyp-Gen:/seq13/images/92.jpg,/home/samsul/Documents/Polyp Detection/Polyp-Gen:/seq13/masks/92.jpg,pgen_seq13,1,1,1064,1440
PolypGen,/home/samsul/Documents/Polyp Detection/Polyp-Gen:/seq13/images/185.jpg,/home/samsul/Documents/Polyp Detection/Polyp-Gen:/seq13/masks/185.jpg,pgen_seq13,1,1,1064,1440
PolypGen,/home/samsul/Documents/Polyp Detection/Polyp-Gen:/seq13/images/155.jpg,/home/samsul/Documents/Polyp Detection/Polyp-Gen:/seq13/masks/155.jpg,pgen_seq13,1,1,1064,1440
PolypGen,/home/samsul/Documents/Polyp Detection/Polyp-Gen:/seq13/images/7.jpg,/home/samsul/Documents/Polyp Detection/Polyp-Gen:/seq13/masks/7.jpg,pgen_seq13,0,0,1064,1440
PolypGen,/home/samsul/Documents/Polyp Detection/Polyp-Gen:/seq13/images/45.jpg,/home/samsul/Documents/Polyp Detection/Polyp-Gen:/seq13/masks/45.jpg,pgen_seq13,0,0,1064,1440
PolypGen,/home/samsul/Documents/Polyp Detection/Polyp-Gen:/seq13/images/128.jpg,/home/samsul/Documents/Polyp Detection/Polyp-Gen:/seq13/masks/128.jpg,pgen_seq13,1,1,1064,1440
PolypGen,/home/samsul/Documents/Polyp Detection/Polyp-Gen:/seq13/images/180.jpg,/home/samsul/Documents/Polyp Detection/Polyp-Gen:/seq13/masks/180.jpg,pgen_seq13,0,0,1064,1440
PolypGen,/home/samsul/Documents/Polyp Detection/Polyp-Gen:/seq13/images/73.jpg,/home/samsul/Documents/Polyp Detection/Polyp-Gen:/seq13/masks/73.jpg,pgen_seq13,1,1,1064,1440
PolypGen,/home/samsul/Documents/Polyp Detection/Polyp-Gen:/seq13/images/94.jpg,/home/samsul/Documents/Polyp Detection/Polyp-Gen:/seq13/masks/94.jpg,pgen_seq13,1,1,1064,1440
PolypGen,/home/samsul/Documents/Polyp Detection/Polyp-Gen:/seq13/images/132.jpg,/home/samsul/Documents/Polyp Detection/Polyp-Gen:/seq13/masks/132.jpg,pgen_seq13,1,1,1064,1440
PolypGen,/home/samsul/Documents/Polyp Detection/Polyp-Gen:/seq13/images/207.jpg,/home/samsul/Documents/Polyp Detection/Polyp-Gen:/seq13/masks/207.jpg,pgen_seq13,1,1,1064,1440
PolypGen,/home/samsul/Documents/Polyp Detection/Polyp-Gen:/seq13/images/151.jpg,/home/samsul/Documents/Polyp Detection/Polyp-Gen:/seq13/masks/151.jpg,pgen_seq13,1,1,1064,1440
PolypGen,/home/samsul/Documents/Polyp Detection/Polyp-Gen:/seq13/images/88.jpg,/home/samsul/Documents/Polyp Detection/Polyp-Gen:/seq13/masks/88.jpg,pgen_seq13,0,0,1064,1440
PolypGen,/home/samsul/Documents/Polyp Detection/Polyp-Gen:/seq13/images/65.jpg,/home/samsul/Documents/Polyp Detection/Polyp-Gen:/seq13/masks/65.jpg,pgen_seq13,1,1,1064,1440
PolypGen,/home/samsul/Documents/Polyp Detection/Polyp-Gen:/seq13/images/176.jpg,/home/samsul/Documents/Polyp Detection/Polyp-Gen:/seq13/masks/176.jpg,pgen_seq13,0,0,1064,1440
PolypGen,/home/samsul/Documents/Polyp Detection/Polyp-Gen:/seq13/images/161.jpg,/home/samsul/Documents/Polyp Detection/Polyp-Gen:/seq13/masks/161.jpg,pgen_seq13,1,1,1064,1440
PolypGen,/home/samsul/Documents/Polyp Detection/Polyp-Gen:/seq13/images/139.jpg,/home/samsul/Documents/Polyp Detection/Polyp-Gen:/seq13/masks/139.jpg,pgen_seq13,1,1,1064,1440
PolypGen,/home/samsul/Documents/Polyp Detection/Polyp-Gen:/seq13/images/77.jpg,/home/samsul/Documents/Polyp Detection/Polyp-Gen:/seq13/masks/77.jpg,pgen_seq13,0,0,1064,1440
PolypGen,/home/samsul/Documents/Polyp Detection/Polyp-Gen:/seq13/images/61.jpg,/home/samsul/Documents/Polyp Detection/Polyp-Gen:/seq13/masks/61.jpg,pgen_seq13,1,1,1064,1440
PolypGen,/home/samsul/Documents/Polyp Detection/Polyp-Gen:/seq13/images/149.jpg,/home/samsul/Documents/Polyp Detection/Polyp-Gen:/seq13/masks/149.jpg,pgen_seq13,1,1,1064,1440
PolypGen,/home/samsul/Documents/Polyp Detection/Polyp-Gen:/seq13/images/240.jpg,/home/samsul/Documents/Polyp Detection/Polyp-Gen:/seq13/masks/240.jpg,pgen_seq13,1,1,1064,1440
PolypGen,/home/samsul/Documents/Polyp Detection/Polyp-Gen:/seq13/images/224.jpg,/home/samsul/Documents/Polyp Detection/Polyp-Gen:/seq13/masks/224.jpg,pgen_seq13,1,1,1064,1440
PolypGen,/home/samsul/Documents/Polyp Detection/Polyp-Gen:/seq13/images/239.jpg,/home/samsul/Documents/Polyp Detection/Polyp-Gen:/seq13/masks/239.jpg,pgen_seq13,1,1,1064,1440
PolypGen,/home/samsul/Documents/Polyp Detection/Polyp-Gen:/seq13/images/130.jpg,/home/samsul/Documents/Polyp Detection/Polyp-Gen:/seq13/masks/130.jpg,pgen_seq13,1,1,1064,1440
PolypGen,/home/samsul/Documents/Polyp Detection/Polyp-Gen:/seq13/images/24.jpg,/home/samsul/Documents/Polyp Detection/Polyp-Gen:/seq13/masks/24.jpg,pgen_seq13,1,1,1064,1440
PolypGen,/home/samsul/Documents/Polyp Detection/Polyp-Gen:/seq13/images/203.jpg,/home/samsul/Documents/Polyp Detection/Polyp-Gen:/seq13/masks/203.jpg,pgen_seq13,1,1,1064,1440
PolypGen,/home/samsul/Documents/Polyp Detection/Polyp-Gen:/seq13/images/160.jpg,/home/samsul/Documents/Polyp Detection/Polyp-Gen:/seq13/masks/160.jpg,pgen_seq13,1,1,1064,1440
PolypGen,/home/samsul/Documents/Polyp Detection/Polyp-Gen:/seq13/images/243.jpg,/home/samsul/Documents/Polyp Detection/Polyp-Gen:/seq13/masks/243.jpg,pgen_seq13,1,1,1064,1440
PolypGen,/home/samsul/Documents/Polyp Detection/Polyp-Gen:/seq13/images/30.jpg,/home/samsul/Documents/Polyp Detection/Polyp-Gen:/seq13/masks/30.jpg,pgen_seq13,0,0,1064,1440
PolypGen,/home/samsul/Documents/Polyp Detection/Polyp-Gen:/seq13/images/187.jpg,/home/samsul/Documents/Polyp Detection/Polyp-Gen:/seq13/masks/187.jpg,pgen_seq13,1,1,1064,1440
PolypGen,/home/samsul/Documents/Polyp Detection/Polyp-Gen:/seq13/images/231.jpg,/home/samsul/Documents/Polyp Detection/Polyp-Gen:/seq13/masks/231.jpg,pgen_seq13,1,1,1064,1440
PolypGen,/home/samsul/Documents/Polyp Detection/Polyp-Gen:/seq13/images/181.jpg,/home/samsul/Documents/Polyp Detection/Polyp-Gen:/seq13/masks/181.jpg,pgen_seq13,1,1,1064,1440
PolypGen,/home/samsul/Documents/Polyp Detection/Polyp-Gen:/seq13/images/138.jpg,/home/samsul/Documents/Polyp Detection/Polyp-Gen:/seq13/masks/138.jpg,pgen_seq13,1,1,1064,1440
PolypGen,/home/samsul/Documents/Polyp Detection/Polyp-Gen:/seq13/images/2.jpg,/home/samsul/Documents/Polyp Detection/Polyp-Gen:/seq13/masks/2.jpg,pgen_seq13,1,1,1064,1440
PolypGen,/home/samsul/Documents/Polyp Detection/Polyp-Gen:/seq13/images/59.jpg,/home/samsul/Documents/Polyp Detection/Polyp-Gen:/seq13/masks/59.jpg,pgen_seq13,1,1,1064,1440
PolypGen,/home/samsul/Documents/Polyp Detection/Polyp-Gen:/seq13/images/214.jpg,/home/samsul/Documents/Polyp Detection/Polyp-Gen:/seq13/masks/214.jpg,pgen_seq13,1,1,1064,1440
PolypGen,/home/samsul/Documents/Polyp Detection/Polyp-Gen:/seq13/images/230.jpg,/home/samsul/Documents/Polyp Detection/Polyp-Gen:/seq13/masks/230.jpg,pgen_seq13,1,1,1064,1440
PolypGen,/home/samsul/Documents/Polyp Detection/Polyp-Gen:/seq13/images/137.jpg,/home/samsul/Documents/Polyp Detection/Polyp-Gen:/seq13/masks/137.jpg,pgen_seq13,1,1,1064,1440
PolypGen,/home/samsul/Documents/Polyp Detection/Polyp-Gen:/seq14/images/75.jpg,/home/samsul/Documents/Polyp Detection/Polyp-Gen:/seq14/masks/75.jpg,pgen_seq14,1,1,1064,1440
PolypGen,/home/samsul/Documents/Polyp Detection/Polyp-Gen:/seq14/images/211.jpg,/home/samsul/Documents/Polyp Detection/Polyp-Gen:/seq14/masks/211.jpg,pgen_seq14,1,1,1064,1440
PolypGen,/home/samsul/Documents/Polyp Detection/Polyp-Gen:/seq14/images/174.jpg,/home/samsul/Documents/Polyp Detection/Polyp-Gen:/seq14/masks/174.jpg,pgen_seq14,2,1,1064,1440
PolypGen,/home/samsul/Documents/Polyp Detection/Polyp-Gen:/seq14/images/71.jpg,/home/samsul/Documents/Polyp Detection/Polyp-Gen:/seq14/masks/71.jpg,pgen_seq14,1,1,1064,1440
PolypGen,/home/samsul/Documents/Polyp Detection/Polyp-Gen:/seq14/images/198.jpg,/home/samsul/Documents/Polyp Detection/Polyp-Gen:/seq14/masks/198.jpg,pgen_seq14,3,1,1064,1440
PolypGen,/home/samsul/Documents/Polyp Detection/Polyp-Gen:/seq14/images/234.jpg,/home/samsul/Documents/Polyp Detection/Polyp-Gen:/seq14/masks/234.jpg,pgen_seq14,1,1,1064,1440
PolypGen,/home/samsul/Documents/Polyp Detection/Polyp-Gen:/seq14/images/241.jpg,/home/samsul/Documents/Polyp Detection/Polyp-Gen:/seq14/masks/241.jpg,pgen_seq14,1,1,1064,1440
PolypGen,/home/samsul/Documents/Polyp Detection/Polyp-Gen:/seq14/images/150.jpg,/home/samsul/Documents/Polyp Detection/Polyp-Gen:/seq14/masks/150.jpg,pgen_seq14,1,1,1064,1440
PolypGen,/home/samsul/Documents/Polyp Detection/Polyp-Gen:/seq14/images/204.jpg,/home/samsul/Documents/Polyp Detection/Polyp-Gen:/seq14/masks/204.jpg,pgen_seq14,4,1,1064,1440
PolypGen,/home/samsul/Documents/Polyp Detection/Polyp-Gen:/seq14/images/116.jpg,/home/samsul/Documents/Polyp Detection/Polyp-Gen:/seq14/masks/116.jpg,pgen_seq14,0,0,1064,1440
PolypGen,/home/samsul/Documents/Polyp Detection/Polyp-Gen:/seq14/images/166.jpg,/home/samsul/Documents/Polyp Detection/Polyp-Gen:/seq14/masks/166.jpg,pgen_seq14,0,0,1064,1440
PolypGen,/home/samsul/Documents/Polyp Detection/Polyp-Gen:/seq14/images/232.jpg,/home/samsul/Documents/Polyp Detection/Polyp-Gen:/seq14/masks/232.jpg,pgen_seq14,1,1,1064,1440
PolypGen,/home/samsul/Documents/Polyp Detection/Polyp-Gen:/seq14/images/93.jpg,/home/samsul/Documents/Polyp Detection/Polyp-Gen:/seq14/masks/93.jpg,pgen_seq14,0,0,1064,1440
PolypGen,/home/samsul/Documents/Polyp Detection/Polyp-Gen:/seq14/images/76.jpg,/home/samsul/Documents/Polyp Detection/Polyp-Gen:/seq14/masks/76.jpg,pgen_seq14,1,1,1064,1440
PolypGen,/home/samsul/Documents/Polyp Detection/Polyp-Gen:/seq14/images/200.jpg,/home/samsul/Documents/Polyp Detection/Polyp-Gen:/seq14/masks/200.jpg,pgen_seq14,2,1,1064,1440
PolypGen,/home/samsul/Documents/Polyp Detection/Polyp-Gen:/seq14/images/18.jpg,/home/samsul/Documents/Polyp Detection/Polyp-Gen:/seq14/masks/18.jpg,pgen_seq14,1,1,1064,1440
PolypGen,/home/samsul/Documents/Polyp Detection/Polyp-Gen:/seq14/images/192.jpg,/home/samsul/Documents/Polyp Detection/Polyp-Gen:/seq14/masks/192.jpg,pgen_seq14,2,1,1064,1440
PolypGen,/home/samsul/Documents/Polyp Detection/Polyp-Gen:/seq14/images/111.jpg,/home/samsul/Documents/Polyp Detection/Polyp-Gen:/seq14/masks/111.jpg,pgen_seq14,0,0,1064,1440
PolypGen,/home/samsul/Documents/Polyp Detection/Polyp-Gen:/seq14/images/3.jpg,/home/samsul/Documents/Polyp Detection/Polyp-Gen:/seq14/masks/3.jpg,pgen_seq14,0,0,1064,1440
PolypGen,/home/samsul/Documents/Polyp Detection/Polyp-Gen:/seq14/images/49.jpg,/home/samsul/Documents/Polyp Detection/Polyp-Gen:/seq14/masks/49.jpg,pgen_seq14,1,1,1064,1440
PolypGen,/home/samsul/Documents/Polyp Detection/Polyp-Gen:/seq14/images/40.jpg,/home/samsul/Documents/Polyp Detection/Polyp-Gen:/seq14/masks/40.jpg,pgen_seq14,2,1,1064,1440
PolypGen,/home/samsul/Documents/Polyp Detection/Polyp-Gen:/seq14/images/68.jpg,/home/samsul/Documents/Polyp Detection/Polyp-Gen:/seq14/masks/68.jpg,pgen_seq14,1,1,1064,1440
PolypGen,/home/samsul/Documents/Polyp Detection/Polyp-Gen:/seq14/images/197.jpg,/home/samsul/Documents/Polyp Detection/Polyp-Gen:/seq14/masks/197.jpg,pgen_seq14,2,1,1064,1440
PolypGen,/home/samsul/Documents/Polyp Detection/Polyp-Gen:/seq14/images/235.jpg,/home/samsul/Documents/Polyp Detection/Polyp-Gen:/seq14/masks/235.jpg,pgen_seq14,1,1,1064,1440
PolypGen,/home/samsul/Documents/Polyp Detection/Polyp-Gen:/seq14/images/57.jpg,/home/samsul/Documents/Polyp Detection/Polyp-Gen:/seq14/masks/57.jpg,pgen_seq14,1,1,1064,1440
PolypGen,/home/samsul/Documents/Polyp Detection/Polyp-Gen:/seq14/images/123.jpg,/home/samsul/Documents/Polyp Detection/Polyp-Gen:/seq14/masks/123.jpg,pgen_seq14,0,0,1064,1440
PolypGen,/home/samsul/Documents/Polyp Detection/Polyp-Gen:/seq14/images/220.jpg,/home/samsul/Documents/Polyp Detection/Polyp-Gen:/seq14/masks/220.jpg,pgen_seq14,1,1,1064,1440
PolypGen,/home/samsul/Documents/Polyp Detection/Polyp-Gen:/seq14/images/167.jpg,/home/samsul/Documents/Polyp Detection/Polyp-Gen:/seq14/masks/167.jpg,pgen_seq14,0,0,1064,1440
PolypGen,/home/samsul/Documents/Polyp Detection/Polyp-Gen:/seq14/images/81.jpg,/home/samsul/Documents/Polyp Detection/Polyp-Gen:/seq14/masks/81.jpg,pgen_seq14,1,1,1064,1440
PolypGen,/home/samsul/Documents/Polyp Detection/Polyp-Gen:/seq14/images/101.jpg,/home/samsul/Documents/Polyp Detection/Polyp-Gen:/seq14/masks/101.jpg,pgen_seq14,0,0,1064,1440
PolypGen,/home/samsul/Documents/Polyp Detection/Polyp-Gen:/seq14/images/159.jpg,/home/samsul/Documents/Polyp Detection/Polyp-Gen:/seq14/masks/159.jpg,pgen_seq14,2,1,1064,1440
PolypGen,/home/samsul/Documents/Polyp Detection/Polyp-Gen:/seq14/images/104.jpg,/home/samsul/Documents/Polyp Detection/Polyp-Gen:/seq14/masks/104.jpg,pgen_seq14,0,0,1064,1440
PolypGen,/home/samsul/Documents/Polyp Detection/Polyp-Gen:/seq14/images/247.jpg,/home/samsul/Documents/Polyp Detection/Polyp-Gen:/seq14/masks/247.jpg,pgen_seq14,1,1,1064,1440
PolypGen,/home/samsul/Documents/Polyp Detection/Polyp-Gen:/seq14/images/11.jpg,/home/samsul/Documents/Polyp Detection/Polyp-Gen:/seq14/masks/11.jpg,pgen_seq14,1,1,1064,1440
PolypGen,/home/samsul/Documents/Polyp Detection/Polyp-Gen:/seq14/images/29.jpg,/home/samsul/Documents/Polyp Detection/Polyp-Gen:/seq14/masks/29.jpg,pgen_seq14,3,1,1064,1440
PolypGen,/home/samsul/Documents/Polyp Detection/Polyp-Gen:/seq14/images/156.jpg,/home/samsul/Documents/Polyp Detection/Polyp-Gen:/seq14/masks/156.jpg,pgen_seq14,1,1,1064,1440
PolypGen,/home/samsul/Documents/Polyp Detection/Polyp-Gen:/seq14/images/85.jpg,/home/samsul/Documents/Polyp Detection/Polyp-Gen:/seq14/masks/85.jpg,pgen_seq14,1,1,1064,1440
PolypGen,/home/samsul/Documents/Polyp Detection/Polyp-Gen:/seq14/images/145.jpg,/home/samsul/Documents/Polyp Detection/Polyp-Gen:/seq14/masks/145.jpg,pgen_seq14,1,1,1064,1440
PolypGen,/home/samsul/Documents/Polyp Detection/Polyp-Gen:/seq14/images/54.jpg,/home/samsul/Documents/Polyp Detection/Polyp-Gen:/seq14/masks/54.jpg,pgen_seq14,1,1,1064,1440
PolypGen,/home/samsul/Documents/Polyp Detection/Polyp-Gen:/seq14/images/51.jpg,/home/samsul/Documents/Polyp Detection/Polyp-Gen:/seq14/masks/51.jpg,pgen_seq14,1,1,1064,1440
PolypGen,/home/samsul/Documents/Polyp Detection/Polyp-Gen:/seq14/images/209.jpg,/home/samsul/Documents/Polyp Detection/Polyp-Gen:/seq14/masks/209.jpg,pgen_seq14,2,1,1064,1440
PolypGen,/home/samsul/Documents/Polyp Detection/Polyp-Gen:/seq14/images/6.jpg,/home/samsul/Documents/Polyp Detection/Polyp-Gen:/seq14/masks/6.jpg,pgen_seq14,1,1,1064,1440
PolypGen,/home/samsul/Documents/Polyp Detection/Polyp-Gen:/seq14/images/58.jpg,/home/samsul/Documents/Polyp Detection/Polyp-Gen:/seq14/masks/58.jpg,pgen_seq14,1,1,1064,1440
PolypGen,/home/samsul/Documents/Polyp Detection/Polyp-Gen:/seq14/images/121.jpg,/home/samsul/Documents/Polyp Detection/Polyp-Gen:/seq14/masks/121.jpg,pgen_seq14,0,0,1064,1440
PolypGen,/home/samsul/Documents/Polyp Detection/Polyp-Gen:/seq14/images/238.jpg,/home/samsul/Documents/Polyp Detection/Polyp-Gen:/seq14/masks/238.jpg,pgen_seq14,0,0,1064,1440
PolypGen,/home/samsul/Documents/Polyp Detection/Polyp-Gen:/seq14/images/66.jpg,/home/samsul/Documents/Polyp Detection/Polyp-Gen:/seq14/masks/66.jpg,pgen_seq14,1,1,1064,1440
PolypGen,/home/samsul/Documents/Polyp Detection/Polyp-Gen:/seq14/images/10.jpg,/home/samsul/Documents/Polyp Detection/Polyp-Gen:/seq14/masks/10.jpg,pgen_seq14,1,1,1064,1440
PolypGen,/home/samsul/Documents/Polyp Detection/Polyp-Gen:/seq14/images/118.jpg,/home/samsul/Documents/Polyp Detection/Polyp-Gen:/seq14/masks/118.jpg,pgen_seq14,0,0,1064,1440
PolypGen,/home/samsul/Documents/Polyp Detection/Polyp-Gen:/seq14/images/34.jpg,/home/samsul/Documents/Polyp Detection/Polyp-Gen:/seq14/masks/34.jpg,pgen_seq14,3,1,1064,1440
PolypGen,/home/samsul/Documents/Polyp Detection/Polyp-Gen:/seq14/images/37.jpg,/home/samsul/Documents/Polyp Detection/Polyp-Gen:/seq14/masks/37.jpg,pgen_seq14,3,1,1064,1440
PolypGen,/home/samsul/Documents/Polyp Detection/Polyp-Gen:/seq14/images/110.jpg,/home/samsul/Documents/Polyp Detection/Polyp-Gen:/seq14/masks/110.jpg,pgen_seq14,0,0,1064,1440
PolypGen,/home/samsul/Documents/Polyp Detection/Polyp-Gen:/seq14/images/115.jpg,/home/samsul/Documents/Polyp Detection/Polyp-Gen:/seq14/masks/115.jpg,pgen_seq14,0,0,1064,1440
PolypGen,/home/samsul/Documents/Polyp Detection/Polyp-Gen:/seq14/images/67.jpg,/home/samsul/Documents/Polyp Detection/Polyp-Gen:/seq14/masks/67.jpg,pgen_seq14,1,1,1064,1440
PolypGen,/home/samsul/Documents/Polyp Detection/Polyp-Gen:/seq14/images/27.jpg,/home/samsul/Documents/Polyp Detection/Polyp-Gen:/seq14/masks/27.jpg,pgen_seq14,2,1,1064,1440
PolypGen,/home/samsul/Documents/Polyp Detection/Polyp-Gen:/seq14/images/182.jpg,/home/samsul/Documents/Polyp Detection/Polyp-Gen:/seq14/masks/182.jpg,pgen_seq14,3,1,1064,1440
PolypGen,/home/samsul/Documents/Polyp Detection/Polyp-Gen:/seq14/images/126.jpg,/home/samsul/Documents/Polyp Detection/Polyp-Gen:/seq14/masks/126.jpg,pgen_seq14,3,1,1064,1440
PolypGen,/home/samsul/Documents/Polyp Detection/Polyp-Gen:/seq14/images/82.jpg,/home/samsul/Documents/Polyp Detection/Polyp-Gen:/seq14/masks/82.jpg,pgen_seq14,1,1,1064,1440
PolypGen,/home/samsul/Documents/Polyp Detection/Polyp-Gen:/seq14/images/78.jpg,/home/samsul/Documents/Polyp Detection/Polyp-Gen:/seq14/masks/78.jpg,pgen_seq14,1,1,1064,1440
PolypGen,/home/samsul/Documents/Polyp Detection/Polyp-Gen:/seq14/images/162.jpg,/home/samsul/Documents/Polyp Detection/Polyp-Gen:/seq14/masks/162.jpg,pgen_seq14,1,1,1064,1440
PolypGen,/home/samsul/Documents/Polyp Detection/Polyp-Gen:/seq14/images/62.jpg,/home/samsul/Documents/Polyp Detection/Polyp-Gen:/seq14/masks/62.jpg,pgen_seq14,1,1,1064,1440
PolypGen,/home/samsul/Documents/Polyp Detection/Polyp-Gen:/seq14/images/39.jpg,/home/samsul/Documents/Polyp Detection/Polyp-Gen:/seq14/masks/39.jpg,pgen_seq14,1,1,1064,1440
PolypGen,/home/samsul/Documents/Polyp Detection/Polyp-Gen:/seq14/images/244.jpg,/home/samsul/Documents/Polyp Detection/Polyp-Gen:/seq14/masks/244.jpg,pgen_seq14,1,1,1064,1440
PolypGen,/home/samsul/Documents/Polyp Detection/Polyp-Gen:/seq14/images/120.jpg,/home/samsul/Documents/Polyp Detection/Polyp-Gen:/seq14/masks/120.jpg,pgen_seq14,0,0,1064,1440
PolypGen,/home/samsul/Documents/Polyp Detection/Polyp-Gen:/seq14/images/179.jpg,/home/samsul/Documents/Polyp Detection/Polyp-Gen:/seq14/masks/179.jpg,pgen_seq14,3,1,1064,1440
PolypGen,/home/samsul/Documents/Polyp Detection/Polyp-Gen:/seq14/images/154.jpg,/home/samsul/Documents/Polyp Detection/Polyp-Gen:/seq14/masks/154.jpg,pgen_seq14,1,1,1064,1440
PolypGen,/home/samsul/Documents/Polyp Detection/Polyp-Gen:/seq14/images/89.jpg,/home/samsul/Documents/Polyp Detection/Polyp-Gen:/seq14/masks/89.jpg,pgen_seq14,0,0,1064,1440
PolypGen,/home/samsul/Documents/Polyp Detection/Polyp-Gen:/seq14/images/99.jpg,/home/samsul/Documents/Polyp Detection/Polyp-Gen:/seq14/masks/99.jpg,pgen_seq14,3,1,1064,1440
PolypGen,/home/samsul/Documents/Polyp Detection/Polyp-Gen:/seq14/images/131.jpg,/home/samsul/Documents/Polyp Detection/Polyp-Gen:/seq14/masks/131.jpg,pgen_seq14,4,1,1064,1440
PolypGen,/home/samsul/Documents/Polyp Detection/Polyp-Gen:/seq14/images/190.jpg,/home/samsul/Documents/Polyp Detection/Polyp-Gen:/seq14/masks/190.jpg,pgen_seq14,1,1,1064,1440
PolypGen,/home/samsul/Documents/Polyp Detection/Polyp-Gen:/seq14/images/105.jpg,/home/samsul/Documents/Polyp Detection/Polyp-Gen:/seq14/masks/105.jpg,pgen_seq14,0,0,1064,1440
PolypGen,/home/samsul/Documents/Polyp Detection/Polyp-Gen:/seq14/images/191.jpg,/home/samsul/Documents/Polyp Detection/Polyp-Gen:/seq14/masks/191.jpg,pgen_seq14,1,1,1064,1440
PolypGen,/home/samsul/Documents/Polyp Detection/Polyp-Gen:/seq14/images/112.jpg,/home/samsul/Documents/Polyp Detection/Polyp-Gen:/seq14/masks/112.jpg,pgen_seq14,0,0,1064,1440
PolypGen,/home/samsul/Documents/Polyp Detection/Polyp-Gen:/seq14/images/236.jpg,/home/samsul/Documents/Polyp Detection/Polyp-Gen:/seq14/masks/236.jpg,pgen_seq14,1,1,1064,1440
PolypGen,/home/samsul/Documents/Polyp Detection/Polyp-Gen:/seq14/images/170.jpg,/home/samsul/Documents/Polyp Detection/Polyp-Gen:/seq14/masks/170.jpg,pgen_seq14,2,1,1064,1440
PolypGen,/home/samsul/Documents/Polyp Detection/Polyp-Gen:/seq14/images/169.jpg,/home/samsul/Documents/Polyp Detection/Polyp-Gen:/seq14/masks/169.jpg,pgen_seq14,0,0,1064,1440
PolypGen,/home/samsul/Documents/Polyp Detection/Polyp-Gen:/seq14/images/86.jpg,/home/samsul/Documents/Polyp Detection/Polyp-Gen:/seq14/masks/86.jpg,pgen_seq14,1,1,1064,1440
PolypGen,/home/samsul/Documents/Polyp Detection/Polyp-Gen:/seq14/images/177.jpg,/home/samsul/Documents/Polyp Detection/Polyp-Gen:/seq14/masks/177.jpg,pgen_seq14,2,1,1064,1440
PolypGen,/home/samsul/Documents/Polyp Detection/Polyp-Gen:/seq14/images/31.jpg,/home/samsul/Documents/Polyp Detection/Polyp-Gen:/seq14/masks/31.jpg,pgen_seq14,3,1,1064,1440
PolypGen,/home/samsul/Documents/Polyp Detection/Polyp-Gen:/seq14/images/8.jpg,/home/samsul/Documents/Polyp Detection/Polyp-Gen:/seq14/masks/8.jpg,pgen_seq14,1,1,1064,1440
PolypGen,/home/samsul/Documents/Polyp Detection/Polyp-Gen:/seq14/images/164.jpg,/home/samsul/Documents/Polyp Detection/Polyp-Gen:/seq14/masks/164.jpg,pgen_seq14,0,0,1064,1440
PolypGen,/home/samsul/Documents/Polyp Detection/Polyp-Gen:/seq14/images/98.jpg,/home/samsul/Documents/Polyp Detection/Polyp-Gen:/seq14/masks/98.jpg,pgen_seq14,0,0,1064,1440
PolypGen,/home/samsul/Documents/Polyp Detection/Polyp-Gen:/seq14/images/103.jpg,/home/samsul/Documents/Polyp Detection/Polyp-Gen:/seq14/masks/103.jpg,pgen_seq14,0,0,1064,1440
PolypGen,/home/samsul/Documents/Polyp Detection/Polyp-Gen:/seq14/images/41.jpg,/home/samsul/Documents/Polyp Detection/Polyp-Gen:/seq14/masks/41.jpg,pgen_seq14,3,1,1064,1440
PolypGen,/home/samsul/Documents/Polyp Detection/Polyp-Gen:/seq14/images/109.jpg,/home/samsul/Documents/Polyp Detection/Polyp-Gen:/seq14/masks/109.jpg,pgen_seq14,0,0,1064,1440
PolypGen,/home/samsul/Documents/Polyp Detection/Polyp-Gen:/seq14/images/83.jpg,/home/samsul/Documents/Polyp Detection/Polyp-Gen:/seq14/masks/83.jpg,pgen_seq14,1,1,1064,1440
PolypGen,/home/samsul/Documents/Polyp Detection/Polyp-Gen:/seq14/images/165.jpg,/home/samsul/Documents/Polyp Detection/Polyp-Gen:/seq14/masks/165.jpg,pgen_seq14,0,0,1064,1440
PolypGen,/home/samsul/Documents/Polyp Detection/Polyp-Gen:/seq14/images/173.jpg,/home/samsul/Documents/Polyp Detection/Polyp-Gen:/seq14/masks/173.jpg,pgen_seq14,2,1,1064,1440
PolypGen,/home/samsul/Documents/Polyp Detection/Polyp-Gen:/seq14/images/172.jpg,/home/samsul/Documents/Polyp Detection/Polyp-Gen:/seq14/masks/172.jpg,pgen_seq14,1,1,1064,1440
PolypGen,/home/samsul/Documents/Polyp Detection/Polyp-Gen:/seq14/images/79.jpg,/home/samsul/Documents/Polyp Detection/Polyp-Gen:/seq14/masks/79.jpg,pgen_seq14,1,1,1064,1440
PolypGen,/home/samsul/Documents/Polyp Detection/Polyp-Gen:/seq14/images/193.jpg,/home/samsul/Documents/Polyp Detection/Polyp-Gen:/seq14/masks/193.jpg,pgen_seq14,1,1,1064,1440
PolypGen,/home/samsul/Documents/Polyp Detection/Polyp-Gen:/seq14/images/188.jpg,/home/samsul/Documents/Polyp Detection/Polyp-Gen:/seq14/masks/188.jpg,pgen_seq14,1,1,1064,1440
PolypGen,/home/samsul/Documents/Polyp Detection/Polyp-Gen:/seq14/images/158.jpg,/home/samsul/Documents/Polyp Detection/Polyp-Gen:/seq14/masks/158.jpg,pgen_seq14,3,1,1064,1440
PolypGen,/home/samsul/Documents/Polyp Detection/Polyp-Gen:/seq14/images/50.jpg,/home/samsul/Documents/Polyp Detection/Polyp-Gen:/seq14/masks/50.jpg,pgen_seq14,1,1,1064,1440
PolypGen,/home/samsul/Documents/Polyp Detection/Polyp-Gen:/seq14/images/1.jpg,/home/samsul/Documents/Polyp Detection/Polyp-Gen:/seq14/masks/1.jpg,pgen_seq14,0,0,1064,1440
PolypGen,/home/samsul/Documents/Polyp Detection/Polyp-Gen:/seq14/images/186.jpg,/home/samsul/Documents/Polyp Detection/Polyp-Gen:/seq14/masks/186.jpg,pgen_seq14,1,1,1064,1440
PolypGen,/home/samsul/Documents/Polyp Detection/Polyp-Gen:/seq14/images/52.jpg,/home/samsul/Documents/Polyp Detection/Polyp-Gen:/seq14/masks/52.jpg,pgen_seq14,1,1,1064,1440
PolypGen,/home/samsul/Documents/Polyp Detection/Polyp-Gen:/seq14/images/95.jpg,/home/samsul/Documents/Polyp Detection/Polyp-Gen:/seq14/masks/95.jpg,pgen_seq14,1,1,1064,1440
PolypGen,/home/samsul/Documents/Polyp Detection/Polyp-Gen:/seq14/images/19.jpg,/home/samsul/Documents/Polyp Detection/Polyp-Gen:/seq14/masks/19.jpg,pgen_seq14,1,1,1064,1440
PolypGen,/home/samsul/Documents/Polyp Detection/Polyp-Gen:/seq14/images/171.jpg,/home/samsul/Documents/Polyp Detection/Polyp-Gen:/seq14/masks/171.jpg,pgen_seq14,2,1,1064,1440
PolypGen,/home/samsul/Documents/Polyp Detection/Polyp-Gen:/seq14/images/60.jpg,/home/samsul/Documents/Polyp Detection/Polyp-Gen:/seq14/masks/60.jpg,pgen_seq14,1,1,1064,1440
PolypGen,/home/samsul/Documents/Polyp Detection/Polyp-Gen:/seq14/images/124.jpg,/home/samsul/Documents/Polyp Detection/Polyp-Gen:/seq14/masks/124.jpg,pgen_seq14,2,1,1064,1440
PolypGen,/home/samsul/Documents/Polyp Detection/Polyp-Gen:/seq14/images/189.jpg,/home/samsul/Documents/Polyp Detection/Polyp-Gen:/seq14/masks/189.jpg,pgen_seq14,1,1,1064,1440
PolypGen,/home/samsul/Documents/Polyp Detection/Polyp-Gen:/seq14/images/69.jpg,/home/samsul/Documents/Polyp Detection/Polyp-Gen:/seq14/masks/69.jpg,pgen_seq14,1,1,1064,1440
PolypGen,/home/samsul/Documents/Polyp Detection/Polyp-Gen:/seq14/images/163.jpg,/home/samsul/Documents/Polyp Detection/Polyp-Gen:/seq14/masks/163.jpg,pgen_seq14,0,0,1064,1440
PolypGen,/home/samsul/Documents/Polyp Detection/Polyp-Gen:/seq14/images/225.jpg,/home/samsul/Documents/Polyp Detection/Polyp-Gen:/seq14/masks/225.jpg,pgen_seq14,0,0,1064,1440
PolypGen,/home/samsul/Documents/Polyp Detection/Polyp-Gen:/seq14/images/14.jpg,/home/samsul/Documents/Polyp Detection/Polyp-Gen:/seq14/masks/14.jpg,pgen_seq14,1,1,1064,1440
PolypGen,/home/samsul/Documents/Polyp Detection/Polyp-Gen:/seq14/images/91.jpg,/home/samsul/Documents/Polyp Detection/Polyp-Gen:/seq14/masks/91.jpg,pgen_seq14,0,0,1064,1440
PolypGen,/home/samsul/Documents/Polyp Detection/Polyp-Gen:/seq14/images/70.jpg,/home/samsul/Documents/Polyp Detection/Polyp-Gen:/seq14/masks/70.jpg,pgen_seq14,1,1,1064,1440
PolypGen,/home/samsul/Documents/Polyp Detection/Polyp-Gen:/seq14/images/117.jpg,/home/samsul/Documents/Polyp Detection/Polyp-Gen:/seq14/masks/117.jpg,pgen_seq14,1,1,1064,1440
PolypGen,/home/samsul/Documents/Polyp Detection/Polyp-Gen:/seq14/images/23.jpg,/home/samsul/Documents/Polyp Detection/Polyp-Gen:/seq14/masks/23.jpg,pgen_seq14,1,1,1064,1440
PolypGen,/home/samsul/Documents/Polyp Detection/Polyp-Gen:/seq14/images/199.jpg,/home/samsul/Documents/Polyp Detection/Polyp-Gen:/seq14/masks/199.jpg,pgen_seq14,2,1,1064,1440
PolypGen,/home/samsul/Documents/Polyp Detection/Polyp-Gen:/seq14/images/205.jpg,/home/samsul/Documents/Polyp Detection/Polyp-Gen:/seq14/masks/205.jpg,pgen_seq14,4,1,1064,1440
PolypGen,/home/samsul/Documents/Polyp Detection/Polyp-Gen:/seq14/images/64.jpg,/home/samsul/Documents/Polyp Detection/Polyp-Gen:/seq14/masks/64.jpg,pgen_seq14,1,1,1064,1440
PolypGen,/home/samsul/Documents/Polyp Detection/Polyp-Gen:/seq14/images/28.jpg,/home/samsul/Documents/Polyp Detection/Polyp-Gen:/seq14/masks/28.jpg,pgen_seq14,1,1,1064,1440
PolypGen,/home/samsul/Documents/Polyp Detection/Polyp-Gen:/seq14/images/17.jpg,/home/samsul/Documents/Polyp Detection/Polyp-Gen:/seq14/masks/17.jpg,pgen_seq14,1,1,1064,1440
PolypGen,/home/samsul/Documents/Polyp Detection/Polyp-Gen:/seq14/images/36.jpg,/home/samsul/Documents/Polyp Detection/Polyp-Gen:/seq14/masks/36.jpg,pgen_seq14,4,1,1064,1440
PolypGen,/home/samsul/Documents/Polyp Detection/Polyp-Gen:/seq14/images/87.jpg,/home/samsul/Documents/Polyp Detection/Polyp-Gen:/seq14/masks/87.jpg,pgen_seq14,1,1,1064,1440
PolypGen,/home/samsul/Documents/Polyp Detection/Polyp-Gen:/seq14/images/4.jpg,/home/samsul/Documents/Polyp Detection/Polyp-Gen:/seq14/masks/4.jpg,pgen_seq14,0,0,1064,1440
PolypGen,/home/samsul/Documents/Polyp Detection/Polyp-Gen:/seq14/images/216.jpg,/home/samsul/Documents/Polyp Detection/Polyp-Gen:/seq14/masks/216.jpg,pgen_seq14,2,1,1064,1440
PolypGen,/home/samsul/Documents/Polyp Detection/Polyp-Gen:/seq14/images/5.jpg,/home/samsul/Documents/Polyp Detection/Polyp-Gen:/seq14/masks/5.jpg,pgen_seq14,0,0,1064,1440
PolypGen,/home/samsul/Documents/Polyp Detection/Polyp-Gen:/seq14/images/21.jpg,/home/samsul/Documents/Polyp Detection/Polyp-Gen:/seq14/masks/21.jpg,pgen_seq14,1,1,1064,1440
PolypGen,/home/samsul/Documents/Polyp Detection/Polyp-Gen:/seq14/images/208.jpg,/home/samsul/Documents/Polyp Detection/Polyp-Gen:/seq14/masks/208.jpg,pgen_seq14,4,1,1064,1440
PolypGen,/home/samsul/Documents/Polyp Detection/Polyp-Gen:/seq14/images/72.jpg,/home/samsul/Documents/Polyp Detection/Polyp-Gen:/seq14/masks/72.jpg,pgen_seq14,1,1,1064,1440
PolypGen,/home/samsul/Documents/Polyp Detection/Polyp-Gen:/seq14/images/0.jpg,/home/samsul/Documents/Polyp Detection/Polyp-Gen:/seq14/masks/0.jpg,pgen_seq14,1,1,1064,1440
PolypGen,/home/samsul/Documents/Polyp Detection/Polyp-Gen:/seq14/images/147.jpg,/home/samsul/Documents/Polyp Detection/Polyp-Gen:/seq14/masks/147.jpg,pgen_seq14,2,1,1064,1440
PolypGen,/home/samsul/Documents/Polyp Detection/Polyp-Gen:/seq14/images/194.jpg,/home/samsul/Documents/Polyp Detection/Polyp-Gen:/seq14/masks/194.jpg,pgen_seq14,1,1,1064,1440
PolypGen,/home/samsul/Documents/Polyp Detection/Polyp-Gen:/seq14/images/148.jpg,/home/samsul/Documents/Polyp Detection/Polyp-Gen:/seq14/masks/148.jpg,pgen_seq14,2,1,1064,1440
PolypGen,/home/samsul/Documents/Polyp Detection/Polyp-Gen:/seq14/images/113.jpg,/home/samsul/Documents/Polyp Detection/Polyp-Gen:/seq14/masks/113.jpg,pgen_seq14,0,0,1064,1440
PolypGen,/home/samsul/Documents/Polyp Detection/Polyp-Gen:/seq14/images/26.jpg,/home/samsul/Documents/Polyp Detection/Polyp-Gen:/seq14/masks/26.jpg,pgen_seq14,3,1,1064,1440
PolypGen,/home/samsul/Documents/Polyp Detection/Polyp-Gen:/seq14/images/12.jpg,/home/samsul/Documents/Polyp Detection/Polyp-Gen:/seq14/masks/12.jpg,pgen_seq14,1,1,1064,1440
PolypGen,/home/samsul/Documents/Polyp Detection/Polyp-Gen:/seq14/images/108.jpg,/home/samsul/Documents/Polyp Detection/Polyp-Gen:/seq14/masks/108.jpg,pgen_seq14,0,0,1064,1440
PolypGen,/home/samsul/Documents/Polyp Detection/Polyp-Gen:/seq14/images/221.jpg,/home/samsul/Documents/Polyp Detection/Polyp-Gen:/seq14/masks/221.jpg,pgen_seq14,1,1,1064,1440
PolypGen,/home/samsul/Documents/Polyp Detection/Polyp-Gen:/seq14/images/22.jpg,/home/samsul/Documents/Polyp Detection/Polyp-Gen:/seq14/masks/22.jpg,pgen_seq14,1,1,1064,1440
PolypGen,/home/samsul/Documents/Polyp Detection/Polyp-Gen:/seq14/images/129.jpg,/home/samsul/Documents/Polyp Detection/Polyp-Gen:/seq14/masks/129.jpg,pgen_seq14,3,1,1064,1440
PolypGen,/home/samsul/Documents/Polyp Detection/Polyp-Gen:/seq14/images/140.jpg,/home/samsul/Documents/Polyp Detection/Polyp-Gen:/seq14/masks/140.jpg,pgen_seq14,2,1,1064,1440
PolypGen,/home/samsul/Documents/Polyp Detection/Polyp-Gen:/seq14/images/100.jpg,/home/samsul/Documents/Polyp Detection/Polyp-Gen:/seq14/masks/100.jpg,pgen_seq14,0,0,1064,1440
PolypGen,/home/samsul/Documents/Polyp Detection/Polyp-Gen:/seq14/images/248.jpg,/home/samsul/Documents/Polyp Detection/Polyp-Gen:/seq14/masks/248.jpg,pgen_seq14,1,1,1064,1440
PolypGen,/home/samsul/Documents/Polyp Detection/Polyp-Gen:/seq14/images/32.jpg,/home/samsul/Documents/Polyp Detection/Polyp-Gen:/seq14/masks/32.jpg,pgen_seq14,2,1,1064,1440
PolypGen,/home/samsul/Documents/Polyp Detection/Polyp-Gen:/seq14/images/178.jpg,/home/samsul/Documents/Polyp Detection/Polyp-Gen:/seq14/masks/178.jpg,pgen_seq14,2,1,1064,1440
PolypGen,/home/samsul/Documents/Polyp Detection/Polyp-Gen:/seq14/images/9.jpg,/home/samsul/Documents/Polyp Detection/Polyp-Gen:/seq14/masks/9.jpg,pgen_seq14,1,1,1064,1440
PolypGen,/home/samsul/Documents/Polyp Detection/Polyp-Gen:/seq14/images/44.jpg,/home/samsul/Documents/Polyp Detection/Polyp-Gen:/seq14/masks/44.jpg,pgen_seq14,1,1,1064,1440
PolypGen,/home/samsul/Documents/Polyp Detection/Polyp-Gen:/seq14/images/106.jpg,/home/samsul/Documents/Polyp Detection/Polyp-Gen:/seq14/masks/106.jpg,pgen_seq14,1,1,1064,1440
PolypGen,/home/samsul/Documents/Polyp Detection/Polyp-Gen:/seq14/images/80.jpg,/home/samsul/Documents/Polyp Detection/Polyp-Gen:/seq14/masks/80.jpg,pgen_seq14,1,1,1064,1440
PolypGen,/home/samsul/Documents/Polyp Detection/Polyp-Gen:/seq14/images/35.jpg,/home/samsul/Documents/Polyp Detection/Polyp-Gen:/seq14/masks/35.jpg,pgen_seq14,3,1,1064,1440
PolypGen,/home/samsul/Documents/Polyp Detection/Polyp-Gen:/seq14/images/48.jpg,/home/samsul/Documents/Polyp Detection/Polyp-Gen:/seq14/masks/48.jpg,pgen_seq14,1,1,1064,1440
PolypGen,/home/samsul/Documents/Polyp Detection/Polyp-Gen:/seq14/images/229.jpg,/home/samsul/Documents/Polyp Detection/Polyp-Gen:/seq14/masks/229.jpg,pgen_seq14,0,0,1064,1440
PolypGen,/home/samsul/Documents/Polyp Detection/Polyp-Gen:/seq14/images/33.jpg,/home/samsul/Documents/Polyp Detection/Polyp-Gen:/seq14/masks/33.jpg,pgen_seq14,1,1,1064,1440
PolypGen,/home/samsul/Documents/Polyp Detection/Polyp-Gen:/seq14/images/141.jpg,/home/samsul/Documents/Polyp Detection/Polyp-Gen:/seq14/masks/141.jpg,pgen_seq14,1,1,1064,1440
PolypGen,/home/samsul/Documents/Polyp Detection/Polyp-Gen:/seq14/images/43.jpg,/home/samsul/Documents/Polyp Detection/Polyp-Gen:/seq14/masks/43.jpg,pgen_seq14,1,1,1064,1440
PolypGen,/home/samsul/Documents/Polyp Detection/Polyp-Gen:/seq14/images/90.jpg,/home/samsul/Documents/Polyp Detection/Polyp-Gen:/seq14/masks/90.jpg,pgen_seq14,0,0,1064,1440
PolypGen,/home/samsul/Documents/Polyp Detection/Polyp-Gen:/seq14/images/223.jpg,/home/samsul/Documents/Polyp Detection/Polyp-Gen:/seq14/masks/223.jpg,pgen_seq14,1,1,1064,1440
PolypGen,/home/samsul/Documents/Polyp Detection/Polyp-Gen:/seq14/images/55.jpg,/home/samsul/Documents/Polyp Detection/Polyp-Gen:/seq14/masks/55.jpg,pgen_seq14,1,1,1064,1440
PolypGen,/home/samsul/Documents/Polyp Detection/Polyp-Gen:/seq14/images/183.jpg,/home/samsul/Documents/Polyp Detection/Polyp-Gen:/seq14/masks/183.jpg,pgen_seq14,2,1,1064,1440
PolypGen,/home/samsul/Documents/Polyp Detection/Polyp-Gen:/seq14/images/245.jpg,/home/samsul/Documents/Polyp Detection/Polyp-Gen:/seq14/masks/245.jpg,pgen_seq14,1,1,1064,1440
PolypGen,/home/samsul/Documents/Polyp Detection/Polyp-Gen:/seq14/images/143.jpg,/home/samsul/Documents/Polyp Detection/Polyp-Gen:/seq14/masks/143.jpg,pgen_seq14,2,1,1064,1440
PolypGen,/home/samsul/Documents/Polyp Detection/Polyp-Gen:/seq14/images/226.jpg,/home/samsul/Documents/Polyp Detection/Polyp-Gen:/seq14/masks/226.jpg,pgen_seq14,0,0,1064,1440
PolypGen,/home/samsul/Documents/Polyp Detection/Polyp-Gen:/seq14/images/213.jpg,/home/samsul/Documents/Polyp Detection/Polyp-Gen:/seq14/masks/213.jpg,pgen_seq14,4,1,1064,1440
PolypGen,/home/samsul/Documents/Polyp Detection/Polyp-Gen:/seq14/images/175.jpg,/home/samsul/Documents/Polyp Detection/Polyp-Gen:/seq14/masks/175.jpg,pgen_seq14,3,1,1064,1440
PolypGen,/home/samsul/Documents/Polyp Detection/Polyp-Gen:/seq14/images/125.jpg,/home/samsul/Documents/Polyp Detection/Polyp-Gen:/seq14/masks/125.jpg,pgen_seq14,2,1,1064,1440
PolypGen,/home/samsul/Documents/Polyp Detection/Polyp-Gen:/seq14/images/227.jpg,/home/samsul/Documents/Polyp Detection/Polyp-Gen:/seq14/masks/227.jpg,pgen_seq14,0,0,1064,1440
PolypGen,/home/samsul/Documents/Polyp Detection/Polyp-Gen:/seq14/images/47.jpg,/home/samsul/Documents/Polyp Detection/Polyp-Gen:/seq14/masks/47.jpg,pgen_seq14,1,1,1064,1440
PolypGen,/home/samsul/Documents/Polyp Detection/Polyp-Gen:/seq14/images/206.jpg,/home/samsul/Documents/Polyp Detection/Polyp-Gen:/seq14/masks/206.jpg,pgen_seq14,2,1,1064,1440
PolypGen,/home/samsul/Documents/Polyp Detection/Polyp-Gen:/seq14/images/157.jpg,/home/samsul/Documents/Polyp Detection/Polyp-Gen:/seq14/masks/157.jpg,pgen_seq14,2,1,1064,1440
PolypGen,/home/samsul/Documents/Polyp Detection/Polyp-Gen:/seq14/images/133.jpg,/home/samsul/Documents/Polyp Detection/Polyp-Gen:/seq14/masks/133.jpg,pgen_seq14,2,1,1064,1440
PolypGen,/home/samsul/Documents/Polyp Detection/Polyp-Gen:/seq14/images/233.jpg,/home/samsul/Documents/Polyp Detection/Polyp-Gen:/seq14/masks/233.jpg,pgen_seq14,1,1,1064,1440
PolypGen,/home/samsul/Documents/Polyp Detection/Polyp-Gen:/seq14/images/184.jpg,/home/samsul/Documents/Polyp Detection/Polyp-Gen:/seq14/masks/184.jpg,pgen_seq14,1,1,1064,1440
PolypGen,/home/samsul/Documents/Polyp Detection/Polyp-Gen:/seq14/images/13.jpg,/home/samsul/Documents/Polyp Detection/Polyp-Gen:/seq14/masks/13.jpg,pgen_seq14,1,1,1064,1440
PolypGen,/home/samsul/Documents/Polyp Detection/Polyp-Gen:/seq14/images/144.jpg,/home/samsul/Documents/Polyp Detection/Polyp-Gen:/seq14/masks/144.jpg,pgen_seq14,1,1,1064,1440
PolypGen,/home/samsul/Documents/Polyp Detection/Polyp-Gen:/seq14/images/53.jpg,/home/samsul/Documents/Polyp Detection/Polyp-Gen:/seq14/masks/53.jpg,pgen_seq14,1,1,1064,1440
PolypGen,/home/samsul/Documents/Polyp Detection/Polyp-Gen:/seq14/images/196.jpg,/home/samsul/Documents/Polyp Detection/Polyp-Gen:/seq14/masks/196.jpg,pgen_seq14,4,1,1064,1440
PolypGen,/home/samsul/Documents/Polyp Detection/Polyp-Gen:/seq14/images/16.jpg,/home/samsul/Documents/Polyp Detection/Polyp-Gen:/seq14/masks/16.jpg,pgen_seq14,1,1,1064,1440
PolypGen,/home/samsul/Documents/Polyp Detection/Polyp-Gen:/seq14/images/195.jpg,/home/samsul/Documents/Polyp Detection/Polyp-Gen:/seq14/masks/195.jpg,pgen_seq14,3,1,1064,1440
PolypGen,/home/samsul/Documents/Polyp Detection/Polyp-Gen:/seq14/images/42.jpg,/home/samsul/Documents/Polyp Detection/Polyp-Gen:/seq14/masks/42.jpg,pgen_seq14,4,1,1064,1440
PolypGen,/home/samsul/Documents/Polyp Detection/Polyp-Gen:/seq14/images/218.jpg,/home/samsul/Documents/Polyp Detection/Polyp-Gen:/seq14/masks/218.jpg,pgen_seq14,1,1,1064,1440
PolypGen,/home/samsul/Documents/Polyp Detection/Polyp-Gen:/seq14/images/114.jpg,/home/samsul/Documents/Polyp Detection/Polyp-Gen:/seq14/masks/114.jpg,pgen_seq14,0,0,1064,1440
PolypGen,/home/samsul/Documents/Polyp Detection/Polyp-Gen:/seq14/images/222.jpg,/home/samsul/Documents/Polyp Detection/Polyp-Gen:/seq14/masks/222.jpg,pgen_seq14,1,1,1064,1440
PolypGen,/home/samsul/Documents/Polyp Detection/Polyp-Gen:/seq14/images/38.jpg,/home/samsul/Documents/Polyp Detection/Polyp-Gen:/seq14/masks/38.jpg,pgen_seq14,2,1,1064,1440
PolypGen,/home/samsul/Documents/Polyp Detection/Polyp-Gen:/seq14/images/237.jpg,/home/samsul/Documents/Polyp Detection/Polyp-Gen:/seq14/masks/237.jpg,pgen_seq14,1,1,1064,1440
PolypGen,/home/samsul/Documents/Polyp Detection/Polyp-Gen:/seq14/images/15.jpg,/home/samsul/Documents/Polyp Detection/Polyp-Gen:/seq14/masks/15.jpg,pgen_seq14,1,1,1064,1440
PolypGen,/home/samsul/Documents/Polyp Detection/Polyp-Gen:/seq14/images/25.jpg,/home/samsul/Documents/Polyp Detection/Polyp-Gen:/seq14/masks/25.jpg,pgen_seq14,1,1,1064,1440
PolypGen,/home/samsul/Documents/Polyp Detection/Polyp-Gen:/seq14/images/152.jpg,/home/samsul/Documents/Polyp Detection/Polyp-Gen:/seq14/masks/152.jpg,pgen_seq14,3,1,1064,1440
PolypGen,/home/samsul/Documents/Polyp Detection/Polyp-Gen:/seq14/images/146.jpg,/home/samsul/Documents/Polyp Detection/Polyp-Gen:/seq14/masks/146.jpg,pgen_seq14,2,1,1064,1440
PolypGen,/home/samsul/Documents/Polyp Detection/Polyp-Gen:/seq14/images/96.jpg,/home/samsul/Documents/Polyp Detection/Polyp-Gen:/seq14/masks/96.jpg,pgen_seq14,0,0,1064,1440
PolypGen,/home/samsul/Documents/Polyp Detection/Polyp-Gen:/seq14/images/84.jpg,/home/samsul/Documents/Polyp Detection/Polyp-Gen:/seq14/masks/84.jpg,pgen_seq14,1,1,1064,1440
PolypGen,/home/samsul/Documents/Polyp Detection/Polyp-Gen:/seq14/images/212.jpg,/home/samsul/Documents/Polyp Detection/Polyp-Gen:/seq14/masks/212.jpg,pgen_seq14,2,1,1064,1440
PolypGen,/home/samsul/Documents/Polyp Detection/Polyp-Gen:/seq14/images/107.jpg,/home/samsul/Documents/Polyp Detection/Polyp-Gen:/seq14/masks/107.jpg,pgen_seq14,0,0,1064,1440
PolypGen,/home/samsul/Documents/Polyp Detection/Polyp-Gen:/seq14/images/246.jpg,/home/samsul/Documents/Polyp Detection/Polyp-Gen:/seq14/masks/246.jpg,pgen_seq14,1,1,1064,1440
PolypGen,/home/samsul/Documents/Polyp Detection/Polyp-Gen:/seq14/images/217.jpg,/home/samsul/Documents/Polyp Detection/Polyp-Gen:/seq14/masks/217.jpg,pgen_seq14,1,1,1064,1440
PolypGen,/home/samsul/Documents/Polyp Detection/Polyp-Gen:/seq14/images/134.jpg,/home/samsul/Documents/Polyp Detection/Polyp-Gen:/seq14/masks/134.jpg,pgen_seq14,2,1,1064,1440
PolypGen,/home/samsul/Documents/Polyp Detection/Polyp-Gen:/seq14/images/215.jpg,/home/samsul/Documents/Polyp Detection/Polyp-Gen:/seq14/masks/215.jpg,pgen_seq14,2,1,1064,1440
PolypGen,/home/samsul/Documents/Polyp Detection/Polyp-Gen:/seq14/images/97.jpg,/home/samsul/Documents/Polyp Detection/Polyp-Gen:/seq14/masks/97.jpg,pgen_seq14,0,0,1064,1440
PolypGen,/home/samsul/Documents/Polyp Detection/Polyp-Gen:/seq14/images/135.jpg,/home/samsul/Documents/Polyp Detection/Polyp-Gen:/seq14/masks/135.jpg,pgen_seq14,2,1,1064,1440
PolypGen,/home/samsul/Documents/Polyp Detection/Polyp-Gen:/seq14/images/102.jpg,/home/samsul/Documents/Polyp Detection/Polyp-Gen:/seq14/masks/102.jpg,pgen_seq14,0,0,1064,1440
PolypGen,/home/samsul/Documents/Polyp Detection/Polyp-Gen:/seq14/images/219.jpg,/home/samsul/Documents/Polyp Detection/Polyp-Gen:/seq14/masks/219.jpg,pgen_seq14,1,1,1064,1440
PolypGen,/home/samsul/Documents/Polyp Detection/Polyp-Gen:/seq14/images/168.jpg,/home/samsul/Documents/Polyp Detection/Polyp-Gen:/seq14/masks/168.jpg,pgen_seq14,0,0,1064,1440
PolypGen,/home/samsul/Documents/Polyp Detection/Polyp-Gen:/seq14/images/63.jpg,/home/samsul/Documents/Polyp Detection/Polyp-Gen:/seq14/masks/63.jpg,pgen_seq14,1,1,1064,1440
PolypGen,/home/samsul/Documents/Polyp Detection/Polyp-Gen:/seq14/images/228.jpg,/home/samsul/Documents/Polyp Detection/Polyp-Gen:/seq14/masks/228.jpg,pgen_seq14,4,1,1064,1440
PolypGen,/home/samsul/Documents/Polyp Detection/Polyp-Gen:/seq14/images/242.jpg,/home/samsul/Documents/Polyp Detection/Polyp-Gen:/seq14/masks/242.jpg,pgen_seq14,1,1,1064,1440
PolypGen,/home/samsul/Documents/Polyp Detection/Polyp-Gen:/seq14/images/56.jpg,/home/samsul/Documents/Polyp Detection/Polyp-Gen:/seq14/masks/56.jpg,pgen_seq14,1,1,1064,1440
PolypGen,/home/samsul/Documents/Polyp Detection/Polyp-Gen:/seq14/images/119.jpg,/home/samsul/Documents/Polyp Detection/Polyp-Gen:/seq14/masks/119.jpg,pgen_seq14,0,0,1064,1440
PolypGen,/home/samsul/Documents/Polyp Detection/Polyp-Gen:/seq14/images/201.jpg,/home/samsul/Documents/Polyp Detection/Polyp-Gen:/seq14/masks/201.jpg,pgen_seq14,3,1,1064,1440
PolypGen,/home/samsul/Documents/Polyp Detection/Polyp-Gen:/seq14/images/20.jpg,/home/samsul/Documents/Polyp Detection/Polyp-Gen:/seq14/masks/20.jpg,pgen_seq14,1,1,1064,1440
PolypGen,/home/samsul/Documents/Polyp Detection/Polyp-Gen:/seq14/images/46.jpg,/home/samsul/Documents/Polyp Detection/Polyp-Gen:/seq14/masks/46.jpg,pgen_seq14,1,1,1064,1440
PolypGen,/home/samsul/Documents/Polyp Detection/Polyp-Gen:/seq14/images/210.jpg,/home/samsul/Documents/Polyp Detection/Polyp-Gen:/seq14/masks/210.jpg,pgen_seq14,1,1,1064,1440
PolypGen,/home/samsul/Documents/Polyp Detection/Polyp-Gen:/seq14/images/122.jpg,/home/samsul/Documents/Polyp Detection/Polyp-Gen:/seq14/masks/122.jpg,pgen_seq14,0,0,1064,1440
PolypGen,/home/samsul/Documents/Polyp Detection/Polyp-Gen:/seq14/images/153.jpg,/home/samsul/Documents/Polyp Detection/Polyp-Gen:/seq14/masks/153.jpg,pgen_seq14,1,1,1064,1440
PolypGen,/home/samsul/Documents/Polyp Detection/Polyp-Gen:/seq14/images/127.jpg,/home/samsul/Documents/Polyp Detection/Polyp-Gen:/seq14/masks/127.jpg,pgen_seq14,3,1,1064,1440
PolypGen,/home/samsul/Documents/Polyp Detection/Polyp-Gen:/seq14/images/142.jpg,/home/samsul/Documents/Polyp Detection/Polyp-Gen:/seq14/masks/142.jpg,pgen_seq14,1,1,1064,1440
PolypGen,/home/samsul/Documents/Polyp Detection/Polyp-Gen:/seq14/images/202.jpg,/home/samsul/Documents/Polyp Detection/Polyp-Gen:/seq14/masks/202.jpg,pgen_seq14,2,1,1064,1440
PolypGen,/home/samsul/Documents/Polyp Detection/Polyp-Gen:/seq14/images/74.jpg,/home/samsul/Documents/Polyp Detection/Polyp-Gen:/seq14/masks/74.jpg,pgen_seq14,1,1,1064,1440
PolypGen,/home/samsul/Documents/Polyp Detection/Polyp-Gen:/seq14/images/136.jpg,/home/samsul/Documents/Polyp Detection/Polyp-Gen:/seq14/masks/136.jpg,pgen_seq14,2,1,1064,1440
PolypGen,/home/samsul/Documents/Polyp Detection/Polyp-Gen:/seq14/images/92.jpg,/home/samsul/Documents/Polyp Detection/Polyp-Gen:/seq14/masks/92.jpg,pgen_seq14,0,0,1064,1440
PolypGen,/home/samsul/Documents/Polyp Detection/Polyp-Gen:/seq14/images/185.jpg,/home/samsul/Documents/Polyp Detection/Polyp-Gen:/seq14/masks/185.jpg,pgen_seq14,1,1,1064,1440
PolypGen,/home/samsul/Documents/Polyp Detection/Polyp-Gen:/seq14/images/155.jpg,/home/samsul/Documents/Polyp Detection/Polyp-Gen:/seq14/masks/155.jpg,pgen_seq14,1,1,1064,1440
PolypGen,/home/samsul/Documents/Polyp Detection/Polyp-Gen:/seq14/images/7.jpg,/home/samsul/Documents/Polyp Detection/Polyp-Gen:/seq14/masks/7.jpg,pgen_seq14,0,0,1064,1440
PolypGen,/home/samsul/Documents/Polyp Detection/Polyp-Gen:/seq14/images/45.jpg,/home/samsul/Documents/Polyp Detection/Polyp-Gen:/seq14/masks/45.jpg,pgen_seq14,1,1,1064,1440
PolypGen,/home/samsul/Documents/Polyp Detection/Polyp-Gen:/seq14/images/128.jpg,/home/samsul/Documents/Polyp Detection/Polyp-Gen:/seq14/masks/128.jpg,pgen_seq14,1,1,1064,1440
PolypGen,/home/samsul/Documents/Polyp Detection/Polyp-Gen:/seq14/images/180.jpg,/home/samsul/Documents/Polyp Detection/Polyp-Gen:/seq14/masks/180.jpg,pgen_seq14,2,1,1064,1440
PolypGen,/home/samsul/Documents/Polyp Detection/Polyp-Gen:/seq14/images/73.jpg,/home/samsul/Documents/Polyp Detection/Polyp-Gen:/seq14/masks/73.jpg,pgen_seq14,1,1,1064,1440
PolypGen,/home/samsul/Documents/Polyp Detection/Polyp-Gen:/seq14/images/94.jpg,/home/samsul/Documents/Polyp Detection/Polyp-Gen:/seq14/masks/94.jpg,pgen_seq14,0,0,1064,1440
PolypGen,/home/samsul/Documents/Polyp Detection/Polyp-Gen:/seq14/images/132.jpg,/home/samsul/Documents/Polyp Detection/Polyp-Gen:/seq14/masks/132.jpg,pgen_seq14,3,1,1064,1440
PolypGen,/home/samsul/Documents/Polyp Detection/Polyp-Gen:/seq14/images/207.jpg,/home/samsul/Documents/Polyp Detection/Polyp-Gen:/seq14/masks/207.jpg,pgen_seq14,2,1,1064,1440
PolypGen,/home/samsul/Documents/Polyp Detection/Polyp-Gen:/seq14/images/151.jpg,/home/samsul/Documents/Polyp Detection/Polyp-Gen:/seq14/masks/151.jpg,pgen_seq14,4,1,1064,1440
PolypGen,/home/samsul/Documents/Polyp Detection/Polyp-Gen:/seq14/images/88.jpg,/home/samsul/Documents/Polyp Detection/Polyp-Gen:/seq14/masks/88.jpg,pgen_seq14,1,1,1064,1440
PolypGen,/home/samsul/Documents/Polyp Detection/Polyp-Gen:/seq14/images/65.jpg,/home/samsul/Documents/Polyp Detection/Polyp-Gen:/seq14/masks/65.jpg,pgen_seq14,1,1,1064,1440
PolypGen,/home/samsul/Documents/Polyp Detection/Polyp-Gen:/seq14/images/176.jpg,/home/samsul/Documents/Polyp Detection/Polyp-Gen:/seq14/masks/176.jpg,pgen_seq14,4,1,1064,1440
PolypGen,/home/samsul/Documents/Polyp Detection/Polyp-Gen:/seq14/images/161.jpg,/home/samsul/Documents/Polyp Detection/Polyp-Gen:/seq14/masks/161.jpg,pgen_seq14,1,1,1064,1440
PolypGen,/home/samsul/Documents/Polyp Detection/Polyp-Gen:/seq14/images/139.jpg,/home/samsul/Documents/Polyp Detection/Polyp-Gen:/seq14/masks/139.jpg,pgen_seq14,1,1,1064,1440
PolypGen,/home/samsul/Documents/Polyp Detection/Polyp-Gen:/seq14/images/77.jpg,/home/samsul/Documents/Polyp Detection/Polyp-Gen:/seq14/masks/77.jpg,pgen_seq14,1,1,1064,1440
PolypGen,/home/samsul/Documents/Polyp Detection/Polyp-Gen:/seq14/images/61.jpg,/home/samsul/Documents/Polyp Detection/Polyp-Gen:/seq14/masks/61.jpg,pgen_seq14,1,1,1064,1440
PolypGen,/home/samsul/Documents/Polyp Detection/Polyp-Gen:/seq14/images/149.jpg,/home/samsul/Documents/Polyp Detection/Polyp-Gen:/seq14/masks/149.jpg,pgen_seq14,1,1,1064,1440
PolypGen,/home/samsul/Documents/Polyp Detection/Polyp-Gen:/seq14/images/240.jpg,/home/samsul/Documents/Polyp Detection/Polyp-Gen:/seq14/masks/240.jpg,pgen_seq14,1,1,1064,1440
PolypGen,/home/samsul/Documents/Polyp Detection/Polyp-Gen:/seq14/images/224.jpg,/home/samsul/Documents/Polyp Detection/Polyp-Gen:/seq14/masks/224.jpg,pgen_seq14,1,1,1064,1440
PolypGen,/home/samsul/Documents/Polyp Detection/Polyp-Gen:/seq14/images/239.jpg,/home/samsul/Documents/Polyp Detection/Polyp-Gen:/seq14/masks/239.jpg,pgen_seq14,1,1,1064,1440
PolypGen,/home/samsul/Documents/Polyp Detection/Polyp-Gen:/seq14/images/130.jpg,/home/samsul/Documents/Polyp Detection/Polyp-Gen:/seq14/masks/130.jpg,pgen_seq14,1,1,1064,1440
PolypGen,/home/samsul/Documents/Polyp Detection/Polyp-Gen:/seq14/images/24.jpg,/home/samsul/Documents/Polyp Detection/Polyp-Gen:/seq14/masks/24.jpg,pgen_seq14,1,1,1064,1440
PolypGen,/home/samsul/Documents/Polyp Detection/Polyp-Gen:/seq14/images/203.jpg,/home/samsul/Documents/Polyp Detection/Polyp-Gen:/seq14/masks/203.jpg,pgen_seq14,2,1,1064,1440
PolypGen,/home/samsul/Documents/Polyp Detection/Polyp-Gen:/seq14/images/160.jpg,/home/samsul/Documents/Polyp Detection/Polyp-Gen:/seq14/masks/160.jpg,pgen_seq14,4,1,1064,1440
PolypGen,/home/samsul/Documents/Polyp Detection/Polyp-Gen:/seq14/images/243.jpg,/home/samsul/Documents/Polyp Detection/Polyp-Gen:/seq14/masks/243.jpg,pgen_seq14,1,1,1064,1440
PolypGen,/home/samsul/Documents/Polyp Detection/Polyp-Gen:/seq14/images/30.jpg,/home/samsul/Documents/Polyp Detection/Polyp-Gen:/seq14/masks/30.jpg,pgen_seq14,4,1,1064,1440
PolypGen,/home/samsul/Documents/Polyp Detection/Polyp-Gen:/seq14/images/187.jpg,/home/samsul/Documents/Polyp Detection/Polyp-Gen:/seq14/masks/187.jpg,pgen_seq14,5,1,1064,1440
PolypGen,/home/samsul/Documents/Polyp Detection/Polyp-Gen:/seq14/images/231.jpg,/home/samsul/Documents/Polyp Detection/Polyp-Gen:/seq14/masks/231.jpg,pgen_seq14,1,1,1064,1440
PolypGen,/home/samsul/Documents/Polyp Detection/Polyp-Gen:/seq14/images/181.jpg,/home/samsul/Documents/Polyp Detection/Polyp-Gen:/seq14/masks/181.jpg,pgen_seq14,3,1,1064,1440
PolypGen,/home/samsul/Documents/Polyp Detection/Polyp-Gen:/seq14/images/138.jpg,/home/samsul/Documents/Polyp Detection/Polyp-Gen:/seq14/masks/138.jpg,pgen_seq14,2,1,1064,1440
PolypGen,/home/samsul/Documents/Polyp Detection/Polyp-Gen:/seq14/images/2.jpg,/home/samsul/Documents/Polyp Detection/Polyp-Gen:/seq14/masks/2.jpg,pgen_seq14,0,0,1064,1440
PolypGen,/home/samsul/Documents/Polyp Detection/Polyp-Gen:/seq14/images/59.jpg,/home/samsul/Documents/Polyp Detection/Polyp-Gen:/seq14/masks/59.jpg,pgen_seq14,1,1,1064,1440
PolypGen,/home/samsul/Documents/Polyp Detection/Polyp-Gen:/seq14/images/214.jpg,/home/samsul/Documents/Polyp Detection/Polyp-Gen:/seq14/masks/214.jpg,pgen_seq14,1,1,1064,1440
PolypGen,/home/samsul/Documents/Polyp Detection/Polyp-Gen:/seq14/images/230.jpg,/home/samsul/Documents/Polyp Detection/Polyp-Gen:/seq14/masks/230.jpg,pgen_seq14,1,1,1064,1440
PolypGen,/home/samsul/Documents/Polyp Detection/Polyp-Gen:/seq14/images/137.jpg,/home/samsul/Documents/Polyp Detection/Polyp-Gen:/seq14/masks/137.jpg,pgen_seq14,1,1,1064,1440
PolypGen,/home/samsul/Documents/Polyp Detection/Polyp-Gen:/seq15/images/75.jpg,/home/samsul/Documents/Polyp Detection/Polyp-Gen:/seq15/masks/75.jpg,pgen_seq15,2,1,1072,1354
PolypGen,/home/samsul/Documents/Polyp Detection/Polyp-Gen:/seq15/images/71.jpg,/home/samsul/Documents/Polyp Detection/Polyp-Gen:/seq15/masks/71.jpg,pgen_seq15,1,1,1072,1354
PolypGen,/home/samsul/Documents/Polyp Detection/Polyp-Gen:/seq15/images/93.jpg,/home/samsul/Documents/Polyp Detection/Polyp-Gen:/seq15/masks/93.jpg,pgen_seq15,1,1,1072,1354
PolypGen,/home/samsul/Documents/Polyp Detection/Polyp-Gen:/seq15/images/76.jpg,/home/samsul/Documents/Polyp Detection/Polyp-Gen:/seq15/masks/76.jpg,pgen_seq15,2,1,1072,1354
PolypGen,/home/samsul/Documents/Polyp Detection/Polyp-Gen:/seq15/images/18.jpg,/home/samsul/Documents/Polyp Detection/Polyp-Gen:/seq15/masks/18.jpg,pgen_seq15,1,1,1072,1354
PolypGen,/home/samsul/Documents/Polyp Detection/Polyp-Gen:/seq15/images/111.jpg,/home/samsul/Documents/Polyp Detection/Polyp-Gen:/seq15/masks/111.jpg,pgen_seq15,1,1,1072,1354
PolypGen,/home/samsul/Documents/Polyp Detection/Polyp-Gen:/seq15/images/3.jpg,/home/samsul/Documents/Polyp Detection/Polyp-Gen:/seq15/masks/3.jpg,pgen_seq15,1,1,1072,1354
PolypGen,/home/samsul/Documents/Polyp Detection/Polyp-Gen:/seq15/images/49.jpg,/home/samsul/Documents/Polyp Detection/Polyp-Gen:/seq15/masks/49.jpg,pgen_seq15,2,1,1072,1354
PolypGen,/home/samsul/Documents/Polyp Detection/Polyp-Gen:/seq15/images/40.jpg,/home/samsul/Documents/Polyp Detection/Polyp-Gen:/seq15/masks/40.jpg,pgen_seq15,2,1,1072,1354
PolypGen,/home/samsul/Documents/Polyp Detection/Polyp-Gen:/seq15/images/68.jpg,/home/samsul/Documents/Polyp Detection/Polyp-Gen:/seq15/masks/68.jpg,pgen_seq15,2,1,1072,1354
PolypGen,/home/samsul/Documents/Polyp Detection/Polyp-Gen:/seq15/images/57.jpg,/home/samsul/Documents/Polyp Detection/Polyp-Gen:/seq15/masks/57.jpg,pgen_seq15,2,1,1072,1354
PolypGen,/home/samsul/Documents/Polyp Detection/Polyp-Gen:/seq15/images/81.jpg,/home/samsul/Documents/Polyp Detection/Polyp-Gen:/seq15/masks/81.jpg,pgen_seq15,2,1,1072,1354
PolypGen,/home/samsul/Documents/Polyp Detection/Polyp-Gen:/seq15/images/101.jpg,/home/samsul/Documents/Polyp Detection/Polyp-Gen:/seq15/masks/101.jpg,pgen_seq15,1,1,1072,1354
PolypGen,/home/samsul/Documents/Polyp Detection/Polyp-Gen:/seq15/images/104.jpg,/home/samsul/Documents/Polyp Detection/Polyp-Gen:/seq15/masks/104.jpg,pgen_seq15,1,1,1072,1354
PolypGen,/home/samsul/Documents/Polyp Detection/Polyp-Gen:/seq15/images/11.jpg,/home/samsul/Documents/Polyp Detection/Polyp-Gen:/seq15/masks/11.jpg,pgen_seq15,1,1,1072,1354
PolypGen,/home/samsul/Documents/Polyp Detection/Polyp-Gen:/seq15/images/29.jpg,/home/samsul/Documents/Polyp Detection/Polyp-Gen:/seq15/masks/29.jpg,pgen_seq15,2,1,1072,1354
PolypGen,/home/samsul/Documents/Polyp Detection/Polyp-Gen:/seq15/images/85.jpg,/home/samsul/Documents/Polyp Detection/Polyp-Gen:/seq15/masks/85.jpg,pgen_seq15,2,1,1072,1354
PolypGen,/home/samsul/Documents/Polyp Detection/Polyp-Gen:/seq15/images/54.jpg,/home/samsul/Documents/Polyp Detection/Polyp-Gen:/seq15/masks/54.jpg,pgen_seq15,2,1,1072,1354
PolypGen,/home/samsul/Documents/Polyp Detection/Polyp-Gen:/seq15/images/51.jpg,/home/samsul/Documents/Polyp Detection/Polyp-Gen:/seq15/masks/51.jpg,pgen_seq15,1,1,1072,1354
PolypGen,/home/samsul/Documents/Polyp Detection/Polyp-Gen:/seq15/images/6.jpg,/home/samsul/Documents/Polyp Detection/Polyp-Gen:/seq15/masks/6.jpg,pgen_seq15,1,1,1072,1354
PolypGen,/home/samsul/Documents/Polyp Detection/Polyp-Gen:/seq15/images/58.jpg,/home/samsul/Documents/Polyp Detection/Polyp-Gen:/seq15/masks/58.jpg,pgen_seq15,2,1,1072,1354
PolypGen,/home/samsul/Documents/Polyp Detection/Polyp-Gen:/seq15/images/66.jpg,/home/samsul/Documents/Polyp Detection/Polyp-Gen:/seq15/masks/66.jpg,pgen_seq15,2,1,1072,1354
PolypGen,/home/samsul/Documents/Polyp Detection/Polyp-Gen:/seq15/images/10.jpg,/home/samsul/Documents/Polyp Detection/Polyp-Gen:/seq15/masks/10.jpg,pgen_seq15,1,1,1072,1354
PolypGen,/home/samsul/Documents/Polyp Detection/Polyp-Gen:/seq15/images/34.jpg,/home/samsul/Documents/Polyp Detection/Polyp-Gen:/seq15/masks/34.jpg,pgen_seq15,2,1,1072,1354
PolypGen,/home/samsul/Documents/Polyp Detection/Polyp-Gen:/seq15/images/37.jpg,/home/samsul/Documents/Polyp Detection/Polyp-Gen:/seq15/masks/37.jpg,pgen_seq15,2,1,1072,1354
PolypGen,/home/samsul/Documents/Polyp Detection/Polyp-Gen:/seq15/images/110.jpg,/home/samsul/Documents/Polyp Detection/Polyp-Gen:/seq15/masks/110.jpg,pgen_seq15,1,1,1072,1354
PolypGen,/home/samsul/Documents/Polyp Detection/Polyp-Gen:/seq15/images/115.jpg,/home/samsul/Documents/Polyp Detection/Polyp-Gen:/seq15/masks/115.jpg,pgen_seq15,1,1,1072,1354
PolypGen,/home/samsul/Documents/Polyp Detection/Polyp-Gen:/seq15/images/67.jpg,/home/samsul/Documents/Polyp Detection/Polyp-Gen:/seq15/masks/67.jpg,pgen_seq15,2,1,1072,1354
PolypGen,/home/samsul/Documents/Polyp Detection/Polyp-Gen:/seq15/images/27.jpg,/home/samsul/Documents/Polyp Detection/Polyp-Gen:/seq15/masks/27.jpg,pgen_seq15,2,1,1072,1354
PolypGen,/home/samsul/Documents/Polyp Detection/Polyp-Gen:/seq15/images/82.jpg,/home/samsul/Documents/Polyp Detection/Polyp-Gen:/seq15/masks/82.jpg,pgen_seq15,1,1,1072,1354
PolypGen,/home/samsul/Documents/Polyp Detection/Polyp-Gen:/seq15/images/78.jpg,/home/samsul/Documents/Polyp Detection/Polyp-Gen:/seq15/masks/78.jpg,pgen_seq15,2,1,1072,1354
PolypGen,/home/samsul/Documents/Polyp Detection/Polyp-Gen:/seq15/images/62.jpg,/home/samsul/Documents/Polyp Detection/Polyp-Gen:/seq15/masks/62.jpg,pgen_seq15,2,1,1072,1354
PolypGen,/home/samsul/Documents/Polyp Detection/Polyp-Gen:/seq15/images/39.jpg,/home/samsul/Documents/Polyp Detection/Polyp-Gen:/seq15/masks/39.jpg,pgen_seq15,1,1,1072,1354
PolypGen,/home/samsul/Documents/Polyp Detection/Polyp-Gen:/seq15/images/89.jpg,/home/samsul/Documents/Polyp Detection/Polyp-Gen:/seq15/masks/89.jpg,pgen_seq15,2,1,1072,1354
PolypGen,/home/samsul/Documents/Polyp Detection/Polyp-Gen:/seq15/images/99.jpg,/home/samsul/Documents/Polyp Detection/Polyp-Gen:/seq15/masks/99.jpg,pgen_seq15,1,1,1072,1354
PolypGen,/home/samsul/Documents/Polyp Detection/Polyp-Gen:/seq15/images/105.jpg,/home/samsul/Documents/Polyp Detection/Polyp-Gen:/seq15/masks/105.jpg,pgen_seq15,1,1,1072,1354
PolypGen,/home/samsul/Documents/Polyp Detection/Polyp-Gen:/seq15/images/112.jpg,/home/samsul/Documents/Polyp Detection/Polyp-Gen:/seq15/masks/112.jpg,pgen_seq15,1,1,1072,1354
PolypGen,/home/samsul/Documents/Polyp Detection/Polyp-Gen:/seq15/images/86.jpg,/home/samsul/Documents/Polyp Detection/Polyp-Gen:/seq15/masks/86.jpg,pgen_seq15,2,1,1072,1354
PolypGen,/home/samsul/Documents/Polyp Detection/Polyp-Gen:/seq15/images/31.jpg,/home/samsul/Documents/Polyp Detection/Polyp-Gen:/seq15/masks/31.jpg,pgen_seq15,2,1,1072,1354
PolypGen,/home/samsul/Documents/Polyp Detection/Polyp-Gen:/seq15/images/8.jpg,/home/samsul/Documents/Polyp Detection/Polyp-Gen:/seq15/masks/8.jpg,pgen_seq15,1,1,1072,1354
PolypGen,/home/samsul/Documents/Polyp Detection/Polyp-Gen:/seq15/images/98.jpg,/home/samsul/Documents/Polyp Detection/Polyp-Gen:/seq15/masks/98.jpg,pgen_seq15,1,1,1072,1354
PolypGen,/home/samsul/Documents/Polyp Detection/Polyp-Gen:/seq15/images/103.jpg,/home/samsul/Documents/Polyp Detection/Polyp-Gen:/seq15/masks/103.jpg,pgen_seq15,1,1,1072,1354
PolypGen,/home/samsul/Documents/Polyp Detection/Polyp-Gen:/seq15/images/41.jpg,/home/samsul/Documents/Polyp Detection/Polyp-Gen:/seq15/masks/41.jpg,pgen_seq15,2,1,1072,1354
PolypGen,/home/samsul/Documents/Polyp Detection/Polyp-Gen:/seq15/images/109.jpg,/home/samsul/Documents/Polyp Detection/Polyp-Gen:/seq15/masks/109.jpg,pgen_seq15,1,1,1072,1354
PolypGen,/home/samsul/Documents/Polyp Detection/Polyp-Gen:/seq15/images/83.jpg,/home/samsul/Documents/Polyp Detection/Polyp-Gen:/seq15/masks/83.jpg,pgen_seq15,1,1,1072,1354
PolypGen,/home/samsul/Documents/Polyp Detection/Polyp-Gen:/seq15/images/79.jpg,/home/samsul/Documents/Polyp Detection/Polyp-Gen:/seq15/masks/79.jpg,pgen_seq15,2,1,1072,1354
PolypGen,/home/samsul/Documents/Polyp Detection/Polyp-Gen:/seq15/images/50.jpg,/home/samsul/Documents/Polyp Detection/Polyp-Gen:/seq15/masks/50.jpg,pgen_seq15,1,1,1072,1354
PolypGen,/home/samsul/Documents/Polyp Detection/Polyp-Gen:/seq15/images/1.jpg,/home/samsul/Documents/Polyp Detection/Polyp-Gen:/seq15/masks/1.jpg,pgen_seq15,1,1,1072,1354
PolypGen,/home/samsul/Documents/Polyp Detection/Polyp-Gen:/seq15/images/52.jpg,/home/samsul/Documents/Polyp Detection/Polyp-Gen:/seq15/masks/52.jpg,pgen_seq15,1,1,1072,1354
PolypGen,/home/samsul/Documents/Polyp Detection/Polyp-Gen:/seq15/images/95.jpg,/home/samsul/Documents/Polyp Detection/Polyp-Gen:/seq15/masks/95.jpg,pgen_seq15,1,1,1072,1354
PolypGen,/home/samsul/Documents/Polyp Detection/Polyp-Gen:/seq15/images/19.jpg,/home/samsul/Documents/Polyp Detection/Polyp-Gen:/seq15/masks/19.jpg,pgen_seq15,1,1,1072,1354
PolypGen,/home/samsul/Documents/Polyp Detection/Polyp-Gen:/seq15/images/60.jpg,/home/samsul/Documents/Polyp Detection/Polyp-Gen:/seq15/masks/60.jpg,pgen_seq15,1,1,1072,1354
PolypGen,/home/samsul/Documents/Polyp Detection/Polyp-Gen:/seq15/images/69.jpg,/home/samsul/Documents/Polyp Detection/Polyp-Gen:/seq15/masks/69.jpg,pgen_seq15,2,1,1072,1354
PolypGen,/home/samsul/Documents/Polyp Detection/Polyp-Gen:/seq15/images/14.jpg,/home/samsul/Documents/Polyp Detection/Polyp-Gen:/seq15/masks/14.jpg,pgen_seq15,1,1,1072,1354
PolypGen,/home/samsul/Documents/Polyp Detection/Polyp-Gen:/seq15/images/91.jpg,/home/samsul/Documents/Polyp Detection/Polyp-Gen:/seq15/masks/91.jpg,pgen_seq15,2,1,1072,1354
PolypGen,/home/samsul/Documents/Polyp Detection/Polyp-Gen:/seq15/images/70.jpg,/home/samsul/Documents/Polyp Detection/Polyp-Gen:/seq15/masks/70.jpg,pgen_seq15,2,1,1072,1354
PolypGen,/home/samsul/Documents/Polyp Detection/Polyp-Gen:/seq15/images/23.jpg,/home/samsul/Documents/Polyp Detection/Polyp-Gen:/seq15/masks/23.jpg,pgen_seq15,1,1,1072,1354
PolypGen,/home/samsul/Documents/Polyp Detection/Polyp-Gen:/seq15/images/64.jpg,/home/samsul/Documents/Polyp Detection/Polyp-Gen:/seq15/masks/64.jpg,pgen_seq15,2,1,1072,1354
PolypGen,/home/samsul/Documents/Polyp Detection/Polyp-Gen:/seq15/images/28.jpg,/home/samsul/Documents/Polyp Detection/Polyp-Gen:/seq15/masks/28.jpg,pgen_seq15,1,1,1072,1354
PolypGen,/home/samsul/Documents/Polyp Detection/Polyp-Gen:/seq15/images/17.jpg,/home/samsul/Documents/Polyp Detection/Polyp-Gen:/seq15/masks/17.jpg,pgen_seq15,1,1,1072,1354
PolypGen,/home/samsul/Documents/Polyp Detection/Polyp-Gen:/seq15/images/36.jpg,/home/samsul/Documents/Polyp Detection/Polyp-Gen:/seq15/masks/36.jpg,pgen_seq15,2,1,1072,1354
PolypGen,/home/samsul/Documents/Polyp Detection/Polyp-Gen:/seq15/images/87.jpg,/home/samsul/Documents/Polyp Detection/Polyp-Gen:/seq15/masks/87.jpg,pgen_seq15,2,1,1072,1354
PolypGen,/home/samsul/Documents/Polyp Detection/Polyp-Gen:/seq15/images/4.jpg,/home/samsul/Documents/Polyp Detection/Polyp-Gen:/seq15/masks/4.jpg,pgen_seq15,1,1,1072,1354
PolypGen,/home/samsul/Documents/Polyp Detection/Polyp-Gen:/seq15/images/5.jpg,/home/samsul/Documents/Polyp Detection/Polyp-Gen:/seq15/masks/5.jpg,pgen_seq15,1,1,1072,1354
PolypGen,/home/samsul/Documents/Polyp Detection/Polyp-Gen:/seq15/images/21.jpg,/home/samsul/Documents/Polyp Detection/Polyp-Gen:/seq15/masks/21.jpg,pgen_seq15,1,1,1072,1354
PolypGen,/home/samsul/Documents/Polyp Detection/Polyp-Gen:/seq15/images/72.jpg,/home/samsul/Documents/Polyp Detection/Polyp-Gen:/seq15/masks/72.jpg,pgen_seq15,2,1,1072,1354
PolypGen,/home/samsul/Documents/Polyp Detection/Polyp-Gen:/seq15/images/0.jpg,/home/samsul/Documents/Polyp Detection/Polyp-Gen:/seq15/masks/0.jpg,pgen_seq15,1,1,1072,1354
PolypGen,/home/samsul/Documents/Polyp Detection/Polyp-Gen:/seq15/images/113.jpg,/home/samsul/Documents/Polyp Detection/Polyp-Gen:/seq15/masks/113.jpg,pgen_seq15,1,1,1072,1354
PolypGen,/home/samsul/Documents/Polyp Detection/Polyp-Gen:/seq15/images/26.jpg,/home/samsul/Documents/Polyp Detection/Polyp-Gen:/seq15/masks/26.jpg,pgen_seq15,1,1,1072,1354
PolypGen,/home/samsul/Documents/Polyp Detection/Polyp-Gen:/seq15/images/12.jpg,/home/samsul/Documents/Polyp Detection/Polyp-Gen:/seq15/masks/12.jpg,pgen_seq15,1,1,1072,1354
PolypGen,/home/samsul/Documents/Polyp Detection/Polyp-Gen:/seq15/images/108.jpg,/home/samsul/Documents/Polyp Detection/Polyp-Gen:/seq15/masks/108.jpg,pgen_seq15,1,1,1072,1354
PolypGen,/home/samsul/Documents/Polyp Detection/Polyp-Gen:/seq15/images/22.jpg,/home/samsul/Documents/Polyp Detection/Polyp-Gen:/seq15/masks/22.jpg,pgen_seq15,1,1,1072,1354
PolypGen,/home/samsul/Documents/Polyp Detection/Polyp-Gen:/seq15/images/100.jpg,/home/samsul/Documents/Polyp Detection/Polyp-Gen:/seq15/masks/100.jpg,pgen_seq15,1,1,1072,1354
PolypGen,/home/samsul/Documents/Polyp Detection/Polyp-Gen:/seq15/images/32.jpg,/home/samsul/Documents/Polyp Detection/Polyp-Gen:/seq15/masks/32.jpg,pgen_seq15,2,1,1072,1354
PolypGen,/home/samsul/Documents/Polyp Detection/Polyp-Gen:/seq15/images/9.jpg,/home/samsul/Documents/Polyp Detection/Polyp-Gen:/seq15/masks/9.jpg,pgen_seq15,1,1,1072,1354
PolypGen,/home/samsul/Documents/Polyp Detection/Polyp-Gen:/seq15/images/44.jpg,/home/samsul/Documents/Polyp Detection/Polyp-Gen:/seq15/masks/44.jpg,pgen_seq15,2,1,1072,1354
PolypGen,/home/samsul/Documents/Polyp Detection/Polyp-Gen:/seq15/images/106.jpg,/home/samsul/Documents/Polyp Detection/Polyp-Gen:/seq15/masks/106.jpg,pgen_seq15,1,1,1072,1354
PolypGen,/home/samsul/Documents/Polyp Detection/Polyp-Gen:/seq15/images/80.jpg,/home/samsul/Documents/Polyp Detection/Polyp-Gen:/seq15/masks/80.jpg,pgen_seq15,2,1,1072,1354
PolypGen,/home/samsul/Documents/Polyp Detection/Polyp-Gen:/seq15/images/35.jpg,/home/samsul/Documents/Polyp Detection/Polyp-Gen:/seq15/masks/35.jpg,pgen_seq15,1,1,1072,1354
PolypGen,/home/samsul/Documents/Polyp Detection/Polyp-Gen:/seq15/images/48.jpg,/home/samsul/Documents/Polyp Detection/Polyp-Gen:/seq15/masks/48.jpg,pgen_seq15,2,1,1072,1354
PolypGen,/home/samsul/Documents/Polyp Detection/Polyp-Gen:/seq15/images/33.jpg,/home/samsul/Documents/Polyp Detection/Polyp-Gen:/seq15/masks/33.jpg,pgen_seq15,2,1,1072,1354
PolypGen,/home/samsul/Documents/Polyp Detection/Polyp-Gen:/seq15/images/43.jpg,/home/samsul/Documents/Polyp Detection/Polyp-Gen:/seq15/masks/43.jpg,pgen_seq15,2,1,1072,1354
PolypGen,/home/samsul/Documents/Polyp Detection/Polyp-Gen:/seq15/images/90.jpg,/home/samsul/Documents/Polyp Detection/Polyp-Gen:/seq15/masks/90.jpg,pgen_seq15,2,1,1072,1354
PolypGen,/home/samsul/Documents/Polyp Detection/Polyp-Gen:/seq15/images/55.jpg,/home/samsul/Documents/Polyp Detection/Polyp-Gen:/seq15/masks/55.jpg,pgen_seq15,2,1,1072,1354
PolypGen,/home/samsul/Documents/Polyp Detection/Polyp-Gen:/seq15/images/47.jpg,/home/samsul/Documents/Polyp Detection/Polyp-Gen:/seq15/masks/47.jpg,pgen_seq15,2,1,1072,1354
PolypGen,/home/samsul/Documents/Polyp Detection/Polyp-Gen:/seq15/images/13.jpg,/home/samsul/Documents/Polyp Detection/Polyp-Gen:/seq15/masks/13.jpg,pgen_seq15,1,1,1072,1354
PolypGen,/home/samsul/Documents/Polyp Detection/Polyp-Gen:/seq15/images/53.jpg,/home/samsul/Documents/Polyp Detection/Polyp-Gen:/seq15/masks/53.jpg,pgen_seq15,1,1,1072,1354
PolypGen,/home/samsul/Documents/Polyp Detection/Polyp-Gen:/seq15/images/16.jpg,/home/samsul/Documents/Polyp Detection/Polyp-Gen:/seq15/masks/16.jpg,pgen_seq15,2,1,1072,1354
PolypGen,/home/samsul/Documents/Polyp Detection/Polyp-Gen:/seq15/images/42.jpg,/home/samsul/Documents/Polyp Detection/Polyp-Gen:/seq15/masks/42.jpg,pgen_seq15,2,1,1072,1354
PolypGen,/home/samsul/Documents/Polyp Detection/Polyp-Gen:/seq15/images/114.jpg,/home/samsul/Documents/Polyp Detection/Polyp-Gen:/seq15/masks/114.jpg,pgen_seq15,1,1,1072,1354
PolypGen,/home/samsul/Documents/Polyp Detection/Polyp-Gen:/seq15/images/38.jpg,/home/samsul/Documents/Polyp Detection/Polyp-Gen:/seq15/masks/38.jpg,pgen_seq15,2,1,1072,1354
PolypGen,/home/samsul/Documents/Polyp Detection/Polyp-Gen:/seq15/images/15.jpg,/home/samsul/Documents/Polyp Detection/Polyp-Gen:/seq15/masks/15.jpg,pgen_seq15,2,1,1072,1354
PolypGen,/home/samsul/Documents/Polyp Detection/Polyp-Gen:/seq15/images/25.jpg,/home/samsul/Documents/Polyp Detection/Polyp-Gen:/seq15/masks/25.jpg,pgen_seq15,1,1,1072,1354
PolypGen,/home/samsul/Documents/Polyp Detection/Polyp-Gen:/seq15/images/96.jpg,/home/samsul/Documents/Polyp Detection/Polyp-Gen:/seq15/masks/96.jpg,pgen_seq15,1,1,1072,1354
PolypGen,/home/samsul/Documents/Polyp Detection/Polyp-Gen:/seq15/images/84.jpg,/home/samsul/Documents/Polyp Detection/Polyp-Gen:/seq15/masks/84.jpg,pgen_seq15,2,1,1072,1354
PolypGen,/home/samsul/Documents/Polyp Detection/Polyp-Gen:/seq15/images/107.jpg,/home/samsul/Documents/Polyp Detection/Polyp-Gen:/seq15/masks/107.jpg,pgen_seq15,1,1,1072,1354
PolypGen,/home/samsul/Documents/Polyp Detection/Polyp-Gen:/seq15/images/97.jpg,/home/samsul/Documents/Polyp Detection/Polyp-Gen:/seq15/masks/97.jpg,pgen_seq15,1,1,1072,1354
PolypGen,/home/samsul/Documents/Polyp Detection/Polyp-Gen:/seq15/images/102.jpg,/home/samsul/Documents/Polyp Detection/Polyp-Gen:/seq15/masks/102.jpg,pgen_seq15,1,1,1072,1354
PolypGen,/home/samsul/Documents/Polyp Detection/Polyp-Gen:/seq15/images/63.jpg,/home/samsul/Documents/Polyp Detection/Polyp-Gen:/seq15/masks/63.jpg,pgen_seq15,2,1,1072,1354
PolypGen,/home/samsul/Documents/Polyp Detection/Polyp-Gen:/seq15/images/56.jpg,/home/samsul/Documents/Polyp Detection/Polyp-Gen:/seq15/masks/56.jpg,pgen_seq15,2,1,1072,1354
PolypGen,/home/samsul/Documents/Polyp Detection/Polyp-Gen:/seq15/images/20.jpg,/home/samsul/Documents/Polyp Detection/Polyp-Gen:/seq15/masks/20.jpg,pgen_seq15,1,1,1072,1354
PolypGen,/home/samsul/Documents/Polyp Detection/Polyp-Gen:/seq15/images/46.jpg,/home/samsul/Documents/Polyp Detection/Polyp-Gen:/seq15/masks/46.jpg,pgen_seq15,2,1,1072,1354
PolypGen,/home/samsul/Documents/Polyp Detection/Polyp-Gen:/seq15/images/74.jpg,/home/samsul/Documents/Polyp Detection/Polyp-Gen:/seq15/masks/74.jpg,pgen_seq15,2,1,1072,1354
PolypGen,/home/samsul/Documents/Polyp Detection/Polyp-Gen:/seq15/images/92.jpg,/home/samsul/Documents/Polyp Detection/Polyp-Gen:/seq15/masks/92.jpg,pgen_seq15,1,1,1072,1354
PolypGen,/home/samsul/Documents/Polyp Detection/Polyp-Gen:/seq15/images/7.jpg,/home/samsul/Documents/Polyp Detection/Polyp-Gen:/seq15/masks/7.jpg,pgen_seq15,1,1,1072,1354
PolypGen,/home/samsul/Documents/Polyp Detection/Polyp-Gen:/seq15/images/45.jpg,/home/samsul/Documents/Polyp Detection/Polyp-Gen:/seq15/masks/45.jpg,pgen_seq15,2,1,1072,1354
PolypGen,/home/samsul/Documents/Polyp Detection/Polyp-Gen:/seq15/images/73.jpg,/home/samsul/Documents/Polyp Detection/Polyp-Gen:/seq15/masks/73.jpg,pgen_seq15,2,1,1072,1354
PolypGen,/home/samsul/Documents/Polyp Detection/Polyp-Gen:/seq15/images/94.jpg,/home/samsul/Documents/Polyp Detection/Polyp-Gen:/seq15/masks/94.jpg,pgen_seq15,1,1,1072,1354
PolypGen,/home/samsul/Documents/Polyp Detection/Polyp-Gen:/seq15/images/88.jpg,/home/samsul/Documents/Polyp Detection/Polyp-Gen:/seq15/masks/88.jpg,pgen_seq15,2,1,1072,1354
PolypGen,/home/samsul/Documents/Polyp Detection/Polyp-Gen:/seq15/images/65.jpg,/home/samsul/Documents/Polyp Detection/Polyp-Gen:/seq15/masks/65.jpg,pgen_seq15,2,1,1072,1354
PolypGen,/home/samsul/Documents/Polyp Detection/Polyp-Gen:/seq15/images/77.jpg,/home/samsul/Documents/Polyp Detection/Polyp-Gen:/seq15/masks/77.jpg,pgen_seq15,2,1,1072,1354
PolypGen,/home/samsul/Documents/Polyp Detection/Polyp-Gen:/seq15/images/61.jpg,/home/samsul/Documents/Polyp Detection/Polyp-Gen:/seq15/masks/61.jpg,pgen_seq15,2,1,1072,1354
PolypGen,/home/samsul/Documents/Polyp Detection/Polyp-Gen:/seq15/images/24.jpg,/home/samsul/Documents/Polyp Detection/Polyp-Gen:/seq15/masks/24.jpg,pgen_seq15,1,1,1072,1354
PolypGen,/home/samsul/Documents/Polyp Detection/Polyp-Gen:/seq15/images/30.jpg,/home/samsul/Documents/Polyp Detection/Polyp-Gen:/seq15/masks/30.jpg,pgen_seq15,2,1,1072,1354
PolypGen,/home/samsul/Documents/Polyp Detection/Polyp-Gen:/seq15/images/2.jpg,/home/samsul/Documents/Polyp Detection/Polyp-Gen:/seq15/masks/2.jpg,pgen_seq15,1,1,1072,1354
PolypGen,/home/samsul/Documents/Polyp Detection/Polyp-Gen:/seq15/images/59.jpg,/home/samsul/Documents/Polyp Detection/Polyp-Gen:/seq15/masks/59.jpg,pgen_seq15,2,1,1072,1354
PolypGen,/home/samsul/Documents/Polyp Detection/Polyp-Gen:/seq16/images/18.jpg,/home/samsul/Documents/Polyp Detection/Polyp-Gen:/seq16/masks/18.jpg,pgen_seq16,1,1,720,930
PolypGen,/home/samsul/Documents/Polyp Detection/Polyp-Gen:/seq16/images/3.jpg,/home/samsul/Documents/Polyp Detection/Polyp-Gen:/seq16/masks/3.jpg,pgen_seq16,1,1,720,930
PolypGen,/home/samsul/Documents/Polyp Detection/Polyp-Gen:/seq16/images/11.jpg,/home/samsul/Documents/Polyp Detection/Polyp-Gen:/seq16/masks/11.jpg,pgen_seq16,1,1,720,930
PolypGen,/home/samsul/Documents/Polyp Detection/Polyp-Gen:/seq16/images/29.jpg,/home/samsul/Documents/Polyp Detection/Polyp-Gen:/seq16/masks/29.jpg,pgen_seq16,1,1,720,930
PolypGen,/home/samsul/Documents/Polyp Detection/Polyp-Gen:/seq16/images/6.jpg,/home/samsul/Documents/Polyp Detection/Polyp-Gen:/seq16/masks/6.jpg,pgen_seq16,0,0,720,930
PolypGen,/home/samsul/Documents/Polyp Detection/Polyp-Gen:/seq16/images/10.jpg,/home/samsul/Documents/Polyp Detection/Polyp-Gen:/seq16/masks/10.jpg,pgen_seq16,1,1,720,930
PolypGen,/home/samsul/Documents/Polyp Detection/Polyp-Gen:/seq16/images/34.jpg,/home/samsul/Documents/Polyp Detection/Polyp-Gen:/seq16/masks/34.jpg,pgen_seq16,0,0,720,930
PolypGen,/home/samsul/Documents/Polyp Detection/Polyp-Gen:/seq16/images/37.jpg,/home/samsul/Documents/Polyp Detection/Polyp-Gen:/seq16/masks/37.jpg,pgen_seq16,1,1,720,930
PolypGen,/home/samsul/Documents/Polyp Detection/Polyp-Gen:/seq16/images/27.jpg,/home/samsul/Documents/Polyp Detection/Polyp-Gen:/seq16/masks/27.jpg,pgen_seq16,1,1,720,930
PolypGen,/home/samsul/Documents/Polyp Detection/Polyp-Gen:/seq16/images/39.jpg,/home/samsul/Documents/Polyp Detection/Polyp-Gen:/seq16/masks/39.jpg,pgen_seq16,1,1,720,930
PolypGen,/home/samsul/Documents/Polyp Detection/Polyp-Gen:/seq16/images/31.jpg,/home/samsul/Documents/Polyp Detection/Polyp-Gen:/seq16/masks/31.jpg,pgen_seq16,1,1,720,930
PolypGen,/home/samsul/Documents/Polyp Detection/Polyp-Gen:/seq16/images/8.jpg,/home/samsul/Documents/Polyp Detection/Polyp-Gen:/seq16/masks/8.jpg,pgen_seq16,1,1,720,930
PolypGen,/home/samsul/Documents/Polyp Detection/Polyp-Gen:/seq16/images/1.jpg,/home/samsul/Documents/Polyp Detection/Polyp-Gen:/seq16/masks/1.jpg,pgen_seq16,0,0,720,930
PolypGen,/home/samsul/Documents/Polyp Detection/Polyp-Gen:/seq16/images/19.jpg,/home/samsul/Documents/Polyp Detection/Polyp-Gen:/seq16/masks/19.jpg,pgen_seq16,1,1,720,930
PolypGen,/home/samsul/Documents/Polyp Detection/Polyp-Gen:/seq16/images/14.jpg,/home/samsul/Documents/Polyp Detection/Polyp-Gen:/seq16/masks/14.jpg,pgen_seq16,1,1,720,930
PolypGen,/home/samsul/Documents/Polyp Detection/Polyp-Gen:/seq16/images/23.jpg,/home/samsul/Documents/Polyp Detection/Polyp-Gen:/seq16/masks/23.jpg,pgen_seq16,0,0,720,930
PolypGen,/home/samsul/Documents/Polyp Detection/Polyp-Gen:/seq16/images/28.jpg,/home/samsul/Documents/Polyp Detection/Polyp-Gen:/seq16/masks/28.jpg,pgen_seq16,1,1,720,930
PolypGen,/home/samsul/Documents/Polyp Detection/Polyp-Gen:/seq16/images/17.jpg,/home/samsul/Documents/Polyp Detection/Polyp-Gen:/seq16/masks/17.jpg,pgen_seq16,1,1,720,930
PolypGen,/home/samsul/Documents/Polyp Detection/Polyp-Gen:/seq16/images/36.jpg,/home/samsul/Documents/Polyp Detection/Polyp-Gen:/seq16/masks/36.jpg,pgen_seq16,1,1,720,930
PolypGen,/home/samsul/Documents/Polyp Detection/Polyp-Gen:/seq16/images/4.jpg,/home/samsul/Documents/Polyp Detection/Polyp-Gen:/seq16/masks/4.jpg,pgen_seq16,1,1,720,930
PolypGen,/home/samsul/Documents/Polyp Detection/Polyp-Gen:/seq16/images/5.jpg,/home/samsul/Documents/Polyp Detection/Polyp-Gen:/seq16/masks/5.jpg,pgen_seq16,1,1,720,930
PolypGen,/home/samsul/Documents/Polyp Detection/Polyp-Gen:/seq16/images/21.jpg,/home/samsul/Documents/Polyp Detection/Polyp-Gen:/seq16/masks/21.jpg,pgen_seq16,1,1,720,930
PolypGen,/home/samsul/Documents/Polyp Detection/Polyp-Gen:/seq16/images/0.jpg,/home/samsul/Documents/Polyp Detection/Polyp-Gen:/seq16/masks/0.jpg,pgen_seq16,0,0,720,930
PolypGen,/home/samsul/Documents/Polyp Detection/Polyp-Gen:/seq16/images/26.jpg,/home/samsul/Documents/Polyp Detection/Polyp-Gen:/seq16/masks/26.jpg,pgen_seq16,1,1,720,930
PolypGen,/home/samsul/Documents/Polyp Detection/Polyp-Gen:/seq16/images/12.jpg,/home/samsul/Documents/Polyp Detection/Polyp-Gen:/seq16/masks/12.jpg,pgen_seq16,0,0,720,930
PolypGen,/home/samsul/Documents/Polyp Detection/Polyp-Gen:/seq16/images/22.jpg,/home/samsul/Documents/Polyp Detection/Polyp-Gen:/seq16/masks/22.jpg,pgen_seq16,1,1,720,930
PolypGen,/home/samsul/Documents/Polyp Detection/Polyp-Gen:/seq16/images/32.jpg,/home/samsul/Documents/Polyp Detection/Polyp-Gen:/seq16/masks/32.jpg,pgen_seq16,1,1,720,930
PolypGen,/home/samsul/Documents/Polyp Detection/Polyp-Gen:/seq16/images/9.jpg,/home/samsul/Documents/Polyp Detection/Polyp-Gen:/seq16/masks/9.jpg,pgen_seq16,1,1,720,930
PolypGen,/home/samsul/Documents/Polyp Detection/Polyp-Gen:/seq16/images/35.jpg,/home/samsul/Documents/Polyp Detection/Polyp-Gen:/seq16/masks/35.jpg,pgen_seq16,0,0,720,930
PolypGen,/home/samsul/Documents/Polyp Detection/Polyp-Gen:/seq16/images/33.jpg,/home/samsul/Documents/Polyp Detection/Polyp-Gen:/seq16/masks/33.jpg,pgen_seq16,1,1,720,930
PolypGen,/home/samsul/Documents/Polyp Detection/Polyp-Gen:/seq16/images/13.jpg,/home/samsul/Documents/Polyp Detection/Polyp-Gen:/seq16/masks/13.jpg,pgen_seq16,1,1,720,930
PolypGen,/home/samsul/Documents/Polyp Detection/Polyp-Gen:/seq16/images/16.jpg,/home/samsul/Documents/Polyp Detection/Polyp-Gen:/seq16/masks/16.jpg,pgen_seq16,1,1,720,930
PolypGen,/home/samsul/Documents/Polyp Detection/Polyp-Gen:/seq16/images/38.jpg,/home/samsul/Documents/Polyp Detection/Polyp-Gen:/seq16/masks/38.jpg,pgen_seq16,1,1,720,930
PolypGen,/home/samsul/Documents/Polyp Detection/Polyp-Gen:/seq16/images/15.jpg,/home/samsul/Documents/Polyp Detection/Polyp-Gen:/seq16/masks/15.jpg,pgen_seq16,1,1,720,930
PolypGen,/home/samsul/Documents/Polyp Detection/Polyp-Gen:/seq16/images/25.jpg,/home/samsul/Documents/Polyp Detection/Polyp-Gen:/seq16/masks/25.jpg,pgen_seq16,1,1,720,930
PolypGen,/home/samsul/Documents/Polyp Detection/Polyp-Gen:/seq16/images/20.jpg,/home/samsul/Documents/Polyp Detection/Polyp-Gen:/seq16/masks/20.jpg,pgen_seq16,1,1,720,930
PolypGen,/home/samsul/Documents/Polyp Detection/Polyp-Gen:/seq16/images/7.jpg,/home/samsul/Documents/Polyp Detection/Polyp-Gen:/seq16/masks/7.jpg,pgen_seq16,1,1,720,930
PolypGen,/home/samsul/Documents/Polyp Detection/Polyp-Gen:/seq16/images/24.jpg,/home/samsul/Documents/Polyp Detection/Polyp-Gen:/seq16/masks/24.jpg,pgen_seq16,1,1,720,930
PolypGen,/home/samsul/Documents/Polyp Detection/Polyp-Gen:/seq16/images/30.jpg,/home/samsul/Documents/Polyp Detection/Polyp-Gen:/seq16/masks/30.jpg,pgen_seq16,1,1,720,930
PolypGen,/home/samsul/Documents/Polyp Detection/Polyp-Gen:/seq16/images/2.jpg,/home/samsul/Documents/Polyp Detection/Polyp-Gen:/seq16/masks/2.jpg,pgen_seq16,1,1,720,930
PolypGen,/home/samsul/Documents/Polyp Detection/Polyp-Gen:/seq17/images/18.jpg,/home/samsul/Documents/Polyp Detection/Polyp-Gen:/seq17/masks/18.jpg,pgen_seq17,1,1,720,930
PolypGen,/home/samsul/Documents/Polyp Detection/Polyp-Gen:/seq17/images/3.jpg,/home/samsul/Documents/Polyp Detection/Polyp-Gen:/seq17/masks/3.jpg,pgen_seq17,0,0,720,930
PolypGen,/home/samsul/Documents/Polyp Detection/Polyp-Gen:/seq17/images/49.jpg,/home/samsul/Documents/Polyp Detection/Polyp-Gen:/seq17/masks/49.jpg,pgen_seq17,1,1,720,930
PolypGen,/home/samsul/Documents/Polyp Detection/Polyp-Gen:/seq17/images/40.jpg,/home/samsul/Documents/Polyp Detection/Polyp-Gen:/seq17/masks/40.jpg,pgen_seq17,1,1,720,930
PolypGen,/home/samsul/Documents/Polyp Detection/Polyp-Gen:/seq17/images/57.jpg,/home/samsul/Documents/Polyp Detection/Polyp-Gen:/seq17/masks/57.jpg,pgen_seq17,0,0,720,930
PolypGen,/home/samsul/Documents/Polyp Detection/Polyp-Gen:/seq17/images/11.jpg,/home/samsul/Documents/Polyp Detection/Polyp-Gen:/seq17/masks/11.jpg,pgen_seq17,1,1,720,930
PolypGen,/home/samsul/Documents/Polyp Detection/Polyp-Gen:/seq17/images/29.jpg,/home/samsul/Documents/Polyp Detection/Polyp-Gen:/seq17/masks/29.jpg,pgen_seq17,1,1,720,930
PolypGen,/home/samsul/Documents/Polyp Detection/Polyp-Gen:/seq17/images/54.jpg,/home/samsul/Documents/Polyp Detection/Polyp-Gen:/seq17/masks/54.jpg,pgen_seq17,1,1,720,930
PolypGen,/home/samsul/Documents/Polyp Detection/Polyp-Gen:/seq17/images/51.jpg,/home/samsul/Documents/Polyp Detection/Polyp-Gen:/seq17/masks/51.jpg,pgen_seq17,1,1,720,930
PolypGen,/home/samsul/Documents/Polyp Detection/Polyp-Gen:/seq17/images/6.jpg,/home/samsul/Documents/Polyp Detection/Polyp-Gen:/seq17/masks/6.jpg,pgen_seq17,0,0,720,930
PolypGen,/home/samsul/Documents/Polyp Detection/Polyp-Gen:/seq17/images/58.jpg,/home/samsul/Documents/Polyp Detection/Polyp-Gen:/seq17/masks/58.jpg,pgen_seq17,1,1,720,930
PolypGen,/home/samsul/Documents/Polyp Detection/Polyp-Gen:/seq17/images/10.jpg,/home/samsul/Documents/Polyp Detection/Polyp-Gen:/seq17/masks/10.jpg,pgen_seq17,1,1,720,930
PolypGen,/home/samsul/Documents/Polyp Detection/Polyp-Gen:/seq17/images/34.jpg,/home/samsul/Documents/Polyp Detection/Polyp-Gen:/seq17/masks/34.jpg,pgen_seq17,1,1,720,930
PolypGen,/home/samsul/Documents/Polyp Detection/Polyp-Gen:/seq17/images/37.jpg,/home/samsul/Documents/Polyp Detection/Polyp-Gen:/seq17/masks/37.jpg,pgen_seq17,1,1,720,930
PolypGen,/home/samsul/Documents/Polyp Detection/Polyp-Gen:/seq17/images/27.jpg,/home/samsul/Documents/Polyp Detection/Polyp-Gen:/seq17/masks/27.jpg,pgen_seq17,1,1,720,930
PolypGen,/home/samsul/Documents/Polyp Detection/Polyp-Gen:/seq17/images/62.jpg,/home/samsul/Documents/Polyp Detection/Polyp-Gen:/seq17/masks/62.jpg,pgen_seq17,0,0,720,930
PolypGen,/home/samsul/Documents/Polyp Detection/Polyp-Gen:/seq17/images/39.jpg,/home/samsul/Documents/Polyp Detection/Polyp-Gen:/seq17/masks/39.jpg,pgen_seq17,1,1,720,930
PolypGen,/home/samsul/Documents/Polyp Detection/Polyp-Gen:/seq17/images/31.jpg,/home/samsul/Documents/Polyp Detection/Polyp-Gen:/seq17/masks/31.jpg,pgen_seq17,1,1,720,930
PolypGen,/home/samsul/Documents/Polyp Detection/Polyp-Gen:/seq17/images/8.jpg,/home/samsul/Documents/Polyp Detection/Polyp-Gen:/seq17/masks/8.jpg,pgen_seq17,0,0,720,930
PolypGen,/home/samsul/Documents/Polyp Detection/Polyp-Gen:/seq17/images/41.jpg,/home/samsul/Documents/Polyp Detection/Polyp-Gen:/seq17/masks/41.jpg,pgen_seq17,0,0,720,930
PolypGen,/home/samsul/Documents/Polyp Detection/Polyp-Gen:/seq17/images/50.jpg,/home/samsul/Documents/Polyp Detection/Polyp-Gen:/seq17/masks/50.jpg,pgen_seq17,1,1,720,930
PolypGen,/home/samsul/Documents/Polyp Detection/Polyp-Gen:/seq17/images/1.jpg,/home/samsul/Documents/Polyp Detection/Polyp-Gen:/seq17/masks/1.jpg,pgen_seq17,0,0,720,930
PolypGen,/home/samsul/Documents/Polyp Detection/Polyp-Gen:/seq17/images/52.jpg,/home/samsul/Documents/Polyp Detection/Polyp-Gen:/seq17/masks/52.jpg,pgen_seq17,1,1,720,930
PolypGen,/home/samsul/Documents/Polyp Detection/Polyp-Gen:/seq17/images/19.jpg,/home/samsul/Documents/Polyp Detection/Polyp-Gen:/seq17/masks/19.jpg,pgen_seq17,1,1,720,930
PolypGen,/home/samsul/Documents/Polyp Detection/Polyp-Gen:/seq17/images/60.jpg,/home/samsul/Documents/Polyp Detection/Polyp-Gen:/seq17/masks/60.jpg,pgen_seq17,1,1,720,930
PolypGen,/home/samsul/Documents/Polyp Detection/Polyp-Gen:/seq17/images/14.jpg,/home/samsul/Documents/Polyp Detection/Polyp-Gen:/seq17/masks/14.jpg,pgen_seq17,1,1,720,930
PolypGen,/home/samsul/Documents/Polyp Detection/Polyp-Gen:/seq17/images/23.jpg,/home/samsul/Documents/Polyp Detection/Polyp-Gen:/seq17/masks/23.jpg,pgen_seq17,1,1,720,930
PolypGen,/home/samsul/Documents/Polyp Detection/Polyp-Gen:/seq17/images/28.jpg,/home/samsul/Documents/Polyp Detection/Polyp-Gen:/seq17/masks/28.jpg,pgen_seq17,1,1,720,930
PolypGen,/home/samsul/Documents/Polyp Detection/Polyp-Gen:/seq17/images/17.jpg,/home/samsul/Documents/Polyp Detection/Polyp-Gen:/seq17/masks/17.jpg,pgen_seq17,1,1,720,930
PolypGen,/home/samsul/Documents/Polyp Detection/Polyp-Gen:/seq17/images/36.jpg,/home/samsul/Documents/Polyp Detection/Polyp-Gen:/seq17/masks/36.jpg,pgen_seq17,1,1,720,930
PolypGen,/home/samsul/Documents/Polyp Detection/Polyp-Gen:/seq17/images/4.jpg,/home/samsul/Documents/Polyp Detection/Polyp-Gen:/seq17/masks/4.jpg,pgen_seq17,0,0,720,930
PolypGen,/home/samsul/Documents/Polyp Detection/Polyp-Gen:/seq17/images/5.jpg,/home/samsul/Documents/Polyp Detection/Polyp-Gen:/seq17/masks/5.jpg,pgen_seq17,0,0,720,930
PolypGen,/home/samsul/Documents/Polyp Detection/Polyp-Gen:/seq17/images/21.jpg,/home/samsul/Documents/Polyp Detection/Polyp-Gen:/seq17/masks/21.jpg,pgen_seq17,1,1,720,930
PolypGen,/home/samsul/Documents/Polyp Detection/Polyp-Gen:/seq17/images/0.jpg,/home/samsul/Documents/Polyp Detection/Polyp-Gen:/seq17/masks/0.jpg,pgen_seq17,0,0,720,930
PolypGen,/home/samsul/Documents/Polyp Detection/Polyp-Gen:/seq17/images/26.jpg,/home/samsul/Documents/Polyp Detection/Polyp-Gen:/seq17/masks/26.jpg,pgen_seq17,1,1,720,930
PolypGen,/home/samsul/Documents/Polyp Detection/Polyp-Gen:/seq17/images/12.jpg,/home/samsul/Documents/Polyp Detection/Polyp-Gen:/seq17/masks/12.jpg,pgen_seq17,1,1,720,930
PolypGen,/home/samsul/Documents/Polyp Detection/Polyp-Gen:/seq17/images/22.jpg,/home/samsul/Documents/Polyp Detection/Polyp-Gen:/seq17/masks/22.jpg,pgen_seq17,1,1,720,930
PolypGen,/home/samsul/Documents/Polyp Detection/Polyp-Gen:/seq17/images/32.jpg,/home/samsul/Documents/Polyp Detection/Polyp-Gen:/seq17/masks/32.jpg,pgen_seq17,1,1,720,930
PolypGen,/home/samsul/Documents/Polyp Detection/Polyp-Gen:/seq17/images/9.jpg,/home/samsul/Documents/Polyp Detection/Polyp-Gen:/seq17/masks/9.jpg,pgen_seq17,1,1,720,930
PolypGen,/home/samsul/Documents/Polyp Detection/Polyp-Gen:/seq17/images/44.jpg,/home/samsul/Documents/Polyp Detection/Polyp-Gen:/seq17/masks/44.jpg,pgen_seq17,1,1,720,930
PolypGen,/home/samsul/Documents/Polyp Detection/Polyp-Gen:/seq17/images/35.jpg,/home/samsul/Documents/Polyp Detection/Polyp-Gen:/seq17/masks/35.jpg,pgen_seq17,0,0,720,930
PolypGen,/home/samsul/Documents/Polyp Detection/Polyp-Gen:/seq17/images/48.jpg,/home/samsul/Documents/Polyp Detection/Polyp-Gen:/seq17/masks/48.jpg,pgen_seq17,1,1,720,930
PolypGen,/home/samsul/Documents/Polyp Detection/Polyp-Gen:/seq17/images/33.jpg,/home/samsul/Documents/Polyp Detection/Polyp-Gen:/seq17/masks/33.jpg,pgen_seq17,1,1,720,930
PolypGen,/home/samsul/Documents/Polyp Detection/Polyp-Gen:/seq17/images/43.jpg,/home/samsul/Documents/Polyp Detection/Polyp-Gen:/seq17/masks/43.jpg,pgen_seq17,0,0,720,930
PolypGen,/home/samsul/Documents/Polyp Detection/Polyp-Gen:/seq17/images/55.jpg,/home/samsul/Documents/Polyp Detection/Polyp-Gen:/seq17/masks/55.jpg,pgen_seq17,1,1,720,930
PolypGen,/home/samsul/Documents/Polyp Detection/Polyp-Gen:/seq17/images/47.jpg,/home/samsul/Documents/Polyp Detection/Polyp-Gen:/seq17/masks/47.jpg,pgen_seq17,1,1,720,930
PolypGen,/home/samsul/Documents/Polyp Detection/Polyp-Gen:/seq17/images/13.jpg,/home/samsul/Documents/Polyp Detection/Polyp-Gen:/seq17/masks/13.jpg,pgen_seq17,0,0,720,930
PolypGen,/home/samsul/Documents/Polyp Detection/Polyp-Gen:/seq17/images/53.jpg,/home/samsul/Documents/Polyp Detection/Polyp-Gen:/seq17/masks/53.jpg,pgen_seq17,1,1,720,930
PolypGen,/home/samsul/Documents/Polyp Detection/Polyp-Gen:/seq17/images/16.jpg,/home/samsul/Documents/Polyp Detection/Polyp-Gen:/seq17/masks/16.jpg,pgen_seq17,1,1,720,930
PolypGen,/home/samsul/Documents/Polyp Detection/Polyp-Gen:/seq17/images/42.jpg,/home/samsul/Documents/Polyp Detection/Polyp-Gen:/seq17/masks/42.jpg,pgen_seq17,1,1,720,930
PolypGen,/home/samsul/Documents/Polyp Detection/Polyp-Gen:/seq17/images/38.jpg,/home/samsul/Documents/Polyp Detection/Polyp-Gen:/seq17/masks/38.jpg,pgen_seq17,0,0,720,930
PolypGen,/home/samsul/Documents/Polyp Detection/Polyp-Gen:/seq17/images/15.jpg,/home/samsul/Documents/Polyp Detection/Polyp-Gen:/seq17/masks/15.jpg,pgen_seq17,1,1,720,930
PolypGen,/home/samsul/Documents/Polyp Detection/Polyp-Gen:/seq17/images/25.jpg,/home/samsul/Documents/Polyp Detection/Polyp-Gen:/seq17/masks/25.jpg,pgen_seq17,1,1,720,930
PolypGen,/home/samsul/Documents/Polyp Detection/Polyp-Gen:/seq17/images/56.jpg,/home/samsul/Documents/Polyp Detection/Polyp-Gen:/seq17/masks/56.jpg,pgen_seq17,1,1,720,930
PolypGen,/home/samsul/Documents/Polyp Detection/Polyp-Gen:/seq17/images/20.jpg,/home/samsul/Documents/Polyp Detection/Polyp-Gen:/seq17/masks/20.jpg,pgen_seq17,1,1,720,930
PolypGen,/home/samsul/Documents/Polyp Detection/Polyp-Gen:/seq17/images/46.jpg,/home/samsul/Documents/Polyp Detection/Polyp-Gen:/seq17/masks/46.jpg,pgen_seq17,0,0,720,930
PolypGen,/home/samsul/Documents/Polyp Detection/Polyp-Gen:/seq17/images/7.jpg,/home/samsul/Documents/Polyp Detection/Polyp-Gen:/seq17/masks/7.jpg,pgen_seq17,0,0,720,930
PolypGen,/home/samsul/Documents/Polyp Detection/Polyp-Gen:/seq17/images/45.jpg,/home/samsul/Documents/Polyp Detection/Polyp-Gen:/seq17/masks/45.jpg,pgen_seq17,1,1,720,930
PolypGen,/home/samsul/Documents/Polyp Detection/Polyp-Gen:/seq17/images/61.jpg,/home/samsul/Documents/Polyp Detection/Polyp-Gen:/seq17/masks/61.jpg,pgen_seq17,0,0,720,930
PolypGen,/home/samsul/Documents/Polyp Detection/Polyp-Gen:/seq17/images/24.jpg,/home/samsul/Documents/Polyp Detection/Polyp-Gen:/seq17/masks/24.jpg,pgen_seq17,0,0,720,930
PolypGen,/home/samsul/Documents/Polyp Detection/Polyp-Gen:/seq17/images/30.jpg,/home/samsul/Documents/Polyp Detection/Polyp-Gen:/seq17/masks/30.jpg,pgen_seq17,1,1,720,930
PolypGen,/home/samsul/Documents/Polyp Detection/Polyp-Gen:/seq17/images/2.jpg,/home/samsul/Documents/Polyp Detection/Polyp-Gen:/seq17/masks/2.jpg,pgen_seq17,0,0,720,930
PolypGen,/home/samsul/Documents/Polyp Detection/Polyp-Gen:/seq17/images/59.jpg,/home/samsul/Documents/Polyp Detection/Polyp-Gen:/seq17/masks/59.jpg,pgen_seq17,1,1,720,930
PolypGen,/home/samsul/Documents/Polyp Detection/Polyp-Gen:/seq18/images/18.jpg,/home/samsul/Documents/Polyp Detection/Polyp-Gen:/seq18/masks/18.jpg,pgen_seq18,1,1,720,700
PolypGen,/home/samsul/Documents/Polyp Detection/Polyp-Gen:/seq18/images/3.jpg,/home/samsul/Documents/Polyp Detection/Polyp-Gen:/seq18/masks/3.jpg,pgen_seq18,1,1,720,700
PolypGen,/home/samsul/Documents/Polyp Detection/Polyp-Gen:/seq18/images/49.jpg,/home/samsul/Documents/Polyp Detection/Polyp-Gen:/seq18/masks/49.jpg,pgen_seq18,1,1,720,700
PolypGen,/home/samsul/Documents/Polyp Detection/Polyp-Gen:/seq18/images/40.jpg,/home/samsul/Documents/Polyp Detection/Polyp-Gen:/seq18/masks/40.jpg,pgen_seq18,1,1,720,700
PolypGen,/home/samsul/Documents/Polyp Detection/Polyp-Gen:/seq18/images/57.jpg,/home/samsul/Documents/Polyp Detection/Polyp-Gen:/seq18/masks/57.jpg,pgen_seq18,1,1,720,700
PolypGen,/home/samsul/Documents/Polyp Detection/Polyp-Gen:/seq18/images/11.jpg,/home/samsul/Documents/Polyp Detection/Polyp-Gen:/seq18/masks/11.jpg,pgen_seq18,1,1,720,700
PolypGen,/home/samsul/Documents/Polyp Detection/Polyp-Gen:/seq18/images/29.jpg,/home/samsul/Documents/Polyp Detection/Polyp-Gen:/seq18/masks/29.jpg,pgen_seq18,1,1,720,700
PolypGen,/home/samsul/Documents/Polyp Detection/Polyp-Gen:/seq18/images/54.jpg,/home/samsul/Documents/Polyp Detection/Polyp-Gen:/seq18/masks/54.jpg,pgen_seq18,0,0,720,700
PolypGen,/home/samsul/Documents/Polyp Detection/Polyp-Gen:/seq18/images/51.jpg,/home/samsul/Documents/Polyp Detection/Polyp-Gen:/seq18/masks/51.jpg,pgen_seq18,0,0,720,700
PolypGen,/home/samsul/Documents/Polyp Detection/Polyp-Gen:/seq18/images/6.jpg,/home/samsul/Documents/Polyp Detection/Polyp-Gen:/seq18/masks/6.jpg,pgen_seq18,1,1,720,700
PolypGen,/home/samsul/Documents/Polyp Detection/Polyp-Gen:/seq18/images/58.jpg,/home/samsul/Documents/Polyp Detection/Polyp-Gen:/seq18/masks/58.jpg,pgen_seq18,0,0,720,700
PolypGen,/home/samsul/Documents/Polyp Detection/Polyp-Gen:/seq18/images/10.jpg,/home/samsul/Documents/Polyp Detection/Polyp-Gen:/seq18/masks/10.jpg,pgen_seq18,1,1,720,700
PolypGen,/home/samsul/Documents/Polyp Detection/Polyp-Gen:/seq18/images/34.jpg,/home/samsul/Documents/Polyp Detection/Polyp-Gen:/seq18/masks/34.jpg,pgen_seq18,1,1,720,700
PolypGen,/home/samsul/Documents/Polyp Detection/Polyp-Gen:/seq18/images/37.jpg,/home/samsul/Documents/Polyp Detection/Polyp-Gen:/seq18/masks/37.jpg,pgen_seq18,1,1,720,700
PolypGen,/home/samsul/Documents/Polyp Detection/Polyp-Gen:/seq18/images/27.jpg,/home/samsul/Documents/Polyp Detection/Polyp-Gen:/seq18/masks/27.jpg,pgen_seq18,1,1,720,700
PolypGen,/home/samsul/Documents/Polyp Detection/Polyp-Gen:/seq18/images/62.jpg,/home/samsul/Documents/Polyp Detection/Polyp-Gen:/seq18/masks/62.jpg,pgen_seq18,1,1,720,700
PolypGen,/home/samsul/Documents/Polyp Detection/Polyp-Gen:/seq18/images/39.jpg,/home/samsul/Documents/Polyp Detection/Polyp-Gen:/seq18/masks/39.jpg,pgen_seq18,1,1,720,700
PolypGen,/home/samsul/Documents/Polyp Detection/Polyp-Gen:/seq18/images/31.jpg,/home/samsul/Documents/Polyp Detection/Polyp-Gen:/seq18/masks/31.jpg,pgen_seq18,1,1,720,700
PolypGen,/home/samsul/Documents/Polyp Detection/Polyp-Gen:/seq18/images/8.jpg,/home/samsul/Documents/Polyp Detection/Polyp-Gen:/seq18/masks/8.jpg,pgen_seq18,1,1,720,700
PolypGen,/home/samsul/Documents/Polyp Detection/Polyp-Gen:/seq18/images/41.jpg,/home/samsul/Documents/Polyp Detection/Polyp-Gen:/seq18/masks/41.jpg,pgen_seq18,1,1,720,700
PolypGen,/home/samsul/Documents/Polyp Detection/Polyp-Gen:/seq18/images/50.jpg,/home/samsul/Documents/Polyp Detection/Polyp-Gen:/seq18/masks/50.jpg,pgen_seq18,1,1,720,700
PolypGen,/home/samsul/Documents/Polyp Detection/Polyp-Gen:/seq18/images/1.jpg,/home/samsul/Documents/Polyp Detection/Polyp-Gen:/seq18/masks/1.jpg,pgen_seq18,1,1,720,700
PolypGen,/home/samsul/Documents/Polyp Detection/Polyp-Gen:/seq18/images/52.jpg,/home/samsul/Documents/Polyp Detection/Polyp-Gen:/seq18/masks/52.jpg,pgen_seq18,1,1,720,700
PolypGen,/home/samsul/Documents/Polyp Detection/Polyp-Gen:/seq18/images/19.jpg,/home/samsul/Documents/Polyp Detection/Polyp-Gen:/seq18/masks/19.jpg,pgen_seq18,1,1,720,700
PolypGen,/home/samsul/Documents/Polyp Detection/Polyp-Gen:/seq18/images/60.jpg,/home/samsul/Documents/Polyp Detection/Polyp-Gen:/seq18/masks/60.jpg,pgen_seq18,0,0,720,700
PolypGen,/home/samsul/Documents/Polyp Detection/Polyp-Gen:/seq18/images/14.jpg,/home/samsul/Documents/Polyp Detection/Polyp-Gen:/seq18/masks/14.jpg,pgen_seq18,1,1,720,700
PolypGen,/home/samsul/Documents/Polyp Detection/Polyp-Gen:/seq18/images/23.jpg,/home/samsul/Documents/Polyp Detection/Polyp-Gen:/seq18/masks/23.jpg,pgen_seq18,1,1,720,700
PolypGen,/home/samsul/Documents/Polyp Detection/Polyp-Gen:/seq18/images/28.jpg,/home/samsul/Documents/Polyp Detection/Polyp-Gen:/seq18/masks/28.jpg,pgen_seq18,1,1,720,700
PolypGen,/home/samsul/Documents/Polyp Detection/Polyp-Gen:/seq18/images/17.jpg,/home/samsul/Documents/Polyp Detection/Polyp-Gen:/seq18/masks/17.jpg,pgen_seq18,1,1,720,700
PolypGen,/home/samsul/Documents/Polyp Detection/Polyp-Gen:/seq18/images/36.jpg,/home/samsul/Documents/Polyp Detection/Polyp-Gen:/seq18/masks/36.jpg,pgen_seq18,1,1,720,700
PolypGen,/home/samsul/Documents/Polyp Detection/Polyp-Gen:/seq18/images/4.jpg,/home/samsul/Documents/Polyp Detection/Polyp-Gen:/seq18/masks/4.jpg,pgen_seq18,1,1,720,700
PolypGen,/home/samsul/Documents/Polyp Detection/Polyp-Gen:/seq18/images/5.jpg,/home/samsul/Documents/Polyp Detection/Polyp-Gen:/seq18/masks/5.jpg,pgen_seq18,1,1,720,700
PolypGen,/home/samsul/Documents/Polyp Detection/Polyp-Gen:/seq18/images/21.jpg,/home/samsul/Documents/Polyp Detection/Polyp-Gen:/seq18/masks/21.jpg,pgen_seq18,1,1,720,700
PolypGen,/home/samsul/Documents/Polyp Detection/Polyp-Gen:/seq18/images/0.jpg,/home/samsul/Documents/Polyp Detection/Polyp-Gen:/seq18/masks/0.jpg,pgen_seq18,1,1,720,700
PolypGen,/home/samsul/Documents/Polyp Detection/Polyp-Gen:/seq18/images/26.jpg,/home/samsul/Documents/Polyp Detection/Polyp-Gen:/seq18/masks/26.jpg,pgen_seq18,1,1,720,700
PolypGen,/home/samsul/Documents/Polyp Detection/Polyp-Gen:/seq18/images/12.jpg,/home/samsul/Documents/Polyp Detection/Polyp-Gen:/seq18/masks/12.jpg,pgen_seq18,1,1,720,700
PolypGen,/home/samsul/Documents/Polyp Detection/Polyp-Gen:/seq18/images/22.jpg,/home/samsul/Documents/Polyp Detection/Polyp-Gen:/seq18/masks/22.jpg,pgen_seq18,1,1,720,700
PolypGen,/home/samsul/Documents/Polyp Detection/Polyp-Gen:/seq18/images/32.jpg,/home/samsul/Documents/Polyp Detection/Polyp-Gen:/seq18/masks/32.jpg,pgen_seq18,1,1,720,700
PolypGen,/home/samsul/Documents/Polyp Detection/Polyp-Gen:/seq18/images/9.jpg,/home/samsul/Documents/Polyp Detection/Polyp-Gen:/seq18/masks/9.jpg,pgen_seq18,1,1,720,700
PolypGen,/home/samsul/Documents/Polyp Detection/Polyp-Gen:/seq18/images/44.jpg,/home/samsul/Documents/Polyp Detection/Polyp-Gen:/seq18/masks/44.jpg,pgen_seq18,1,1,720,700
PolypGen,/home/samsul/Documents/Polyp Detection/Polyp-Gen:/seq18/images/35.jpg,/home/samsul/Documents/Polyp Detection/Polyp-Gen:/seq18/masks/35.jpg,pgen_seq18,1,1,720,700
PolypGen,/home/samsul/Documents/Polyp Detection/Polyp-Gen:/seq18/images/48.jpg,/home/samsul/Documents/Polyp Detection/Polyp-Gen:/seq18/masks/48.jpg,pgen_seq18,1,1,720,700
PolypGen,/home/samsul/Documents/Polyp Detection/Polyp-Gen:/seq18/images/33.jpg,/home/samsul/Documents/Polyp Detection/Polyp-Gen:/seq18/masks/33.jpg,pgen_seq18,1,1,720,700
PolypGen,/home/samsul/Documents/Polyp Detection/Polyp-Gen:/seq18/images/43.jpg,/home/samsul/Documents/Polyp Detection/Polyp-Gen:/seq18/masks/43.jpg,pgen_seq18,1,1,720,700
PolypGen,/home/samsul/Documents/Polyp Detection/Polyp-Gen:/seq18/images/55.jpg,/home/samsul/Documents/Polyp Detection/Polyp-Gen:/seq18/masks/55.jpg,pgen_seq18,0,0,720,700
PolypGen,/home/samsul/Documents/Polyp Detection/Polyp-Gen:/seq18/images/47.jpg,/home/samsul/Documents/Polyp Detection/Polyp-Gen:/seq18/masks/47.jpg,pgen_seq18,1,1,720,700
PolypGen,/home/samsul/Documents/Polyp Detection/Polyp-Gen:/seq18/images/13.jpg,/home/samsul/Documents/Polyp Detection/Polyp-Gen:/seq18/masks/13.jpg,pgen_seq18,1,1,720,700
PolypGen,/home/samsul/Documents/Polyp Detection/Polyp-Gen:/seq18/images/53.jpg,/home/samsul/Documents/Polyp Detection/Polyp-Gen:/seq18/masks/53.jpg,pgen_seq18,1,1,720,700
PolypGen,/home/samsul/Documents/Polyp Detection/Polyp-Gen:/seq18/images/16.jpg,/home/samsul/Documents/Polyp Detection/Polyp-Gen:/seq18/masks/16.jpg,pgen_seq18,1,1,720,700
PolypGen,/home/samsul/Documents/Polyp Detection/Polyp-Gen:/seq18/images/42.jpg,/home/samsul/Documents/Polyp Detection/Polyp-Gen:/seq18/masks/42.jpg,pgen_seq18,1,1,720,700
PolypGen,/home/samsul/Documents/Polyp Detection/Polyp-Gen:/seq18/images/38.jpg,/home/samsul/Documents/Polyp Detection/Polyp-Gen:/seq18/masks/38.jpg,pgen_seq18,1,1,720,700
PolypGen,/home/samsul/Documents/Polyp Detection/Polyp-Gen:/seq18/images/15.jpg,/home/samsul/Documents/Polyp Detection/Polyp-Gen:/seq18/masks/15.jpg,pgen_seq18,1,1,720,700
PolypGen,/home/samsul/Documents/Polyp Detection/Polyp-Gen:/seq18/images/25.jpg,/home/samsul/Documents/Polyp Detection/Polyp-Gen:/seq18/masks/25.jpg,pgen_seq18,1,1,720,700
PolypGen,/home/samsul/Documents/Polyp Detection/Polyp-Gen:/seq18/images/56.jpg,/home/samsul/Documents/Polyp Detection/Polyp-Gen:/seq18/masks/56.jpg,pgen_seq18,0,0,720,700
PolypGen,/home/samsul/Documents/Polyp Detection/Polyp-Gen:/seq18/images/20.jpg,/home/samsul/Documents/Polyp Detection/Polyp-Gen:/seq18/masks/20.jpg,pgen_seq18,1,1,720,700
PolypGen,/home/samsul/Documents/Polyp Detection/Polyp-Gen:/seq18/images/46.jpg,/home/samsul/Documents/Polyp Detection/Polyp-Gen:/seq18/masks/46.jpg,pgen_seq18,1,1,720,700
PolypGen,/home/samsul/Documents/Polyp Detection/Polyp-Gen:/seq18/images/7.jpg,/home/samsul/Documents/Polyp Detection/Polyp-Gen:/seq18/masks/7.jpg,pgen_seq18,1,1,720,700
PolypGen,/home/samsul/Documents/Polyp Detection/Polyp-Gen:/seq18/images/45.jpg,/home/samsul/Documents/Polyp Detection/Polyp-Gen:/seq18/masks/45.jpg,pgen_seq18,1,1,720,700
PolypGen,/home/samsul/Documents/Polyp Detection/Polyp-Gen:/seq18/images/61.jpg,/home/samsul/Documents/Polyp Detection/Polyp-Gen:/seq18/masks/61.jpg,pgen_seq18,1,1,720,700
PolypGen,/home/samsul/Documents/Polyp Detection/Polyp-Gen:/seq18/images/24.jpg,/home/samsul/Documents/Polyp Detection/Polyp-Gen:/seq18/masks/24.jpg,pgen_seq18,1,1,720,700
PolypGen,/home/samsul/Documents/Polyp Detection/Polyp-Gen:/seq18/images/30.jpg,/home/samsul/Documents/Polyp Detection/Polyp-Gen:/seq18/masks/30.jpg,pgen_seq18,1,1,720,700
PolypGen,/home/samsul/Documents/Polyp Detection/Polyp-Gen:/seq18/images/2.jpg,/home/samsul/Documents/Polyp Detection/Polyp-Gen:/seq18/masks/2.jpg,pgen_seq18,1,1,720,700
PolypGen,/home/samsul/Documents/Polyp Detection/Polyp-Gen:/seq18/images/59.jpg,/home/samsul/Documents/Polyp Detection/Polyp-Gen:/seq18/masks/59.jpg,pgen_seq18,0,0,720,700
PolypGen,/home/samsul/Documents/Polyp Detection/Polyp-Gen:/seq19/images/18.jpg,/home/samsul/Documents/Polyp Detection/Polyp-Gen:/seq19/masks/18.jpg,pgen_seq19,1,1,720,700
PolypGen,/home/samsul/Documents/Polyp Detection/Polyp-Gen:/seq19/images/3.jpg,/home/samsul/Documents/Polyp Detection/Polyp-Gen:/seq19/masks/3.jpg,pgen_seq19,1,1,720,700
PolypGen,/home/samsul/Documents/Polyp Detection/Polyp-Gen:/seq19/images/49.jpg,/home/samsul/Documents/Polyp Detection/Polyp-Gen:/seq19/masks/49.jpg,pgen_seq19,0,0,720,700
PolypGen,/home/samsul/Documents/Polyp Detection/Polyp-Gen:/seq19/images/40.jpg,/home/samsul/Documents/Polyp Detection/Polyp-Gen:/seq19/masks/40.jpg,pgen_seq19,1,1,720,700
PolypGen,/home/samsul/Documents/Polyp Detection/Polyp-Gen:/seq19/images/11.jpg,/home/samsul/Documents/Polyp Detection/Polyp-Gen:/seq19/masks/11.jpg,pgen_seq19,1,1,720,700
PolypGen,/home/samsul/Documents/Polyp Detection/Polyp-Gen:/seq19/images/29.jpg,/home/samsul/Documents/Polyp Detection/Polyp-Gen:/seq19/masks/29.jpg,pgen_seq19,1,1,720,700
PolypGen,/home/samsul/Documents/Polyp Detection/Polyp-Gen:/seq19/images/54.jpg,/home/samsul/Documents/Polyp Detection/Polyp-Gen:/seq19/masks/54.jpg,pgen_seq19,1,1,720,700
PolypGen,/home/samsul/Documents/Polyp Detection/Polyp-Gen:/seq19/images/51.jpg,/home/samsul/Documents/Polyp Detection/Polyp-Gen:/seq19/masks/51.jpg,pgen_seq19,1,1,720,700
PolypGen,/home/samsul/Documents/Polyp Detection/Polyp-Gen:/seq19/images/6.jpg,/home/samsul/Documents/Polyp Detection/Polyp-Gen:/seq19/masks/6.jpg,pgen_seq19,1,1,720,700
PolypGen,/home/samsul/Documents/Polyp Detection/Polyp-Gen:/seq19/images/10.jpg,/home/samsul/Documents/Polyp Detection/Polyp-Gen:/seq19/masks/10.jpg,pgen_seq19,1,1,720,700
PolypGen,/home/samsul/Documents/Polyp Detection/Polyp-Gen:/seq19/images/34.jpg,/home/samsul/Documents/Polyp Detection/Polyp-Gen:/seq19/masks/34.jpg,pgen_seq19,1,1,720,700
PolypGen,/home/samsul/Documents/Polyp Detection/Polyp-Gen:/seq19/images/37.jpg,/home/samsul/Documents/Polyp Detection/Polyp-Gen:/seq19/masks/37.jpg,pgen_seq19,1,1,720,700
PolypGen,/home/samsul/Documents/Polyp Detection/Polyp-Gen:/seq19/images/27.jpg,/home/samsul/Documents/Polyp Detection/Polyp-Gen:/seq19/masks/27.jpg,pgen_seq19,1,1,720,700
PolypGen,/home/samsul/Documents/Polyp Detection/Polyp-Gen:/seq19/images/39.jpg,/home/samsul/Documents/Polyp Detection/Polyp-Gen:/seq19/masks/39.jpg,pgen_seq19,1,1,720,700
PolypGen,/home/samsul/Documents/Polyp Detection/Polyp-Gen:/seq19/images/31.jpg,/home/samsul/Documents/Polyp Detection/Polyp-Gen:/seq19/masks/31.jpg,pgen_seq19,1,1,720,700
PolypGen,/home/samsul/Documents/Polyp Detection/Polyp-Gen:/seq19/images/8.jpg,/home/samsul/Documents/Polyp Detection/Polyp-Gen:/seq19/masks/8.jpg,pgen_seq19,1,1,720,700
PolypGen,/home/samsul/Documents/Polyp Detection/Polyp-Gen:/seq19/images/41.jpg,/home/samsul/Documents/Polyp Detection/Polyp-Gen:/seq19/masks/41.jpg,pgen_seq19,1,1,720,700
PolypGen,/home/samsul/Documents/Polyp Detection/Polyp-Gen:/seq19/images/50.jpg,/home/samsul/Documents/Polyp Detection/Polyp-Gen:/seq19/masks/50.jpg,pgen_seq19,1,1,720,700
PolypGen,/home/samsul/Documents/Polyp Detection/Polyp-Gen:/seq19/images/1.jpg,/home/samsul/Documents/Polyp Detection/Polyp-Gen:/seq19/masks/1.jpg,pgen_seq19,1,1,720,700
PolypGen,/home/samsul/Documents/Polyp Detection/Polyp-Gen:/seq19/images/52.jpg,/home/samsul/Documents/Polyp Detection/Polyp-Gen:/seq19/masks/52.jpg,pgen_seq19,1,1,720,700
PolypGen,/home/samsul/Documents/Polyp Detection/Polyp-Gen:/seq19/images/19.jpg,/home/samsul/Documents/Polyp Detection/Polyp-Gen:/seq19/masks/19.jpg,pgen_seq19,1,1,720,700
PolypGen,/home/samsul/Documents/Polyp Detection/Polyp-Gen:/seq19/images/14.jpg,/home/samsul/Documents/Polyp Detection/Polyp-Gen:/seq19/masks/14.jpg,pgen_seq19,1,1,720,700
PolypGen,/home/samsul/Documents/Polyp Detection/Polyp-Gen:/seq19/images/23.jpg,/home/samsul/Documents/Polyp Detection/Polyp-Gen:/seq19/masks/23.jpg,pgen_seq19,1,1,720,700
PolypGen,/home/samsul/Documents/Polyp Detection/Polyp-Gen:/seq19/images/28.jpg,/home/samsul/Documents/Polyp Detection/Polyp-Gen:/seq19/masks/28.jpg,pgen_seq19,1,1,720,700
PolypGen,/home/samsul/Documents/Polyp Detection/Polyp-Gen:/seq19/images/17.jpg,/home/samsul/Documents/Polyp Detection/Polyp-Gen:/seq19/masks/17.jpg,pgen_seq19,1,1,720,700
PolypGen,/home/samsul/Documents/Polyp Detection/Polyp-Gen:/seq19/images/36.jpg,/home/samsul/Documents/Polyp Detection/Polyp-Gen:/seq19/masks/36.jpg,pgen_seq19,1,1,720,700
PolypGen,/home/samsul/Documents/Polyp Detection/Polyp-Gen:/seq19/images/4.jpg,/home/samsul/Documents/Polyp Detection/Polyp-Gen:/seq19/masks/4.jpg,pgen_seq19,1,1,720,700
PolypGen,/home/samsul/Documents/Polyp Detection/Polyp-Gen:/seq19/images/5.jpg,/home/samsul/Documents/Polyp Detection/Polyp-Gen:/seq19/masks/5.jpg,pgen_seq19,1,1,720,700
PolypGen,/home/samsul/Documents/Polyp Detection/Polyp-Gen:/seq19/images/21.jpg,/home/samsul/Documents/Polyp Detection/Polyp-Gen:/seq19/masks/21.jpg,pgen_seq19,1,1,720,700
PolypGen,/home/samsul/Documents/Polyp Detection/Polyp-Gen:/seq19/images/0.jpg,/home/samsul/Documents/Polyp Detection/Polyp-Gen:/seq19/masks/0.jpg,pgen_seq19,1,1,720,700
PolypGen,/home/samsul/Documents/Polyp Detection/Polyp-Gen:/seq19/images/26.jpg,/home/samsul/Documents/Polyp Detection/Polyp-Gen:/seq19/masks/26.jpg,pgen_seq19,1,1,720,700
PolypGen,/home/samsul/Documents/Polyp Detection/Polyp-Gen:/seq19/images/12.jpg,/home/samsul/Documents/Polyp Detection/Polyp-Gen:/seq19/masks/12.jpg,pgen_seq19,1,1,720,700
PolypGen,/home/samsul/Documents/Polyp Detection/Polyp-Gen:/seq19/images/22.jpg,/home/samsul/Documents/Polyp Detection/Polyp-Gen:/seq19/masks/22.jpg,pgen_seq19,1,1,720,700
PolypGen,/home/samsul/Documents/Polyp Detection/Polyp-Gen:/seq19/images/32.jpg,/home/samsul/Documents/Polyp Detection/Polyp-Gen:/seq19/masks/32.jpg,pgen_seq19,1,1,720,700
PolypGen,/home/samsul/Documents/Polyp Detection/Polyp-Gen:/seq19/images/9.jpg,/home/samsul/Documents/Polyp Detection/Polyp-Gen:/seq19/masks/9.jpg,pgen_seq19,1,1,720,700
PolypGen,/home/samsul/Documents/Polyp Detection/Polyp-Gen:/seq19/images/44.jpg,/home/samsul/Documents/Polyp Detection/Polyp-Gen:/seq19/masks/44.jpg,pgen_seq19,1,1,720,700
PolypGen,/home/samsul/Documents/Polyp Detection/Polyp-Gen:/seq19/images/35.jpg,/home/samsul/Documents/Polyp Detection/Polyp-Gen:/seq19/masks/35.jpg,pgen_seq19,1,1,720,700
PolypGen,/home/samsul/Documents/Polyp Detection/Polyp-Gen:/seq19/images/48.jpg,/home/samsul/Documents/Polyp Detection/Polyp-Gen:/seq19/masks/48.jpg,pgen_seq19,1,1,720,700
PolypGen,/home/samsul/Documents/Polyp Detection/Polyp-Gen:/seq19/images/33.jpg,/home/samsul/Documents/Polyp Detection/Polyp-Gen:/seq19/masks/33.jpg,pgen_seq19,1,1,720,700
PolypGen,/home/samsul/Documents/Polyp Detection/Polyp-Gen:/seq19/images/43.jpg,/home/samsul/Documents/Polyp Detection/Polyp-Gen:/seq19/masks/43.jpg,pgen_seq19,1,1,720,700
PolypGen,/home/samsul/Documents/Polyp Detection/Polyp-Gen:/seq19/images/55.jpg,/home/samsul/Documents/Polyp Detection/Polyp-Gen:/seq19/masks/55.jpg,pgen_seq19,1,1,720,700
PolypGen,/home/samsul/Documents/Polyp Detection/Polyp-Gen:/seq19/images/47.jpg,/home/samsul/Documents/Polyp Detection/Polyp-Gen:/seq19/masks/47.jpg,pgen_seq19,1,1,720,700
PolypGen,/home/samsul/Documents/Polyp Detection/Polyp-Gen:/seq19/images/13.jpg,/home/samsul/Documents/Polyp Detection/Polyp-Gen:/seq19/masks/13.jpg,pgen_seq19,1,1,720,700
PolypGen,/home/samsul/Documents/Polyp Detection/Polyp-Gen:/seq19/images/53.jpg,/home/samsul/Documents/Polyp Detection/Polyp-Gen:/seq19/masks/53.jpg,pgen_seq19,1,1,720,700
PolypGen,/home/samsul/Documents/Polyp Detection/Polyp-Gen:/seq19/images/16.jpg,/home/samsul/Documents/Polyp Detection/Polyp-Gen:/seq19/masks/16.jpg,pgen_seq19,1,1,720,700
PolypGen,/home/samsul/Documents/Polyp Detection/Polyp-Gen:/seq19/images/42.jpg,/home/samsul/Documents/Polyp Detection/Polyp-Gen:/seq19/masks/42.jpg,pgen_seq19,1,1,720,700
PolypGen,/home/samsul/Documents/Polyp Detection/Polyp-Gen:/seq19/images/38.jpg,/home/samsul/Documents/Polyp Detection/Polyp-Gen:/seq19/masks/38.jpg,pgen_seq19,1,1,720,700
PolypGen,/home/samsul/Documents/Polyp Detection/Polyp-Gen:/seq19/images/15.jpg,/home/samsul/Documents/Polyp Detection/Polyp-Gen:/seq19/masks/15.jpg,pgen_seq19,1,1,720,700
PolypGen,/home/samsul/Documents/Polyp Detection/Polyp-Gen:/seq19/images/25.jpg,/home/samsul/Documents/Polyp Detection/Polyp-Gen:/seq19/masks/25.jpg,pgen_seq19,1,1,720,700
PolypGen,/home/samsul/Documents/Polyp Detection/Polyp-Gen:/seq19/images/20.jpg,/home/samsul/Documents/Polyp Detection/Polyp-Gen:/seq19/masks/20.jpg,pgen_seq19,1,1,720,700
PolypGen,/home/samsul/Documents/Polyp Detection/Polyp-Gen:/seq19/images/46.jpg,/home/samsul/Documents/Polyp Detection/Polyp-Gen:/seq19/masks/46.jpg,pgen_seq19,1,1,720,700
PolypGen,/home/samsul/Documents/Polyp Detection/Polyp-Gen:/seq19/images/7.jpg,/home/samsul/Documents/Polyp Detection/Polyp-Gen:/seq19/masks/7.jpg,pgen_seq19,1,1,720,700
PolypGen,/home/samsul/Documents/Polyp Detection/Polyp-Gen:/seq19/images/45.jpg,/home/samsul/Documents/Polyp Detection/Polyp-Gen:/seq19/masks/45.jpg,pgen_seq19,1,1,720,700
PolypGen,/home/samsul/Documents/Polyp Detection/Polyp-Gen:/seq19/images/24.jpg,/home/samsul/Documents/Polyp Detection/Polyp-Gen:/seq19/masks/24.jpg,pgen_seq19,1,1,720,700
PolypGen,/home/samsul/Documents/Polyp Detection/Polyp-Gen:/seq19/images/30.jpg,/home/samsul/Documents/Polyp Detection/Polyp-Gen:/seq19/masks/30.jpg,pgen_seq19,1,1,720,700
PolypGen,/home/samsul/Documents/Polyp Detection/Polyp-Gen:/seq19/images/2.jpg,/home/samsul/Documents/Polyp Detection/Polyp-Gen:/seq19/masks/2.jpg,pgen_seq19,1,1,720,700
PolypGen,/home/samsul/Documents/Polyp Detection/Polyp-Gen:/seq2/images/18.jpg,/home/samsul/Documents/Polyp Detection/Polyp-Gen:/seq2/masks/18.jpg,pgen_seq2,1,1,1080,1380
PolypGen,/home/samsul/Documents/Polyp Detection/Polyp-Gen:/seq2/images/3.jpg,/home/samsul/Documents/Polyp Detection/Polyp-Gen:/seq2/masks/3.jpg,pgen_seq2,1,1,1080,1380
PolypGen,/home/samsul/Documents/Polyp Detection/Polyp-Gen:/seq2/images/49.jpg,/home/samsul/Documents/Polyp Detection/Polyp-Gen:/seq2/masks/49.jpg,pgen_seq2,1,1,1080,1380
PolypGen,/home/samsul/Documents/Polyp Detection/Polyp-Gen:/seq2/images/40.jpg,/home/samsul/Documents/Polyp Detection/Polyp-Gen:/seq2/masks/40.jpg,pgen_seq2,1,1,1080,1380
PolypGen,/home/samsul/Documents/Polyp Detection/Polyp-Gen:/seq2/images/57.jpg,/home/samsul/Documents/Polyp Detection/Polyp-Gen:/seq2/masks/57.jpg,pgen_seq2,1,1,1080,1380
PolypGen,/home/samsul/Documents/Polyp Detection/Polyp-Gen:/seq2/images/11.jpg,/home/samsul/Documents/Polyp Detection/Polyp-Gen:/seq2/masks/11.jpg,pgen_seq2,1,1,1080,1380
PolypGen,/home/samsul/Documents/Polyp Detection/Polyp-Gen:/seq2/images/29.jpg,/home/samsul/Documents/Polyp Detection/Polyp-Gen:/seq2/masks/29.jpg,pgen_seq2,1,1,1080,1380
PolypGen,/home/samsul/Documents/Polyp Detection/Polyp-Gen:/seq2/images/54.jpg,/home/samsul/Documents/Polyp Detection/Polyp-Gen:/seq2/masks/54.jpg,pgen_seq2,1,1,1080,1380
PolypGen,/home/samsul/Documents/Polyp Detection/Polyp-Gen:/seq2/images/51.jpg,/home/samsul/Documents/Polyp Detection/Polyp-Gen:/seq2/masks/51.jpg,pgen_seq2,1,1,1080,1380
PolypGen,/home/samsul/Documents/Polyp Detection/Polyp-Gen:/seq2/images/6.jpg,/home/samsul/Documents/Polyp Detection/Polyp-Gen:/seq2/masks/6.jpg,pgen_seq2,1,1,1080,1380
PolypGen,/home/samsul/Documents/Polyp Detection/Polyp-Gen:/seq2/images/58.jpg,/home/samsul/Documents/Polyp Detection/Polyp-Gen:/seq2/masks/58.jpg,pgen_seq2,1,1,1080,1380
PolypGen,/home/samsul/Documents/Polyp Detection/Polyp-Gen:/seq2/images/10.jpg,/home/samsul/Documents/Polyp Detection/Polyp-Gen:/seq2/masks/10.jpg,pgen_seq2,1,1,1080,1380
PolypGen,/home/samsul/Documents/Polyp Detection/Polyp-Gen:/seq2/images/34.jpg,/home/samsul/Documents/Polyp Detection/Polyp-Gen:/seq2/masks/34.jpg,pgen_seq2,1,1,1080,1380
PolypGen,/home/samsul/Documents/Polyp Detection/Polyp-Gen:/seq2/images/37.jpg,/home/samsul/Documents/Polyp Detection/Polyp-Gen:/seq2/masks/37.jpg,pgen_seq2,1,1,1080,1380
PolypGen,/home/samsul/Documents/Polyp Detection/Polyp-Gen:/seq2/images/27.jpg,/home/samsul/Documents/Polyp Detection/Polyp-Gen:/seq2/masks/27.jpg,pgen_seq2,1,1,1080,1380
PolypGen,/home/samsul/Documents/Polyp Detection/Polyp-Gen:/seq2/images/62.jpg,/home/samsul/Documents/Polyp Detection/Polyp-Gen:/seq2/masks/62.jpg,pgen_seq2,1,1,1080,1380
PolypGen,/home/samsul/Documents/Polyp Detection/Polyp-Gen:/seq2/images/39.jpg,/home/samsul/Documents/Polyp Detection/Polyp-Gen:/seq2/masks/39.jpg,pgen_seq2,1,1,1080,1380
PolypGen,/home/samsul/Documents/Polyp Detection/Polyp-Gen:/seq2/images/31.jpg,/home/samsul/Documents/Polyp Detection/Polyp-Gen:/seq2/masks/31.jpg,pgen_seq2,1,1,1080,1380
PolypGen,/home/samsul/Documents/Polyp Detection/Polyp-Gen:/seq2/images/8.jpg,/home/samsul/Documents/Polyp Detection/Polyp-Gen:/seq2/masks/8.jpg,pgen_seq2,1,1,1080,1380
PolypGen,/home/samsul/Documents/Polyp Detection/Polyp-Gen:/seq2/images/41.jpg,/home/samsul/Documents/Polyp Detection/Polyp-Gen:/seq2/masks/41.jpg,pgen_seq2,1,1,1080,1380
PolypGen,/home/samsul/Documents/Polyp Detection/Polyp-Gen:/seq2/images/50.jpg,/home/samsul/Documents/Polyp Detection/Polyp-Gen:/seq2/masks/50.jpg,pgen_seq2,1,1,1080,1380
PolypGen,/home/samsul/Documents/Polyp Detection/Polyp-Gen:/seq2/images/1.jpg,/home/samsul/Documents/Polyp Detection/Polyp-Gen:/seq2/masks/1.jpg,pgen_seq2,1,1,1080,1380
PolypGen,/home/samsul/Documents/Polyp Detection/Polyp-Gen:/seq2/images/52.jpg,/home/samsul/Documents/Polyp Detection/Polyp-Gen:/seq2/masks/52.jpg,pgen_seq2,1,1,1080,1380
PolypGen,/home/samsul/Documents/Polyp Detection/Polyp-Gen:/seq2/images/19.jpg,/home/samsul/Documents/Polyp Detection/Polyp-Gen:/seq2/masks/19.jpg,pgen_seq2,1,1,1080,1380
PolypGen,/home/samsul/Documents/Polyp Detection/Polyp-Gen:/seq2/images/60.jpg,/home/samsul/Documents/Polyp Detection/Polyp-Gen:/seq2/masks/60.jpg,pgen_seq2,1,1,1080,1380
PolypGen,/home/samsul/Documents/Polyp Detection/Polyp-Gen:/seq2/images/14.jpg,/home/samsul/Documents/Polyp Detection/Polyp-Gen:/seq2/masks/14.jpg,pgen_seq2,1,1,1080,1380
PolypGen,/home/samsul/Documents/Polyp Detection/Polyp-Gen:/seq2/images/23.jpg,/home/samsul/Documents/Polyp Detection/Polyp-Gen:/seq2/masks/23.jpg,pgen_seq2,1,1,1080,1380
PolypGen,/home/samsul/Documents/Polyp Detection/Polyp-Gen:/seq2/images/28.jpg,/home/samsul/Documents/Polyp Detection/Polyp-Gen:/seq2/masks/28.jpg,pgen_seq2,1,1,1080,1380
PolypGen,/home/samsul/Documents/Polyp Detection/Polyp-Gen:/seq2/images/17.jpg,/home/samsul/Documents/Polyp Detection/Polyp-Gen:/seq2/masks/17.jpg,pgen_seq2,1,1,1080,1380
PolypGen,/home/samsul/Documents/Polyp Detection/Polyp-Gen:/seq2/images/36.jpg,/home/samsul/Documents/Polyp Detection/Polyp-Gen:/seq2/masks/36.jpg,pgen_seq2,1,1,1080,1380
PolypGen,/home/samsul/Documents/Polyp Detection/Polyp-Gen:/seq2/images/4.jpg,/home/samsul/Documents/Polyp Detection/Polyp-Gen:/seq2/masks/4.jpg,pgen_seq2,1,1,1080,1380
PolypGen,/home/samsul/Documents/Polyp Detection/Polyp-Gen:/seq2/images/5.jpg,/home/samsul/Documents/Polyp Detection/Polyp-Gen:/seq2/masks/5.jpg,pgen_seq2,1,1,1080,1380
PolypGen,/home/samsul/Documents/Polyp Detection/Polyp-Gen:/seq2/images/21.jpg,/home/samsul/Documents/Polyp Detection/Polyp-Gen:/seq2/masks/21.jpg,pgen_seq2,1,1,1080,1380
PolypGen,/home/samsul/Documents/Polyp Detection/Polyp-Gen:/seq2/images/0.jpg,/home/samsul/Documents/Polyp Detection/Polyp-Gen:/seq2/masks/0.jpg,pgen_seq2,1,1,1080,1380
PolypGen,/home/samsul/Documents/Polyp Detection/Polyp-Gen:/seq2/images/26.jpg,/home/samsul/Documents/Polyp Detection/Polyp-Gen:/seq2/masks/26.jpg,pgen_seq2,1,1,1080,1380
PolypGen,/home/samsul/Documents/Polyp Detection/Polyp-Gen:/seq2/images/12.jpg,/home/samsul/Documents/Polyp Detection/Polyp-Gen:/seq2/masks/12.jpg,pgen_seq2,1,1,1080,1380
PolypGen,/home/samsul/Documents/Polyp Detection/Polyp-Gen:/seq2/images/22.jpg,/home/samsul/Documents/Polyp Detection/Polyp-Gen:/seq2/masks/22.jpg,pgen_seq2,1,1,1080,1380
PolypGen,/home/samsul/Documents/Polyp Detection/Polyp-Gen:/seq2/images/32.jpg,/home/samsul/Documents/Polyp Detection/Polyp-Gen:/seq2/masks/32.jpg,pgen_seq2,1,1,1080,1380
PolypGen,/home/samsul/Documents/Polyp Detection/Polyp-Gen:/seq2/images/9.jpg,/home/samsul/Documents/Polyp Detection/Polyp-Gen:/seq2/masks/9.jpg,pgen_seq2,1,1,1080,1380
PolypGen,/home/samsul/Documents/Polyp Detection/Polyp-Gen:/seq2/images/44.jpg,/home/samsul/Documents/Polyp Detection/Polyp-Gen:/seq2/masks/44.jpg,pgen_seq2,1,1,1080,1380
PolypGen,/home/samsul/Documents/Polyp Detection/Polyp-Gen:/seq2/images/35.jpg,/home/samsul/Documents/Polyp Detection/Polyp-Gen:/seq2/masks/35.jpg,pgen_seq2,1,1,1080,1380
PolypGen,/home/samsul/Documents/Polyp Detection/Polyp-Gen:/seq2/images/48.jpg,/home/samsul/Documents/Polyp Detection/Polyp-Gen:/seq2/masks/48.jpg,pgen_seq2,1,1,1080,1380
PolypGen,/home/samsul/Documents/Polyp Detection/Polyp-Gen:/seq2/images/33.jpg,/home/samsul/Documents/Polyp Detection/Polyp-Gen:/seq2/masks/33.jpg,pgen_seq2,1,1,1080,1380
PolypGen,/home/samsul/Documents/Polyp Detection/Polyp-Gen:/seq2/images/43.jpg,/home/samsul/Documents/Polyp Detection/Polyp-Gen:/seq2/masks/43.jpg,pgen_seq2,1,1,1080,1380
PolypGen,/home/samsul/Documents/Polyp Detection/Polyp-Gen:/seq2/images/55.jpg,/home/samsul/Documents/Polyp Detection/Polyp-Gen:/seq2/masks/55.jpg,pgen_seq2,1,1,1080,1380
PolypGen,/home/samsul/Documents/Polyp Detection/Polyp-Gen:/seq2/images/47.jpg,/home/samsul/Documents/Polyp Detection/Polyp-Gen:/seq2/masks/47.jpg,pgen_seq2,0,0,1080,1380
PolypGen,/home/samsul/Documents/Polyp Detection/Polyp-Gen:/seq2/images/13.jpg,/home/samsul/Documents/Polyp Detection/Polyp-Gen:/seq2/masks/13.jpg,pgen_seq2,1,1,1080,1380
PolypGen,/home/samsul/Documents/Polyp Detection/Polyp-Gen:/seq2/images/53.jpg,/home/samsul/Documents/Polyp Detection/Polyp-Gen:/seq2/masks/53.jpg,pgen_seq2,1,1,1080,1380
PolypGen,/home/samsul/Documents/Polyp Detection/Polyp-Gen:/seq2/images/16.jpg,/home/samsul/Documents/Polyp Detection/Polyp-Gen:/seq2/masks/16.jpg,pgen_seq2,1,1,1080,1380
PolypGen,/home/samsul/Documents/Polyp Detection/Polyp-Gen:/seq2/images/42.jpg,/home/samsul/Documents/Polyp Detection/Polyp-Gen:/seq2/masks/42.jpg,pgen_seq2,1,1,1080,1380
PolypGen,/home/samsul/Documents/Polyp Detection/Polyp-Gen:/seq2/images/38.jpg,/home/samsul/Documents/Polyp Detection/Polyp-Gen:/seq2/masks/38.jpg,pgen_seq2,1,1,1080,1380
PolypGen,/home/samsul/Documents/Polyp Detection/Polyp-Gen:/seq2/images/15.jpg,/home/samsul/Documents/Polyp Detection/Polyp-Gen:/seq2/masks/15.jpg,pgen_seq2,1,1,1080,1380
PolypGen,/home/samsul/Documents/Polyp Detection/Polyp-Gen:/seq2/images/25.jpg,/home/samsul/Documents/Polyp Detection/Polyp-Gen:/seq2/masks/25.jpg,pgen_seq2,1,1,1080,1380
PolypGen,/home/samsul/Documents/Polyp Detection/Polyp-Gen:/seq2/images/56.jpg,/home/samsul/Documents/Polyp Detection/Polyp-Gen:/seq2/masks/56.jpg,pgen_seq2,1,1,1080,1380
PolypGen,/home/samsul/Documents/Polyp Detection/Polyp-Gen:/seq2/images/20.jpg,/home/samsul/Documents/Polyp Detection/Polyp-Gen:/seq2/masks/20.jpg,pgen_seq2,1,1,1080,1380
PolypGen,/home/samsul/Documents/Polyp Detection/Polyp-Gen:/seq2/images/46.jpg,/home/samsul/Documents/Polyp Detection/Polyp-Gen:/seq2/masks/46.jpg,pgen_seq2,0,0,1080,1380
PolypGen,/home/samsul/Documents/Polyp Detection/Polyp-Gen:/seq2/images/7.jpg,/home/samsul/Documents/Polyp Detection/Polyp-Gen:/seq2/masks/7.jpg,pgen_seq2,1,1,1080,1380
PolypGen,/home/samsul/Documents/Polyp Detection/Polyp-Gen:/seq2/images/45.jpg,/home/samsul/Documents/Polyp Detection/Polyp-Gen:/seq2/masks/45.jpg,pgen_seq2,0,0,1080,1380
PolypGen,/home/samsul/Documents/Polyp Detection/Polyp-Gen:/seq2/images/61.jpg,/home/samsul/Documents/Polyp Detection/Polyp-Gen:/seq2/masks/61.jpg,pgen_seq2,1,1,1080,1380
PolypGen,/home/samsul/Documents/Polyp Detection/Polyp-Gen:/seq2/images/24.jpg,/home/samsul/Documents/Polyp Detection/Polyp-Gen:/seq2/masks/24.jpg,pgen_seq2,1,1,1080,1380
PolypGen,/home/samsul/Documents/Polyp Detection/Polyp-Gen:/seq2/images/30.jpg,/home/samsul/Documents/Polyp Detection/Polyp-Gen:/seq2/masks/30.jpg,pgen_seq2,1,1,1080,1380
PolypGen,/home/samsul/Documents/Polyp Detection/Polyp-Gen:/seq2/images/2.jpg,/home/samsul/Documents/Polyp Detection/Polyp-Gen:/seq2/masks/2.jpg,pgen_seq2,1,1,1080,1380
PolypGen,/home/samsul/Documents/Polyp Detection/Polyp-Gen:/seq2/images/59.jpg,/home/samsul/Documents/Polyp Detection/Polyp-Gen:/seq2/masks/59.jpg,pgen_seq2,1,1,1080,1380
PolypGen,/home/samsul/Documents/Polyp Detection/Polyp-Gen:/seq20/images/18.jpg,/home/samsul/Documents/Polyp Detection/Polyp-Gen:/seq20/masks/18.jpg,pgen_seq20,0,0,720,930
PolypGen,/home/samsul/Documents/Polyp Detection/Polyp-Gen:/seq20/images/3.jpg,/home/samsul/Documents/Polyp Detection/Polyp-Gen:/seq20/masks/3.jpg,pgen_seq20,1,1,720,930
PolypGen,/home/samsul/Documents/Polyp Detection/Polyp-Gen:/seq20/images/49.jpg,/home/samsul/Documents/Polyp Detection/Polyp-Gen:/seq20/masks/49.jpg,pgen_seq20,1,1,720,930
PolypGen,/home/samsul/Documents/Polyp Detection/Polyp-Gen:/seq20/images/40.jpg,/home/samsul/Documents/Polyp Detection/Polyp-Gen:/seq20/masks/40.jpg,pgen_seq20,1,1,720,930
PolypGen,/home/samsul/Documents/Polyp Detection/Polyp-Gen:/seq20/images/11.jpg,/home/samsul/Documents/Polyp Detection/Polyp-Gen:/seq20/masks/11.jpg,pgen_seq20,0,0,720,930
PolypGen,/home/samsul/Documents/Polyp Detection/Polyp-Gen:/seq20/images/29.jpg,/home/samsul/Documents/Polyp Detection/Polyp-Gen:/seq20/masks/29.jpg,pgen_seq20,1,1,720,930
PolypGen,/home/samsul/Documents/Polyp Detection/Polyp-Gen:/seq20/images/51.jpg,/home/samsul/Documents/Polyp Detection/Polyp-Gen:/seq20/masks/51.jpg,pgen_seq20,0,0,720,930
PolypGen,/home/samsul/Documents/Polyp Detection/Polyp-Gen:/seq20/images/6.jpg,/home/samsul/Documents/Polyp Detection/Polyp-Gen:/seq20/masks/6.jpg,pgen_seq20,0,0,720,930
PolypGen,/home/samsul/Documents/Polyp Detection/Polyp-Gen:/seq20/images/10.jpg,/home/samsul/Documents/Polyp Detection/Polyp-Gen:/seq20/masks/10.jpg,pgen_seq20,0,0,720,930
PolypGen,/home/samsul/Documents/Polyp Detection/Polyp-Gen:/seq20/images/34.jpg,/home/samsul/Documents/Polyp Detection/Polyp-Gen:/seq20/masks/34.jpg,pgen_seq20,2,1,720,930
PolypGen,/home/samsul/Documents/Polyp Detection/Polyp-Gen:/seq20/images/37.jpg,/home/samsul/Documents/Polyp Detection/Polyp-Gen:/seq20/masks/37.jpg,pgen_seq20,1,1,720,930
PolypGen,/home/samsul/Documents/Polyp Detection/Polyp-Gen:/seq20/images/27.jpg,/home/samsul/Documents/Polyp Detection/Polyp-Gen:/seq20/masks/27.jpg,pgen_seq20,1,1,720,930
PolypGen,/home/samsul/Documents/Polyp Detection/Polyp-Gen:/seq20/images/39.jpg,/home/samsul/Documents/Polyp Detection/Polyp-Gen:/seq20/masks/39.jpg,pgen_seq20,1,1,720,930
PolypGen,/home/samsul/Documents/Polyp Detection/Polyp-Gen:/seq20/images/31.jpg,/home/samsul/Documents/Polyp Detection/Polyp-Gen:/seq20/masks/31.jpg,pgen_seq20,3,1,720,930
PolypGen,/home/samsul/Documents/Polyp Detection/Polyp-Gen:/seq20/images/8.jpg,/home/samsul/Documents/Polyp Detection/Polyp-Gen:/seq20/masks/8.jpg,pgen_seq20,0,0,720,930
PolypGen,/home/samsul/Documents/Polyp Detection/Polyp-Gen:/seq20/images/41.jpg,/home/samsul/Documents/Polyp Detection/Polyp-Gen:/seq20/masks/41.jpg,pgen_seq20,0,0,720,930
PolypGen,/home/samsul/Documents/Polyp Detection/Polyp-Gen:/seq20/images/50.jpg,/home/samsul/Documents/Polyp Detection/Polyp-Gen:/seq20/masks/50.jpg,pgen_seq20,0,0,720,930
PolypGen,/home/samsul/Documents/Polyp Detection/Polyp-Gen:/seq20/images/1.jpg,/home/samsul/Documents/Polyp Detection/Polyp-Gen:/seq20/masks/1.jpg,pgen_seq20,0,0,720,930
PolypGen,/home/samsul/Documents/Polyp Detection/Polyp-Gen:/seq20/images/19.jpg,/home/samsul/Documents/Polyp Detection/Polyp-Gen:/seq20/masks/19.jpg,pgen_seq20,0,0,720,930
PolypGen,/home/samsul/Documents/Polyp Detection/Polyp-Gen:/seq20/images/14.jpg,/home/samsul/Documents/Polyp Detection/Polyp-Gen:/seq20/masks/14.jpg,pgen_seq20,0,0,720,930
PolypGen,/home/samsul/Documents/Polyp Detection/Polyp-Gen:/seq20/images/23.jpg,/home/samsul/Documents/Polyp Detection/Polyp-Gen:/seq20/masks/23.jpg,pgen_seq20,1,1,720,930
PolypGen,/home/samsul/Documents/Polyp Detection/Polyp-Gen:/seq20/images/28.jpg,/home/samsul/Documents/Polyp Detection/Polyp-Gen:/seq20/masks/28.jpg,pgen_seq20,1,1,720,930
PolypGen,/home/samsul/Documents/Polyp Detection/Polyp-Gen:/seq20/images/17.jpg,/home/samsul/Documents/Polyp Detection/Polyp-Gen:/seq20/masks/17.jpg,pgen_seq20,1,1,720,930
PolypGen,/home/samsul/Documents/Polyp Detection/Polyp-Gen:/seq20/images/36.jpg,/home/samsul/Documents/Polyp Detection/Polyp-Gen:/seq20/masks/36.jpg,pgen_seq20,1,1,720,930
PolypGen,/home/samsul/Documents/Polyp Detection/Polyp-Gen:/seq20/images/4.jpg,/home/samsul/Documents/Polyp Detection/Polyp-Gen:/seq20/masks/4.jpg,pgen_seq20,0,0,720,930
PolypGen,/home/samsul/Documents/Polyp Detection/Polyp-Gen:/seq20/images/5.jpg,/home/samsul/Documents/Polyp Detection/Polyp-Gen:/seq20/masks/5.jpg,pgen_seq20,0,0,720,930
PolypGen,/home/samsul/Documents/Polyp Detection/Polyp-Gen:/seq20/images/21.jpg,/home/samsul/Documents/Polyp Detection/Polyp-Gen:/seq20/masks/21.jpg,pgen_seq20,1,1,720,930
PolypGen,/home/samsul/Documents/Polyp Detection/Polyp-Gen:/seq20/images/0.jpg,/home/samsul/Documents/Polyp Detection/Polyp-Gen:/seq20/masks/0.jpg,pgen_seq20,0,0,720,930
PolypGen,/home/samsul/Documents/Polyp Detection/Polyp-Gen:/seq20/images/26.jpg,/home/samsul/Documents/Polyp Detection/Polyp-Gen:/seq20/masks/26.jpg,pgen_seq20,1,1,720,930
PolypGen,/home/samsul/Documents/Polyp Detection/Polyp-Gen:/seq20/images/12.jpg,/home/samsul/Documents/Polyp Detection/Polyp-Gen:/seq20/masks/12.jpg,pgen_seq20,0,0,720,930
PolypGen,/home/samsul/Documents/Polyp Detection/Polyp-Gen:/seq20/images/22.jpg,/home/samsul/Documents/Polyp Detection/Polyp-Gen:/seq20/masks/22.jpg,pgen_seq20,1,1,720,930
PolypGen,/home/samsul/Documents/Polyp Detection/Polyp-Gen:/seq20/images/32.jpg,/home/samsul/Documents/Polyp Detection/Polyp-Gen:/seq20/masks/32.jpg,pgen_seq20,2,1,720,930
PolypGen,/home/samsul/Documents/Polyp Detection/Polyp-Gen:/seq20/images/9.jpg,/home/samsul/Documents/Polyp Detection/Polyp-Gen:/seq20/masks/9.jpg,pgen_seq20,0,0,720,930
PolypGen,/home/samsul/Documents/Polyp Detection/Polyp-Gen:/seq20/images/44.jpg,/home/samsul/Documents/Polyp Detection/Polyp-Gen:/seq20/masks/44.jpg,pgen_seq20,1,1,720,930
PolypGen,/home/samsul/Documents/Polyp Detection/Polyp-Gen:/seq20/images/35.jpg,/home/samsul/Documents/Polyp Detection/Polyp-Gen:/seq20/masks/35.jpg,pgen_seq20,3,1,720,930
PolypGen,/home/samsul/Documents/Polyp Detection/Polyp-Gen:/seq20/images/48.jpg,/home/samsul/Documents/Polyp Detection/Polyp-Gen:/seq20/masks/48.jpg,pgen_seq20,1,1,720,930
PolypGen,/home/samsul/Documents/Polyp Detection/Polyp-Gen:/seq20/images/33.jpg,/home/samsul/Documents/Polyp Detection/Polyp-Gen:/seq20/masks/33.jpg,pgen_seq20,3,1,720,930
PolypGen,/home/samsul/Documents/Polyp Detection/Polyp-Gen:/seq20/images/43.jpg,/home/samsul/Documents/Polyp Detection/Polyp-Gen:/seq20/masks/43.jpg,pgen_seq20,1,1,720,930
PolypGen,/home/samsul/Documents/Polyp Detection/Polyp-Gen:/seq20/images/47.jpg,/home/samsul/Documents/Polyp Detection/Polyp-Gen:/seq20/masks/47.jpg,pgen_seq20,1,1,720,930
PolypGen,/home/samsul/Documents/Polyp Detection/Polyp-Gen:/seq20/images/13.jpg,/home/samsul/Documents/Polyp Detection/Polyp-Gen:/seq20/masks/13.jpg,pgen_seq20,0,0,720,930
PolypGen,/home/samsul/Documents/Polyp Detection/Polyp-Gen:/seq20/images/16.jpg,/home/samsul/Documents/Polyp Detection/Polyp-Gen:/seq20/masks/16.jpg,pgen_seq20,0,0,720,930
PolypGen,/home/samsul/Documents/Polyp Detection/Polyp-Gen:/seq20/images/42.jpg,/home/samsul/Documents/Polyp Detection/Polyp-Gen:/seq20/masks/42.jpg,pgen_seq20,1,1,720,930
PolypGen,/home/samsul/Documents/Polyp Detection/Polyp-Gen:/seq20/images/38.jpg,/home/samsul/Documents/Polyp Detection/Polyp-Gen:/seq20/masks/38.jpg,pgen_seq20,1,1,720,930
PolypGen,/home/samsul/Documents/Polyp Detection/Polyp-Gen:/seq20/images/15.jpg,/home/samsul/Documents/Polyp Detection/Polyp-Gen:/seq20/masks/15.jpg,pgen_seq20,1,1,720,930
PolypGen,/home/samsul/Documents/Polyp Detection/Polyp-Gen:/seq20/images/25.jpg,/home/samsul/Documents/Polyp Detection/Polyp-Gen:/seq20/masks/25.jpg,pgen_seq20,1,1,720,930
PolypGen,/home/samsul/Documents/Polyp Detection/Polyp-Gen:/seq20/images/20.jpg,/home/samsul/Documents/Polyp Detection/Polyp-Gen:/seq20/masks/20.jpg,pgen_seq20,1,1,720,930
PolypGen,/home/samsul/Documents/Polyp Detection/Polyp-Gen:/seq20/images/46.jpg,/home/samsul/Documents/Polyp Detection/Polyp-Gen:/seq20/masks/46.jpg,pgen_seq20,1,1,720,930
PolypGen,/home/samsul/Documents/Polyp Detection/Polyp-Gen:/seq20/images/7.jpg,/home/samsul/Documents/Polyp Detection/Polyp-Gen:/seq20/masks/7.jpg,pgen_seq20,0,0,720,930
PolypGen,/home/samsul/Documents/Polyp Detection/Polyp-Gen:/seq20/images/45.jpg,/home/samsul/Documents/Polyp Detection/Polyp-Gen:/seq20/masks/45.jpg,pgen_seq20,1,1,720,930
PolypGen,/home/samsul/Documents/Polyp Detection/Polyp-Gen:/seq20/images/24.jpg,/home/samsul/Documents/Polyp Detection/Polyp-Gen:/seq20/masks/24.jpg,pgen_seq20,1,1,720,930
PolypGen,/home/samsul/Documents/Polyp Detection/Polyp-Gen:/seq20/images/30.jpg,/home/samsul/Documents/Polyp Detection/Polyp-Gen:/seq20/masks/30.jpg,pgen_seq20,0,0,720,930
PolypGen,/home/samsul/Documents/Polyp Detection/Polyp-Gen:/seq20/images/2.jpg,/home/samsul/Documents/Polyp Detection/Polyp-Gen:/seq20/masks/2.jpg,pgen_seq20,0,0,720,930
PolypGen,/home/samsul/Documents/Polyp Detection/Polyp-Gen:/seq21/images/18.jpg,/home/samsul/Documents/Polyp Detection/Polyp-Gen:/seq21/masks/18.jpg,pgen_seq21,2,1,720,930
PolypGen,/home/samsul/Documents/Polyp Detection/Polyp-Gen:/seq21/images/3.jpg,/home/samsul/Documents/Polyp Detection/Polyp-Gen:/seq21/masks/3.jpg,pgen_seq21,1,1,720,930
PolypGen,/home/samsul/Documents/Polyp Detection/Polyp-Gen:/seq21/images/49.jpg,/home/samsul/Documents/Polyp Detection/Polyp-Gen:/seq21/masks/49.jpg,pgen_seq21,0,0,720,930
PolypGen,/home/samsul/Documents/Polyp Detection/Polyp-Gen:/seq21/images/40.jpg,/home/samsul/Documents/Polyp Detection/Polyp-Gen:/seq21/masks/40.jpg,pgen_seq21,0,0,720,930
PolypGen,/home/samsul/Documents/Polyp Detection/Polyp-Gen:/seq21/images/11.jpg,/home/samsul/Documents/Polyp Detection/Polyp-Gen:/seq21/masks/11.jpg,pgen_seq21,1,1,720,930
PolypGen,/home/samsul/Documents/Polyp Detection/Polyp-Gen:/seq21/images/29.jpg,/home/samsul/Documents/Polyp Detection/Polyp-Gen:/seq21/masks/29.jpg,pgen_seq21,1,1,720,930
PolypGen,/home/samsul/Documents/Polyp Detection/Polyp-Gen:/seq21/images/54.jpg,/home/samsul/Documents/Polyp Detection/Polyp-Gen:/seq21/masks/54.jpg,pgen_seq21,0,0,720,930
PolypGen,/home/samsul/Documents/Polyp Detection/Polyp-Gen:/seq21/images/51.jpg,/home/samsul/Documents/Polyp Detection/Polyp-Gen:/seq21/masks/51.jpg,pgen_seq21,0,0,720,930
PolypGen,/home/samsul/Documents/Polyp Detection/Polyp-Gen:/seq21/images/6.jpg,/home/samsul/Documents/Polyp Detection/Polyp-Gen:/seq21/masks/6.jpg,pgen_seq21,1,1,720,930
PolypGen,/home/samsul/Documents/Polyp Detection/Polyp-Gen:/seq21/images/10.jpg,/home/samsul/Documents/Polyp Detection/Polyp-Gen:/seq21/masks/10.jpg,pgen_seq21,1,1,720,930
PolypGen,/home/samsul/Documents/Polyp Detection/Polyp-Gen:/seq21/images/34.jpg,/home/samsul/Documents/Polyp Detection/Polyp-Gen:/seq21/masks/34.jpg,pgen_seq21,0,0,720,930
PolypGen,/home/samsul/Documents/Polyp Detection/Polyp-Gen:/seq21/images/37.jpg,/home/samsul/Documents/Polyp Detection/Polyp-Gen:/seq21/masks/37.jpg,pgen_seq21,0,0,720,930
PolypGen,/home/samsul/Documents/Polyp Detection/Polyp-Gen:/seq21/images/27.jpg,/home/samsul/Documents/Polyp Detection/Polyp-Gen:/seq21/masks/27.jpg,pgen_seq21,2,1,720,930
PolypGen,/home/samsul/Documents/Polyp Detection/Polyp-Gen:/seq21/images/39.jpg,/home/samsul/Documents/Polyp Detection/Polyp-Gen:/seq21/masks/39.jpg,pgen_seq21,0,0,720,930
PolypGen,/home/samsul/Documents/Polyp Detection/Polyp-Gen:/seq21/images/31.jpg,/home/samsul/Documents/Polyp Detection/Polyp-Gen:/seq21/masks/31.jpg,pgen_seq21,0,0,720,930
PolypGen,/home/samsul/Documents/Polyp Detection/Polyp-Gen:/seq21/images/8.jpg,/home/samsul/Documents/Polyp Detection/Polyp-Gen:/seq21/masks/8.jpg,pgen_seq21,1,1,720,930
PolypGen,/home/samsul/Documents/Polyp Detection/Polyp-Gen:/seq21/images/41.jpg,/home/samsul/Documents/Polyp Detection/Polyp-Gen:/seq21/masks/41.jpg,pgen_seq21,0,0,720,930
PolypGen,/home/samsul/Documents/Polyp Detection/Polyp-Gen:/seq21/images/50.jpg,/home/samsul/Documents/Polyp Detection/Polyp-Gen:/seq21/masks/50.jpg,pgen_seq21,0,0,720,930
PolypGen,/home/samsul/Documents/Polyp Detection/Polyp-Gen:/seq21/images/1.jpg,/home/samsul/Documents/Polyp Detection/Polyp-Gen:/seq21/masks/1.jpg,pgen_seq21,0,0,720,930
PolypGen,/home/samsul/Documents/Polyp Detection/Polyp-Gen:/seq21/images/52.jpg,/home/samsul/Documents/Polyp Detection/Polyp-Gen:/seq21/masks/52.jpg,pgen_seq21,0,0,720,930
PolypGen,/home/samsul/Documents/Polyp Detection/Polyp-Gen:/seq21/images/19.jpg,/home/samsul/Documents/Polyp Detection/Polyp-Gen:/seq21/masks/19.jpg,pgen_seq21,2,1,720,930
PolypGen,/home/samsul/Documents/Polyp Detection/Polyp-Gen:/seq21/images/14.jpg,/home/samsul/Documents/Polyp Detection/Polyp-Gen:/seq21/masks/14.jpg,pgen_seq21,2,1,720,930
PolypGen,/home/samsul/Documents/Polyp Detection/Polyp-Gen:/seq21/images/23.jpg,/home/samsul/Documents/Polyp Detection/Polyp-Gen:/seq21/masks/23.jpg,pgen_seq21,2,1,720,930
PolypGen,/home/samsul/Documents/Polyp Detection/Polyp-Gen:/seq21/images/28.jpg,/home/samsul/Documents/Polyp Detection/Polyp-Gen:/seq21/masks/28.jpg,pgen_seq21,2,1,720,930
PolypGen,/home/samsul/Documents/Polyp Detection/Polyp-Gen:/seq21/images/17.jpg,/home/samsul/Documents/Polyp Detection/Polyp-Gen:/seq21/masks/17.jpg,pgen_seq21,2,1,720,930
PolypGen,/home/samsul/Documents/Polyp Detection/Polyp-Gen:/seq21/images/36.jpg,/home/samsul/Documents/Polyp Detection/Polyp-Gen:/seq21/masks/36.jpg,pgen_seq21,0,0,720,930
PolypGen,/home/samsul/Documents/Polyp Detection/Polyp-Gen:/seq21/images/4.jpg,/home/samsul/Documents/Polyp Detection/Polyp-Gen:/seq21/masks/4.jpg,pgen_seq21,0,0,720,930
PolypGen,/home/samsul/Documents/Polyp Detection/Polyp-Gen:/seq21/images/5.jpg,/home/samsul/Documents/Polyp Detection/Polyp-Gen:/seq21/masks/5.jpg,pgen_seq21,1,1,720,930
PolypGen,/home/samsul/Documents/Polyp Detection/Polyp-Gen:/seq21/images/21.jpg,/home/samsul/Documents/Polyp Detection/Polyp-Gen:/seq21/masks/21.jpg,pgen_seq21,2,1,720,930
PolypGen,/home/samsul/Documents/Polyp Detection/Polyp-Gen:/seq21/images/0.jpg,/home/samsul/Documents/Polyp Detection/Polyp-Gen:/seq21/masks/0.jpg,pgen_seq21,0,0,720,930
PolypGen,/home/samsul/Documents/Polyp Detection/Polyp-Gen:/seq21/images/26.jpg,/home/samsul/Documents/Polyp Detection/Polyp-Gen:/seq21/masks/26.jpg,pgen_seq21,2,1,720,930
PolypGen,/home/samsul/Documents/Polyp Detection/Polyp-Gen:/seq21/images/12.jpg,/home/samsul/Documents/Polyp Detection/Polyp-Gen:/seq21/masks/12.jpg,pgen_seq21,2,1,720,930
PolypGen,/home/samsul/Documents/Polyp Detection/Polyp-Gen:/seq21/images/22.jpg,/home/samsul/Documents/Polyp Detection/Polyp-Gen:/seq21/masks/22.jpg,pgen_seq21,2,1,720,930
PolypGen,/home/samsul/Documents/Polyp Detection/Polyp-Gen:/seq21/images/32.jpg,/home/samsul/Documents/Polyp Detection/Polyp-Gen:/seq21/masks/32.jpg,pgen_seq21,0,0,720,930
PolypGen,/home/samsul/Documents/Polyp Detection/Polyp-Gen:/seq21/images/9.jpg,/home/samsul/Documents/Polyp Detection/Polyp-Gen:/seq21/masks/9.jpg,pgen_seq21,1,1,720,930
PolypGen,/home/samsul/Documents/Polyp Detection/Polyp-Gen:/seq21/images/44.jpg,/home/samsul/Documents/Polyp Detection/Polyp-Gen:/seq21/masks/44.jpg,pgen_seq21,0,0,720,930
PolypGen,/home/samsul/Documents/Polyp Detection/Polyp-Gen:/seq21/images/35.jpg,/home/samsul/Documents/Polyp Detection/Polyp-Gen:/seq21/masks/35.jpg,pgen_seq21,0,0,720,930
PolypGen,/home/samsul/Documents/Polyp Detection/Polyp-Gen:/seq21/images/48.jpg,/home/samsul/Documents/Polyp Detection/Polyp-Gen:/seq21/masks/48.jpg,pgen_seq21,0,0,720,930
PolypGen,/home/samsul/Documents/Polyp Detection/Polyp-Gen:/seq21/images/33.jpg,/home/samsul/Documents/Polyp Detection/Polyp-Gen:/seq21/masks/33.jpg,pgen_seq21,0,0,720,930
PolypGen,/home/samsul/Documents/Polyp Detection/Polyp-Gen:/seq21/images/43.jpg,/home/samsul/Documents/Polyp Detection/Polyp-Gen:/seq21/masks/43.jpg,pgen_seq21,0,0,720,930
PolypGen,/home/samsul/Documents/Polyp Detection/Polyp-Gen:/seq21/images/55.jpg,/home/samsul/Documents/Polyp Detection/Polyp-Gen:/seq21/masks/55.jpg,pgen_seq21,1,1,720,930
PolypGen,/home/samsul/Documents/Polyp Detection/Polyp-Gen:/seq21/images/47.jpg,/home/samsul/Documents/Polyp Detection/Polyp-Gen:/seq21/masks/47.jpg,pgen_seq21,0,0,720,930
PolypGen,/home/samsul/Documents/Polyp Detection/Polyp-Gen:/seq21/images/13.jpg,/home/samsul/Documents/Polyp Detection/Polyp-Gen:/seq21/masks/13.jpg,pgen_seq21,0,0,720,930
PolypGen,/home/samsul/Documents/Polyp Detection/Polyp-Gen:/seq21/images/53.jpg,/home/samsul/Documents/Polyp Detection/Polyp-Gen:/seq21/masks/53.jpg,pgen_seq21,0,0,720,930
PolypGen,/home/samsul/Documents/Polyp Detection/Polyp-Gen:/seq21/images/16.jpg,/home/samsul/Documents/Polyp Detection/Polyp-Gen:/seq21/masks/16.jpg,pgen_seq21,2,1,720,930
PolypGen,/home/samsul/Documents/Polyp Detection/Polyp-Gen:/seq21/images/42.jpg,/home/samsul/Documents/Polyp Detection/Polyp-Gen:/seq21/masks/42.jpg,pgen_seq21,0,0,720,930
PolypGen,/home/samsul/Documents/Polyp Detection/Polyp-Gen:/seq21/images/38.jpg,/home/samsul/Documents/Polyp Detection/Polyp-Gen:/seq21/masks/38.jpg,pgen_seq21,0,0,720,930
PolypGen,/home/samsul/Documents/Polyp Detection/Polyp-Gen:/seq21/images/15.jpg,/home/samsul/Documents/Polyp Detection/Polyp-Gen:/seq21/masks/15.jpg,pgen_seq21,2,1,720,930
PolypGen,/home/samsul/Documents/Polyp Detection/Polyp-Gen:/seq21/images/25.jpg,/home/samsul/Documents/Polyp Detection/Polyp-Gen:/seq21/masks/25.jpg,pgen_seq21,2,1,720,930
PolypGen,/home/samsul/Documents/Polyp Detection/Polyp-Gen:/seq21/images/20.jpg,/home/samsul/Documents/Polyp Detection/Polyp-Gen:/seq21/masks/20.jpg,pgen_seq21,2,1,720,930
PolypGen,/home/samsul/Documents/Polyp Detection/Polyp-Gen:/seq21/images/46.jpg,/home/samsul/Documents/Polyp Detection/Polyp-Gen:/seq21/masks/46.jpg,pgen_seq21,0,0,720,930
PolypGen,/home/samsul/Documents/Polyp Detection/Polyp-Gen:/seq21/images/7.jpg,/home/samsul/Documents/Polyp Detection/Polyp-Gen:/seq21/masks/7.jpg,pgen_seq21,1,1,720,930
PolypGen,/home/samsul/Documents/Polyp Detection/Polyp-Gen:/seq21/images/45.jpg,/home/samsul/Documents/Polyp Detection/Polyp-Gen:/seq21/masks/45.jpg,pgen_seq21,0,0,720,930
PolypGen,/home/samsul/Documents/Polyp Detection/Polyp-Gen:/seq21/images/24.jpg,/home/samsul/Documents/Polyp Detection/Polyp-Gen:/seq21/masks/24.jpg,pgen_seq21,0,0,720,930
PolypGen,/home/samsul/Documents/Polyp Detection/Polyp-Gen:/seq21/images/30.jpg,/home/samsul/Documents/Polyp Detection/Polyp-Gen:/seq21/masks/30.jpg,pgen_seq21,0,0,720,930
PolypGen,/home/samsul/Documents/Polyp Detection/Polyp-Gen:/seq21/images/2.jpg,/home/samsul/Documents/Polyp Detection/Polyp-Gen:/seq21/masks/2.jpg,pgen_seq21,0,0,720,930
PolypGen,/home/samsul/Documents/Polyp Detection/Polyp-Gen:/seq22/images/18.jpg,/home/samsul/Documents/Polyp Detection/Polyp-Gen:/seq22/masks/18.jpg,pgen_seq22,1,1,720,930
PolypGen,/home/samsul/Documents/Polyp Detection/Polyp-Gen:/seq22/images/3.jpg,/home/samsul/Documents/Polyp Detection/Polyp-Gen:/seq22/masks/3.jpg,pgen_seq22,0,0,720,930
PolypGen,/home/samsul/Documents/Polyp Detection/Polyp-Gen:/seq22/images/40.jpg,/home/samsul/Documents/Polyp Detection/Polyp-Gen:/seq22/masks/40.jpg,pgen_seq22,1,1,720,930
PolypGen,/home/samsul/Documents/Polyp Detection/Polyp-Gen:/seq22/images/11.jpg,/home/samsul/Documents/Polyp Detection/Polyp-Gen:/seq22/masks/11.jpg,pgen_seq22,1,1,720,930
PolypGen,/home/samsul/Documents/Polyp Detection/Polyp-Gen:/seq22/images/29.jpg,/home/samsul/Documents/Polyp Detection/Polyp-Gen:/seq22/masks/29.jpg,pgen_seq22,1,1,720,930
PolypGen,/home/samsul/Documents/Polyp Detection/Polyp-Gen:/seq22/images/6.jpg,/home/samsul/Documents/Polyp Detection/Polyp-Gen:/seq22/masks/6.jpg,pgen_seq22,1,1,720,930
PolypGen,/home/samsul/Documents/Polyp Detection/Polyp-Gen:/seq22/images/10.jpg,/home/samsul/Documents/Polyp Detection/Polyp-Gen:/seq22/masks/10.jpg,pgen_seq22,1,1,720,930
PolypGen,/home/samsul/Documents/Polyp Detection/Polyp-Gen:/seq22/images/34.jpg,/home/samsul/Documents/Polyp Detection/Polyp-Gen:/seq22/masks/34.jpg,pgen_seq22,1,1,720,930
PolypGen,/home/samsul/Documents/Polyp Detection/Polyp-Gen:/seq22/images/37.jpg,/home/samsul/Documents/Polyp Detection/Polyp-Gen:/seq22/masks/37.jpg,pgen_seq22,1,1,720,930
PolypGen,/home/samsul/Documents/Polyp Detection/Polyp-Gen:/seq22/images/27.jpg,/home/samsul/Documents/Polyp Detection/Polyp-Gen:/seq22/masks/27.jpg,pgen_seq22,1,1,720,930
PolypGen,/home/samsul/Documents/Polyp Detection/Polyp-Gen:/seq22/images/39.jpg,/home/samsul/Documents/Polyp Detection/Polyp-Gen:/seq22/masks/39.jpg,pgen_seq22,1,1,720,930
PolypGen,/home/samsul/Documents/Polyp Detection/Polyp-Gen:/seq22/images/31.jpg,/home/samsul/Documents/Polyp Detection/Polyp-Gen:/seq22/masks/31.jpg,pgen_seq22,1,1,720,930
PolypGen,/home/samsul/Documents/Polyp Detection/Polyp-Gen:/seq22/images/8.jpg,/home/samsul/Documents/Polyp Detection/Polyp-Gen:/seq22/masks/8.jpg,pgen_seq22,1,1,720,930
PolypGen,/home/samsul/Documents/Polyp Detection/Polyp-Gen:/seq22/images/41.jpg,/home/samsul/Documents/Polyp Detection/Polyp-Gen:/seq22/masks/41.jpg,pgen_seq22,1,1,720,930
PolypGen,/home/samsul/Documents/Polyp Detection/Polyp-Gen:/seq22/images/1.jpg,/home/samsul/Documents/Polyp Detection/Polyp-Gen:/seq22/masks/1.jpg,pgen_seq22,1,1,720,930
PolypGen,/home/samsul/Documents/Polyp Detection/Polyp-Gen:/seq22/images/19.jpg,/home/samsul/Documents/Polyp Detection/Polyp-Gen:/seq22/masks/19.jpg,pgen_seq22,0,0,720,930
PolypGen,/home/samsul/Documents/Polyp Detection/Polyp-Gen:/seq22/images/14.jpg,/home/samsul/Documents/Polyp Detection/Polyp-Gen:/seq22/masks/14.jpg,pgen_seq22,1,1,720,930
PolypGen,/home/samsul/Documents/Polyp Detection/Polyp-Gen:/seq22/images/23.jpg,/home/samsul/Documents/Polyp Detection/Polyp-Gen:/seq22/masks/23.jpg,pgen_seq22,1,1,720,930
PolypGen,/home/samsul/Documents/Polyp Detection/Polyp-Gen:/seq22/images/28.jpg,/home/samsul/Documents/Polyp Detection/Polyp-Gen:/seq22/masks/28.jpg,pgen_seq22,1,1,720,930
PolypGen,/home/samsul/Documents/Polyp Detection/Polyp-Gen:/seq22/images/17.jpg,/home/samsul/Documents/Polyp Detection/Polyp-Gen:/seq22/masks/17.jpg,pgen_seq22,1,1,720,930
PolypGen,/home/samsul/Documents/Polyp Detection/Polyp-Gen:/seq22/images/36.jpg,/home/samsul/Documents/Polyp Detection/Polyp-Gen:/seq22/masks/36.jpg,pgen_seq22,1,1,720,930
PolypGen,/home/samsul/Documents/Polyp Detection/Polyp-Gen:/seq22/images/4.jpg,/home/samsul/Documents/Polyp Detection/Polyp-Gen:/seq22/masks/4.jpg,pgen_seq22,1,1,720,930
PolypGen,/home/samsul/Documents/Polyp Detection/Polyp-Gen:/seq22/images/5.jpg,/home/samsul/Documents/Polyp Detection/Polyp-Gen:/seq22/masks/5.jpg,pgen_seq22,1,1,720,930
PolypGen,/home/samsul/Documents/Polyp Detection/Polyp-Gen:/seq22/images/21.jpg,/home/samsul/Documents/Polyp Detection/Polyp-Gen:/seq22/masks/21.jpg,pgen_seq22,1,1,720,930
PolypGen,/home/samsul/Documents/Polyp Detection/Polyp-Gen:/seq22/images/0.jpg,/home/samsul/Documents/Polyp Detection/Polyp-Gen:/seq22/masks/0.jpg,pgen_seq22,1,1,720,930
PolypGen,/home/samsul/Documents/Polyp Detection/Polyp-Gen:/seq22/images/26.jpg,/home/samsul/Documents/Polyp Detection/Polyp-Gen:/seq22/masks/26.jpg,pgen_seq22,1,1,720,930
PolypGen,/home/samsul/Documents/Polyp Detection/Polyp-Gen:/seq22/images/12.jpg,/home/samsul/Documents/Polyp Detection/Polyp-Gen:/seq22/masks/12.jpg,pgen_seq22,1,1,720,930
PolypGen,/home/samsul/Documents/Polyp Detection/Polyp-Gen:/seq22/images/22.jpg,/home/samsul/Documents/Polyp Detection/Polyp-Gen:/seq22/masks/22.jpg,pgen_seq22,1,1,720,930
PolypGen,/home/samsul/Documents/Polyp Detection/Polyp-Gen:/seq22/images/32.jpg,/home/samsul/Documents/Polyp Detection/Polyp-Gen:/seq22/masks/32.jpg,pgen_seq22,1,1,720,930
PolypGen,/home/samsul/Documents/Polyp Detection/Polyp-Gen:/seq22/images/9.jpg,/home/samsul/Documents/Polyp Detection/Polyp-Gen:/seq22/masks/9.jpg,pgen_seq22,1,1,720,930
PolypGen,/home/samsul/Documents/Polyp Detection/Polyp-Gen:/seq22/images/44.jpg,/home/samsul/Documents/Polyp Detection/Polyp-Gen:/seq22/masks/44.jpg,pgen_seq22,1,1,720,930
PolypGen,/home/samsul/Documents/Polyp Detection/Polyp-Gen:/seq22/images/35.jpg,/home/samsul/Documents/Polyp Detection/Polyp-Gen:/seq22/masks/35.jpg,pgen_seq22,1,1,720,930
PolypGen,/home/samsul/Documents/Polyp Detection/Polyp-Gen:/seq22/images/33.jpg,/home/samsul/Documents/Polyp Detection/Polyp-Gen:/seq22/masks/33.jpg,pgen_seq22,1,1,720,930
PolypGen,/home/samsul/Documents/Polyp Detection/Polyp-Gen:/seq22/images/43.jpg,/home/samsul/Documents/Polyp Detection/Polyp-Gen:/seq22/masks/43.jpg,pgen_seq22,1,1,720,930
PolypGen,/home/samsul/Documents/Polyp Detection/Polyp-Gen:/seq22/images/13.jpg,/home/samsul/Documents/Polyp Detection/Polyp-Gen:/seq22/masks/13.jpg,pgen_seq22,1,1,720,930
PolypGen,/home/samsul/Documents/Polyp Detection/Polyp-Gen:/seq22/images/16.jpg,/home/samsul/Documents/Polyp Detection/Polyp-Gen:/seq22/masks/16.jpg,pgen_seq22,1,1,720,930
PolypGen,/home/samsul/Documents/Polyp Detection/Polyp-Gen:/seq22/images/42.jpg,/home/samsul/Documents/Polyp Detection/Polyp-Gen:/seq22/masks/42.jpg,pgen_seq22,1,1,720,930
PolypGen,/home/samsul/Documents/Polyp Detection/Polyp-Gen:/seq22/images/38.jpg,/home/samsul/Documents/Polyp Detection/Polyp-Gen:/seq22/masks/38.jpg,pgen_seq22,1,1,720,930
PolypGen,/home/samsul/Documents/Polyp Detection/Polyp-Gen:/seq22/images/15.jpg,/home/samsul/Documents/Polyp Detection/Polyp-Gen:/seq22/masks/15.jpg,pgen_seq22,1,1,720,930
PolypGen,/home/samsul/Documents/Polyp Detection/Polyp-Gen:/seq22/images/25.jpg,/home/samsul/Documents/Polyp Detection/Polyp-Gen:/seq22/masks/25.jpg,pgen_seq22,1,1,720,930
PolypGen,/home/samsul/Documents/Polyp Detection/Polyp-Gen:/seq22/images/20.jpg,/home/samsul/Documents/Polyp Detection/Polyp-Gen:/seq22/masks/20.jpg,pgen_seq22,1,1,720,930
PolypGen,/home/samsul/Documents/Polyp Detection/Polyp-Gen:/seq22/images/7.jpg,/home/samsul/Documents/Polyp Detection/Polyp-Gen:/seq22/masks/7.jpg,pgen_seq22,1,1,720,930
PolypGen,/home/samsul/Documents/Polyp Detection/Polyp-Gen:/seq22/images/45.jpg,/home/samsul/Documents/Polyp Detection/Polyp-Gen:/seq22/masks/45.jpg,pgen_seq22,1,1,720,930
PolypGen,/home/samsul/Documents/Polyp Detection/Polyp-Gen:/seq22/images/24.jpg,/home/samsul/Documents/Polyp Detection/Polyp-Gen:/seq22/masks/24.jpg,pgen_seq22,1,1,720,930
PolypGen,/home/samsul/Documents/Polyp Detection/Polyp-Gen:/seq22/images/30.jpg,/home/samsul/Documents/Polyp Detection/Polyp-Gen:/seq22/masks/30.jpg,pgen_seq22,1,1,720,930
PolypGen,/home/samsul/Documents/Polyp Detection/Polyp-Gen:/seq22/images/2.jpg,/home/samsul/Documents/Polyp Detection/Polyp-Gen:/seq22/masks/2.jpg,pgen_seq22,1,1,720,930
PolypGen,/home/samsul/Documents/Polyp Detection/Polyp-Gen:/seq23/images/18.jpg,/home/samsul/Documents/Polyp Detection/Polyp-Gen:/seq23/masks/18.jpg,pgen_seq23,1,1,720,850
PolypGen,/home/samsul/Documents/Polyp Detection/Polyp-Gen:/seq23/images/3.jpg,/home/samsul/Documents/Polyp Detection/Polyp-Gen:/seq23/masks/3.jpg,pgen_seq23,1,1,720,850
PolypGen,/home/samsul/Documents/Polyp Detection/Polyp-Gen:/seq23/images/49.jpg,/home/samsul/Documents/Polyp Detection/Polyp-Gen:/seq23/masks/49.jpg,pgen_seq23,0,0,720,850
PolypGen,/home/samsul/Documents/Polyp Detection/Polyp-Gen:/seq23/images/40.jpg,/home/samsul/Documents/Polyp Detection/Polyp-Gen:/seq23/masks/40.jpg,pgen_seq23,1,1,720,850
PolypGen,/home/samsul/Documents/Polyp Detection/Polyp-Gen:/seq23/images/11.jpg,/home/samsul/Documents/Polyp Detection/Polyp-Gen:/seq23/masks/11.jpg,pgen_seq23,0,0,720,850
PolypGen,/home/samsul/Documents/Polyp Detection/Polyp-Gen:/seq23/images/29.jpg,/home/samsul/Documents/Polyp Detection/Polyp-Gen:/seq23/masks/29.jpg,pgen_seq23,1,1,720,850
PolypGen,/home/samsul/Documents/Polyp Detection/Polyp-Gen:/seq23/images/54.jpg,/home/samsul/Documents/Polyp Detection/Polyp-Gen:/seq23/masks/54.jpg,pgen_seq23,0,0,720,850
PolypGen,/home/samsul/Documents/Polyp Detection/Polyp-Gen:/seq23/images/51.jpg,/home/samsul/Documents/Polyp Detection/Polyp-Gen:/seq23/masks/51.jpg,pgen_seq23,1,1,720,850
PolypGen,/home/samsul/Documents/Polyp Detection/Polyp-Gen:/seq23/images/6.jpg,/home/samsul/Documents/Polyp Detection/Polyp-Gen:/seq23/masks/6.jpg,pgen_seq23,0,0,720,850
PolypGen,/home/samsul/Documents/Polyp Detection/Polyp-Gen:/seq23/images/10.jpg,/home/samsul/Documents/Polyp Detection/Polyp-Gen:/seq23/masks/10.jpg,pgen_seq23,0,0,720,850
PolypGen,/home/samsul/Documents/Polyp Detection/Polyp-Gen:/seq23/images/34.jpg,/home/samsul/Documents/Polyp Detection/Polyp-Gen:/seq23/masks/34.jpg,pgen_seq23,0,0,720,850
PolypGen,/home/samsul/Documents/Polyp Detection/Polyp-Gen:/seq23/images/37.jpg,/home/samsul/Documents/Polyp Detection/Polyp-Gen:/seq23/masks/37.jpg,pgen_seq23,1,1,720,850
PolypGen,/home/samsul/Documents/Polyp Detection/Polyp-Gen:/seq23/images/27.jpg,/home/samsul/Documents/Polyp Detection/Polyp-Gen:/seq23/masks/27.jpg,pgen_seq23,1,1,720,850
PolypGen,/home/samsul/Documents/Polyp Detection/Polyp-Gen:/seq23/images/39.jpg,/home/samsul/Documents/Polyp Detection/Polyp-Gen:/seq23/masks/39.jpg,pgen_seq23,1,1,720,850
PolypGen,/home/samsul/Documents/Polyp Detection/Polyp-Gen:/seq23/images/31.jpg,/home/samsul/Documents/Polyp Detection/Polyp-Gen:/seq23/masks/31.jpg,pgen_seq23,1,1,720,850
PolypGen,/home/samsul/Documents/Polyp Detection/Polyp-Gen:/seq23/images/8.jpg,/home/samsul/Documents/Polyp Detection/Polyp-Gen:/seq23/masks/8.jpg,pgen_seq23,0,0,720,850
PolypGen,/home/samsul/Documents/Polyp Detection/Polyp-Gen:/seq23/images/41.jpg,/home/samsul/Documents/Polyp Detection/Polyp-Gen:/seq23/masks/41.jpg,pgen_seq23,0,0,720,850
PolypGen,/home/samsul/Documents/Polyp Detection/Polyp-Gen:/seq23/images/50.jpg,/home/samsul/Documents/Polyp Detection/Polyp-Gen:/seq23/masks/50.jpg,pgen_seq23,1,1,720,850
PolypGen,/home/samsul/Documents/Polyp Detection/Polyp-Gen:/seq23/images/1.jpg,/home/samsul/Documents/Polyp Detection/Polyp-Gen:/seq23/masks/1.jpg,pgen_seq23,1,1,720,850
PolypGen,/home/samsul/Documents/Polyp Detection/Polyp-Gen:/seq23/images/52.jpg,/home/samsul/Documents/Polyp Detection/Polyp-Gen:/seq23/masks/52.jpg,pgen_seq23,0,0,720,850
PolypGen,/home/samsul/Documents/Polyp Detection/Polyp-Gen:/seq23/images/19.jpg,/home/samsul/Documents/Polyp Detection/Polyp-Gen:/seq23/masks/19.jpg,pgen_seq23,0,0,720,850
PolypGen,/home/samsul/Documents/Polyp Detection/Polyp-Gen:/seq23/images/14.jpg,/home/samsul/Documents/Polyp Detection/Polyp-Gen:/seq23/masks/14.jpg,pgen_seq23,1,1,720,850
PolypGen,/home/samsul/Documents/Polyp Detection/Polyp-Gen:/seq23/images/23.jpg,/home/samsul/Documents/Polyp Detection/Polyp-Gen:/seq23/masks/23.jpg,pgen_seq23,1,1,720,850
PolypGen,/home/samsul/Documents/Polyp Detection/Polyp-Gen:/seq23/images/28.jpg,/home/samsul/Documents/Polyp Detection/Polyp-Gen:/seq23/masks/28.jpg,pgen_seq23,0,0,720,850
PolypGen,/home/samsul/Documents/Polyp Detection/Polyp-Gen:/seq23/images/17.jpg,/home/samsul/Documents/Polyp Detection/Polyp-Gen:/seq23/masks/17.jpg,pgen_seq23,1,1,720,850
PolypGen,/home/samsul/Documents/Polyp Detection/Polyp-Gen:/seq23/images/36.jpg,/home/samsul/Documents/Polyp Detection/Polyp-Gen:/seq23/masks/36.jpg,pgen_seq23,1,1,720,850
PolypGen,/home/samsul/Documents/Polyp Detection/Polyp-Gen:/seq23/images/4.jpg,/home/samsul/Documents/Polyp Detection/Polyp-Gen:/seq23/masks/4.jpg,pgen_seq23,1,1,720,850
PolypGen,/home/samsul/Documents/Polyp Detection/Polyp-Gen:/seq23/images/5.jpg,/home/samsul/Documents/Polyp Detection/Polyp-Gen:/seq23/masks/5.jpg,pgen_seq23,1,1,720,850
PolypGen,/home/samsul/Documents/Polyp Detection/Polyp-Gen:/seq23/images/21.jpg,/home/samsul/Documents/Polyp Detection/Polyp-Gen:/seq23/masks/21.jpg,pgen_seq23,1,1,720,850
PolypGen,/home/samsul/Documents/Polyp Detection/Polyp-Gen:/seq23/images/0.jpg,/home/samsul/Documents/Polyp Detection/Polyp-Gen:/seq23/masks/0.jpg,pgen_seq23,0,0,720,850
PolypGen,/home/samsul/Documents/Polyp Detection/Polyp-Gen:/seq23/images/26.jpg,/home/samsul/Documents/Polyp Detection/Polyp-Gen:/seq23/masks/26.jpg,pgen_seq23,1,1,720,850
PolypGen,/home/samsul/Documents/Polyp Detection/Polyp-Gen:/seq23/images/12.jpg,/home/samsul/Documents/Polyp Detection/Polyp-Gen:/seq23/masks/12.jpg,pgen_seq23,0,0,720,850
PolypGen,/home/samsul/Documents/Polyp Detection/Polyp-Gen:/seq23/images/22.jpg,/home/samsul/Documents/Polyp Detection/Polyp-Gen:/seq23/masks/22.jpg,pgen_seq23,1,1,720,850
PolypGen,/home/samsul/Documents/Polyp Detection/Polyp-Gen:/seq23/images/32.jpg,/home/samsul/Documents/Polyp Detection/Polyp-Gen:/seq23/masks/32.jpg,pgen_seq23,1,1,720,850
PolypGen,/home/samsul/Documents/Polyp Detection/Polyp-Gen:/seq23/images/9.jpg,/home/samsul/Documents/Polyp Detection/Polyp-Gen:/seq23/masks/9.jpg,pgen_seq23,0,0,720,850
PolypGen,/home/samsul/Documents/Polyp Detection/Polyp-Gen:/seq23/images/44.jpg,/home/samsul/Documents/Polyp Detection/Polyp-Gen:/seq23/masks/44.jpg,pgen_seq23,1,1,720,850
PolypGen,/home/samsul/Documents/Polyp Detection/Polyp-Gen:/seq23/images/35.jpg,/home/samsul/Documents/Polyp Detection/Polyp-Gen:/seq23/masks/35.jpg,pgen_seq23,1,1,720,850
PolypGen,/home/samsul/Documents/Polyp Detection/Polyp-Gen:/seq23/images/48.jpg,/home/samsul/Documents/Polyp Detection/Polyp-Gen:/seq23/masks/48.jpg,pgen_seq23,1,1,720,850
PolypGen,/home/samsul/Documents/Polyp Detection/Polyp-Gen:/seq23/images/33.jpg,/home/samsul/Documents/Polyp Detection/Polyp-Gen:/seq23/masks/33.jpg,pgen_seq23,0,0,720,850
PolypGen,/home/samsul/Documents/Polyp Detection/Polyp-Gen:/seq23/images/43.jpg,/home/samsul/Documents/Polyp Detection/Polyp-Gen:/seq23/masks/43.jpg,pgen_seq23,3,1,720,850
PolypGen,/home/samsul/Documents/Polyp Detection/Polyp-Gen:/seq23/images/55.jpg,/home/samsul/Documents/Polyp Detection/Polyp-Gen:/seq23/masks/55.jpg,pgen_seq23,1,1,720,850
PolypGen,/home/samsul/Documents/Polyp Detection/Polyp-Gen:/seq23/images/47.jpg,/home/samsul/Documents/Polyp Detection/Polyp-Gen:/seq23/masks/47.jpg,pgen_seq23,1,1,720,850
PolypGen,/home/samsul/Documents/Polyp Detection/Polyp-Gen:/seq23/images/13.jpg,/home/samsul/Documents/Polyp Detection/Polyp-Gen:/seq23/masks/13.jpg,pgen_seq23,0,0,720,850
PolypGen,/home/samsul/Documents/Polyp Detection/Polyp-Gen:/seq23/images/53.jpg,/home/samsul/Documents/Polyp Detection/Polyp-Gen:/seq23/masks/53.jpg,pgen_seq23,0,0,720,850
PolypGen,/home/samsul/Documents/Polyp Detection/Polyp-Gen:/seq23/images/16.jpg,/home/samsul/Documents/Polyp Detection/Polyp-Gen:/seq23/masks/16.jpg,pgen_seq23,1,1,720,850
PolypGen,/home/samsul/Documents/Polyp Detection/Polyp-Gen:/seq23/images/42.jpg,/home/samsul/Documents/Polyp Detection/Polyp-Gen:/seq23/masks/42.jpg,pgen_seq23,1,1,720,850
PolypGen,/home/samsul/Documents/Polyp Detection/Polyp-Gen:/seq23/images/38.jpg,/home/samsul/Documents/Polyp Detection/Polyp-Gen:/seq23/masks/38.jpg,pgen_seq23,1,1,720,850
PolypGen,/home/samsul/Documents/Polyp Detection/Polyp-Gen:/seq23/images/15.jpg,/home/samsul/Documents/Polyp Detection/Polyp-Gen:/seq23/masks/15.jpg,pgen_seq23,1,1,720,850
PolypGen,/home/samsul/Documents/Polyp Detection/Polyp-Gen:/seq23/images/25.jpg,/home/samsul/Documents/Polyp Detection/Polyp-Gen:/seq23/masks/25.jpg,pgen_seq23,1,1,720,850
PolypGen,/home/samsul/Documents/Polyp Detection/Polyp-Gen:/seq23/images/20.jpg,/home/samsul/Documents/Polyp Detection/Polyp-Gen:/seq23/masks/20.jpg,pgen_seq23,1,1,720,850
PolypGen,/home/samsul/Documents/Polyp Detection/Polyp-Gen:/seq23/images/46.jpg,/home/samsul/Documents/Polyp Detection/Polyp-Gen:/seq23/masks/46.jpg,pgen_seq23,1,1,720,850
PolypGen,/home/samsul/Documents/Polyp Detection/Polyp-Gen:/seq23/images/7.jpg,/home/samsul/Documents/Polyp Detection/Polyp-Gen:/seq23/masks/7.jpg,pgen_seq23,0,0,720,850
PolypGen,/home/samsul/Documents/Polyp Detection/Polyp-Gen:/seq23/images/45.jpg,/home/samsul/Documents/Polyp Detection/Polyp-Gen:/seq23/masks/45.jpg,pgen_seq23,1,1,720,850
PolypGen,/home/samsul/Documents/Polyp Detection/Polyp-Gen:/seq23/images/24.jpg,/home/samsul/Documents/Polyp Detection/Polyp-Gen:/seq23/masks/24.jpg,pgen_seq23,0,0,720,850
PolypGen,/home/samsul/Documents/Polyp Detection/Polyp-Gen:/seq23/images/30.jpg,/home/samsul/Documents/Polyp Detection/Polyp-Gen:/seq23/masks/30.jpg,pgen_seq23,0,0,720,850
PolypGen,/home/samsul/Documents/Polyp Detection/Polyp-Gen:/seq23/images/2.jpg,/home/samsul/Documents/Polyp Detection/Polyp-Gen:/seq23/masks/2.jpg,pgen_seq23,1,1,720,850
PolypGen,/home/samsul/Documents/Polyp Detection/Polyp-Gen:/seq3/images/3.jpg,/home/samsul/Documents/Polyp Detection/Polyp-Gen:/seq3/masks/3.jpg,pgen_seq3,1,1,1080,1380
PolypGen,/home/samsul/Documents/Polyp Detection/Polyp-Gen:/seq3/images/11.jpg,/home/samsul/Documents/Polyp Detection/Polyp-Gen:/seq3/masks/11.jpg,pgen_seq3,1,1,1080,1380
PolypGen,/home/samsul/Documents/Polyp Detection/Polyp-Gen:/seq3/images/6.jpg,/home/samsul/Documents/Polyp Detection/Polyp-Gen:/seq3/masks/6.jpg,pgen_seq3,1,1,1080,1380
PolypGen,/home/samsul/Documents/Polyp Detection/Polyp-Gen:/seq3/images/10.jpg,/home/samsul/Documents/Polyp Detection/Polyp-Gen:/seq3/masks/10.jpg,pgen_seq3,1,1,1080,1380
PolypGen,/home/samsul/Documents/Polyp Detection/Polyp-Gen:/seq3/images/8.jpg,/home/samsul/Documents/Polyp Detection/Polyp-Gen:/seq3/masks/8.jpg,pgen_seq3,1,1,1080,1380
PolypGen,/home/samsul/Documents/Polyp Detection/Polyp-Gen:/seq3/images/1.jpg,/home/samsul/Documents/Polyp Detection/Polyp-Gen:/seq3/masks/1.jpg,pgen_seq3,1,1,1080,1380
PolypGen,/home/samsul/Documents/Polyp Detection/Polyp-Gen:/seq3/images/14.jpg,/home/samsul/Documents/Polyp Detection/Polyp-Gen:/seq3/masks/14.jpg,pgen_seq3,2,1,1080,1380
PolypGen,/home/samsul/Documents/Polyp Detection/Polyp-Gen:/seq3/images/4.jpg,/home/samsul/Documents/Polyp Detection/Polyp-Gen:/seq3/masks/4.jpg,pgen_seq3,1,1,1080,1380
PolypGen,/home/samsul/Documents/Polyp Detection/Polyp-Gen:/seq3/images/5.jpg,/home/samsul/Documents/Polyp Detection/Polyp-Gen:/seq3/masks/5.jpg,pgen_seq3,1,1,1080,1380
PolypGen,/home/samsul/Documents/Polyp Detection/Polyp-Gen:/seq3/images/0.jpg,/home/samsul/Documents/Polyp Detection/Polyp-Gen:/seq3/masks/0.jpg,pgen_seq3,1,1,1080,1380
PolypGen,/home/samsul/Documents/Polyp Detection/Polyp-Gen:/seq3/images/12.jpg,/home/samsul/Documents/Polyp Detection/Polyp-Gen:/seq3/masks/12.jpg,pgen_seq3,1,1,1080,1380
PolypGen,/home/samsul/Documents/Polyp Detection/Polyp-Gen:/seq3/images/9.jpg,/home/samsul/Documents/Polyp Detection/Polyp-Gen:/seq3/masks/9.jpg,pgen_seq3,1,1,1080,1380
PolypGen,/home/samsul/Documents/Polyp Detection/Polyp-Gen:/seq3/images/13.jpg,/home/samsul/Documents/Polyp Detection/Polyp-Gen:/seq3/masks/13.jpg,pgen_seq3,1,1,1080,1380
PolypGen,/home/samsul/Documents/Polyp Detection/Polyp-Gen:/seq3/images/7.jpg,/home/samsul/Documents/Polyp Detection/Polyp-Gen:/seq3/masks/7.jpg,pgen_seq3,1,1,1080,1380
PolypGen,/home/samsul/Documents/Polyp Detection/Polyp-Gen:/seq3/images/2.jpg,/home/samsul/Documents/Polyp Detection/Polyp-Gen:/seq3/masks/2.jpg,pgen_seq3,1,1,1080,1380
PolypGen,/home/samsul/Documents/Polyp Detection/Polyp-Gen:/seq4/images/18.jpg,/home/samsul/Documents/Polyp Detection/Polyp-Gen:/seq4/masks/18.jpg,pgen_seq4,0,0,1080,1380
PolypGen,/home/samsul/Documents/Polyp Detection/Polyp-Gen:/seq4/images/3.jpg,/home/samsul/Documents/Polyp Detection/Polyp-Gen:/seq4/masks/3.jpg,pgen_seq4,1,1,1080,1380
PolypGen,/home/samsul/Documents/Polyp Detection/Polyp-Gen:/seq4/images/40.jpg,/home/samsul/Documents/Polyp Detection/Polyp-Gen:/seq4/masks/40.jpg,pgen_seq4,1,1,1080,1380
PolypGen,/home/samsul/Documents/Polyp Detection/Polyp-Gen:/seq4/images/11.jpg,/home/samsul/Documents/Polyp Detection/Polyp-Gen:/seq4/masks/11.jpg,pgen_seq4,1,1,1080,1380
PolypGen,/home/samsul/Documents/Polyp Detection/Polyp-Gen:/seq4/images/29.jpg,/home/samsul/Documents/Polyp Detection/Polyp-Gen:/seq4/masks/29.jpg,pgen_seq4,1,1,1080,1380
PolypGen,/home/samsul/Documents/Polyp Detection/Polyp-Gen:/seq4/images/6.jpg,/home/samsul/Documents/Polyp Detection/Polyp-Gen:/seq4/masks/6.jpg,pgen_seq4,1,1,1080,1380
PolypGen,/home/samsul/Documents/Polyp Detection/Polyp-Gen:/seq4/images/10.jpg,/home/samsul/Documents/Polyp Detection/Polyp-Gen:/seq4/masks/10.jpg,pgen_seq4,1,1,1080,1380
PolypGen,/home/samsul/Documents/Polyp Detection/Polyp-Gen:/seq4/images/34.jpg,/home/samsul/Documents/Polyp Detection/Polyp-Gen:/seq4/masks/34.jpg,pgen_seq4,1,1,1080,1380
PolypGen,/home/samsul/Documents/Polyp Detection/Polyp-Gen:/seq4/images/37.jpg,/home/samsul/Documents/Polyp Detection/Polyp-Gen:/seq4/masks/37.jpg,pgen_seq4,1,1,1080,1380
PolypGen,/home/samsul/Documents/Polyp Detection/Polyp-Gen:/seq4/images/27.jpg,/home/samsul/Documents/Polyp Detection/Polyp-Gen:/seq4/masks/27.jpg,pgen_seq4,1,1,1080,1380
PolypGen,/home/samsul/Documents/Polyp Detection/Polyp-Gen:/seq4/images/39.jpg,/home/samsul/Documents/Polyp Detection/Polyp-Gen:/seq4/masks/39.jpg,pgen_seq4,1,1,1080,1380
PolypGen,/home/samsul/Documents/Polyp Detection/Polyp-Gen:/seq4/images/31.jpg,/home/samsul/Documents/Polyp Detection/Polyp-Gen:/seq4/masks/31.jpg,pgen_seq4,1,1,1080,1380
PolypGen,/home/samsul/Documents/Polyp Detection/Polyp-Gen:/seq4/images/8.jpg,/home/samsul/Documents/Polyp Detection/Polyp-Gen:/seq4/masks/8.jpg,pgen_seq4,1,1,1080,1380
PolypGen,/home/samsul/Documents/Polyp Detection/Polyp-Gen:/seq4/images/41.jpg,/home/samsul/Documents/Polyp Detection/Polyp-Gen:/seq4/masks/41.jpg,pgen_seq4,1,1,1080,1380
PolypGen,/home/samsul/Documents/Polyp Detection/Polyp-Gen:/seq4/images/1.jpg,/home/samsul/Documents/Polyp Detection/Polyp-Gen:/seq4/masks/1.jpg,pgen_seq4,1,1,1080,1380
PolypGen,/home/samsul/Documents/Polyp Detection/Polyp-Gen:/seq4/images/19.jpg,/home/samsul/Documents/Polyp Detection/Polyp-Gen:/seq4/masks/19.jpg,pgen_seq4,1,1,1080,1380
PolypGen,/home/samsul/Documents/Polyp Detection/Polyp-Gen:/seq4/images/14.jpg,/home/samsul/Documents/Polyp Detection/Polyp-Gen:/seq4/masks/14.jpg,pgen_seq4,1,1,1080,1380
PolypGen,/home/samsul/Documents/Polyp Detection/Polyp-Gen:/seq4/images/23.jpg,/home/samsul/Documents/Polyp Detection/Polyp-Gen:/seq4/masks/23.jpg,pgen_seq4,1,1,1080,1380
PolypGen,/home/samsul/Documents/Polyp Detection/Polyp-Gen:/seq4/images/28.jpg,/home/samsul/Documents/Polyp Detection/Polyp-Gen:/seq4/masks/28.jpg,pgen_seq4,1,1,1080,1380
PolypGen,/home/samsul/Documents/Polyp Detection/Polyp-Gen:/seq4/images/17.jpg,/home/samsul/Documents/Polyp Detection/Polyp-Gen:/seq4/masks/17.jpg,pgen_seq4,0,0,1080,1380
PolypGen,/home/samsul/Documents/Polyp Detection/Polyp-Gen:/seq4/images/36.jpg,/home/samsul/Documents/Polyp Detection/Polyp-Gen:/seq4/masks/36.jpg,pgen_seq4,1,1,1080,1380
PolypGen,/home/samsul/Documents/Polyp Detection/Polyp-Gen:/seq4/images/4.jpg,/home/samsul/Documents/Polyp Detection/Polyp-Gen:/seq4/masks/4.jpg,pgen_seq4,1,1,1080,1380
PolypGen,/home/samsul/Documents/Polyp Detection/Polyp-Gen:/seq4/images/5.jpg,/home/samsul/Documents/Polyp Detection/Polyp-Gen:/seq4/masks/5.jpg,pgen_seq4,1,1,1080,1380
PolypGen,/home/samsul/Documents/Polyp Detection/Polyp-Gen:/seq4/images/21.jpg,/home/samsul/Documents/Polyp Detection/Polyp-Gen:/seq4/masks/21.jpg,pgen_seq4,1,1,1080,1380
PolypGen,/home/samsul/Documents/Polyp Detection/Polyp-Gen:/seq4/images/0.jpg,/home/samsul/Documents/Polyp Detection/Polyp-Gen:/seq4/masks/0.jpg,pgen_seq4,1,1,1080,1380
PolypGen,/home/samsul/Documents/Polyp Detection/Polyp-Gen:/seq4/images/26.jpg,/home/samsul/Documents/Polyp Detection/Polyp-Gen:/seq4/masks/26.jpg,pgen_seq4,1,1,1080,1380
PolypGen,/home/samsul/Documents/Polyp Detection/Polyp-Gen:/seq4/images/12.jpg,/home/samsul/Documents/Polyp Detection/Polyp-Gen:/seq4/masks/12.jpg,pgen_seq4,1,1,1080,1380
PolypGen,/home/samsul/Documents/Polyp Detection/Polyp-Gen:/seq4/images/22.jpg,/home/samsul/Documents/Polyp Detection/Polyp-Gen:/seq4/masks/22.jpg,pgen_seq4,1,1,1080,1380
PolypGen,/home/samsul/Documents/Polyp Detection/Polyp-Gen:/seq4/images/32.jpg,/home/samsul/Documents/Polyp Detection/Polyp-Gen:/seq4/masks/32.jpg,pgen_seq4,1,1,1080,1380
PolypGen,/home/samsul/Documents/Polyp Detection/Polyp-Gen:/seq4/images/9.jpg,/home/samsul/Documents/Polyp Detection/Polyp-Gen:/seq4/masks/9.jpg,pgen_seq4,1,1,1080,1380
PolypGen,/home/samsul/Documents/Polyp Detection/Polyp-Gen:/seq4/images/44.jpg,/home/samsul/Documents/Polyp Detection/Polyp-Gen:/seq4/masks/44.jpg,pgen_seq4,1,1,1080,1380
PolypGen,/home/samsul/Documents/Polyp Detection/Polyp-Gen:/seq4/images/35.jpg,/home/samsul/Documents/Polyp Detection/Polyp-Gen:/seq4/masks/35.jpg,pgen_seq4,1,1,1080,1380
PolypGen,/home/samsul/Documents/Polyp Detection/Polyp-Gen:/seq4/images/33.jpg,/home/samsul/Documents/Polyp Detection/Polyp-Gen:/seq4/masks/33.jpg,pgen_seq4,1,1,1080,1380
PolypGen,/home/samsul/Documents/Polyp Detection/Polyp-Gen:/seq4/images/43.jpg,/home/samsul/Documents/Polyp Detection/Polyp-Gen:/seq4/masks/43.jpg,pgen_seq4,1,1,1080,1380
PolypGen,/home/samsul/Documents/Polyp Detection/Polyp-Gen:/seq4/images/47.jpg,/home/samsul/Documents/Polyp Detection/Polyp-Gen:/seq4/masks/47.jpg,pgen_seq4,1,1,1080,1380
PolypGen,/home/samsul/Documents/Polyp Detection/Polyp-Gen:/seq4/images/13.jpg,/home/samsul/Documents/Polyp Detection/Polyp-Gen:/seq4/masks/13.jpg,pgen_seq4,1,1,1080,1380
PolypGen,/home/samsul/Documents/Polyp Detection/Polyp-Gen:/seq4/images/16.jpg,/home/samsul/Documents/Polyp Detection/Polyp-Gen:/seq4/masks/16.jpg,pgen_seq4,1,1,1080,1380
PolypGen,/home/samsul/Documents/Polyp Detection/Polyp-Gen:/seq4/images/42.jpg,/home/samsul/Documents/Polyp Detection/Polyp-Gen:/seq4/masks/42.jpg,pgen_seq4,1,1,1080,1380
PolypGen,/home/samsul/Documents/Polyp Detection/Polyp-Gen:/seq4/images/38.jpg,/home/samsul/Documents/Polyp Detection/Polyp-Gen:/seq4/masks/38.jpg,pgen_seq4,1,1,1080,1380
PolypGen,/home/samsul/Documents/Polyp Detection/Polyp-Gen:/seq4/images/15.jpg,/home/samsul/Documents/Polyp Detection/Polyp-Gen:/seq4/masks/15.jpg,pgen_seq4,1,1,1080,1380
PolypGen,/home/samsul/Documents/Polyp Detection/Polyp-Gen:/seq4/images/25.jpg,/home/samsul/Documents/Polyp Detection/Polyp-Gen:/seq4/masks/25.jpg,pgen_seq4,1,1,1080,1380
PolypGen,/home/samsul/Documents/Polyp Detection/Polyp-Gen:/seq4/images/20.jpg,/home/samsul/Documents/Polyp Detection/Polyp-Gen:/seq4/masks/20.jpg,pgen_seq4,1,1,1080,1380
PolypGen,/home/samsul/Documents/Polyp Detection/Polyp-Gen:/seq4/images/46.jpg,/home/samsul/Documents/Polyp Detection/Polyp-Gen:/seq4/masks/46.jpg,pgen_seq4,1,1,1080,1380
PolypGen,/home/samsul/Documents/Polyp Detection/Polyp-Gen:/seq4/images/7.jpg,/home/samsul/Documents/Polyp Detection/Polyp-Gen:/seq4/masks/7.jpg,pgen_seq4,1,1,1080,1380
PolypGen,/home/samsul/Documents/Polyp Detection/Polyp-Gen:/seq4/images/45.jpg,/home/samsul/Documents/Polyp Detection/Polyp-Gen:/seq4/masks/45.jpg,pgen_seq4,1,1,1080,1380
PolypGen,/home/samsul/Documents/Polyp Detection/Polyp-Gen:/seq4/images/24.jpg,/home/samsul/Documents/Polyp Detection/Polyp-Gen:/seq4/masks/24.jpg,pgen_seq4,1,1,1080,1380
PolypGen,/home/samsul/Documents/Polyp Detection/Polyp-Gen:/seq4/images/30.jpg,/home/samsul/Documents/Polyp Detection/Polyp-Gen:/seq4/masks/30.jpg,pgen_seq4,1,1,1080,1380
PolypGen,/home/samsul/Documents/Polyp Detection/Polyp-Gen:/seq4/images/2.jpg,/home/samsul/Documents/Polyp Detection/Polyp-Gen:/seq4/masks/2.jpg,pgen_seq4,1,1,1080,1380
PolypGen,/home/samsul/Documents/Polyp Detection/Polyp-Gen:/seq5/images/75.jpg,/home/samsul/Documents/Polyp Detection/Polyp-Gen:/seq5/masks/75.jpg,pgen_seq5,1,1,1064,1440
PolypGen,/home/samsul/Documents/Polyp Detection/Polyp-Gen:/seq5/images/211.jpg,/home/samsul/Documents/Polyp Detection/Polyp-Gen:/seq5/masks/211.jpg,pgen_seq5,1,1,1064,1440
PolypGen,/home/samsul/Documents/Polyp Detection/Polyp-Gen:/seq5/images/174.jpg,/home/samsul/Documents/Polyp Detection/Polyp-Gen:/seq5/masks/174.jpg,pgen_seq5,1,1,1064,1440
PolypGen,/home/samsul/Documents/Polyp Detection/Polyp-Gen:/seq5/images/71.jpg,/home/samsul/Documents/Polyp Detection/Polyp-Gen:/seq5/masks/71.jpg,pgen_seq5,0,0,1064,1440
PolypGen,/home/samsul/Documents/Polyp Detection/Polyp-Gen:/seq5/images/198.jpg,/home/samsul/Documents/Polyp Detection/Polyp-Gen:/seq5/masks/198.jpg,pgen_seq5,1,1,1064,1440
PolypGen,/home/samsul/Documents/Polyp Detection/Polyp-Gen:/seq5/images/234.jpg,/home/samsul/Documents/Polyp Detection/Polyp-Gen:/seq5/masks/234.jpg,pgen_seq5,1,1,1064,1440
PolypGen,/home/samsul/Documents/Polyp Detection/Polyp-Gen:/seq5/images/241.jpg,/home/samsul/Documents/Polyp Detection/Polyp-Gen:/seq5/masks/241.jpg,pgen_seq5,1,1,1064,1440
PolypGen,/home/samsul/Documents/Polyp Detection/Polyp-Gen:/seq5/images/150.jpg,/home/samsul/Documents/Polyp Detection/Polyp-Gen:/seq5/masks/150.jpg,pgen_seq5,1,1,1064,1440
PolypGen,/home/samsul/Documents/Polyp Detection/Polyp-Gen:/seq5/images/204.jpg,/home/samsul/Documents/Polyp Detection/Polyp-Gen:/seq5/masks/204.jpg,pgen_seq5,1,1,1064,1440
PolypGen,/home/samsul/Documents/Polyp Detection/Polyp-Gen:/seq5/images/116.jpg,/home/samsul/Documents/Polyp Detection/Polyp-Gen:/seq5/masks/116.jpg,pgen_seq5,0,0,1064,1440
PolypGen,/home/samsul/Documents/Polyp Detection/Polyp-Gen:/seq5/images/166.jpg,/home/samsul/Documents/Polyp Detection/Polyp-Gen:/seq5/masks/166.jpg,pgen_seq5,2,1,1064,1440
PolypGen,/home/samsul/Documents/Polyp Detection/Polyp-Gen:/seq5/images/232.jpg,/home/samsul/Documents/Polyp Detection/Polyp-Gen:/seq5/masks/232.jpg,pgen_seq5,1,1,1064,1440
PolypGen,/home/samsul/Documents/Polyp Detection/Polyp-Gen:/seq5/images/93.jpg,/home/samsul/Documents/Polyp Detection/Polyp-Gen:/seq5/masks/93.jpg,pgen_seq5,1,1,1064,1440
PolypGen,/home/samsul/Documents/Polyp Detection/Polyp-Gen:/seq5/images/76.jpg,/home/samsul/Documents/Polyp Detection/Polyp-Gen:/seq5/masks/76.jpg,pgen_seq5,1,1,1064,1440
PolypGen,/home/samsul/Documents/Polyp Detection/Polyp-Gen:/seq5/images/200.jpg,/home/samsul/Documents/Polyp Detection/Polyp-Gen:/seq5/masks/200.jpg,pgen_seq5,1,1,1064,1440
PolypGen,/home/samsul/Documents/Polyp Detection/Polyp-Gen:/seq5/images/18.jpg,/home/samsul/Documents/Polyp Detection/Polyp-Gen:/seq5/masks/18.jpg,pgen_seq5,1,1,1064,1440
PolypGen,/home/samsul/Documents/Polyp Detection/Polyp-Gen:/seq5/images/192.jpg,/home/samsul/Documents/Polyp Detection/Polyp-Gen:/seq5/masks/192.jpg,pgen_seq5,1,1,1064,1440
PolypGen,/home/samsul/Documents/Polyp Detection/Polyp-Gen:/seq5/images/111.jpg,/home/samsul/Documents/Polyp Detection/Polyp-Gen:/seq5/masks/111.jpg,pgen_seq5,0,0,1064,1440
PolypGen,/home/samsul/Documents/Polyp Detection/Polyp-Gen:/seq5/images/3.jpg,/home/samsul/Documents/Polyp Detection/Polyp-Gen:/seq5/masks/3.jpg,pgen_seq5,1,1,1064,1440
PolypGen,/home/samsul/Documents/Polyp Detection/Polyp-Gen:/seq5/images/49.jpg,/home/samsul/Documents/Polyp Detection/Polyp-Gen:/seq5/masks/49.jpg,pgen_seq5,1,1,1064,1440
PolypGen,/home/samsul/Documents/Polyp Detection/Polyp-Gen:/seq5/images/40.jpg,/home/samsul/Documents/Polyp Detection/Polyp-Gen:/seq5/masks/40.jpg,pgen_seq5,1,1,1064,1440
PolypGen,/home/samsul/Documents/Polyp Detection/Polyp-Gen:/seq5/images/68.jpg,/home/samsul/Documents/Polyp Detection/Polyp-Gen:/seq5/masks/68.jpg,pgen_seq5,0,0,1064,1440
PolypGen,/home/samsul/Documents/Polyp Detection/Polyp-Gen:/seq5/images/197.jpg,/home/samsul/Documents/Polyp Detection/Polyp-Gen:/seq5/masks/197.jpg,pgen_seq5,1,1,1064,1440
PolypGen,/home/samsul/Documents/Polyp Detection/Polyp-Gen:/seq5/images/235.jpg,/home/samsul/Documents/Polyp Detection/Polyp-Gen:/seq5/masks/235.jpg,pgen_seq5,1,1,1064,1440
PolypGen,/home/samsul/Documents/Polyp Detection/Polyp-Gen:/seq5/images/57.jpg,/home/samsul/Documents/Polyp Detection/Polyp-Gen:/seq5/masks/57.jpg,pgen_seq5,1,1,1064,1440
PolypGen,/home/samsul/Documents/Polyp Detection/Polyp-Gen:/seq5/images/123.jpg,/home/samsul/Documents/Polyp Detection/Polyp-Gen:/seq5/masks/123.jpg,pgen_seq5,0,0,1064,1440
PolypGen,/home/samsul/Documents/Polyp Detection/Polyp-Gen:/seq5/images/220.jpg,/home/samsul/Documents/Polyp Detection/Polyp-Gen:/seq5/masks/220.jpg,pgen_seq5,1,1,1064,1440
PolypGen,/home/samsul/Documents/Polyp Detection/Polyp-Gen:/seq5/images/167.jpg,/home/samsul/Documents/Polyp Detection/Polyp-Gen:/seq5/masks/167.jpg,pgen_seq5,3,1,1064,1440
PolypGen,/home/samsul/Documents/Polyp Detection/Polyp-Gen:/seq5/images/81.jpg,/home/samsul/Documents/Polyp Detection/Polyp-Gen:/seq5/masks/81.jpg,pgen_seq5,1,1,1064,1440
PolypGen,/home/samsul/Documents/Polyp Detection/Polyp-Gen:/seq5/images/101.jpg,/home/samsul/Documents/Polyp Detection/Polyp-Gen:/seq5/masks/101.jpg,pgen_seq5,1,1,1064,1440
PolypGen,/home/samsul/Documents/Polyp Detection/Polyp-Gen:/seq5/images/159.jpg,/home/samsul/Documents/Polyp Detection/Polyp-Gen:/seq5/masks/159.jpg,pgen_seq5,2,1,1064,1440
PolypGen,/home/samsul/Documents/Polyp Detection/Polyp-Gen:/seq5/images/104.jpg,/home/samsul/Documents/Polyp Detection/Polyp-Gen:/seq5/masks/104.jpg,pgen_seq5,1,1,1064,1440
PolypGen,/home/samsul/Documents/Polyp Detection/Polyp-Gen:/seq5/images/247.jpg,/home/samsul/Documents/Polyp Detection/Polyp-Gen:/seq5/masks/247.jpg,pgen_seq5,1,1,1064,1440
PolypGen,/home/samsul/Documents/Polyp Detection/Polyp-Gen:/seq5/images/11.jpg,/home/samsul/Documents/Polyp Detection/Polyp-Gen:/seq5/masks/11.jpg,pgen_seq5,1,1,1064,1440
PolypGen,/home/samsul/Documents/Polyp Detection/Polyp-Gen:/seq5/images/29.jpg,/home/samsul/Documents/Polyp Detection/Polyp-Gen:/seq5/masks/29.jpg,pgen_seq5,1,1,1064,1440
PolypGen,/home/samsul/Documents/Polyp Detection/Polyp-Gen:/seq5/images/156.jpg,/home/samsul/Documents/Polyp Detection/Polyp-Gen:/seq5/masks/156.jpg,pgen_seq5,2,1,1064,1440
PolypGen,/home/samsul/Documents/Polyp Detection/Polyp-Gen:/seq5/images/85.jpg,/home/samsul/Documents/Polyp Detection/Polyp-Gen:/seq5/masks/85.jpg,pgen_seq5,1,1,1064,1440
PolypGen,/home/samsul/Documents/Polyp Detection/Polyp-Gen:/seq5/images/145.jpg,/home/samsul/Documents/Polyp Detection/Polyp-Gen:/seq5/masks/145.jpg,pgen_seq5,0,0,1064,1440
PolypGen,/home/samsul/Documents/Polyp Detection/Polyp-Gen:/seq5/images/54.jpg,/home/samsul/Documents/Polyp Detection/Polyp-Gen:/seq5/masks/54.jpg,pgen_seq5,1,1,1064,1440
PolypGen,/home/samsul/Documents/Polyp Detection/Polyp-Gen:/seq5/images/51.jpg,/home/samsul/Documents/Polyp Detection/Polyp-Gen:/seq5/masks/51.jpg,pgen_seq5,1,1,1064,1440
PolypGen,/home/samsul/Documents/Polyp Detection/Polyp-Gen:/seq5/images/209.jpg,/home/samsul/Documents/Polyp Detection/Polyp-Gen:/seq5/masks/209.jpg,pgen_seq5,1,1,1064,1440
PolypGen,/home/samsul/Documents/Polyp Detection/Polyp-Gen:/seq5/images/6.jpg,/home/samsul/Documents/Polyp Detection/Polyp-Gen:/seq5/masks/6.jpg,pgen_seq5,1,1,1064,1440
PolypGen,/home/samsul/Documents/Polyp Detection/Polyp-Gen:/seq5/images/58.jpg,/home/samsul/Documents/Polyp Detection/Polyp-Gen:/seq5/masks/58.jpg,pgen_seq5,1,1,1064,1440
PolypGen,/home/samsul/Documents/Polyp Detection/Polyp-Gen:/seq5/images/121.jpg,/home/samsul/Documents/Polyp Detection/Polyp-Gen:/seq5/masks/121.jpg,pgen_seq5,0,0,1064,1440
PolypGen,/home/samsul/Documents/Polyp Detection/Polyp-Gen:/seq5/images/238.jpg,/home/samsul/Documents/Polyp Detection/Polyp-Gen:/seq5/masks/238.jpg,pgen_seq5,1,1,1064,1440
PolypGen,/home/samsul/Documents/Polyp Detection/Polyp-Gen:/seq5/images/66.jpg,/home/samsul/Documents/Polyp Detection/Polyp-Gen:/seq5/masks/66.jpg,pgen_seq5,0,0,1064,1440
PolypGen,/home/samsul/Documents/Polyp Detection/Polyp-Gen:/seq5/images/10.jpg,/home/samsul/Documents/Polyp Detection/Polyp-Gen:/seq5/masks/10.jpg,pgen_seq5,1,1,1064,1440
PolypGen,/home/samsul/Documents/Polyp Detection/Polyp-Gen:/seq5/images/118.jpg,/home/samsul/Documents/Polyp Detection/Polyp-Gen:/seq5/masks/118.jpg,pgen_seq5,0,0,1064,1440
PolypGen,/home/samsul/Documents/Polyp Detection/Polyp-Gen:/seq5/images/34.jpg,/home/samsul/Documents/Polyp Detection/Polyp-Gen:/seq5/masks/34.jpg,pgen_seq5,1,1,1064,1440
PolypGen,/home/samsul/Documents/Polyp Detection/Polyp-Gen:/seq5/images/37.jpg,/home/samsul/Documents/Polyp Detection/Polyp-Gen:/seq5/masks/37.jpg,pgen_seq5,1,1,1064,1440
PolypGen,/home/samsul/Documents/Polyp Detection/Polyp-Gen:/seq5/images/110.jpg,/home/samsul/Documents/Polyp Detection/Polyp-Gen:/seq5/masks/110.jpg,pgen_seq5,0,0,1064,1440
PolypGen,/home/samsul/Documents/Polyp Detection/Polyp-Gen:/seq5/images/115.jpg,/home/samsul/Documents/Polyp Detection/Polyp-Gen:/seq5/masks/115.jpg,pgen_seq5,0,0,1064,1440
PolypGen,/home/samsul/Documents/Polyp Detection/Polyp-Gen:/seq5/images/67.jpg,/home/samsul/Documents/Polyp Detection/Polyp-Gen:/seq5/masks/67.jpg,pgen_seq5,0,0,1064,1440
PolypGen,/home/samsul/Documents/Polyp Detection/Polyp-Gen:/seq5/images/27.jpg,/home/samsul/Documents/Polyp Detection/Polyp-Gen:/seq5/masks/27.jpg,pgen_seq5,1,1,1064,1440
PolypGen,/home/samsul/Documents/Polyp Detection/Polyp-Gen:/seq5/images/182.jpg,/home/samsul/Documents/Polyp Detection/Polyp-Gen:/seq5/masks/182.jpg,pgen_seq5,1,1,1064,1440
PolypGen,/home/samsul/Documents/Polyp Detection/Polyp-Gen:/seq5/images/126.jpg,/home/samsul/Documents/Polyp Detection/Polyp-Gen:/seq5/masks/126.jpg,pgen_seq5,0,0,1064,1440
PolypGen,/home/samsul/Documents/Polyp Detection/Polyp-Gen:/seq5/images/82.jpg,/home/samsul/Documents/Polyp Detection/Polyp-Gen:/seq5/masks/82.jpg,pgen_seq5,1,1,1064,1440
PolypGen,/home/samsul/Documents/Polyp Detection/Polyp-Gen:/seq5/images/78.jpg,/home/samsul/Documents/Polyp Detection/Polyp-Gen:/seq5/masks/78.jpg,pgen_seq5,1,1,1064,1440
PolypGen,/home/samsul/Documents/Polyp Detection/Polyp-Gen:/seq5/images/162.jpg,/home/samsul/Documents/Polyp Detection/Polyp-Gen:/seq5/masks/162.jpg,pgen_seq5,2,1,1064,1440
PolypGen,/home/samsul/Documents/Polyp Detection/Polyp-Gen:/seq5/images/62.jpg,/home/samsul/Documents/Polyp Detection/Polyp-Gen:/seq5/masks/62.jpg,pgen_seq5,1,1,1064,1440
PolypGen,/home/samsul/Documents/Polyp Detection/Polyp-Gen:/seq5/images/39.jpg,/home/samsul/Documents/Polyp Detection/Polyp-Gen:/seq5/masks/39.jpg,pgen_seq5,1,1,1064,1440
PolypGen,/home/samsul/Documents/Polyp Detection/Polyp-Gen:/seq5/images/244.jpg,/home/samsul/Documents/Polyp Detection/Polyp-Gen:/seq5/masks/244.jpg,pgen_seq5,1,1,1064,1440
PolypGen,/home/samsul/Documents/Polyp Detection/Polyp-Gen:/seq5/images/120.jpg,/home/samsul/Documents/Polyp Detection/Polyp-Gen:/seq5/masks/120.jpg,pgen_seq5,0,0,1064,1440
PolypGen,/home/samsul/Documents/Polyp Detection/Polyp-Gen:/seq5/images/179.jpg,/home/samsul/Documents/Polyp Detection/Polyp-Gen:/seq5/masks/179.jpg,pgen_seq5,2,1,1064,1440
PolypGen,/home/samsul/Documents/Polyp Detection/Polyp-Gen:/seq5/images/154.jpg,/home/samsul/Documents/Polyp Detection/Polyp-Gen:/seq5/masks/154.jpg,pgen_seq5,2,1,1064,1440
PolypGen,/home/samsul/Documents/Polyp Detection/Polyp-Gen:/seq5/images/89.jpg,/home/samsul/Documents/Polyp Detection/Polyp-Gen:/seq5/masks/89.jpg,pgen_seq5,1,1,1064,1440
PolypGen,/home/samsul/Documents/Polyp Detection/Polyp-Gen:/seq5/images/99.jpg,/home/samsul/Documents/Polyp Detection/Polyp-Gen:/seq5/masks/99.jpg,pgen_seq5,1,1,1064,1440
PolypGen,/home/samsul/Documents/Polyp Detection/Polyp-Gen:/seq5/images/131.jpg,/home/samsul/Documents/Polyp Detection/Polyp-Gen:/seq5/masks/131.jpg,pgen_seq5,0,0,1064,1440
PolypGen,/home/samsul/Documents/Polyp Detection/Polyp-Gen:/seq5/images/190.jpg,/home/samsul/Documents/Polyp Detection/Polyp-Gen:/seq5/masks/190.jpg,pgen_seq5,1,1,1064,1440
PolypGen,/home/samsul/Documents/Polyp Detection/Polyp-Gen:/seq5/images/105.jpg,/home/samsul/Documents/Polyp Detection/Polyp-Gen:/seq5/masks/105.jpg,pgen_seq5,0,0,1064,1440
PolypGen,/home/samsul/Documents/Polyp Detection/Polyp-Gen:/seq5/images/191.jpg,/home/samsul/Documents/Polyp Detection/Polyp-Gen:/seq5/masks/191.jpg,pgen_seq5,1,1,1064,1440
PolypGen,/home/samsul/Documents/Polyp Detection/Polyp-Gen:/seq5/images/112.jpg,/home/samsul/Documents/Polyp Detection/Polyp-Gen:/seq5/masks/112.jpg,pgen_seq5,0,0,1064,1440
PolypGen,/home/samsul/Documents/Polyp Detection/Polyp-Gen:/seq5/images/236.jpg,/home/samsul/Documents/Polyp Detection/Polyp-Gen:/seq5/masks/236.jpg,pgen_seq5,1,1,1064,1440
PolypGen,/home/samsul/Documents/Polyp Detection/Polyp-Gen:/seq5/images/170.jpg,/home/samsul/Documents/Polyp Detection/Polyp-Gen:/seq5/masks/170.jpg,pgen_seq5,3,1,1064,1440
PolypGen,/home/samsul/Documents/Polyp Detection/Polyp-Gen:/seq5/images/169.jpg,/home/samsul/Documents/Polyp Detection/Polyp-Gen:/seq5/masks/169.jpg,pgen_seq5,2,1,1064,1440
PolypGen,/home/samsul/Documents/Polyp Detection/Polyp-Gen:/seq5/images/86.jpg,/home/samsul/Documents/Polyp Detection/Polyp-Gen:/seq5/masks/86.jpg,pgen_seq5,1,1,1064,1440
PolypGen,/home/samsul/Documents/Polyp Detection/Polyp-Gen:/seq5/images/177.jpg,/home/samsul/Documents/Polyp Detection/Polyp-Gen:/seq5/masks/177.jpg,pgen_seq5,1,1,1064,1440
PolypGen,/home/samsul/Documents/Polyp Detection/Polyp-Gen:/seq5/images/31.jpg,/home/samsul/Documents/Polyp Detection/Polyp-Gen:/seq5/masks/31.jpg,pgen_seq5,1,1,1064,1440
PolypGen,/home/samsul/Documents/Polyp Detection/Polyp-Gen:/seq5/images/8.jpg,/home/samsul/Documents/Polyp Detection/Polyp-Gen:/seq5/masks/8.jpg,pgen_seq5,1,1,1064,1440
PolypGen,/home/samsul/Documents/Polyp Detection/Polyp-Gen:/seq5/images/164.jpg,/home/samsul/Documents/Polyp Detection/Polyp-Gen:/seq5/masks/164.jpg,pgen_seq5,2,1,1064,1440
PolypGen,/home/samsul/Documents/Polyp Detection/Polyp-Gen:/seq5/images/98.jpg,/home/samsul/Documents/Polyp Detection/Polyp-Gen:/seq5/masks/98.jpg,pgen_seq5,1,1,1064,1440
PolypGen,/home/samsul/Documents/Polyp Detection/Polyp-Gen:/seq5/images/103.jpg,/home/samsul/Documents/Polyp Detection/Polyp-Gen:/seq5/masks/103.jpg,pgen_seq5,0,0,1064,1440
PolypGen,/home/samsul/Documents/Polyp Detection/Polyp-Gen:/seq5/images/41.jpg,/home/samsul/Documents/Polyp Detection/Polyp-Gen:/seq5/masks/41.jpg,pgen_seq5,1,1,1064,1440
PolypGen,/home/samsul/Documents/Polyp Detection/Polyp-Gen:/seq5/images/109.jpg,/home/samsul/Documents/Polyp Detection/Polyp-Gen:/seq5/masks/109.jpg,pgen_seq5,0,0,1064,1440
PolypGen,/home/samsul/Documents/Polyp Detection/Polyp-Gen:/seq5/images/83.jpg,/home/samsul/Documents/Polyp Detection/Polyp-Gen:/seq5/masks/83.jpg,pgen_seq5,1,1,1064,1440
PolypGen,/home/samsul/Documents/Polyp Detection/Polyp-Gen:/seq5/images/165.jpg,/home/samsul/Documents/Polyp Detection/Polyp-Gen:/seq5/masks/165.jpg,pgen_seq5,2,1,1064,1440
PolypGen,/home/samsul/Documents/Polyp Detection/Polyp-Gen:/seq5/images/173.jpg,/home/samsul/Documents/Polyp Detection/Polyp-Gen:/seq5/masks/173.jpg,pgen_seq5,2,1,1064,1440
PolypGen,/home/samsul/Documents/Polyp Detection/Polyp-Gen:/seq5/images/172.jpg,/home/samsul/Documents/Polyp Detection/Polyp-Gen:/seq5/masks/172.jpg,pgen_seq5,1,1,1064,1440
PolypGen,/home/samsul/Documents/Polyp Detection/Polyp-Gen:/seq5/images/79.jpg,/home/samsul/Documents/Polyp Detection/Polyp-Gen:/seq5/masks/79.jpg,pgen_seq5,1,1,1064,1440
PolypGen,/home/samsul/Documents/Polyp Detection/Polyp-Gen:/seq5/images/193.jpg,/home/samsul/Documents/Polyp Detection/Polyp-Gen:/seq5/masks/193.jpg,pgen_seq5,1,1,1064,1440
PolypGen,/home/samsul/Documents/Polyp Detection/Polyp-Gen:/seq5/images/188.jpg,/home/samsul/Documents/Polyp Detection/Polyp-Gen:/seq5/masks/188.jpg,pgen_seq5,1,1,1064,1440
PolypGen,/home/samsul/Documents/Polyp Detection/Polyp-Gen:/seq5/images/158.jpg,/home/samsul/Documents/Polyp Detection/Polyp-Gen:/seq5/masks/158.jpg,pgen_seq5,2,1,1064,1440
PolypGen,/home/samsul/Documents/Polyp Detection/Polyp-Gen:/seq5/images/50.jpg,/home/samsul/Documents/Polyp Detection/Polyp-Gen:/seq5/masks/50.jpg,pgen_seq5,1,1,1064,1440
PolypGen,/home/samsul/Documents/Polyp Detection/Polyp-Gen:/seq5/images/1.jpg,/home/samsul/Documents/Polyp Detection/Polyp-Gen:/seq5/masks/1.jpg,pgen_seq5,1,1,1064,1440
PolypGen,/home/samsul/Documents/Polyp Detection/Polyp-Gen:/seq5/images/186.jpg,/home/samsul/Documents/Polyp Detection/Polyp-Gen:/seq5/masks/186.jpg,pgen_seq5,1,1,1064,1440
PolypGen,/home/samsul/Documents/Polyp Detection/Polyp-Gen:/seq5/images/52.jpg,/home/samsul/Documents/Polyp Detection/Polyp-Gen:/seq5/masks/52.jpg,pgen_seq5,1,1,1064,1440
PolypGen,/home/samsul/Documents/Polyp Detection/Polyp-Gen:/seq5/images/95.jpg,/home/samsul/Documents/Polyp Detection/Polyp-Gen:/seq5/masks/95.jpg,pgen_seq5,1,1,1064,1440
PolypGen,/home/samsul/Documents/Polyp Detection/Polyp-Gen:/seq5/images/19.jpg,/home/samsul/Documents/Polyp Detection/Polyp-Gen:/seq5/masks/19.jpg,pgen_seq5,1,1,1064,1440
PolypGen,/home/samsul/Documents/Polyp Detection/Polyp-Gen:/seq5/images/171.jpg,/home/samsul/Documents/Polyp Detection/Polyp-Gen:/seq5/masks/171.jpg,pgen_seq5,2,1,1064,1440
PolypGen,/home/samsul/Documents/Polyp Detection/Polyp-Gen:/seq5/images/60.jpg,/home/samsul/Documents/Polyp Detection/Polyp-Gen:/seq5/masks/60.jpg,pgen_seq5,1,1,1064,1440
PolypGen,/home/samsul/Documents/Polyp Detection/Polyp-Gen:/seq5/images/124.jpg,/home/samsul/Documents/Polyp Detection/Polyp-Gen:/seq5/masks/124.jpg,pgen_seq5,0,0,1064,1440
PolypGen,/home/samsul/Documents/Polyp Detection/Polyp-Gen:/seq5/images/189.jpg,/home/samsul/Documents/Polyp Detection/Polyp-Gen:/seq5/masks/189.jpg,pgen_seq5,1,1,1064,1440
PolypGen,/home/samsul/Documents/Polyp Detection/Polyp-Gen:/seq5/images/69.jpg,/home/samsul/Documents/Polyp Detection/Polyp-Gen:/seq5/masks/69.jpg,pgen_seq5,0,0,1064,1440
PolypGen,/home/samsul/Documents/Polyp Detection/Polyp-Gen:/seq5/images/163.jpg,/home/samsul/Documents/Polyp Detection/Polyp-Gen:/seq5/masks/163.jpg,pgen_seq5,2,1,1064,1440
PolypGen,/home/samsul/Documents/Polyp Detection/Polyp-Gen:/seq5/images/225.jpg,/home/samsul/Documents/Polyp Detection/Polyp-Gen:/seq5/masks/225.jpg,pgen_seq5,1,1,1064,1440
PolypGen,/home/samsul/Documents/Polyp Detection/Polyp-Gen:/seq5/images/14.jpg,/home/samsul/Documents/Polyp Detection/Polyp-Gen:/seq5/masks/14.jpg,pgen_seq5,1,1,1064,1440
PolypGen,/home/samsul/Documents/Polyp Detection/Polyp-Gen:/seq5/images/91.jpg,/home/samsul/Documents/Polyp Detection/Polyp-Gen:/seq5/masks/91.jpg,pgen_seq5,1,1,1064,1440
PolypGen,/home/samsul/Documents/Polyp Detection/Polyp-Gen:/seq5/images/249.jpg,/home/samsul/Documents/Polyp Detection/Polyp-Gen:/seq5/masks/249.jpg,pgen_seq5,1,1,1064,1440
PolypGen,/home/samsul/Documents/Polyp Detection/Polyp-Gen:/seq5/images/70.jpg,/home/samsul/Documents/Polyp Detection/Polyp-Gen:/seq5/masks/70.jpg,pgen_seq5,0,0,1064,1440
PolypGen,/home/samsul/Documents/Polyp Detection/Polyp-Gen:/seq5/images/117.jpg,/home/samsul/Documents/Polyp Detection/Polyp-Gen:/seq5/masks/117.jpg,pgen_seq5,1,1,1064,1440
PolypGen,/home/samsul/Documents/Polyp Detection/Polyp-Gen:/seq5/images/23.jpg,/home/samsul/Documents/Polyp Detection/Polyp-Gen:/seq5/masks/23.jpg,pgen_seq5,1,1,1064,1440
PolypGen,/home/samsul/Documents/Polyp Detection/Polyp-Gen:/seq5/images/199.jpg,/home/samsul/Documents/Polyp Detection/Polyp-Gen:/seq5/masks/199.jpg,pgen_seq5,1,1,1064,1440
PolypGen,/home/samsul/Documents/Polyp Detection/Polyp-Gen:/seq5/images/205.jpg,/home/samsul/Documents/Polyp Detection/Polyp-Gen:/seq5/masks/205.jpg,pgen_seq5,1,1,1064,1440
PolypGen,/home/samsul/Documents/Polyp Detection/Polyp-Gen:/seq5/images/64.jpg,/home/samsul/Documents/Polyp Detection/Polyp-Gen:/seq5/masks/64.jpg,pgen_seq5,0,0,1064,1440
PolypGen,/home/samsul/Documents/Polyp Detection/Polyp-Gen:/seq5/images/28.jpg,/home/samsul/Documents/Polyp Detection/Polyp-Gen:/seq5/masks/28.jpg,pgen_seq5,1,1,1064,1440
PolypGen,/home/samsul/Documents/Polyp Detection/Polyp-Gen:/seq5/images/17.jpg,/home/samsul/Documents/Polyp Detection/Polyp-Gen:/seq5/masks/17.jpg,pgen_seq5,1,1,1064,1440
PolypGen,/home/samsul/Documents/Polyp Detection/Polyp-Gen:/seq5/images/36.jpg,/home/samsul/Documents/Polyp Detection/Polyp-Gen:/seq5/masks/36.jpg,pgen_seq5,1,1,1064,1440
PolypGen,/home/samsul/Documents/Polyp Detection/Polyp-Gen:/seq5/images/87.jpg,/home/samsul/Documents/Polyp Detection/Polyp-Gen:/seq5/masks/87.jpg,pgen_seq5,1,1,1064,1440
PolypGen,/home/samsul/Documents/Polyp Detection/Polyp-Gen:/seq5/images/4.jpg,/home/samsul/Documents/Polyp Detection/Polyp-Gen:/seq5/masks/4.jpg,pgen_seq5,1,1,1064,1440
PolypGen,/home/samsul/Documents/Polyp Detection/Polyp-Gen:/seq5/images/216.jpg,/home/samsul/Documents/Polyp Detection/Polyp-Gen:/seq5/masks/216.jpg,pgen_seq5,1,1,1064,1440
PolypGen,/home/samsul/Documents/Polyp Detection/Polyp-Gen:/seq5/images/5.jpg,/home/samsul/Documents/Polyp Detection/Polyp-Gen:/seq5/masks/5.jpg,pgen_seq5,1,1,1064,1440
PolypGen,/home/samsul/Documents/Polyp Detection/Polyp-Gen:/seq5/images/21.jpg,/home/samsul/Documents/Polyp Detection/Polyp-Gen:/seq5/masks/21.jpg,pgen_seq5,1,1,1064,1440
PolypGen,/home/samsul/Documents/Polyp Detection/Polyp-Gen:/seq5/images/208.jpg,/home/samsul/Documents/Polyp Detection/Polyp-Gen:/seq5/masks/208.jpg,pgen_seq5,1,1,1064,1440
PolypGen,/home/samsul/Documents/Polyp Detection/Polyp-Gen:/seq5/images/72.jpg,/home/samsul/Documents/Polyp Detection/Polyp-Gen:/seq5/masks/72.jpg,pgen_seq5,1,1,1064,1440
PolypGen,/home/samsul/Documents/Polyp Detection/Polyp-Gen:/seq5/images/0.jpg,/home/samsul/Documents/Polyp Detection/Polyp-Gen:/seq5/masks/0.jpg,pgen_seq5,1,1,1064,1440
PolypGen,/home/samsul/Documents/Polyp Detection/Polyp-Gen:/seq5/images/147.jpg,/home/samsul/Documents/Polyp Detection/Polyp-Gen:/seq5/masks/147.jpg,pgen_seq5,1,1,1064,1440
PolypGen,/home/samsul/Documents/Polyp Detection/Polyp-Gen:/seq5/images/194.jpg,/home/samsul/Documents/Polyp Detection/Polyp-Gen:/seq5/masks/194.jpg,pgen_seq5,1,1,1064,1440
PolypGen,/home/samsul/Documents/Polyp Detection/Polyp-Gen:/seq5/images/148.jpg,/home/samsul/Documents/Polyp Detection/Polyp-Gen:/seq5/masks/148.jpg,pgen_seq5,2,1,1064,1440
PolypGen,/home/samsul/Documents/Polyp Detection/Polyp-Gen:/seq5/images/113.jpg,/home/samsul/Documents/Polyp Detection/Polyp-Gen:/seq5/masks/113.jpg,pgen_seq5,0,0,1064,1440
PolypGen,/home/samsul/Documents/Polyp Detection/Polyp-Gen:/seq5/images/26.jpg,/home/samsul/Documents/Polyp Detection/Polyp-Gen:/seq5/masks/26.jpg,pgen_seq5,1,1,1064,1440
PolypGen,/home/samsul/Documents/Polyp Detection/Polyp-Gen:/seq5/images/12.jpg,/home/samsul/Documents/Polyp Detection/Polyp-Gen:/seq5/masks/12.jpg,pgen_seq5,1,1,1064,1440
PolypGen,/home/samsul/Documents/Polyp Detection/Polyp-Gen:/seq5/images/108.jpg,/home/samsul/Documents/Polyp Detection/Polyp-Gen:/seq5/masks/108.jpg,pgen_seq5,0,0,1064,1440
PolypGen,/home/samsul/Documents/Polyp Detection/Polyp-Gen:/seq5/images/221.jpg,/home/samsul/Documents/Polyp Detection/Polyp-Gen:/seq5/masks/221.jpg,pgen_seq5,1,1,1064,1440
PolypGen,/home/samsul/Documents/Polyp Detection/Polyp-Gen:/seq5/images/22.jpg,/home/samsul/Documents/Polyp Detection/Polyp-Gen:/seq5/masks/22.jpg,pgen_seq5,1,1,1064,1440
PolypGen,/home/samsul/Documents/Polyp Detection/Polyp-Gen:/seq5/images/129.jpg,/home/samsul/Documents/Polyp Detection/Polyp-Gen:/seq5/masks/129.jpg,pgen_seq5,0,0,1064,1440
PolypGen,/home/samsul/Documents/Polyp Detection/Polyp-Gen:/seq5/images/140.jpg,/home/samsul/Documents/Polyp Detection/Polyp-Gen:/seq5/masks/140.jpg,pgen_seq5,0,0,1064,1440
PolypGen,/home/samsul/Documents/Polyp Detection/Polyp-Gen:/seq5/images/100.jpg,/home/samsul/Documents/Polyp Detection/Polyp-Gen:/seq5/masks/100.jpg,pgen_seq5,1,1,1064,1440
PolypGen,/home/samsul/Documents/Polyp Detection/Polyp-Gen:/seq5/images/248.jpg,/home/samsul/Documents/Polyp Detection/Polyp-Gen:/seq5/masks/248.jpg,pgen_seq5,1,1,1064,1440
PolypGen,/home/samsul/Documents/Polyp Detection/Polyp-Gen:/seq5/images/32.jpg,/home/samsul/Documents/Polyp Detection/Polyp-Gen:/seq5/masks/32.jpg,pgen_seq5,1,1,1064,1440
PolypGen,/home/samsul/Documents/Polyp Detection/Polyp-Gen:/seq5/images/178.jpg,/home/samsul/Documents/Polyp Detection/Polyp-Gen:/seq5/masks/178.jpg,pgen_seq5,2,1,1064,1440
PolypGen,/home/samsul/Documents/Polyp Detection/Polyp-Gen:/seq5/images/9.jpg,/home/samsul/Documents/Polyp Detection/Polyp-Gen:/seq5/masks/9.jpg,pgen_seq5,1,1,1064,1440
PolypGen,/home/samsul/Documents/Polyp Detection/Polyp-Gen:/seq5/images/44.jpg,/home/samsul/Documents/Polyp Detection/Polyp-Gen:/seq5/masks/44.jpg,pgen_seq5,1,1,1064,1440
PolypGen,/home/samsul/Documents/Polyp Detection/Polyp-Gen:/seq5/images/106.jpg,/home/samsul/Documents/Polyp Detection/Polyp-Gen:/seq5/masks/106.jpg,pgen_seq5,1,1,1064,1440
PolypGen,/home/samsul/Documents/Polyp Detection/Polyp-Gen:/seq5/images/80.jpg,/home/samsul/Documents/Polyp Detection/Polyp-Gen:/seq5/masks/80.jpg,pgen_seq5,1,1,1064,1440
PolypGen,/home/samsul/Documents/Polyp Detection/Polyp-Gen:/seq5/images/35.jpg,/home/samsul/Documents/Polyp Detection/Polyp-Gen:/seq5/masks/35.jpg,pgen_seq5,1,1,1064,1440
PolypGen,/home/samsul/Documents/Polyp Detection/Polyp-Gen:/seq5/images/48.jpg,/home/samsul/Documents/Polyp Detection/Polyp-Gen:/seq5/masks/48.jpg,pgen_seq5,1,1,1064,1440
PolypGen,/home/samsul/Documents/Polyp Detection/Polyp-Gen:/seq5/images/229.jpg,/home/samsul/Documents/Polyp Detection/Polyp-Gen:/seq5/masks/229.jpg,pgen_seq5,1,1,1064,1440
PolypGen,/home/samsul/Documents/Polyp Detection/Polyp-Gen:/seq5/images/33.jpg,/home/samsul/Documents/Polyp Detection/Polyp-Gen:/seq5/masks/33.jpg,pgen_seq5,1,1,1064,1440
PolypGen,/home/samsul/Documents/Polyp Detection/Polyp-Gen:/seq5/images/141.jpg,/home/samsul/Documents/Polyp Detection/Polyp-Gen:/seq5/masks/141.jpg,pgen_seq5,0,0,1064,1440
PolypGen,/home/samsul/Documents/Polyp Detection/Polyp-Gen:/seq5/images/43.jpg,/home/samsul/Documents/Polyp Detection/Polyp-Gen:/seq5/masks/43.jpg,pgen_seq5,1,1,1064,1440
PolypGen,/home/samsul/Documents/Polyp Detection/Polyp-Gen:/seq5/images/90.jpg,/home/samsul/Documents/Polyp Detection/Polyp-Gen:/seq5/masks/90.jpg,pgen_seq5,1,1,1064,1440
PolypGen,/home/samsul/Documents/Polyp Detection/Polyp-Gen:/seq5/images/223.jpg,/home/samsul/Documents/Polyp Detection/Polyp-Gen:/seq5/masks/223.jpg,pgen_seq5,1,1,1064,1440
PolypGen,/home/samsul/Documents/Polyp Detection/Polyp-Gen:/seq5/images/55.jpg,/home/samsul/Documents/Polyp Detection/Polyp-Gen:/seq5/masks/55.jpg,pgen_seq5,1,1,1064,1440
PolypGen,/home/samsul/Documents/Polyp Detection/Polyp-Gen:/seq5/images/183.jpg,/home/samsul/Documents/Polyp Detection/Polyp-Gen:/seq5/masks/183.jpg,pgen_seq5,1,1,1064,1440
PolypGen,/home/samsul/Documents/Polyp Detection/Polyp-Gen:/seq5/images/245.jpg,/home/samsul/Documents/Polyp Detection/Polyp-Gen:/seq5/masks/245.jpg,pgen_seq5,1,1,1064,1440
PolypGen,/home/samsul/Documents/Polyp Detection/Polyp-Gen:/seq5/images/143.jpg,/home/samsul/Documents/Polyp Detection/Polyp-Gen:/seq5/masks/143.jpg,pgen_seq5,0,0,1064,1440
PolypGen,/home/samsul/Documents/Polyp Detection/Polyp-Gen:/seq5/images/226.jpg,/home/samsul/Documents/Polyp Detection/Polyp-Gen:/seq5/masks/226.jpg,pgen_seq5,1,1,1064,1440
PolypGen,/home/samsul/Documents/Polyp Detection/Polyp-Gen:/seq5/images/213.jpg,/home/samsul/Documents/Polyp Detection/Polyp-Gen:/seq5/masks/213.jpg,pgen_seq5,1,1,1064,1440
PolypGen,/home/samsul/Documents/Polyp Detection/Polyp-Gen:/seq5/images/175.jpg,/home/samsul/Documents/Polyp Detection/Polyp-Gen:/seq5/masks/175.jpg,pgen_seq5,1,1,1064,1440
PolypGen,/home/samsul/Documents/Polyp Detection/Polyp-Gen:/seq5/images/125.jpg,/home/samsul/Documents/Polyp Detection/Polyp-Gen:/seq5/masks/125.jpg,pgen_seq5,0,0,1064,1440
PolypGen,/home/samsul/Documents/Polyp Detection/Polyp-Gen:/seq5/images/227.jpg,/home/samsul/Documents/Polyp Detection/Polyp-Gen:/seq5/masks/227.jpg,pgen_seq5,1,1,1064,1440
PolypGen,/home/samsul/Documents/Polyp Detection/Polyp-Gen:/seq5/images/47.jpg,/home/samsul/Documents/Polyp Detection/Polyp-Gen:/seq5/masks/47.jpg,pgen_seq5,1,1,1064,1440
PolypGen,/home/samsul/Documents/Polyp Detection/Polyp-Gen:/seq5/images/206.jpg,/home/samsul/Documents/Polyp Detection/Polyp-Gen:/seq5/masks/206.jpg,pgen_seq5,1,1,1064,1440
PolypGen,/home/samsul/Documents/Polyp Detection/Polyp-Gen:/seq5/images/157.jpg,/home/samsul/Documents/Polyp Detection/Polyp-Gen:/seq5/masks/157.jpg,pgen_seq5,2,1,1064,1440
PolypGen,/home/samsul/Documents/Polyp Detection/Polyp-Gen:/seq5/images/133.jpg,/home/samsul/Documents/Polyp Detection/Polyp-Gen:/seq5/masks/133.jpg,pgen_seq5,0,0,1064,1440
PolypGen,/home/samsul/Documents/Polyp Detection/Polyp-Gen:/seq5/images/233.jpg,/home/samsul/Documents/Polyp Detection/Polyp-Gen:/seq5/masks/233.jpg,pgen_seq5,1,1,1064,1440
PolypGen,/home/samsul/Documents/Polyp Detection/Polyp-Gen:/seq5/images/184.jpg,/home/samsul/Documents/Polyp Detection/Polyp-Gen:/seq5/masks/184.jpg,pgen_seq5,1,1,1064,1440
PolypGen,/home/samsul/Documents/Polyp Detection/Polyp-Gen:/seq5/images/13.jpg,/home/samsul/Documents/Polyp Detection/Polyp-Gen:/seq5/masks/13.jpg,pgen_seq5,1,1,1064,1440
PolypGen,/home/samsul/Documents/Polyp Detection/Polyp-Gen:/seq5/images/144.jpg,/home/samsul/Documents/Polyp Detection/Polyp-Gen:/seq5/masks/144.jpg,pgen_seq5,0,0,1064,1440
PolypGen,/home/samsul/Documents/Polyp Detection/Polyp-Gen:/seq5/images/53.jpg,/home/samsul/Documents/Polyp Detection/Polyp-Gen:/seq5/masks/53.jpg,pgen_seq5,1,1,1064,1440
PolypGen,/home/samsul/Documents/Polyp Detection/Polyp-Gen:/seq5/images/196.jpg,/home/samsul/Documents/Polyp Detection/Polyp-Gen:/seq5/masks/196.jpg,pgen_seq5,1,1,1064,1440
PolypGen,/home/samsul/Documents/Polyp Detection/Polyp-Gen:/seq5/images/16.jpg,/home/samsul/Documents/Polyp Detection/Polyp-Gen:/seq5/masks/16.jpg,pgen_seq5,1,1,1064,1440
PolypGen,/home/samsul/Documents/Polyp Detection/Polyp-Gen:/seq5/images/195.jpg,/home/samsul/Documents/Polyp Detection/Polyp-Gen:/seq5/masks/195.jpg,pgen_seq5,1,1,1064,1440
PolypGen,/home/samsul/Documents/Polyp Detection/Polyp-Gen:/seq5/images/42.jpg,/home/samsul/Documents/Polyp Detection/Polyp-Gen:/seq5/masks/42.jpg,pgen_seq5,1,1,1064,1440
PolypGen,/home/samsul/Documents/Polyp Detection/Polyp-Gen:/seq5/images/218.jpg,/home/samsul/Documents/Polyp Detection/Polyp-Gen:/seq5/masks/218.jpg,pgen_seq5,1,1,1064,1440
PolypGen,/home/samsul/Documents/Polyp Detection/Polyp-Gen:/seq5/images/114.jpg,/home/samsul/Documents/Polyp Detection/Polyp-Gen:/seq5/masks/114.jpg,pgen_seq5,0,0,1064,1440
PolypGen,/home/samsul/Documents/Polyp Detection/Polyp-Gen:/seq5/images/222.jpg,/home/samsul/Documents/Polyp Detection/Polyp-Gen:/seq5/masks/222.jpg,pgen_seq5,1,1,1064,1440
PolypGen,/home/samsul/Documents/Polyp Detection/Polyp-Gen:/seq5/images/38.jpg,/home/samsul/Documents/Polyp Detection/Polyp-Gen:/seq5/masks/38.jpg,pgen_seq5,1,1,1064,1440
PolypGen,/home/samsul/Documents/Polyp Detection/Polyp-Gen:/seq5/images/237.jpg,/home/samsul/Documents/Polyp Detection/Polyp-Gen:/seq5/masks/237.jpg,pgen_seq5,1,1,1064,1440
PolypGen,/home/samsul/Documents/Polyp Detection/Polyp-Gen:/seq5/images/15.jpg,/home/samsul/Documents/Polyp Detection/Polyp-Gen:/seq5/masks/15.jpg,pgen_seq5,1,1,1064,1440
PolypGen,/home/samsul/Documents/Polyp Detection/Polyp-Gen:/seq5/images/25.jpg,/home/samsul/Documents/Polyp Detection/Polyp-Gen:/seq5/masks/25.jpg,pgen_seq5,1,1,1064,1440
PolypGen,/home/samsul/Documents/Polyp Detection/Polyp-Gen:/seq5/images/152.jpg,/home/samsul/Documents/Polyp Detection/Polyp-Gen:/seq5/masks/152.jpg,pgen_seq5,2,1,1064,1440
PolypGen,/home/samsul/Documents/Polyp Detection/Polyp-Gen:/seq5/images/146.jpg,/home/samsul/Documents/Polyp Detection/Polyp-Gen:/seq5/masks/146.jpg,pgen_seq5,0,0,1064,1440
PolypGen,/home/samsul/Documents/Polyp Detection/Polyp-Gen:/seq5/images/96.jpg,/home/samsul/Documents/Polyp Detection/Polyp-Gen:/seq5/masks/96.jpg,pgen_seq5,1,1,1064,1440
PolypGen,/home/samsul/Documents/Polyp Detection/Polyp-Gen:/seq5/images/84.jpg,/home/samsul/Documents/Polyp Detection/Polyp-Gen:/seq5/masks/84.jpg,pgen_seq5,1,1,1064,1440
PolypGen,/home/samsul/Documents/Polyp Detection/Polyp-Gen:/seq5/images/212.jpg,/home/samsul/Documents/Polyp Detection/Polyp-Gen:/seq5/masks/212.jpg,pgen_seq5,1,1,1064,1440
PolypGen,/home/samsul/Documents/Polyp Detection/Polyp-Gen:/seq5/images/107.jpg,/home/samsul/Documents/Polyp Detection/Polyp-Gen:/seq5/masks/107.jpg,pgen_seq5,0,0,1064,1440
PolypGen,/home/samsul/Documents/Polyp Detection/Polyp-Gen:/seq5/images/246.jpg,/home/samsul/Documents/Polyp Detection/Polyp-Gen:/seq5/masks/246.jpg,pgen_seq5,1,1,1064,1440
PolypGen,/home/samsul/Documents/Polyp Detection/Polyp-Gen:/seq5/images/217.jpg,/home/samsul/Documents/Polyp Detection/Polyp-Gen:/seq5/masks/217.jpg,pgen_seq5,1,1,1064,1440
PolypGen,/home/samsul/Documents/Polyp Detection/Polyp-Gen:/seq5/images/134.jpg,/home/samsul/Documents/Polyp Detection/Polyp-Gen:/seq5/masks/134.jpg,pgen_seq5,0,0,1064,1440
PolypGen,/home/samsul/Documents/Polyp Detection/Polyp-Gen:/seq5/images/215.jpg,/home/samsul/Documents/Polyp Detection/Polyp-Gen:/seq5/masks/215.jpg,pgen_seq5,1,1,1064,1440
PolypGen,/home/samsul/Documents/Polyp Detection/Polyp-Gen:/seq5/images/97.jpg,/home/samsul/Documents/Polyp Detection/Polyp-Gen:/seq5/masks/97.jpg,pgen_seq5,1,1,1064,1440
PolypGen,/home/samsul/Documents/Polyp Detection/Polyp-Gen:/seq5/images/135.jpg,/home/samsul/Documents/Polyp Detection/Polyp-Gen:/seq5/masks/135.jpg,pgen_seq5,0,0,1064,1440
PolypGen,/home/samsul/Documents/Polyp Detection/Polyp-Gen:/seq5/images/102.jpg,/home/samsul/Documents/Polyp Detection/Polyp-Gen:/seq5/masks/102.jpg,pgen_seq5,1,1,1064,1440
PolypGen,/home/samsul/Documents/Polyp Detection/Polyp-Gen:/seq5/images/219.jpg,/home/samsul/Documents/Polyp Detection/Polyp-Gen:/seq5/masks/219.jpg,pgen_seq5,1,1,1064,1440
PolypGen,/home/samsul/Documents/Polyp Detection/Polyp-Gen:/seq5/images/168.jpg,/home/samsul/Documents/Polyp Detection/Polyp-Gen:/seq5/masks/168.jpg,pgen_seq5,2,1,1064,1440
PolypGen,/home/samsul/Documents/Polyp Detection/Polyp-Gen:/seq5/images/63.jpg,/home/samsul/Documents/Polyp Detection/Polyp-Gen:/seq5/masks/63.jpg,pgen_seq5,0,0,1064,1440
PolypGen,/home/samsul/Documents/Polyp Detection/Polyp-Gen:/seq5/images/228.jpg,/home/samsul/Documents/Polyp Detection/Polyp-Gen:/seq5/masks/228.jpg,pgen_seq5,1,1,1064,1440
PolypGen,/home/samsul/Documents/Polyp Detection/Polyp-Gen:/seq5/images/242.jpg,/home/samsul/Documents/Polyp Detection/Polyp-Gen:/seq5/masks/242.jpg,pgen_seq5,1,1,1064,1440
PolypGen,/home/samsul/Documents/Polyp Detection/Polyp-Gen:/seq5/images/56.jpg,/home/samsul/Documents/Polyp Detection/Polyp-Gen:/seq5/masks/56.jpg,pgen_seq5,1,1,1064,1440
PolypGen,/home/samsul/Documents/Polyp Detection/Polyp-Gen:/seq5/images/119.jpg,/home/samsul/Documents/Polyp Detection/Polyp-Gen:/seq5/masks/119.jpg,pgen_seq5,0,0,1064,1440
PolypGen,/home/samsul/Documents/Polyp Detection/Polyp-Gen:/seq5/images/201.jpg,/home/samsul/Documents/Polyp Detection/Polyp-Gen:/seq5/masks/201.jpg,pgen_seq5,1,1,1064,1440
PolypGen,/home/samsul/Documents/Polyp Detection/Polyp-Gen:/seq5/images/20.jpg,/home/samsul/Documents/Polyp Detection/Polyp-Gen:/seq5/masks/20.jpg,pgen_seq5,1,1,1064,1440
PolypGen,/home/samsul/Documents/Polyp Detection/Polyp-Gen:/seq5/images/46.jpg,/home/samsul/Documents/Polyp Detection/Polyp-Gen:/seq5/masks/46.jpg,pgen_seq5,1,1,1064,1440
PolypGen,/home/samsul/Documents/Polyp Detection/Polyp-Gen:/seq5/images/210.jpg,/home/samsul/Documents/Polyp Detection/Polyp-Gen:/seq5/masks/210.jpg,pgen_seq5,1,1,1064,1440
PolypGen,/home/samsul/Documents/Polyp Detection/Polyp-Gen:/seq5/images/122.jpg,/home/samsul/Documents/Polyp Detection/Polyp-Gen:/seq5/masks/122.jpg,pgen_seq5,0,0,1064,1440
PolypGen,/home/samsul/Documents/Polyp Detection/Polyp-Gen:/seq5/images/153.jpg,/home/samsul/Documents/Polyp Detection/Polyp-Gen:/seq5/masks/153.jpg,pgen_seq5,2,1,1064,1440
PolypGen,/home/samsul/Documents/Polyp Detection/Polyp-Gen:/seq5/images/127.jpg,/home/samsul/Documents/Polyp Detection/Polyp-Gen:/seq5/masks/127.jpg,pgen_seq5,0,0,1064,1440
PolypGen,/home/samsul/Documents/Polyp Detection/Polyp-Gen:/seq5/images/142.jpg,/home/samsul/Documents/Polyp Detection/Polyp-Gen:/seq5/masks/142.jpg,pgen_seq5,0,0,1064,1440
PolypGen,/home/samsul/Documents/Polyp Detection/Polyp-Gen:/seq5/images/202.jpg,/home/samsul/Documents/Polyp Detection/Polyp-Gen:/seq5/masks/202.jpg,pgen_seq5,1,1,1064,1440
PolypGen,/home/samsul/Documents/Polyp Detection/Polyp-Gen:/seq5/images/74.jpg,/home/samsul/Documents/Polyp Detection/Polyp-Gen:/seq5/masks/74.jpg,pgen_seq5,0,0,1064,1440
PolypGen,/home/samsul/Documents/Polyp Detection/Polyp-Gen:/seq5/images/136.jpg,/home/samsul/Documents/Polyp Detection/Polyp-Gen:/seq5/masks/136.jpg,pgen_seq5,0,0,1064,1440
PolypGen,/home/samsul/Documents/Polyp Detection/Polyp-Gen:/seq5/images/92.jpg,/home/samsul/Documents/Polyp Detection/Polyp-Gen:/seq5/masks/92.jpg,pgen_seq5,1,1,1064,1440
PolypGen,/home/samsul/Documents/Polyp Detection/Polyp-Gen:/seq5/images/185.jpg,/home/samsul/Documents/Polyp Detection/Polyp-Gen:/seq5/masks/185.jpg,pgen_seq5,1,1,1064,1440
PolypGen,/home/samsul/Documents/Polyp Detection/Polyp-Gen:/seq5/images/155.jpg,/home/samsul/Documents/Polyp Detection/Polyp-Gen:/seq5/masks/155.jpg,pgen_seq5,2,1,1064,1440
PolypGen,/home/samsul/Documents/Polyp Detection/Polyp-Gen:/seq5/images/7.jpg,/home/samsul/Documents/Polyp Detection/Polyp-Gen:/seq5/masks/7.jpg,pgen_seq5,1,1,1064,1440
PolypGen,/home/samsul/Documents/Polyp Detection/Polyp-Gen:/seq5/images/45.jpg,/home/samsul/Documents/Polyp Detection/Polyp-Gen:/seq5/masks/45.jpg,pgen_seq5,1,1,1064,1440
PolypGen,/home/samsul/Documents/Polyp Detection/Polyp-Gen:/seq5/images/128.jpg,/home/samsul/Documents/Polyp Detection/Polyp-Gen:/seq5/masks/128.jpg,pgen_seq5,1,1,1064,1440
PolypGen,/home/samsul/Documents/Polyp Detection/Polyp-Gen:/seq5/images/180.jpg,/home/samsul/Documents/Polyp Detection/Polyp-Gen:/seq5/masks/180.jpg,pgen_seq5,3,1,1064,1440
PolypGen,/home/samsul/Documents/Polyp Detection/Polyp-Gen:/seq5/images/73.jpg,/home/samsul/Documents/Polyp Detection/Polyp-Gen:/seq5/masks/73.jpg,pgen_seq5,0,0,1064,1440
PolypGen,/home/samsul/Documents/Polyp Detection/Polyp-Gen:/seq5/images/94.jpg,/home/samsul/Documents/Polyp Detection/Polyp-Gen:/seq5/masks/94.jpg,pgen_seq5,1,1,1064,1440
PolypGen,/home/samsul/Documents/Polyp Detection/Polyp-Gen:/seq5/images/132.jpg,/home/samsul/Documents/Polyp Detection/Polyp-Gen:/seq5/masks/132.jpg,pgen_seq5,0,0,1064,1440
PolypGen,/home/samsul/Documents/Polyp Detection/Polyp-Gen:/seq5/images/207.jpg,/home/samsul/Documents/Polyp Detection/Polyp-Gen:/seq5/masks/207.jpg,pgen_seq5,1,1,1064,1440
PolypGen,/home/samsul/Documents/Polyp Detection/Polyp-Gen:/seq5/images/151.jpg,/home/samsul/Documents/Polyp Detection/Polyp-Gen:/seq5/masks/151.jpg,pgen_seq5,3,1,1064,1440
PolypGen,/home/samsul/Documents/Polyp Detection/Polyp-Gen:/seq5/images/88.jpg,/home/samsul/Documents/Polyp Detection/Polyp-Gen:/seq5/masks/88.jpg,pgen_seq5,1,1,1064,1440
PolypGen,/home/samsul/Documents/Polyp Detection/Polyp-Gen:/seq5/images/65.jpg,/home/samsul/Documents/Polyp Detection/Polyp-Gen:/seq5/masks/65.jpg,pgen_seq5,0,0,1064,1440
PolypGen,/home/samsul/Documents/Polyp Detection/Polyp-Gen:/seq5/images/176.jpg,/home/samsul/Documents/Polyp Detection/Polyp-Gen:/seq5/masks/176.jpg,pgen_seq5,0,0,1064,1440
PolypGen,/home/samsul/Documents/Polyp Detection/Polyp-Gen:/seq5/images/161.jpg,/home/samsul/Documents/Polyp Detection/Polyp-Gen:/seq5/masks/161.jpg,pgen_seq5,1,1,1064,1440
PolypGen,/home/samsul/Documents/Polyp Detection/Polyp-Gen:/seq5/images/139.jpg,/home/samsul/Documents/Polyp Detection/Polyp-Gen:/seq5/masks/139.jpg,pgen_seq5,1,1,1064,1440
PolypGen,/home/samsul/Documents/Polyp Detection/Polyp-Gen:/seq5/images/77.jpg,/home/samsul/Documents/Polyp Detection/Polyp-Gen:/seq5/masks/77.jpg,pgen_seq5,1,1,1064,1440
PolypGen,/home/samsul/Documents/Polyp Detection/Polyp-Gen:/seq5/images/61.jpg,/home/samsul/Documents/Polyp Detection/Polyp-Gen:/seq5/masks/61.jpg,pgen_seq5,1,1,1064,1440
PolypGen,/home/samsul/Documents/Polyp Detection/Polyp-Gen:/seq5/images/149.jpg,/home/samsul/Documents/Polyp Detection/Polyp-Gen:/seq5/masks/149.jpg,pgen_seq5,2,1,1064,1440
PolypGen,/home/samsul/Documents/Polyp Detection/Polyp-Gen:/seq5/images/240.jpg,/home/samsul/Documents/Polyp Detection/Polyp-Gen:/seq5/masks/240.jpg,pgen_seq5,1,1,1064,1440
PolypGen,/home/samsul/Documents/Polyp Detection/Polyp-Gen:/seq5/images/224.jpg,/home/samsul/Documents/Polyp Detection/Polyp-Gen:/seq5/masks/224.jpg,pgen_seq5,1,1,1064,1440
PolypGen,/home/samsul/Documents/Polyp Detection/Polyp-Gen:/seq5/images/239.jpg,/home/samsul/Documents/Polyp Detection/Polyp-Gen:/seq5/masks/239.jpg,pgen_seq5,1,1,1064,1440
PolypGen,/home/samsul/Documents/Polyp Detection/Polyp-Gen:/seq5/images/130.jpg,/home/samsul/Documents/Polyp Detection/Polyp-Gen:/seq5/masks/130.jpg,pgen_seq5,0,0,1064,1440
PolypGen,/home/samsul/Documents/Polyp Detection/Polyp-Gen:/seq5/images/24.jpg,/home/samsul/Documents/Polyp Detection/Polyp-Gen:/seq5/masks/24.jpg,pgen_seq5,1,1,1064,1440
PolypGen,/home/samsul/Documents/Polyp Detection/Polyp-Gen:/seq5/images/203.jpg,/home/samsul/Documents/Polyp Detection/Polyp-Gen:/seq5/masks/203.jpg,pgen_seq5,1,1,1064,1440
PolypGen,/home/samsul/Documents/Polyp Detection/Polyp-Gen:/seq5/images/160.jpg,/home/samsul/Documents/Polyp Detection/Polyp-Gen:/seq5/masks/160.jpg,pgen_seq5,2,1,1064,1440
PolypGen,/home/samsul/Documents/Polyp Detection/Polyp-Gen:/seq5/images/243.jpg,/home/samsul/Documents/Polyp Detection/Polyp-Gen:/seq5/masks/243.jpg,pgen_seq5,1,1,1064,1440
PolypGen,/home/samsul/Documents/Polyp Detection/Polyp-Gen:/seq5/images/30.jpg,/home/samsul/Documents/Polyp Detection/Polyp-Gen:/seq5/masks/30.jpg,pgen_seq5,1,1,1064,1440
PolypGen,/home/samsul/Documents/Polyp Detection/Polyp-Gen:/seq5/images/187.jpg,/home/samsul/Documents/Polyp Detection/Polyp-Gen:/seq5/masks/187.jpg,pgen_seq5,1,1,1064,1440
PolypGen,/home/samsul/Documents/Polyp Detection/Polyp-Gen:/seq5/images/231.jpg,/home/samsul/Documents/Polyp Detection/Polyp-Gen:/seq5/masks/231.jpg,pgen_seq5,1,1,1064,1440
PolypGen,/home/samsul/Documents/Polyp Detection/Polyp-Gen:/seq5/images/181.jpg,/home/samsul/Documents/Polyp Detection/Polyp-Gen:/seq5/masks/181.jpg,pgen_seq5,1,1,1064,1440
PolypGen,/home/samsul/Documents/Polyp Detection/Polyp-Gen:/seq5/images/138.jpg,/home/samsul/Documents/Polyp Detection/Polyp-Gen:/seq5/masks/138.jpg,pgen_seq5,0,0,1064,1440
PolypGen,/home/samsul/Documents/Polyp Detection/Polyp-Gen:/seq5/images/2.jpg,/home/samsul/Documents/Polyp Detection/Polyp-Gen:/seq5/masks/2.jpg,pgen_seq5,1,1,1064,1440
PolypGen,/home/samsul/Documents/Polyp Detection/Polyp-Gen:/seq5/images/59.jpg,/home/samsul/Documents/Polyp Detection/Polyp-Gen:/seq5/masks/59.jpg,pgen_seq5,1,1,1064,1440
PolypGen,/home/samsul/Documents/Polyp Detection/Polyp-Gen:/seq5/images/214.jpg,/home/samsul/Documents/Polyp Detection/Polyp-Gen:/seq5/masks/214.jpg,pgen_seq5,1,1,1064,1440
PolypGen,/home/samsul/Documents/Polyp Detection/Polyp-Gen:/seq5/images/230.jpg,/home/samsul/Documents/Polyp Detection/Polyp-Gen:/seq5/masks/230.jpg,pgen_seq5,1,1,1064,1440
PolypGen,/home/samsul/Documents/Polyp Detection/Polyp-Gen:/seq5/images/137.jpg,/home/samsul/Documents/Polyp Detection/Polyp-Gen:/seq5/masks/137.jpg,pgen_seq5,0,0,1064,1440
PolypGen,/home/samsul/Documents/Polyp Detection/Polyp-Gen:/seq6/images/75.jpg,/home/samsul/Documents/Polyp Detection/Polyp-Gen:/seq6/masks/75.jpg,pgen_seq6,1,1,1080,1380
PolypGen,/home/samsul/Documents/Polyp Detection/Polyp-Gen:/seq6/images/71.jpg,/home/samsul/Documents/Polyp Detection/Polyp-Gen:/seq6/masks/71.jpg,pgen_seq6,1,1,1080,1380
PolypGen,/home/samsul/Documents/Polyp Detection/Polyp-Gen:/seq6/images/76.jpg,/home/samsul/Documents/Polyp Detection/Polyp-Gen:/seq6/masks/76.jpg,pgen_seq6,1,1,1080,1380
PolypGen,/home/samsul/Documents/Polyp Detection/Polyp-Gen:/seq6/images/18.jpg,/home/samsul/Documents/Polyp Detection/Polyp-Gen:/seq6/masks/18.jpg,pgen_seq6,0,0,1080,1380
PolypGen,/home/samsul/Documents/Polyp Detection/Polyp-Gen:/seq6/images/3.jpg,/home/samsul/Documents/Polyp Detection/Polyp-Gen:/seq6/masks/3.jpg,pgen_seq6,0,0,1080,1380
PolypGen,/home/samsul/Documents/Polyp Detection/Polyp-Gen:/seq6/images/49.jpg,/home/samsul/Documents/Polyp Detection/Polyp-Gen:/seq6/masks/49.jpg,pgen_seq6,1,1,1080,1380
PolypGen,/home/samsul/Documents/Polyp Detection/Polyp-Gen:/seq6/images/40.jpg,/home/samsul/Documents/Polyp Detection/Polyp-Gen:/seq6/masks/40.jpg,pgen_seq6,1,1,1080,1380
PolypGen,/home/samsul/Documents/Polyp Detection/Polyp-Gen:/seq6/images/68.jpg,/home/samsul/Documents/Polyp Detection/Polyp-Gen:/seq6/masks/68.jpg,pgen_seq6,1,1,1080,1380
PolypGen,/home/samsul/Documents/Polyp Detection/Polyp-Gen:/seq6/images/57.jpg,/home/samsul/Documents/Polyp Detection/Polyp-Gen:/seq6/masks/57.jpg,pgen_seq6,1,1,1080,1380
PolypGen,/home/samsul/Documents/Polyp Detection/Polyp-Gen:/seq6/images/81.jpg,/home/samsul/Documents/Polyp Detection/Polyp-Gen:/seq6/masks/81.jpg,pgen_seq6,1,1,1080,1380
PolypGen,/home/samsul/Documents/Polyp Detection/Polyp-Gen:/seq6/images/11.jpg,/home/samsul/Documents/Polyp Detection/Polyp-Gen:/seq6/masks/11.jpg,pgen_seq6,0,0,1080,1380
PolypGen,/home/samsul/Documents/Polyp Detection/Polyp-Gen:/seq6/images/29.jpg,/home/samsul/Documents/Polyp Detection/Polyp-Gen:/seq6/masks/29.jpg,pgen_seq6,1,1,1080,1380
PolypGen,/home/samsul/Documents/Polyp Detection/Polyp-Gen:/seq6/images/85.jpg,/home/samsul/Documents/Polyp Detection/Polyp-Gen:/seq6/masks/85.jpg,pgen_seq6,1,1,1080,1380
PolypGen,/home/samsul/Documents/Polyp Detection/Polyp-Gen:/seq6/images/54.jpg,/home/samsul/Documents/Polyp Detection/Polyp-Gen:/seq6/masks/54.jpg,pgen_seq6,1,1,1080,1380
PolypGen,/home/samsul/Documents/Polyp Detection/Polyp-Gen:/seq6/images/51.jpg,/home/samsul/Documents/Polyp Detection/Polyp-Gen:/seq6/masks/51.jpg,pgen_seq6,1,1,1080,1380
PolypGen,/home/samsul/Documents/Polyp Detection/Polyp-Gen:/seq6/images/6.jpg,/home/samsul/Documents/Polyp Detection/Polyp-Gen:/seq6/masks/6.jpg,pgen_seq6,0,0,1080,1380
PolypGen,/home/samsul/Documents/Polyp Detection/Polyp-Gen:/seq6/images/58.jpg,/home/samsul/Documents/Polyp Detection/Polyp-Gen:/seq6/masks/58.jpg,pgen_seq6,1,1,1080,1380
PolypGen,/home/samsul/Documents/Polyp Detection/Polyp-Gen:/seq6/images/66.jpg,/home/samsul/Documents/Polyp Detection/Polyp-Gen:/seq6/masks/66.jpg,pgen_seq6,1,1,1080,1380
PolypGen,/home/samsul/Documents/Polyp Detection/Polyp-Gen:/seq6/images/10.jpg,/home/samsul/Documents/Polyp Detection/Polyp-Gen:/seq6/masks/10.jpg,pgen_seq6,0,0,1080,1380
PolypGen,/home/samsul/Documents/Polyp Detection/Polyp-Gen:/seq6/images/34.jpg,/home/samsul/Documents/Polyp Detection/Polyp-Gen:/seq6/masks/34.jpg,pgen_seq6,1,1,1080,1380
PolypGen,/home/samsul/Documents/Polyp Detection/Polyp-Gen:/seq6/images/37.jpg,/home/samsul/Documents/Polyp Detection/Polyp-Gen:/seq6/masks/37.jpg,pgen_seq6,1,1,1080,1380
PolypGen,/home/samsul/Documents/Polyp Detection/Polyp-Gen:/seq6/images/67.jpg,/home/samsul/Documents/Polyp Detection/Polyp-Gen:/seq6/masks/67.jpg,pgen_seq6,1,1,1080,1380
PolypGen,/home/samsul/Documents/Polyp Detection/Polyp-Gen:/seq6/images/27.jpg,/home/samsul/Documents/Polyp Detection/Polyp-Gen:/seq6/masks/27.jpg,pgen_seq6,1,1,1080,1380
PolypGen,/home/samsul/Documents/Polyp Detection/Polyp-Gen:/seq6/images/82.jpg,/home/samsul/Documents/Polyp Detection/Polyp-Gen:/seq6/masks/82.jpg,pgen_seq6,1,1,1080,1380
PolypGen,/home/samsul/Documents/Polyp Detection/Polyp-Gen:/seq6/images/78.jpg,/home/samsul/Documents/Polyp Detection/Polyp-Gen:/seq6/masks/78.jpg,pgen_seq6,1,1,1080,1380
PolypGen,/home/samsul/Documents/Polyp Detection/Polyp-Gen:/seq6/images/62.jpg,/home/samsul/Documents/Polyp Detection/Polyp-Gen:/seq6/masks/62.jpg,pgen_seq6,1,1,1080,1380
PolypGen,/home/samsul/Documents/Polyp Detection/Polyp-Gen:/seq6/images/39.jpg,/home/samsul/Documents/Polyp Detection/Polyp-Gen:/seq6/masks/39.jpg,pgen_seq6,1,1,1080,1380
PolypGen,/home/samsul/Documents/Polyp Detection/Polyp-Gen:/seq6/images/89.jpg,/home/samsul/Documents/Polyp Detection/Polyp-Gen:/seq6/masks/89.jpg,pgen_seq6,0,0,1080,1380
PolypGen,/home/samsul/Documents/Polyp Detection/Polyp-Gen:/seq6/images/86.jpg,/home/samsul/Documents/Polyp Detection/Polyp-Gen:/seq6/masks/86.jpg,pgen_seq6,0,0,1080,1380
PolypGen,/home/samsul/Documents/Polyp Detection/Polyp-Gen:/seq6/images/31.jpg,/home/samsul/Documents/Polyp Detection/Polyp-Gen:/seq6/masks/31.jpg,pgen_seq6,1,1,1080,1380
PolypGen,/home/samsul/Documents/Polyp Detection/Polyp-Gen:/seq6/images/8.jpg,/home/samsul/Documents/Polyp Detection/Polyp-Gen:/seq6/masks/8.jpg,pgen_seq6,0,0,1080,1380
PolypGen,/home/samsul/Documents/Polyp Detection/Polyp-Gen:/seq6/images/41.jpg,/home/samsul/Documents/Polyp Detection/Polyp-Gen:/seq6/masks/41.jpg,pgen_seq6,1,1,1080,1380
PolypGen,/home/samsul/Documents/Polyp Detection/Polyp-Gen:/seq6/images/83.jpg,/home/samsul/Documents/Polyp Detection/Polyp-Gen:/seq6/masks/83.jpg,pgen_seq6,1,1,1080,1380
PolypGen,/home/samsul/Documents/Polyp Detection/Polyp-Gen:/seq6/images/79.jpg,/home/samsul/Documents/Polyp Detection/Polyp-Gen:/seq6/masks/79.jpg,pgen_seq6,1,1,1080,1380
PolypGen,/home/samsul/Documents/Polyp Detection/Polyp-Gen:/seq6/images/50.jpg,/home/samsul/Documents/Polyp Detection/Polyp-Gen:/seq6/masks/50.jpg,pgen_seq6,1,1,1080,1380
PolypGen,/home/samsul/Documents/Polyp Detection/Polyp-Gen:/seq6/images/1.jpg,/home/samsul/Documents/Polyp Detection/Polyp-Gen:/seq6/masks/1.jpg,pgen_seq6,0,0,1080,1380
PolypGen,/home/samsul/Documents/Polyp Detection/Polyp-Gen:/seq6/images/52.jpg,/home/samsul/Documents/Polyp Detection/Polyp-Gen:/seq6/masks/52.jpg,pgen_seq6,1,1,1080,1380
PolypGen,/home/samsul/Documents/Polyp Detection/Polyp-Gen:/seq6/images/19.jpg,/home/samsul/Documents/Polyp Detection/Polyp-Gen:/seq6/masks/19.jpg,pgen_seq6,0,0,1080,1380
PolypGen,/home/samsul/Documents/Polyp Detection/Polyp-Gen:/seq6/images/60.jpg,/home/samsul/Documents/Polyp Detection/Polyp-Gen:/seq6/masks/60.jpg,pgen_seq6,1,1,1080,1380
PolypGen,/home/samsul/Documents/Polyp Detection/Polyp-Gen:/seq6/images/69.jpg,/home/samsul/Documents/Polyp Detection/Polyp-Gen:/seq6/masks/69.jpg,pgen_seq6,1,1,1080,1380
PolypGen,/home/samsul/Documents/Polyp Detection/Polyp-Gen:/seq6/images/14.jpg,/home/samsul/Documents/Polyp Detection/Polyp-Gen:/seq6/masks/14.jpg,pgen_seq6,0,0,1080,1380
PolypGen,/home/samsul/Documents/Polyp Detection/Polyp-Gen:/seq6/images/70.jpg,/home/samsul/Documents/Polyp Detection/Polyp-Gen:/seq6/masks/70.jpg,pgen_seq6,1,1,1080,1380
PolypGen,/home/samsul/Documents/Polyp Detection/Polyp-Gen:/seq6/images/23.jpg,/home/samsul/Documents/Polyp Detection/Polyp-Gen:/seq6/masks/23.jpg,pgen_seq6,0,0,1080,1380
PolypGen,/home/samsul/Documents/Polyp Detection/Polyp-Gen:/seq6/images/64.jpg,/home/samsul/Documents/Polyp Detection/Polyp-Gen:/seq6/masks/64.jpg,pgen_seq6,1,1,1080,1380
PolypGen,/home/samsul/Documents/Polyp Detection/Polyp-Gen:/seq6/images/28.jpg,/home/samsul/Documents/Polyp Detection/Polyp-Gen:/seq6/masks/28.jpg,pgen_seq6,1,1,1080,1380
PolypGen,/home/samsul/Documents/Polyp Detection/Polyp-Gen:/seq6/images/17.jpg,/home/samsul/Documents/Polyp Detection/Polyp-Gen:/seq6/masks/17.jpg,pgen_seq6,0,0,1080,1380
PolypGen,/home/samsul/Documents/Polyp Detection/Polyp-Gen:/seq6/images/36.jpg,/home/samsul/Documents/Polyp Detection/Polyp-Gen:/seq6/masks/36.jpg,pgen_seq6,1,1,1080,1380
PolypGen,/home/samsul/Documents/Polyp Detection/Polyp-Gen:/seq6/images/87.jpg,/home/samsul/Documents/Polyp Detection/Polyp-Gen:/seq6/masks/87.jpg,pgen_seq6,0,0,1080,1380
PolypGen,/home/samsul/Documents/Polyp Detection/Polyp-Gen:/seq6/images/4.jpg,/home/samsul/Documents/Polyp Detection/Polyp-Gen:/seq6/masks/4.jpg,pgen_seq6,0,0,1080,1380
PolypGen,/home/samsul/Documents/Polyp Detection/Polyp-Gen:/seq6/images/5.jpg,/home/samsul/Documents/Polyp Detection/Polyp-Gen:/seq6/masks/5.jpg,pgen_seq6,0,0,1080,1380
PolypGen,/home/samsul/Documents/Polyp Detection/Polyp-Gen:/seq6/images/21.jpg,/home/samsul/Documents/Polyp Detection/Polyp-Gen:/seq6/masks/21.jpg,pgen_seq6,0,0,1080,1380
PolypGen,/home/samsul/Documents/Polyp Detection/Polyp-Gen:/seq6/images/72.jpg,/home/samsul/Documents/Polyp Detection/Polyp-Gen:/seq6/masks/72.jpg,pgen_seq6,1,1,1080,1380
PolypGen,/home/samsul/Documents/Polyp Detection/Polyp-Gen:/seq6/images/0.jpg,/home/samsul/Documents/Polyp Detection/Polyp-Gen:/seq6/masks/0.jpg,pgen_seq6,0,0,1080,1380
PolypGen,/home/samsul/Documents/Polyp Detection/Polyp-Gen:/seq6/images/26.jpg,/home/samsul/Documents/Polyp Detection/Polyp-Gen:/seq6/masks/26.jpg,pgen_seq6,1,1,1080,1380
PolypGen,/home/samsul/Documents/Polyp Detection/Polyp-Gen:/seq6/images/12.jpg,/home/samsul/Documents/Polyp Detection/Polyp-Gen:/seq6/masks/12.jpg,pgen_seq6,0,0,1080,1380
PolypGen,/home/samsul/Documents/Polyp Detection/Polyp-Gen:/seq6/images/22.jpg,/home/samsul/Documents/Polyp Detection/Polyp-Gen:/seq6/masks/22.jpg,pgen_seq6,0,0,1080,1380
PolypGen,/home/samsul/Documents/Polyp Detection/Polyp-Gen:/seq6/images/32.jpg,/home/samsul/Documents/Polyp Detection/Polyp-Gen:/seq6/masks/32.jpg,pgen_seq6,1,1,1080,1380
PolypGen,/home/samsul/Documents/Polyp Detection/Polyp-Gen:/seq6/images/9.jpg,/home/samsul/Documents/Polyp Detection/Polyp-Gen:/seq6/masks/9.jpg,pgen_seq6,0,0,1080,1380
PolypGen,/home/samsul/Documents/Polyp Detection/Polyp-Gen:/seq6/images/44.jpg,/home/samsul/Documents/Polyp Detection/Polyp-Gen:/seq6/masks/44.jpg,pgen_seq6,1,1,1080,1380
PolypGen,/home/samsul/Documents/Polyp Detection/Polyp-Gen:/seq6/images/80.jpg,/home/samsul/Documents/Polyp Detection/Polyp-Gen:/seq6/masks/80.jpg,pgen_seq6,1,1,1080,1380
PolypGen,/home/samsul/Documents/Polyp Detection/Polyp-Gen:/seq6/images/35.jpg,/home/samsul/Documents/Polyp Detection/Polyp-Gen:/seq6/masks/35.jpg,pgen_seq6,1,1,1080,1380
PolypGen,/home/samsul/Documents/Polyp Detection/Polyp-Gen:/seq6/images/48.jpg,/home/samsul/Documents/Polyp Detection/Polyp-Gen:/seq6/masks/48.jpg,pgen_seq6,1,1,1080,1380
PolypGen,/home/samsul/Documents/Polyp Detection/Polyp-Gen:/seq6/images/33.jpg,/home/samsul/Documents/Polyp Detection/Polyp-Gen:/seq6/masks/33.jpg,pgen_seq6,1,1,1080,1380
PolypGen,/home/samsul/Documents/Polyp Detection/Polyp-Gen:/seq6/images/43.jpg,/home/samsul/Documents/Polyp Detection/Polyp-Gen:/seq6/masks/43.jpg,pgen_seq6,1,1,1080,1380
PolypGen,/home/samsul/Documents/Polyp Detection/Polyp-Gen:/seq6/images/90.jpg,/home/samsul/Documents/Polyp Detection/Polyp-Gen:/seq6/masks/90.jpg,pgen_seq6,0,0,1080,1380
PolypGen,/home/samsul/Documents/Polyp Detection/Polyp-Gen:/seq6/images/55.jpg,/home/samsul/Documents/Polyp Detection/Polyp-Gen:/seq6/masks/55.jpg,pgen_seq6,1,1,1080,1380
PolypGen,/home/samsul/Documents/Polyp Detection/Polyp-Gen:/seq6/images/47.jpg,/home/samsul/Documents/Polyp Detection/Polyp-Gen:/seq6/masks/47.jpg,pgen_seq6,1,1,1080,1380
PolypGen,/home/samsul/Documents/Polyp Detection/Polyp-Gen:/seq6/images/13.jpg,/home/samsul/Documents/Polyp Detection/Polyp-Gen:/seq6/masks/13.jpg,pgen_seq6,0,0,1080,1380
PolypGen,/home/samsul/Documents/Polyp Detection/Polyp-Gen:/seq6/images/53.jpg,/home/samsul/Documents/Polyp Detection/Polyp-Gen:/seq6/masks/53.jpg,pgen_seq6,1,1,1080,1380
PolypGen,/home/samsul/Documents/Polyp Detection/Polyp-Gen:/seq6/images/16.jpg,/home/samsul/Documents/Polyp Detection/Polyp-Gen:/seq6/masks/16.jpg,pgen_seq6,0,0,1080,1380
PolypGen,/home/samsul/Documents/Polyp Detection/Polyp-Gen:/seq6/images/42.jpg,/home/samsul/Documents/Polyp Detection/Polyp-Gen:/seq6/masks/42.jpg,pgen_seq6,1,1,1080,1380
PolypGen,/home/samsul/Documents/Polyp Detection/Polyp-Gen:/seq6/images/38.jpg,/home/samsul/Documents/Polyp Detection/Polyp-Gen:/seq6/masks/38.jpg,pgen_seq6,1,1,1080,1380
PolypGen,/home/samsul/Documents/Polyp Detection/Polyp-Gen:/seq6/images/15.jpg,/home/samsul/Documents/Polyp Detection/Polyp-Gen:/seq6/masks/15.jpg,pgen_seq6,0,0,1080,1380
PolypGen,/home/samsul/Documents/Polyp Detection/Polyp-Gen:/seq6/images/25.jpg,/home/samsul/Documents/Polyp Detection/Polyp-Gen:/seq6/masks/25.jpg,pgen_seq6,1,1,1080,1380
PolypGen,/home/samsul/Documents/Polyp Detection/Polyp-Gen:/seq6/images/84.jpg,/home/samsul/Documents/Polyp Detection/Polyp-Gen:/seq6/masks/84.jpg,pgen_seq6,1,1,1080,1380
PolypGen,/home/samsul/Documents/Polyp Detection/Polyp-Gen:/seq6/images/63.jpg,/home/samsul/Documents/Polyp Detection/Polyp-Gen:/seq6/masks/63.jpg,pgen_seq6,1,1,1080,1380
PolypGen,/home/samsul/Documents/Polyp Detection/Polyp-Gen:/seq6/images/56.jpg,/home/samsul/Documents/Polyp Detection/Polyp-Gen:/seq6/masks/56.jpg,pgen_seq6,1,1,1080,1380
PolypGen,/home/samsul/Documents/Polyp Detection/Polyp-Gen:/seq6/images/20.jpg,/home/samsul/Documents/Polyp Detection/Polyp-Gen:/seq6/masks/20.jpg,pgen_seq6,0,0,1080,1380
PolypGen,/home/samsul/Documents/Polyp Detection/Polyp-Gen:/seq6/images/46.jpg,/home/samsul/Documents/Polyp Detection/Polyp-Gen:/seq6/masks/46.jpg,pgen_seq6,1,1,1080,1380
PolypGen,/home/samsul/Documents/Polyp Detection/Polyp-Gen:/seq6/images/74.jpg,/home/samsul/Documents/Polyp Detection/Polyp-Gen:/seq6/masks/74.jpg,pgen_seq6,1,1,1080,1380
PolypGen,/home/samsul/Documents/Polyp Detection/Polyp-Gen:/seq6/images/7.jpg,/home/samsul/Documents/Polyp Detection/Polyp-Gen:/seq6/masks/7.jpg,pgen_seq6,0,0,1080,1380
PolypGen,/home/samsul/Documents/Polyp Detection/Polyp-Gen:/seq6/images/45.jpg,/home/samsul/Documents/Polyp Detection/Polyp-Gen:/seq6/masks/45.jpg,pgen_seq6,1,1,1080,1380
PolypGen,/home/samsul/Documents/Polyp Detection/Polyp-Gen:/seq6/images/73.jpg,/home/samsul/Documents/Polyp Detection/Polyp-Gen:/seq6/masks/73.jpg,pgen_seq6,1,1,1080,1380
PolypGen,/home/samsul/Documents/Polyp Detection/Polyp-Gen:/seq6/images/88.jpg,/home/samsul/Documents/Polyp Detection/Polyp-Gen:/seq6/masks/88.jpg,pgen_seq6,0,0,1080,1380
PolypGen,/home/samsul/Documents/Polyp Detection/Polyp-Gen:/seq6/images/65.jpg,/home/samsul/Documents/Polyp Detection/Polyp-Gen:/seq6/masks/65.jpg,pgen_seq6,1,1,1080,1380
PolypGen,/home/samsul/Documents/Polyp Detection/Polyp-Gen:/seq6/images/77.jpg,/home/samsul/Documents/Polyp Detection/Polyp-Gen:/seq6/masks/77.jpg,pgen_seq6,1,1,1080,1380
PolypGen,/home/samsul/Documents/Polyp Detection/Polyp-Gen:/seq6/images/61.jpg,/home/samsul/Documents/Polyp Detection/Polyp-Gen:/seq6/masks/61.jpg,pgen_seq6,1,1,1080,1380
PolypGen,/home/samsul/Documents/Polyp Detection/Polyp-Gen:/seq6/images/24.jpg,/home/samsul/Documents/Polyp Detection/Polyp-Gen:/seq6/masks/24.jpg,pgen_seq6,1,1,1080,1380
PolypGen,/home/samsul/Documents/Polyp Detection/Polyp-Gen:/seq6/images/30.jpg,/home/samsul/Documents/Polyp Detection/Polyp-Gen:/seq6/masks/30.jpg,pgen_seq6,1,1,1080,1380
PolypGen,/home/samsul/Documents/Polyp Detection/Polyp-Gen:/seq6/images/2.jpg,/home/samsul/Documents/Polyp Detection/Polyp-Gen:/seq6/masks/2.jpg,pgen_seq6,0,0,1080,1380
PolypGen,/home/samsul/Documents/Polyp Detection/Polyp-Gen:/seq6/images/59.jpg,/home/samsul/Documents/Polyp Detection/Polyp-Gen:/seq6/masks/59.jpg,pgen_seq6,1,1,1080,1380
PolypGen,/home/samsul/Documents/Polyp Detection/Polyp-Gen:/seq7/images/18.jpg,/home/samsul/Documents/Polyp Detection/Polyp-Gen:/seq7/masks/18.jpg,pgen_seq7,0,0,1080,1380
PolypGen,/home/samsul/Documents/Polyp Detection/Polyp-Gen:/seq7/images/3.jpg,/home/samsul/Documents/Polyp Detection/Polyp-Gen:/seq7/masks/3.jpg,pgen_seq7,0,0,1080,1380
PolypGen,/home/samsul/Documents/Polyp Detection/Polyp-Gen:/seq7/images/40.jpg,/home/samsul/Documents/Polyp Detection/Polyp-Gen:/seq7/masks/40.jpg,pgen_seq7,0,0,1080,1380
PolypGen,/home/samsul/Documents/Polyp Detection/Polyp-Gen:/seq7/images/11.jpg,/home/samsul/Documents/Polyp Detection/Polyp-Gen:/seq7/masks/11.jpg,pgen_seq7,0,0,1080,1380
PolypGen,/home/samsul/Documents/Polyp Detection/Polyp-Gen:/seq7/images/29.jpg,/home/samsul/Documents/Polyp Detection/Polyp-Gen:/seq7/masks/29.jpg,pgen_seq7,0,0,1080,1380
PolypGen,/home/samsul/Documents/Polyp Detection/Polyp-Gen:/seq7/images/6.jpg,/home/samsul/Documents/Polyp Detection/Polyp-Gen:/seq7/masks/6.jpg,pgen_seq7,0,0,1080,1380
PolypGen,/home/samsul/Documents/Polyp Detection/Polyp-Gen:/seq7/images/10.jpg,/home/samsul/Documents/Polyp Detection/Polyp-Gen:/seq7/masks/10.jpg,pgen_seq7,0,0,1080,1380
PolypGen,/home/samsul/Documents/Polyp Detection/Polyp-Gen:/seq7/images/34.jpg,/home/samsul/Documents/Polyp Detection/Polyp-Gen:/seq7/masks/34.jpg,pgen_seq7,0,0,1080,1380
PolypGen,/home/samsul/Documents/Polyp Detection/Polyp-Gen:/seq7/images/37.jpg,/home/samsul/Documents/Polyp Detection/Polyp-Gen:/seq7/masks/37.jpg,pgen_seq7,0,0,1080,1380
PolypGen,/home/samsul/Documents/Polyp Detection/Polyp-Gen:/seq7/images/27.jpg,/home/samsul/Documents/Polyp Detection/Polyp-Gen:/seq7/masks/27.jpg,pgen_seq7,0,0,1080,1380
PolypGen,/home/samsul/Documents/Polyp Detection/Polyp-Gen:/seq7/images/39.jpg,/home/samsul/Documents/Polyp Detection/Polyp-Gen:/seq7/masks/39.jpg,pgen_seq7,0,0,1080,1380
PolypGen,/home/samsul/Documents/Polyp Detection/Polyp-Gen:/seq7/images/31.jpg,/home/samsul/Documents/Polyp Detection/Polyp-Gen:/seq7/masks/31.jpg,pgen_seq7,0,0,1080,1380
PolypGen,/home/samsul/Documents/Polyp Detection/Polyp-Gen:/seq7/images/8.jpg,/home/samsul/Documents/Polyp Detection/Polyp-Gen:/seq7/masks/8.jpg,pgen_seq7,0,0,1080,1380
PolypGen,/home/samsul/Documents/Polyp Detection/Polyp-Gen:/seq7/images/41.jpg,/home/samsul/Documents/Polyp Detection/Polyp-Gen:/seq7/masks/41.jpg,pgen_seq7,0,0,1080,1380
PolypGen,/home/samsul/Documents/Polyp Detection/Polyp-Gen:/seq7/images/1.jpg,/home/samsul/Documents/Polyp Detection/Polyp-Gen:/seq7/masks/1.jpg,pgen_seq7,0,0,1080,1380
PolypGen,/home/samsul/Documents/Polyp Detection/Polyp-Gen:/seq7/images/19.jpg,/home/samsul/Documents/Polyp Detection/Polyp-Gen:/seq7/masks/19.jpg,pgen_seq7,0,0,1080,1380
PolypGen,/home/samsul/Documents/Polyp Detection/Polyp-Gen:/seq7/images/14.jpg,/home/samsul/Documents/Polyp Detection/Polyp-Gen:/seq7/masks/14.jpg,pgen_seq7,0,0,1080,1380
PolypGen,/home/samsul/Documents/Polyp Detection/Polyp-Gen:/seq7/images/23.jpg,/home/samsul/Documents/Polyp Detection/Polyp-Gen:/seq7/masks/23.jpg,pgen_seq7,0,0,1080,1380
PolypGen,/home/samsul/Documents/Polyp Detection/Polyp-Gen:/seq7/images/28.jpg,/home/samsul/Documents/Polyp Detection/Polyp-Gen:/seq7/masks/28.jpg,pgen_seq7,0,0,1080,1380
PolypGen,/home/samsul/Documents/Polyp Detection/Polyp-Gen:/seq7/images/17.jpg,/home/samsul/Documents/Polyp Detection/Polyp-Gen:/seq7/masks/17.jpg,pgen_seq7,0,0,1080,1380
PolypGen,/home/samsul/Documents/Polyp Detection/Polyp-Gen:/seq7/images/36.jpg,/home/samsul/Documents/Polyp Detection/Polyp-Gen:/seq7/masks/36.jpg,pgen_seq7,0,0,1080,1380
PolypGen,/home/samsul/Documents/Polyp Detection/Polyp-Gen:/seq7/images/4.jpg,/home/samsul/Documents/Polyp Detection/Polyp-Gen:/seq7/masks/4.jpg,pgen_seq7,0,0,1080,1380
PolypGen,/home/samsul/Documents/Polyp Detection/Polyp-Gen:/seq7/images/5.jpg,/home/samsul/Documents/Polyp Detection/Polyp-Gen:/seq7/masks/5.jpg,pgen_seq7,0,0,1080,1380
PolypGen,/home/samsul/Documents/Polyp Detection/Polyp-Gen:/seq7/images/21.jpg,/home/samsul/Documents/Polyp Detection/Polyp-Gen:/seq7/masks/21.jpg,pgen_seq7,0,0,1080,1380
PolypGen,/home/samsul/Documents/Polyp Detection/Polyp-Gen:/seq7/images/0.jpg,/home/samsul/Documents/Polyp Detection/Polyp-Gen:/seq7/masks/0.jpg,pgen_seq7,0,0,1080,1380
PolypGen,/home/samsul/Documents/Polyp Detection/Polyp-Gen:/seq7/images/26.jpg,/home/samsul/Documents/Polyp Detection/Polyp-Gen:/seq7/masks/26.jpg,pgen_seq7,0,0,1080,1380
PolypGen,/home/samsul/Documents/Polyp Detection/Polyp-Gen:/seq7/images/12.jpg,/home/samsul/Documents/Polyp Detection/Polyp-Gen:/seq7/masks/12.jpg,pgen_seq7,0,0,1080,1380
PolypGen,/home/samsul/Documents/Polyp Detection/Polyp-Gen:/seq7/images/22.jpg,/home/samsul/Documents/Polyp Detection/Polyp-Gen:/seq7/masks/22.jpg,pgen_seq7,0,0,1080,1380
PolypGen,/home/samsul/Documents/Polyp Detection/Polyp-Gen:/seq7/images/32.jpg,/home/samsul/Documents/Polyp Detection/Polyp-Gen:/seq7/masks/32.jpg,pgen_seq7,0,0,1080,1380
PolypGen,/home/samsul/Documents/Polyp Detection/Polyp-Gen:/seq7/images/9.jpg,/home/samsul/Documents/Polyp Detection/Polyp-Gen:/seq7/masks/9.jpg,pgen_seq7,0,0,1080,1380
PolypGen,/home/samsul/Documents/Polyp Detection/Polyp-Gen:/seq7/images/44.jpg,/home/samsul/Documents/Polyp Detection/Polyp-Gen:/seq7/masks/44.jpg,pgen_seq7,0,0,1080,1380
PolypGen,/home/samsul/Documents/Polyp Detection/Polyp-Gen:/seq7/images/35.jpg,/home/samsul/Documents/Polyp Detection/Polyp-Gen:/seq7/masks/35.jpg,pgen_seq7,0,0,1080,1380
PolypGen,/home/samsul/Documents/Polyp Detection/Polyp-Gen:/seq7/images/33.jpg,/home/samsul/Documents/Polyp Detection/Polyp-Gen:/seq7/masks/33.jpg,pgen_seq7,0,0,1080,1380
PolypGen,/home/samsul/Documents/Polyp Detection/Polyp-Gen:/seq7/images/43.jpg,/home/samsul/Documents/Polyp Detection/Polyp-Gen:/seq7/masks/43.jpg,pgen_seq7,0,0,1080,1380
PolypGen,/home/samsul/Documents/Polyp Detection/Polyp-Gen:/seq7/images/47.jpg,/home/samsul/Documents/Polyp Detection/Polyp-Gen:/seq7/masks/47.jpg,pgen_seq7,0,0,1080,1380
PolypGen,/home/samsul/Documents/Polyp Detection/Polyp-Gen:/seq7/images/13.jpg,/home/samsul/Documents/Polyp Detection/Polyp-Gen:/seq7/masks/13.jpg,pgen_seq7,0,0,1080,1380
PolypGen,/home/samsul/Documents/Polyp Detection/Polyp-Gen:/seq7/images/16.jpg,/home/samsul/Documents/Polyp Detection/Polyp-Gen:/seq7/masks/16.jpg,pgen_seq7,0,0,1080,1380
PolypGen,/home/samsul/Documents/Polyp Detection/Polyp-Gen:/seq7/images/42.jpg,/home/samsul/Documents/Polyp Detection/Polyp-Gen:/seq7/masks/42.jpg,pgen_seq7,0,0,1080,1380
PolypGen,/home/samsul/Documents/Polyp Detection/Polyp-Gen:/seq7/images/38.jpg,/home/samsul/Documents/Polyp Detection/Polyp-Gen:/seq7/masks/38.jpg,pgen_seq7,0,0,1080,1380
PolypGen,/home/samsul/Documents/Polyp Detection/Polyp-Gen:/seq7/images/15.jpg,/home/samsul/Documents/Polyp Detection/Polyp-Gen:/seq7/masks/15.jpg,pgen_seq7,0,0,1080,1380
PolypGen,/home/samsul/Documents/Polyp Detection/Polyp-Gen:/seq7/images/25.jpg,/home/samsul/Documents/Polyp Detection/Polyp-Gen:/seq7/masks/25.jpg,pgen_seq7,0,0,1080,1380
PolypGen,/home/samsul/Documents/Polyp Detection/Polyp-Gen:/seq7/images/20.jpg,/home/samsul/Documents/Polyp Detection/Polyp-Gen:/seq7/masks/20.jpg,pgen_seq7,0,0,1080,1380
PolypGen,/home/samsul/Documents/Polyp Detection/Polyp-Gen:/seq7/images/46.jpg,/home/samsul/Documents/Polyp Detection/Polyp-Gen:/seq7/masks/46.jpg,pgen_seq7,0,0,1080,1380
PolypGen,/home/samsul/Documents/Polyp Detection/Polyp-Gen:/seq7/images/7.jpg,/home/samsul/Documents/Polyp Detection/Polyp-Gen:/seq7/masks/7.jpg,pgen_seq7,0,0,1080,1380
PolypGen,/home/samsul/Documents/Polyp Detection/Polyp-Gen:/seq7/images/45.jpg,/home/samsul/Documents/Polyp Detection/Polyp-Gen:/seq7/masks/45.jpg,pgen_seq7,0,0,1080,1380
PolypGen,/home/samsul/Documents/Polyp Detection/Polyp-Gen:/seq7/images/24.jpg,/home/samsul/Documents/Polyp Detection/Polyp-Gen:/seq7/masks/24.jpg,pgen_seq7,0,0,1080,1380
PolypGen,/home/samsul/Documents/Polyp Detection/Polyp-Gen:/seq7/images/30.jpg,/home/samsul/Documents/Polyp Detection/Polyp-Gen:/seq7/masks/30.jpg,pgen_seq7,0,0,1080,1380
PolypGen,/home/samsul/Documents/Polyp Detection/Polyp-Gen:/seq7/images/2.jpg,/home/samsul/Documents/Polyp Detection/Polyp-Gen:/seq7/masks/2.jpg,pgen_seq7,0,0,1080,1380
PolypGen,/home/samsul/Documents/Polyp Detection/Polyp-Gen:/seq8/images/71.jpg,/home/samsul/Documents/Polyp Detection/Polyp-Gen:/seq8/masks/71.jpg,pgen_seq8,1,1,1080,1380
PolypGen,/home/samsul/Documents/Polyp Detection/Polyp-Gen:/seq8/images/18.jpg,/home/samsul/Documents/Polyp Detection/Polyp-Gen:/seq8/masks/18.jpg,pgen_seq8,1,1,1080,1380
PolypGen,/home/samsul/Documents/Polyp Detection/Polyp-Gen:/seq8/images/3.jpg,/home/samsul/Documents/Polyp Detection/Polyp-Gen:/seq8/masks/3.jpg,pgen_seq8,1,1,1080,1380
PolypGen,/home/samsul/Documents/Polyp Detection/Polyp-Gen:/seq8/images/49.jpg,/home/samsul/Documents/Polyp Detection/Polyp-Gen:/seq8/masks/49.jpg,pgen_seq8,1,1,1080,1380
PolypGen,/home/samsul/Documents/Polyp Detection/Polyp-Gen:/seq8/images/40.jpg,/home/samsul/Documents/Polyp Detection/Polyp-Gen:/seq8/masks/40.jpg,pgen_seq8,1,1,1080,1380
PolypGen,/home/samsul/Documents/Polyp Detection/Polyp-Gen:/seq8/images/68.jpg,/home/samsul/Documents/Polyp Detection/Polyp-Gen:/seq8/masks/68.jpg,pgen_seq8,0,0,1080,1380
PolypGen,/home/samsul/Documents/Polyp Detection/Polyp-Gen:/seq8/images/57.jpg,/home/samsul/Documents/Polyp Detection/Polyp-Gen:/seq8/masks/57.jpg,pgen_seq8,1,1,1080,1380
PolypGen,/home/samsul/Documents/Polyp Detection/Polyp-Gen:/seq8/images/11.jpg,/home/samsul/Documents/Polyp Detection/Polyp-Gen:/seq8/masks/11.jpg,pgen_seq8,1,1,1080,1380
PolypGen,/home/samsul/Documents/Polyp Detection/Polyp-Gen:/seq8/images/29.jpg,/home/samsul/Documents/Polyp Detection/Polyp-Gen:/seq8/masks/29.jpg,pgen_seq8,0,0,1080,1380
PolypGen,/home/samsul/Documents/Polyp Detection/Polyp-Gen:/seq8/images/54.jpg,/home/samsul/Documents/Polyp Detection/Polyp-Gen:/seq8/masks/54.jpg,pgen_seq8,1,1,1080,1380
PolypGen,/home/samsul/Documents/Polyp Detection/Polyp-Gen:/seq8/images/51.jpg,/home/samsul/Documents/Polyp Detection/Polyp-Gen:/seq8/masks/51.jpg,pgen_seq8,1,1,1080,1380
PolypGen,/home/samsul/Documents/Polyp Detection/Polyp-Gen:/seq8/images/6.jpg,/home/samsul/Documents/Polyp Detection/Polyp-Gen:/seq8/masks/6.jpg,pgen_seq8,1,1,1080,1380
PolypGen,/home/samsul/Documents/Polyp Detection/Polyp-Gen:/seq8/images/58.jpg,/home/samsul/Documents/Polyp Detection/Polyp-Gen:/seq8/masks/58.jpg,pgen_seq8,1,1,1080,1380
PolypGen,/home/samsul/Documents/Polyp Detection/Polyp-Gen:/seq8/images/66.jpg,/home/samsul/Documents/Polyp Detection/Polyp-Gen:/seq8/masks/66.jpg,pgen_seq8,0,0,1080,1380
PolypGen,/home/samsul/Documents/Polyp Detection/Polyp-Gen:/seq8/images/10.jpg,/home/samsul/Documents/Polyp Detection/Polyp-Gen:/seq8/masks/10.jpg,pgen_seq8,0,0,1080,1380
PolypGen,/home/samsul/Documents/Polyp Detection/Polyp-Gen:/seq8/images/34.jpg,/home/samsul/Documents/Polyp Detection/Polyp-Gen:/seq8/masks/34.jpg,pgen_seq8,0,0,1080,1380
PolypGen,/home/samsul/Documents/Polyp Detection/Polyp-Gen:/seq8/images/37.jpg,/home/samsul/Documents/Polyp Detection/Polyp-Gen:/seq8/masks/37.jpg,pgen_seq8,0,0,1080,1380
PolypGen,/home/samsul/Documents/Polyp Detection/Polyp-Gen:/seq8/images/67.jpg,/home/samsul/Documents/Polyp Detection/Polyp-Gen:/seq8/masks/67.jpg,pgen_seq8,0,0,1080,1380
PolypGen,/home/samsul/Documents/Polyp Detection/Polyp-Gen:/seq8/images/27.jpg,/home/samsul/Documents/Polyp Detection/Polyp-Gen:/seq8/masks/27.jpg,pgen_seq8,1,1,1080,1380
PolypGen,/home/samsul/Documents/Polyp Detection/Polyp-Gen:/seq8/images/62.jpg,/home/samsul/Documents/Polyp Detection/Polyp-Gen:/seq8/masks/62.jpg,pgen_seq8,1,1,1080,1380
PolypGen,/home/samsul/Documents/Polyp Detection/Polyp-Gen:/seq8/images/39.jpg,/home/samsul/Documents/Polyp Detection/Polyp-Gen:/seq8/masks/39.jpg,pgen_seq8,1,1,1080,1380
PolypGen,/home/samsul/Documents/Polyp Detection/Polyp-Gen:/seq8/images/31.jpg,/home/samsul/Documents/Polyp Detection/Polyp-Gen:/seq8/masks/31.jpg,pgen_seq8,0,0,1080,1380
PolypGen,/home/samsul/Documents/Polyp Detection/Polyp-Gen:/seq8/images/8.jpg,/home/samsul/Documents/Polyp Detection/Polyp-Gen:/seq8/masks/8.jpg,pgen_seq8,1,1,1080,1380
PolypGen,/home/samsul/Documents/Polyp Detection/Polyp-Gen:/seq8/images/41.jpg,/home/samsul/Documents/Polyp Detection/Polyp-Gen:/seq8/masks/41.jpg,pgen_seq8,1,1,1080,1380
PolypGen,/home/samsul/Documents/Polyp Detection/Polyp-Gen:/seq8/images/50.jpg,/home/samsul/Documents/Polyp Detection/Polyp-Gen:/seq8/masks/50.jpg,pgen_seq8,1,1,1080,1380
PolypGen,/home/samsul/Documents/Polyp Detection/Polyp-Gen:/seq8/images/1.jpg,/home/samsul/Documents/Polyp Detection/Polyp-Gen:/seq8/masks/1.jpg,pgen_seq8,1,1,1080,1380
PolypGen,/home/samsul/Documents/Polyp Detection/Polyp-Gen:/seq8/images/52.jpg,/home/samsul/Documents/Polyp Detection/Polyp-Gen:/seq8/masks/52.jpg,pgen_seq8,1,1,1080,1380
PolypGen,/home/samsul/Documents/Polyp Detection/Polyp-Gen:/seq8/images/19.jpg,/home/samsul/Documents/Polyp Detection/Polyp-Gen:/seq8/masks/19.jpg,pgen_seq8,1,1,1080,1380
PolypGen,/home/samsul/Documents/Polyp Detection/Polyp-Gen:/seq8/images/60.jpg,/home/samsul/Documents/Polyp Detection/Polyp-Gen:/seq8/masks/60.jpg,pgen_seq8,1,1,1080,1380
PolypGen,/home/samsul/Documents/Polyp Detection/Polyp-Gen:/seq8/images/69.jpg,/home/samsul/Documents/Polyp Detection/Polyp-Gen:/seq8/masks/69.jpg,pgen_seq8,1,1,1080,1380
PolypGen,/home/samsul/Documents/Polyp Detection/Polyp-Gen:/seq8/images/14.jpg,/home/samsul/Documents/Polyp Detection/Polyp-Gen:/seq8/masks/14.jpg,pgen_seq8,1,1,1080,1380
PolypGen,/home/samsul/Documents/Polyp Detection/Polyp-Gen:/seq8/images/70.jpg,/home/samsul/Documents/Polyp Detection/Polyp-Gen:/seq8/masks/70.jpg,pgen_seq8,1,1,1080,1380
PolypGen,/home/samsul/Documents/Polyp Detection/Polyp-Gen:/seq8/images/23.jpg,/home/samsul/Documents/Polyp Detection/Polyp-Gen:/seq8/masks/23.jpg,pgen_seq8,1,1,1080,1380
PolypGen,/home/samsul/Documents/Polyp Detection/Polyp-Gen:/seq8/images/64.jpg,/home/samsul/Documents/Polyp Detection/Polyp-Gen:/seq8/masks/64.jpg,pgen_seq8,0,0,1080,1380
PolypGen,/home/samsul/Documents/Polyp Detection/Polyp-Gen:/seq8/images/28.jpg,/home/samsul/Documents/Polyp Detection/Polyp-Gen:/seq8/masks/28.jpg,pgen_seq8,1,1,1080,1380
PolypGen,/home/samsul/Documents/Polyp Detection/Polyp-Gen:/seq8/images/17.jpg,/home/samsul/Documents/Polyp Detection/Polyp-Gen:/seq8/masks/17.jpg,pgen_seq8,0,0,1080,1380
PolypGen,/home/samsul/Documents/Polyp Detection/Polyp-Gen:/seq8/images/36.jpg,/home/samsul/Documents/Polyp Detection/Polyp-Gen:/seq8/masks/36.jpg,pgen_seq8,0,0,1080,1380
PolypGen,/home/samsul/Documents/Polyp Detection/Polyp-Gen:/seq8/images/4.jpg,/home/samsul/Documents/Polyp Detection/Polyp-Gen:/seq8/masks/4.jpg,pgen_seq8,1,1,1080,1380
PolypGen,/home/samsul/Documents/Polyp Detection/Polyp-Gen:/seq8/images/5.jpg,/home/samsul/Documents/Polyp Detection/Polyp-Gen:/seq8/masks/5.jpg,pgen_seq8,1,1,1080,1380
PolypGen,/home/samsul/Documents/Polyp Detection/Polyp-Gen:/seq8/images/21.jpg,/home/samsul/Documents/Polyp Detection/Polyp-Gen:/seq8/masks/21.jpg,pgen_seq8,1,1,1080,1380
PolypGen,/home/samsul/Documents/Polyp Detection/Polyp-Gen:/seq8/images/72.jpg,/home/samsul/Documents/Polyp Detection/Polyp-Gen:/seq8/masks/72.jpg,pgen_seq8,1,1,1080,1380
PolypGen,/home/samsul/Documents/Polyp Detection/Polyp-Gen:/seq8/images/0.jpg,/home/samsul/Documents/Polyp Detection/Polyp-Gen:/seq8/masks/0.jpg,pgen_seq8,1,1,1080,1380
PolypGen,/home/samsul/Documents/Polyp Detection/Polyp-Gen:/seq8/images/26.jpg,/home/samsul/Documents/Polyp Detection/Polyp-Gen:/seq8/masks/26.jpg,pgen_seq8,1,1,1080,1380
PolypGen,/home/samsul/Documents/Polyp Detection/Polyp-Gen:/seq8/images/12.jpg,/home/samsul/Documents/Polyp Detection/Polyp-Gen:/seq8/masks/12.jpg,pgen_seq8,1,1,1080,1380
PolypGen,/home/samsul/Documents/Polyp Detection/Polyp-Gen:/seq8/images/22.jpg,/home/samsul/Documents/Polyp Detection/Polyp-Gen:/seq8/masks/22.jpg,pgen_seq8,1,1,1080,1380
PolypGen,/home/samsul/Documents/Polyp Detection/Polyp-Gen:/seq8/images/32.jpg,/home/samsul/Documents/Polyp Detection/Polyp-Gen:/seq8/masks/32.jpg,pgen_seq8,0,0,1080,1380
PolypGen,/home/samsul/Documents/Polyp Detection/Polyp-Gen:/seq8/images/9.jpg,/home/samsul/Documents/Polyp Detection/Polyp-Gen:/seq8/masks/9.jpg,pgen_seq8,0,0,1080,1380
PolypGen,/home/samsul/Documents/Polyp Detection/Polyp-Gen:/seq8/images/44.jpg,/home/samsul/Documents/Polyp Detection/Polyp-Gen:/seq8/masks/44.jpg,pgen_seq8,1,1,1080,1380
PolypGen,/home/samsul/Documents/Polyp Detection/Polyp-Gen:/seq8/images/35.jpg,/home/samsul/Documents/Polyp Detection/Polyp-Gen:/seq8/masks/35.jpg,pgen_seq8,0,0,1080,1380
PolypGen,/home/samsul/Documents/Polyp Detection/Polyp-Gen:/seq8/images/48.jpg,/home/samsul/Documents/Polyp Detection/Polyp-Gen:/seq8/masks/48.jpg,pgen_seq8,1,1,1080,1380
PolypGen,/home/samsul/Documents/Polyp Detection/Polyp-Gen:/seq8/images/33.jpg,/home/samsul/Documents/Polyp Detection/Polyp-Gen:/seq8/masks/33.jpg,pgen_seq8,0,0,1080,1380
PolypGen,/home/samsul/Documents/Polyp Detection/Polyp-Gen:/seq8/images/43.jpg,/home/samsul/Documents/Polyp Detection/Polyp-Gen:/seq8/masks/43.jpg,pgen_seq8,1,1,1080,1380
PolypGen,/home/samsul/Documents/Polyp Detection/Polyp-Gen:/seq8/images/55.jpg,/home/samsul/Documents/Polyp Detection/Polyp-Gen:/seq8/masks/55.jpg,pgen_seq8,1,1,1080,1380
PolypGen,/home/samsul/Documents/Polyp Detection/Polyp-Gen:/seq8/images/47.jpg,/home/samsul/Documents/Polyp Detection/Polyp-Gen:/seq8/masks/47.jpg,pgen_seq8,1,1,1080,1380
PolypGen,/home/samsul/Documents/Polyp Detection/Polyp-Gen:/seq8/images/13.jpg,/home/samsul/Documents/Polyp Detection/Polyp-Gen:/seq8/masks/13.jpg,pgen_seq8,1,1,1080,1380
PolypGen,/home/samsul/Documents/Polyp Detection/Polyp-Gen:/seq8/images/53.jpg,/home/samsul/Documents/Polyp Detection/Polyp-Gen:/seq8/masks/53.jpg,pgen_seq8,1,1,1080,1380
PolypGen,/home/samsul/Documents/Polyp Detection/Polyp-Gen:/seq8/images/16.jpg,/home/samsul/Documents/Polyp Detection/Polyp-Gen:/seq8/masks/16.jpg,pgen_seq8,0,0,1080,1380
PolypGen,/home/samsul/Documents/Polyp Detection/Polyp-Gen:/seq8/images/42.jpg,/home/samsul/Documents/Polyp Detection/Polyp-Gen:/seq8/masks/42.jpg,pgen_seq8,1,1,1080,1380
PolypGen,/home/samsul/Documents/Polyp Detection/Polyp-Gen:/seq8/images/38.jpg,/home/samsul/Documents/Polyp Detection/Polyp-Gen:/seq8/masks/38.jpg,pgen_seq8,1,1,1080,1380
PolypGen,/home/samsul/Documents/Polyp Detection/Polyp-Gen:/seq8/images/15.jpg,/home/samsul/Documents/Polyp Detection/Polyp-Gen:/seq8/masks/15.jpg,pgen_seq8,0,0,1080,1380
PolypGen,/home/samsul/Documents/Polyp Detection/Polyp-Gen:/seq8/images/25.jpg,/home/samsul/Documents/Polyp Detection/Polyp-Gen:/seq8/masks/25.jpg,pgen_seq8,1,1,1080,1380
PolypGen,/home/samsul/Documents/Polyp Detection/Polyp-Gen:/seq8/images/63.jpg,/home/samsul/Documents/Polyp Detection/Polyp-Gen:/seq8/masks/63.jpg,pgen_seq8,0,0,1080,1380
PolypGen,/home/samsul/Documents/Polyp Detection/Polyp-Gen:/seq8/images/56.jpg,/home/samsul/Documents/Polyp Detection/Polyp-Gen:/seq8/masks/56.jpg,pgen_seq8,1,1,1080,1380
PolypGen,/home/samsul/Documents/Polyp Detection/Polyp-Gen:/seq8/images/20.jpg,/home/samsul/Documents/Polyp Detection/Polyp-Gen:/seq8/masks/20.jpg,pgen_seq8,1,1,1080,1380
PolypGen,/home/samsul/Documents/Polyp Detection/Polyp-Gen:/seq8/images/46.jpg,/home/samsul/Documents/Polyp Detection/Polyp-Gen:/seq8/masks/46.jpg,pgen_seq8,1,1,1080,1380
PolypGen,/home/samsul/Documents/Polyp Detection/Polyp-Gen:/seq8/images/7.jpg,/home/samsul/Documents/Polyp Detection/Polyp-Gen:/seq8/masks/7.jpg,pgen_seq8,1,1,1080,1380
PolypGen,/home/samsul/Documents/Polyp Detection/Polyp-Gen:/seq8/images/45.jpg,/home/samsul/Documents/Polyp Detection/Polyp-Gen:/seq8/masks/45.jpg,pgen_seq8,1,1,1080,1380
PolypGen,/home/samsul/Documents/Polyp Detection/Polyp-Gen:/seq8/images/65.jpg,/home/samsul/Documents/Polyp Detection/Polyp-Gen:/seq8/masks/65.jpg,pgen_seq8,1,1,1080,1380
PolypGen,/home/samsul/Documents/Polyp Detection/Polyp-Gen:/seq8/images/61.jpg,/home/samsul/Documents/Polyp Detection/Polyp-Gen:/seq8/masks/61.jpg,pgen_seq8,1,1,1080,1380
PolypGen,/home/samsul/Documents/Polyp Detection/Polyp-Gen:/seq8/images/24.jpg,/home/samsul/Documents/Polyp Detection/Polyp-Gen:/seq8/masks/24.jpg,pgen_seq8,2,1,1080,1380
PolypGen,/home/samsul/Documents/Polyp Detection/Polyp-Gen:/seq8/images/30.jpg,/home/samsul/Documents/Polyp Detection/Polyp-Gen:/seq8/masks/30.jpg,pgen_seq8,0,0,1080,1380
PolypGen,/home/samsul/Documents/Polyp Detection/Polyp-Gen:/seq8/images/2.jpg,/home/samsul/Documents/Polyp Detection/Polyp-Gen:/seq8/masks/2.jpg,pgen_seq8,1,1,1080,1380
PolypGen,/home/samsul/Documents/Polyp Detection/Polyp-Gen:/seq8/images/59.jpg,/home/samsul/Documents/Polyp Detection/Polyp-Gen:/seq8/masks/59.jpg,pgen_seq8,1,1,1080,1380
PolypGen,/home/samsul/Documents/Polyp Detection/Polyp-Gen:/seq9/images/18.jpg,/home/samsul/Documents/Polyp Detection/Polyp-Gen:/seq9/masks/18.jpg,pgen_seq9,1,1,1080,1380
PolypGen,/home/samsul/Documents/Polyp Detection/Polyp-Gen:/seq9/images/3.jpg,/home/samsul/Documents/Polyp Detection/Polyp-Gen:/seq9/masks/3.jpg,pgen_seq9,1,1,1080,1380
PolypGen,/home/samsul/Documents/Polyp Detection/Polyp-Gen:/seq9/images/49.jpg,/home/samsul/Documents/Polyp Detection/Polyp-Gen:/seq9/masks/49.jpg,pgen_seq9,1,1,1080,1380
PolypGen,/home/samsul/Documents/Polyp Detection/Polyp-Gen:/seq9/images/40.jpg,/home/samsul/Documents/Polyp Detection/Polyp-Gen:/seq9/masks/40.jpg,pgen_seq9,1,1,1080,1380
PolypGen,/home/samsul/Documents/Polyp Detection/Polyp-Gen:/seq9/images/11.jpg,/home/samsul/Documents/Polyp Detection/Polyp-Gen:/seq9/masks/11.jpg,pgen_seq9,1,1,1080,1380
PolypGen,/home/samsul/Documents/Polyp Detection/Polyp-Gen:/seq9/images/29.jpg,/home/samsul/Documents/Polyp Detection/Polyp-Gen:/seq9/masks/29.jpg,pgen_seq9,1,1,1080,1380
PolypGen,/home/samsul/Documents/Polyp Detection/Polyp-Gen:/seq9/images/6.jpg,/home/samsul/Documents/Polyp Detection/Polyp-Gen:/seq9/masks/6.jpg,pgen_seq9,1,1,1080,1380
PolypGen,/home/samsul/Documents/Polyp Detection/Polyp-Gen:/seq9/images/10.jpg,/home/samsul/Documents/Polyp Detection/Polyp-Gen:/seq9/masks/10.jpg,pgen_seq9,1,1,1080,1380
PolypGen,/home/samsul/Documents/Polyp Detection/Polyp-Gen:/seq9/images/34.jpg,/home/samsul/Documents/Polyp Detection/Polyp-Gen:/seq9/masks/34.jpg,pgen_seq9,1,1,1080,1380
PolypGen,/home/samsul/Documents/Polyp Detection/Polyp-Gen:/seq9/images/37.jpg,/home/samsul/Documents/Polyp Detection/Polyp-Gen:/seq9/masks/37.jpg,pgen_seq9,1,1,1080,1380
PolypGen,/home/samsul/Documents/Polyp Detection/Polyp-Gen:/seq9/images/27.jpg,/home/samsul/Documents/Polyp Detection/Polyp-Gen:/seq9/masks/27.jpg,pgen_seq9,1,1,1080,1380
PolypGen,/home/samsul/Documents/Polyp Detection/Polyp-Gen:/seq9/images/39.jpg,/home/samsul/Documents/Polyp Detection/Polyp-Gen:/seq9/masks/39.jpg,pgen_seq9,1,1,1080,1380
PolypGen,/home/samsul/Documents/Polyp Detection/Polyp-Gen:/seq9/images/31.jpg,/home/samsul/Documents/Polyp Detection/Polyp-Gen:/seq9/masks/31.jpg,pgen_seq9,1,1,1080,1380
PolypGen,/home/samsul/Documents/Polyp Detection/Polyp-Gen:/seq9/images/8.jpg,/home/samsul/Documents/Polyp Detection/Polyp-Gen:/seq9/masks/8.jpg,pgen_seq9,1,1,1080,1380
PolypGen,/home/samsul/Documents/Polyp Detection/Polyp-Gen:/seq9/images/41.jpg,/home/samsul/Documents/Polyp Detection/Polyp-Gen:/seq9/masks/41.jpg,pgen_seq9,1,1,1080,1380
PolypGen,/home/samsul/Documents/Polyp Detection/Polyp-Gen:/seq9/images/50.jpg,/home/samsul/Documents/Polyp Detection/Polyp-Gen:/seq9/masks/50.jpg,pgen_seq9,1,1,1080,1380
PolypGen,/home/samsul/Documents/Polyp Detection/Polyp-Gen:/seq9/images/1.jpg,/home/samsul/Documents/Polyp Detection/Polyp-Gen:/seq9/masks/1.jpg,pgen_seq9,0,0,1080,1380
PolypGen,/home/samsul/Documents/Polyp Detection/Polyp-Gen:/seq9/images/19.jpg,/home/samsul/Documents/Polyp Detection/Polyp-Gen:/seq9/masks/19.jpg,pgen_seq9,1,1,1080,1380
PolypGen,/home/samsul/Documents/Polyp Detection/Polyp-Gen:/seq9/images/14.jpg,/home/samsul/Documents/Polyp Detection/Polyp-Gen:/seq9/masks/14.jpg,pgen_seq9,1,1,1080,1380
PolypGen,/home/samsul/Documents/Polyp Detection/Polyp-Gen:/seq9/images/23.jpg,/home/samsul/Documents/Polyp Detection/Polyp-Gen:/seq9/masks/23.jpg,pgen_seq9,0,0,1080,1380
PolypGen,/home/samsul/Documents/Polyp Detection/Polyp-Gen:/seq9/images/28.jpg,/home/samsul/Documents/Polyp Detection/Polyp-Gen:/seq9/masks/28.jpg,pgen_seq9,1,1,1080,1380
PolypGen,/home/samsul/Documents/Polyp Detection/Polyp-Gen:/seq9/images/17.jpg,/home/samsul/Documents/Polyp Detection/Polyp-Gen:/seq9/masks/17.jpg,pgen_seq9,1,1,1080,1380
PolypGen,/home/samsul/Documents/Polyp Detection/Polyp-Gen:/seq9/images/36.jpg,/home/samsul/Documents/Polyp Detection/Polyp-Gen:/seq9/masks/36.jpg,pgen_seq9,1,1,1080,1380
PolypGen,/home/samsul/Documents/Polyp Detection/Polyp-Gen:/seq9/images/4.jpg,/home/samsul/Documents/Polyp Detection/Polyp-Gen:/seq9/masks/4.jpg,pgen_seq9,1,1,1080,1380
PolypGen,/home/samsul/Documents/Polyp Detection/Polyp-Gen:/seq9/images/5.jpg,/home/samsul/Documents/Polyp Detection/Polyp-Gen:/seq9/masks/5.jpg,pgen_seq9,1,1,1080,1380
PolypGen,/home/samsul/Documents/Polyp Detection/Polyp-Gen:/seq9/images/21.jpg,/home/samsul/Documents/Polyp Detection/Polyp-Gen:/seq9/masks/21.jpg,pgen_seq9,0,0,1080,1380
PolypGen,/home/samsul/Documents/Polyp Detection/Polyp-Gen:/seq9/images/0.jpg,/home/samsul/Documents/Polyp Detection/Polyp-Gen:/seq9/masks/0.jpg,pgen_seq9,0,0,1080,1380
PolypGen,/home/samsul/Documents/Polyp Detection/Polyp-Gen:/seq9/images/26.jpg,/home/samsul/Documents/Polyp Detection/Polyp-Gen:/seq9/masks/26.jpg,pgen_seq9,1,1,1080,1380
PolypGen,/home/samsul/Documents/Polyp Detection/Polyp-Gen:/seq9/images/12.jpg,/home/samsul/Documents/Polyp Detection/Polyp-Gen:/seq9/masks/12.jpg,pgen_seq9,1,1,1080,1380
PolypGen,/home/samsul/Documents/Polyp Detection/Polyp-Gen:/seq9/images/22.jpg,/home/samsul/Documents/Polyp Detection/Polyp-Gen:/seq9/masks/22.jpg,pgen_seq9,0,0,1080,1380
PolypGen,/home/samsul/Documents/Polyp Detection/Polyp-Gen:/seq9/images/32.jpg,/home/samsul/Documents/Polyp Detection/Polyp-Gen:/seq9/masks/32.jpg,pgen_seq9,1,1,1080,1380
PolypGen,/home/samsul/Documents/Polyp Detection/Polyp-Gen:/seq9/images/9.jpg,/home/samsul/Documents/Polyp Detection/Polyp-Gen:/seq9/masks/9.jpg,pgen_seq9,1,1,1080,1380
PolypGen,/home/samsul/Documents/Polyp Detection/Polyp-Gen:/seq9/images/44.jpg,/home/samsul/Documents/Polyp Detection/Polyp-Gen:/seq9/masks/44.jpg,pgen_seq9,1,1,1080,1380
PolypGen,/home/samsul/Documents/Polyp Detection/Polyp-Gen:/seq9/images/35.jpg,/home/samsul/Documents/Polyp Detection/Polyp-Gen:/seq9/masks/35.jpg,pgen_seq9,1,1,1080,1380
PolypGen,/home/samsul/Documents/Polyp Detection/Polyp-Gen:/seq9/images/48.jpg,/home/samsul/Documents/Polyp Detection/Polyp-Gen:/seq9/masks/48.jpg,pgen_seq9,1,1,1080,1380
PolypGen,/home/samsul/Documents/Polyp Detection/Polyp-Gen:/seq9/images/33.jpg,/home/samsul/Documents/Polyp Detection/Polyp-Gen:/seq9/masks/33.jpg,pgen_seq9,1,1,1080,1380
PolypGen,/home/samsul/Documents/Polyp Detection/Polyp-Gen:/seq9/images/43.jpg,/home/samsul/Documents/Polyp Detection/Polyp-Gen:/seq9/masks/43.jpg,pgen_seq9,1,1,1080,1380
PolypGen,/home/samsul/Documents/Polyp Detection/Polyp-Gen:/seq9/images/47.jpg,/home/samsul/Documents/Polyp Detection/Polyp-Gen:/seq9/masks/47.jpg,pgen_seq9,1,1,1080,1380
PolypGen,/home/samsul/Documents/Polyp Detection/Polyp-Gen:/seq9/images/13.jpg,/home/samsul/Documents/Polyp Detection/Polyp-Gen:/seq9/masks/13.jpg,pgen_seq9,1,1,1080,1380
PolypGen,/home/samsul/Documents/Polyp Detection/Polyp-Gen:/seq9/images/16.jpg,/home/samsul/Documents/Polyp Detection/Polyp-Gen:/seq9/masks/16.jpg,pgen_seq9,1,1,1080,1380
PolypGen,/home/samsul/Documents/Polyp Detection/Polyp-Gen:/seq9/images/42.jpg,/home/samsul/Documents/Polyp Detection/Polyp-Gen:/seq9/masks/42.jpg,pgen_seq9,1,1,1080,1380
PolypGen,/home/samsul/Documents/Polyp Detection/Polyp-Gen:/seq9/images/38.jpg,/home/samsul/Documents/Polyp Detection/Polyp-Gen:/seq9/masks/38.jpg,pgen_seq9,1,1,1080,1380
PolypGen,/home/samsul/Documents/Polyp Detection/Polyp-Gen:/seq9/images/15.jpg,/home/samsul/Documents/Polyp Detection/Polyp-Gen:/seq9/masks/15.jpg,pgen_seq9,1,1,1080,1380
PolypGen,/home/samsul/Documents/Polyp Detection/Polyp-Gen:/seq9/images/25.jpg,/home/samsul/Documents/Polyp Detection/Polyp-Gen:/seq9/masks/25.jpg,pgen_seq9,0,0,1080,1380
PolypGen,/home/samsul/Documents/Polyp Detection/Polyp-Gen:/seq9/images/20.jpg,/home/samsul/Documents/Polyp Detection/Polyp-Gen:/seq9/masks/20.jpg,pgen_seq9,0,0,1080,1380
PolypGen,/home/samsul/Documents/Polyp Detection/Polyp-Gen:/seq9/images/46.jpg,/home/samsul/Documents/Polyp Detection/Polyp-Gen:/seq9/masks/46.jpg,pgen_seq9,1,1,1080,1380
PolypGen,/home/samsul/Documents/Polyp Detection/Polyp-Gen:/seq9/images/7.jpg,/home/samsul/Documents/Polyp Detection/Polyp-Gen:/seq9/masks/7.jpg,pgen_seq9,1,1,1080,1380
PolypGen,/home/samsul/Documents/Polyp Detection/Polyp-Gen:/seq9/images/45.jpg,/home/samsul/Documents/Polyp Detection/Polyp-Gen:/seq9/masks/45.jpg,pgen_seq9,1,1,1080,1380
PolypGen,/home/samsul/Documents/Polyp Detection/Polyp-Gen:/seq9/images/24.jpg,/home/samsul/Documents/Polyp Detection/Polyp-Gen:/seq9/masks/24.jpg,pgen_seq9,0,0,1080,1380
PolypGen,/home/samsul/Documents/Polyp Detection/Polyp-Gen:/seq9/images/30.jpg,/home/samsul/Documents/Polyp Detection/Polyp-Gen:/seq9/masks/30.jpg,pgen_seq9,1,1,1080,1380
PolypGen,/home/samsul/Documents/Polyp Detection/Polyp-Gen:/seq9/images/2.jpg,/home/samsul/Documents/Polyp Detection/Polyp-Gen:/seq9/masks/2.jpg,pgen_seq9,0,0,1080,1380
