image,dataset,group_id,split,has_polyp,n_small
/home/samsul/Documents/Polyp Detection/CVC-ClinicDB/PNG/Original/1.png,CVC-ClinicDB,cvc_seq_1,train,1,0
/home/samsul/Documents/Polyp Detection/CVC-ClinicDB/PNG/Original/10.png,CVC-ClinicDB,cvc_seq_1,train,1,0
/home/samsul/Documents/Polyp Detection/CVC-ClinicDB/PNG/Original/100.png,CVC-ClinicDB,cvc_seq_5,train,1,0
/home/samsul/Documents/Polyp Detection/CVC-ClinicDB/PNG/Original/101.png,CVC-ClinicDB,cvc_seq_5,train,1,0
/home/samsul/Documents/Polyp Detection/CVC-ClinicDB/PNG/Original/102.png,CVC-ClinicDB,cvc_seq_5,train,1,0
/home/samsul/Documents/Polyp Detection/CVC-ClinicDB/PNG/Original/103.png,CVC-ClinicDB,cvc_seq_5,train,1,0
/home/samsul/Documents/Polyp Detection/CVC-ClinicDB/PNG/Original/104.png,CVC-ClinicDB,cvc_seq_6,train,1,0
/home/samsul/Documents/Polyp Detection/CVC-ClinicDB/PNG/Original/105.png,CVC-ClinicDB,cvc_seq_6,train,1,0
/home/samsul/Documents/Polyp Detection/CVC-ClinicDB/PNG/Original/106.png,CVC-ClinicDB,cvc_seq_6,train,1,0
/home/samsul/Documents/Polyp Detection/CVC-ClinicDB/PNG/Original/107.png,CVC-ClinicDB,cvc_seq_6,train,1,0
/home/samsul/Documents/Polyp Detection/CVC-ClinicDB/PNG/Original/108.png,CVC-ClinicDB,cvc_seq_6,train,1,0
/home/samsul/Documents/Polyp Detection/CVC-ClinicDB/PNG/Original/109.png,CVC-ClinicDB,cvc_seq_6,train,1,0
/home/samsul/Documents/Polyp Detection/CVC-ClinicDB/PNG/Original/11.png,CVC-ClinicDB,cvc_seq_1,train,1,0
/home/samsul/Documents/Polyp Detection/CVC-ClinicDB/PNG/Original/110.png,CVC-ClinicDB,cvc_seq_6,train,1,0
/home/samsul/Documents/Polyp Detection/CVC-ClinicDB/PNG/Original/111.png,CVC-ClinicDB,cvc_seq_6,train,1,0
/home/samsul/Documents/Polyp Detection/CVC-ClinicDB/PNG/Original/112.png,CVC-ClinicDB,cvc_seq_6,train,1,0
/home/samsul/Documents/Polyp Detection/CVC-ClinicDB/PNG/Original/113.png,CVC-ClinicDB,cvc_seq_6,train,1,0
/home/samsul/Documents/Polyp Detection/CVC-ClinicDB/PNG/Original/114.png,CVC-ClinicDB,cvc_seq_6,train,1,0
/home/samsul/Documents/Polyp Detection/CVC-ClinicDB/PNG/Original/115.png,CVC-ClinicDB,cvc_seq_6,train,1,0
/home/samsul/Documents/Polyp Detection/CVC-ClinicDB/PNG/Original/116.png,CVC-ClinicDB,cvc_seq_6,train,1,0
/home/samsul/Documents/Polyp Detection/CVC-ClinicDB/PNG/Original/117.png,CVC-ClinicDB,cvc_seq_6,train,1,0
/home/samsul/Documents/Polyp Detection/CVC-ClinicDB/PNG/Original/118.png,CVC-ClinicDB,cvc_seq_6,train,1,0
/home/samsul/Documents/Polyp Detection/CVC-ClinicDB/PNG/Original/119.png,CVC-ClinicDB,cvc_seq_6,train,1,0
/home/samsul/Documents/Polyp Detection/CVC-ClinicDB/PNG/Original/12.png,CVC-ClinicDB,cvc_seq_1,train,1,0
/home/samsul/Documents/Polyp Detection/CVC-ClinicDB/PNG/Original/120.png,CVC-ClinicDB,cvc_seq_6,train,1,0
/home/samsul/Documents/Polyp Detection/CVC-ClinicDB/PNG/Original/121.png,CVC-ClinicDB,cvc_seq_6,train,1,0
/home/samsul/Documents/Polyp Detection/CVC-ClinicDB/PNG/Original/122.png,CVC-ClinicDB,cvc_seq_6,train,1,0
/home/samsul/Documents/Polyp Detection/CVC-ClinicDB/PNG/Original/123.png,CVC-ClinicDB,cvc_seq_6,train,1,0
/home/samsul/Documents/Polyp Detection/CVC-ClinicDB/PNG/Original/124.png,CVC-ClinicDB,cvc_seq_6,train,1,0
/home/samsul/Documents/Polyp Detection/CVC-ClinicDB/PNG/Original/125.png,CVC-ClinicDB,cvc_seq_6,train,1,0
/home/samsul/Documents/Polyp Detection/CVC-ClinicDB/PNG/Original/126.png,CVC-ClinicDB,cvc_seq_6,train,1,0
/home/samsul/Documents/Polyp Detection/CVC-ClinicDB/PNG/Original/127.png,CVC-ClinicDB,cvc_seq_7,val,1,0
/home/samsul/Documents/Polyp Detection/CVC-ClinicDB/PNG/Original/128.png,CVC-ClinicDB,cvc_seq_7,val,1,0
/home/samsul/Documents/Polyp Detection/CVC-ClinicDB/PNG/Original/129.png,CVC-ClinicDB,cvc_seq_7,val,1,0
/home/samsul/Documents/Polyp Detection/CVC-ClinicDB/PNG/Original/13.png,CVC-ClinicDB,cvc_seq_1,train,1,0
/home/samsul/Documents/Polyp Detection/CVC-ClinicDB/PNG/Original/130.png,CVC-ClinicDB,cvc_seq_7,val,1,0
/home/samsul/Documents/Polyp Detection/CVC-ClinicDB/PNG/Original/131.png,CVC-ClinicDB,cvc_seq_7,val,1,0
/home/samsul/Documents/Polyp Detection/CVC-ClinicDB/PNG/Original/132.png,CVC-ClinicDB,cvc_seq_7,val,1,0
/home/samsul/Documents/Polyp Detection/CVC-ClinicDB/PNG/Original/133.png,CVC-ClinicDB,cvc_seq_7,val,1,0
/home/samsul/Documents/Polyp Detection/CVC-ClinicDB/PNG/Original/134.png,CVC-ClinicDB,cvc_seq_7,val,1,0
/home/samsul/Documents/Polyp Detection/CVC-ClinicDB/PNG/Original/135.png,CVC-ClinicDB,cvc_seq_7,val,1,0
/home/samsul/Documents/Polyp Detection/CVC-ClinicDB/PNG/Original/136.png,CVC-ClinicDB,cvc_seq_7,val,1,0
/home/samsul/Documents/Polyp Detection/CVC-ClinicDB/PNG/Original/137.png,CVC-ClinicDB,cvc_seq_7,val,1,0
/home/samsul/Documents/Polyp Detection/CVC-ClinicDB/PNG/Original/138.png,CVC-ClinicDB,cvc_seq_7,val,1,0
/home/samsul/Documents/Polyp Detection/CVC-ClinicDB/PNG/Original/139.png,CVC-ClinicDB,cvc_seq_7,val,1,0
/home/samsul/Documents/Polyp Detection/CVC-ClinicDB/PNG/Original/14.png,CVC-ClinicDB,cvc_seq_1,train,1,0
/home/samsul/Documents/Polyp Detection/CVC-ClinicDB/PNG/Original/140.png,CVC-ClinicDB,cvc_seq_7,val,1,0
/home/samsul/Documents/Polyp Detection/CVC-ClinicDB/PNG/Original/141.png,CVC-ClinicDB,cvc_seq_7,val,1,0
/home/samsul/Documents/Polyp Detection/CVC-ClinicDB/PNG/Original/142.png,CVC-ClinicDB,cvc_seq_7,val,1,0
/home/samsul/Documents/Polyp Detection/CVC-ClinicDB/PNG/Original/143.png,CVC-ClinicDB,cvc_seq_7,val,1,0
/home/samsul/Documents/Polyp Detection/CVC-ClinicDB/PNG/Original/144.png,CVC-ClinicDB,cvc_seq_7,val,1,0
/home/samsul/Documents/Polyp Detection/CVC-ClinicDB/PNG/Original/145.png,CVC-ClinicDB,cvc_seq_7,val,1,0
/home/samsul/Documents/Polyp Detection/CVC-ClinicDB/PNG/Original/146.png,CVC-ClinicDB,cvc_seq_7,val,1,0
/home/samsul/Documents/Polyp Detection/CVC-ClinicDB/PNG/Original/147.png,CVC-ClinicDB,cvc_seq_7,val,1,0
/home/samsul/Documents/Polyp Detection/CVC-ClinicDB/PNG/Original/148.png,CVC-ClinicDB,cvc_seq_7,val,1,0
/home/samsul/Documents/Polyp Detection/CVC-ClinicDB/PNG/Original/149.png,CVC-ClinicDB,cvc_seq_7,val,1,0
/home/samsul/Documents/Polyp Detection/CVC-ClinicDB/PNG/Original/15.png,CVC-ClinicDB,cvc_seq_1,train,1,0
/home/samsul/Documents/Polyp Detection/CVC-ClinicDB/PNG/Original/150.png,CVC-ClinicDB,cvc_seq_7,val,1,0
/home/samsul/Documents/Polyp Detection/CVC-ClinicDB/PNG/Original/151.png,CVC-ClinicDB,cvc_seq_7,val,1,0
/home/samsul/Documents/Polyp Detection/CVC-ClinicDB/PNG/Original/152.png,CVC-ClinicDB,cvc_seq_8,train,1,0
/home/samsul/Documents/Polyp Detection/CVC-ClinicDB/PNG/Original/153.png,CVC-ClinicDB,cvc_seq_8,train,1,0
/home/samsul/Documents/Polyp Detection/CVC-ClinicDB/PNG/Original/154.png,CVC-ClinicDB,cvc_seq_8,train,1,0
/home/samsul/Documents/Polyp Detection/CVC-ClinicDB/PNG/Original/155.png,CVC-ClinicDB,cvc_seq_8,train,1,0
/home/samsul/Documents/Polyp Detection/CVC-ClinicDB/PNG/Original/156.png,CVC-ClinicDB,cvc_seq_8,train,1,0
/home/samsul/Documents/Polyp Detection/CVC-ClinicDB/PNG/Original/157.png,CVC-ClinicDB,cvc_seq_8,train,1,0
/home/samsul/Documents/Polyp Detection/CVC-ClinicDB/PNG/Original/158.png,CVC-ClinicDB,cvc_seq_8,train,1,0
/home/samsul/Documents/Polyp Detection/CVC-ClinicDB/PNG/Original/159.png,CVC-ClinicDB,cvc_seq_8,train,1,0
/home/samsul/Documents/Polyp Detection/CVC-ClinicDB/PNG/Original/16.png,CVC-ClinicDB,cvc_seq_1,train,1,0
/home/samsul/Documents/Polyp Detection/CVC-ClinicDB/PNG/Original/160.png,CVC-ClinicDB,cvc_seq_8,train,1,0
/home/samsul/Documents/Polyp Detection/CVC-ClinicDB/PNG/Original/161.png,CVC-ClinicDB,cvc_seq_8,train,1,0
/home/samsul/Documents/Polyp Detection/CVC-ClinicDB/PNG/Original/162.png,CVC-ClinicDB,cvc_seq_8,train,1,0
/home/samsul/Documents/Polyp Detection/CVC-ClinicDB/PNG/Original/163.png,CVC-ClinicDB,cvc_seq_8,train,1,0
/home/samsul/Documents/Polyp Detection/CVC-ClinicDB/PNG/Original/164.png,CVC-ClinicDB,cvc_seq_8,train,1,0
/home/samsul/Documents/Polyp Detection/CVC-ClinicDB/PNG/Original/165.png,CVC-ClinicDB,cvc_seq_8,train,1,0
/home/samsul/Documents/Polyp Detection/CVC-ClinicDB/PNG/Original/166.png,CVC-ClinicDB,cvc_seq_8,train,1,0
/home/samsul/Documents/Polyp Detection/CVC-ClinicDB/PNG/Original/167.png,CVC-ClinicDB,cvc_seq_8,train,1,0
/home/samsul/Documents/Polyp Detection/CVC-ClinicDB/PNG/Original/168.png,CVC-ClinicDB,cvc_seq_8,train,1,0
/home/samsul/Documents/Polyp Detection/CVC-ClinicDB/PNG/Original/169.png,CVC-ClinicDB,cvc_seq_8,train,1,0
/home/samsul/Documents/Polyp Detection/CVC-ClinicDB/PNG/Original/17.png,CVC-ClinicDB,cvc_seq_1,train,1,0
/home/samsul/Documents/Polyp Detection/CVC-ClinicDB/PNG/Original/170.png,CVC-ClinicDB,cvc_seq_8,train,1,0
/home/samsul/Documents/Polyp Detection/CVC-ClinicDB/PNG/Original/171.png,CVC-ClinicDB,cvc_seq_8,train,1,0
/home/samsul/Documents/Polyp Detection/CVC-ClinicDB/PNG/Original/172.png,CVC-ClinicDB,cvc_seq_8,train,1,0
/home/samsul/Documents/Polyp Detection/CVC-ClinicDB/PNG/Original/173.png,CVC-ClinicDB,cvc_seq_8,train,1,0
/home/samsul/Documents/Polyp Detection/CVC-ClinicDB/PNG/Original/174.png,CVC-ClinicDB,cvc_seq_8,train,1,0
/home/samsul/Documents/Polyp Detection/CVC-ClinicDB/PNG/Original/175.png,CVC-ClinicDB,cvc_seq_8,train,1,0
/home/samsul/Documents/Polyp Detection/CVC-ClinicDB/PNG/Original/176.png,CVC-ClinicDB,cvc_seq_8,train,1,0
/home/samsul/Documents/Polyp Detection/CVC-ClinicDB/PNG/Original/177.png,CVC-ClinicDB,cvc_seq_8,train,1,0
/home/samsul/Documents/Polyp Detection/CVC-ClinicDB/PNG/Original/178.png,CVC-ClinicDB,cvc_seq_9,train,1,0
/home/samsul/Documents/Polyp Detection/CVC-ClinicDB/PNG/Original/179.png,CVC-ClinicDB,cvc_seq_9,train,1,0
/home/samsul/Documents/Polyp Detection/CVC-ClinicDB/PNG/Original/18.png,CVC-ClinicDB,cvc_seq_1,train,1,0
/home/samsul/Documents/Polyp Detection/CVC-ClinicDB/PNG/Original/180.png,CVC-ClinicDB,cvc_seq_9,train,1,0
/home/samsul/Documents/Polyp Detection/CVC-ClinicDB/PNG/Original/181.png,CVC-ClinicDB,cvc_seq_9,train,1,0
/home/samsul/Documents/Polyp Detection/CVC-ClinicDB/PNG/Original/182.png,CVC-ClinicDB,cvc_seq_9,train,1,0
/home/samsul/Documents/Polyp Detection/CVC-ClinicDB/PNG/Original/183.png,CVC-ClinicDB,cvc_seq_9,train,1,0
/home/samsul/Documents/Polyp Detection/CVC-ClinicDB/PNG/Original/184.png,CVC-ClinicDB,cvc_seq_9,train,1,0
/home/samsul/Documents/Polyp Detection/CVC-ClinicDB/PNG/Original/185.png,CVC-ClinicDB,cvc_seq_9,train,1,0
/home/samsul/Documents/Polyp Detection/CVC-ClinicDB/PNG/Original/186.png,CVC-ClinicDB,cvc_seq_9,train,1,0
/home/samsul/Documents/Polyp Detection/CVC-ClinicDB/PNG/Original/187.png,CVC-ClinicDB,cvc_seq_9,train,1,0
/home/samsul/Documents/Polyp Detection/CVC-ClinicDB/PNG/Original/188.png,CVC-ClinicDB,cvc_seq_9,train,1,0
/home/samsul/Documents/Polyp Detection/CVC-ClinicDB/PNG/Original/189.png,CVC-ClinicDB,cvc_seq_9,train,1,0
/home/samsul/Documents/Polyp Detection/CVC-ClinicDB/PNG/Original/19.png,CVC-ClinicDB,cvc_seq_1,train,1,0
/home/samsul/Documents/Polyp Detection/CVC-ClinicDB/PNG/Original/190.png,CVC-ClinicDB,cvc_seq_9,train,1,0
/home/samsul/Documents/Polyp Detection/CVC-ClinicDB/PNG/Original/191.png,CVC-ClinicDB,cvc_seq_9,train,1,0
/home/samsul/Documents/Polyp Detection/CVC-ClinicDB/PNG/Original/192.png,CVC-ClinicDB,cvc_seq_9,train,1,0
/home/samsul/Documents/Polyp Detection/CVC-ClinicDB/PNG/Original/193.png,CVC-ClinicDB,cvc_seq_9,train,1,0
/home/samsul/Documents/Polyp Detection/CVC-ClinicDB/PNG/Original/194.png,CVC-ClinicDB,cvc_seq_9,train,1,0
/home/samsul/Documents/Polyp Detection/CVC-ClinicDB/PNG/Original/195.png,CVC-ClinicDB,cvc_seq_9,train,1,0
/home/samsul/Documents/Polyp Detection/CVC-ClinicDB/PNG/Original/196.png,CVC-ClinicDB,cvc_seq_9,train,1,0
/home/samsul/Documents/Polyp Detection/CVC-ClinicDB/PNG/Original/197.png,CVC-ClinicDB,cvc_seq_9,train,1,0
/home/samsul/Documents/Polyp Detection/CVC-ClinicDB/PNG/Original/198.png,CVC-ClinicDB,cvc_seq_9,train,1,0
/home/samsul/Documents/Polyp Detection/CVC-ClinicDB/PNG/Original/199.png,CVC-ClinicDB,cvc_seq_9,train,1,0
/home/samsul/Documents/Polyp Detection/CVC-ClinicDB/PNG/Original/2.png,CVC-ClinicDB,cvc_seq_1,train,1,0
/home/samsul/Documents/Polyp Detection/CVC-ClinicDB/PNG/Original/20.png,CVC-ClinicDB,cvc_seq_1,train,1,0
/home/samsul/Documents/Polyp Detection/CVC-ClinicDB/PNG/Original/200.png,CVC-ClinicDB,cvc_seq_10,train,1,0
/home/samsul/Documents/Polyp Detection/CVC-ClinicDB/PNG/Original/201.png,CVC-ClinicDB,cvc_seq_10,train,1,0
/home/samsul/Documents/Polyp Detection/CVC-ClinicDB/PNG/Original/202.png,CVC-ClinicDB,cvc_seq_10,train,1,0
/home/samsul/Documents/Polyp Detection/CVC-ClinicDB/PNG/Original/203.png,CVC-ClinicDB,cvc_seq_10,train,1,0
/home/samsul/Documents/Polyp Detection/CVC-ClinicDB/PNG/Original/204.png,CVC-ClinicDB,cvc_seq_10,train,1,0
/home/samsul/Documents/Polyp Detection/CVC-ClinicDB/PNG/Original/205.png,CVC-ClinicDB,cvc_seq_10,train,1,0
/home/samsul/Documents/Polyp Detection/CVC-ClinicDB/PNG/Original/206.png,CVC-ClinicDB,cvc_seq_11,train,1,0
/home/samsul/Documents/Polyp Detection/CVC-ClinicDB/PNG/Original/207.png,CVC-ClinicDB,cvc_seq_11,train,1,0
/home/samsul/Documents/Polyp Detection/CVC-ClinicDB/PNG/Original/208.png,CVC-ClinicDB,cvc_seq_11,train,1,0
/home/samsul/Documents/Polyp Detection/CVC-ClinicDB/PNG/Original/209.png,CVC-ClinicDB,cvc_seq_11,train,1,0
/home/samsul/Documents/Polyp Detection/CVC-ClinicDB/PNG/Original/21.png,CVC-ClinicDB,cvc_seq_1,train,1,0
/home/samsul/Documents/Polyp Detection/CVC-ClinicDB/PNG/Original/210.png,CVC-ClinicDB,cvc_seq_11,train,1,0
/home/samsul/Documents/Polyp Detection/CVC-ClinicDB/PNG/Original/211.png,CVC-ClinicDB,cvc_seq_11,train,1,0
/home/samsul/Documents/Polyp Detection/CVC-ClinicDB/PNG/Original/212.png,CVC-ClinicDB,cvc_seq_11,train,1,0
/home/samsul/Documents/Polyp Detection/CVC-ClinicDB/PNG/Original/213.png,CVC-ClinicDB,cvc_seq_11,train,1,0
/home/samsul/Documents/Polyp Detection/CVC-ClinicDB/PNG/Original/214.png,CVC-ClinicDB,cvc_seq_11,train,1,0
/home/samsul/Documents/Polyp Detection/CVC-ClinicDB/PNG/Original/215.png,CVC-ClinicDB,cvc_seq_11,train,1,0
/home/samsul/Documents/Polyp Detection/CVC-ClinicDB/PNG/Original/216.png,CVC-ClinicDB,cvc_seq_11,train,1,0
/home/samsul/Documents/Polyp Detection/CVC-ClinicDB/PNG/Original/217.png,CVC-ClinicDB,cvc_seq_11,train,1,0
/home/samsul/Documents/Polyp Detection/CVC-ClinicDB/PNG/Original/218.png,CVC-ClinicDB,cvc_seq_11,train,1,0
/home/samsul/Documents/Polyp Detection/CVC-ClinicDB/PNG/Original/219.png,CVC-ClinicDB,cvc_seq_11,train,1,0
/home/samsul/Documents/Polyp Detection/CVC-ClinicDB/PNG/Original/22.png,CVC-ClinicDB,cvc_seq_1,train,1,0
/home/samsul/Documents/Polyp Detection/CVC-ClinicDB/PNG/Original/220.png,CVC-ClinicDB,cvc_seq_11,train,1,0
/home/samsul/Documents/Polyp Detection/CVC-ClinicDB/PNG/Original/221.png,CVC-ClinicDB,cvc_seq_11,train,1,0
/home/samsul/Documents/Polyp Detection/CVC-ClinicDB/PNG/Original/222.png,CVC-ClinicDB,cvc_seq_11,train,1,0
/home/samsul/Documents/Polyp Detection/CVC-ClinicDB/PNG/Original/223.png,CVC-ClinicDB,cvc_seq_11,train,1,0
/home/samsul/Documents/Polyp Detection/CVC-ClinicDB/PNG/Original/224.png,CVC-ClinicDB,cvc_seq_11,train,1,0
/home/samsul/Documents/Polyp Detection/CVC-ClinicDB/PNG/Original/225.png,CVC-ClinicDB,cvc_seq_11,train,1,0
/home/samsul/Documents/Polyp Detection/CVC-ClinicDB/PNG/Original/226.png,CVC-ClinicDB,cvc_seq_11,train,1,0
/home/samsul/Documents/Polyp Detection/CVC-ClinicDB/PNG/Original/227.png,CVC-ClinicDB,cvc_seq_11,train,1,0
/home/samsul/Documents/Polyp Detection/CVC-ClinicDB/PNG/Original/228.png,CVC-ClinicDB,cvc_seq_12,train,1,0
/home/samsul/Documents/Polyp Detection/CVC-ClinicDB/PNG/Original/229.png,CVC-ClinicDB,cvc_seq_12,train,1,0
/home/samsul/Documents/Polyp Detection/CVC-ClinicDB/PNG/Original/23.png,CVC-ClinicDB,cvc_seq_1,train,1,0
/home/samsul/Documents/Polyp Detection/CVC-ClinicDB/PNG/Original/230.png,CVC-ClinicDB,cvc_seq_12,train,1,0
/home/samsul/Documents/Polyp Detection/CVC-ClinicDB/PNG/Original/231.png,CVC-ClinicDB,cvc_seq_12,train,1,0
/home/samsul/Documents/Polyp Detection/CVC-ClinicDB/PNG/Original/232.png,CVC-ClinicDB,cvc_seq_12,train,1,0
/home/samsul/Documents/Polyp Detection/CVC-ClinicDB/PNG/Original/233.png,CVC-ClinicDB,cvc_seq_12,train,1,0
/home/samsul/Documents/Polyp Detection/CVC-ClinicDB/PNG/Original/234.png,CVC-ClinicDB,cvc_seq_12,train,1,0
/home/samsul/Documents/Polyp Detection/CVC-ClinicDB/PNG/Original/235.png,CVC-ClinicDB,cvc_seq_12,train,1,0
/home/samsul/Documents/Polyp Detection/CVC-ClinicDB/PNG/Original/236.png,CVC-ClinicDB,cvc_seq_12,train,1,0
/home/samsul/Documents/Polyp Detection/CVC-ClinicDB/PNG/Original/237.png,CVC-ClinicDB,cvc_seq_12,train,1,0
/home/samsul/Documents/Polyp Detection/CVC-ClinicDB/PNG/Original/238.png,CVC-ClinicDB,cvc_seq_12,train,1,0
/home/samsul/Documents/Polyp Detection/CVC-ClinicDB/PNG/Original/239.png,CVC-ClinicDB,cvc_seq_12,train,1,0
/home/samsul/Documents/Polyp Detection/CVC-ClinicDB/PNG/Original/24.png,CVC-ClinicDB,cvc_seq_1,train,1,0
/home/samsul/Documents/Polyp Detection/CVC-ClinicDB/PNG/Original/240.png,CVC-ClinicDB,cvc_seq_12,train,1,0
/home/samsul/Documents/Polyp Detection/CVC-ClinicDB/PNG/Original/241.png,CVC-ClinicDB,cvc_seq_12,train,1,0
/home/samsul/Documents/Polyp Detection/CVC-ClinicDB/PNG/Original/242.png,CVC-ClinicDB,cvc_seq_12,train,1,0
/home/samsul/Documents/Polyp Detection/CVC-ClinicDB/PNG/Original/243.png,CVC-ClinicDB,cvc_seq_12,train,1,0
/home/samsul/Documents/Polyp Detection/CVC-ClinicDB/PNG/Original/244.png,CVC-ClinicDB,cvc_seq_12,train,1,0
/home/samsul/Documents/Polyp Detection/CVC-ClinicDB/PNG/Original/245.png,CVC-ClinicDB,cvc_seq_12,train,1,0
/home/samsul/Documents/Polyp Detection/CVC-ClinicDB/PNG/Original/246.png,CVC-ClinicDB,cvc_seq_12,train,1,0
/home/samsul/Documents/Polyp Detection/CVC-ClinicDB/PNG/Original/247.png,CVC-ClinicDB,cvc_seq_12,train,1,0
/home/samsul/Documents/Polyp Detection/CVC-ClinicDB/PNG/Original/248.png,CVC-ClinicDB,cvc_seq_12,train,1,0
/home/samsul/Documents/Polyp Detection/CVC-ClinicDB/PNG/Original/249.png,CVC-ClinicDB,cvc_seq_12,train,1,0
/home/samsul/Documents/Polyp Detection/CVC-ClinicDB/PNG/Original/25.png,CVC-ClinicDB,cvc_seq_1,train,1,0
/home/samsul/Documents/Polyp Detection/CVC-ClinicDB/PNG/Original/250.png,CVC-ClinicDB,cvc_seq_12,train,1,0
/home/samsul/Documents/Polyp Detection/CVC-ClinicDB/PNG/Original/251.png,CVC-ClinicDB,cvc_seq_12,train,1,0
/home/samsul/Documents/Polyp Detection/CVC-ClinicDB/PNG/Original/252.png,CVC-ClinicDB,cvc_seq_12,train,1,0
/home/samsul/Documents/Polyp Detection/CVC-ClinicDB/PNG/Original/253.png,CVC-ClinicDB,cvc_seq_13,val,1,0
/home/samsul/Documents/Polyp Detection/CVC-ClinicDB/PNG/Original/254.png,CVC-ClinicDB,cvc_seq_13,val,1,0
/home/samsul/Documents/Polyp Detection/CVC-ClinicDB/PNG/Original/255.png,CVC-ClinicDB,cvc_seq_13,val,1,0
/home/samsul/Documents/Polyp Detection/CVC-ClinicDB/PNG/Original/256.png,CVC-ClinicDB,cvc_seq_13,val,1,0
/home/samsul/Documents/Polyp Detection/CVC-ClinicDB/PNG/Original/257.png,CVC-ClinicDB,cvc_seq_13,val,1,0
/home/samsul/Documents/Polyp Detection/CVC-ClinicDB/PNG/Original/258.png,CVC-ClinicDB,cvc_seq_13,val,1,0
/home/samsul/Documents/Polyp Detection/CVC-ClinicDB/PNG/Original/259.png,CVC-ClinicDB,cvc_seq_13,val,1,0
/home/samsul/Documents/Polyp Detection/CVC-ClinicDB/PNG/Original/26.png,CVC-ClinicDB,cvc_seq_2,train,1,0
/home/samsul/Documents/Polyp Detection/CVC-ClinicDB/PNG/Original/260.png,CVC-ClinicDB,cvc_seq_13,val,1,0
/home/samsul/Documents/Polyp Detection/CVC-ClinicDB/PNG/Original/261.png,CVC-ClinicDB,cvc_seq_13,val,1,0
/home/samsul/Documents/Polyp Detection/CVC-ClinicDB/PNG/Original/262.png,CVC-ClinicDB,cvc_seq_13,val,1,0
/home/samsul/Documents/Polyp Detection/CVC-ClinicDB/PNG/Original/263.png,CVC-ClinicDB,cvc_seq_13,val,1,0
/home/samsul/Documents/Polyp Detection/CVC-ClinicDB/PNG/Original/264.png,CVC-ClinicDB,cvc_seq_13,val,1,0
/home/samsul/Documents/Polyp Detection/CVC-ClinicDB/PNG/Original/265.png,CVC-ClinicDB,cvc_seq_13,val,1,0
/home/samsul/Documents/Polyp Detection/CVC-ClinicDB/PNG/Original/266.png,CVC-ClinicDB,cvc_seq_13,val,1,0
/home/samsul/Documents/Polyp Detection/CVC-ClinicDB/PNG/Original/267.png,CVC-ClinicDB,cvc_seq_13,val,1,0
/home/samsul/Documents/Polyp Detection/CVC-ClinicDB/PNG/Original/268.png,CVC-ClinicDB,cvc_seq_13,val,1,0
/home/samsul/Documents/Polyp Detection/CVC-ClinicDB/PNG/Original/269.png,CVC-ClinicDB,cvc_seq_13,val,1,0
/home/samsul/Documents/Polyp Detection/CVC-ClinicDB/PNG/Original/27.png,CVC-ClinicDB,cvc_seq_2,train,1,0
/home/samsul/Documents/Polyp Detection/CVC-ClinicDB/PNG/Original/270.png,CVC-ClinicDB,cvc_seq_13,val,1,0
/home/samsul/Documents/Polyp Detection/CVC-ClinicDB/PNG/Original/271.png,CVC-ClinicDB,cvc_seq_13,val,1,0
/home/samsul/Documents/Polyp Detection/CVC-ClinicDB/PNG/Original/272.png,CVC-ClinicDB,cvc_seq_13,val,1,0
/home/samsul/Documents/Polyp Detection/CVC-ClinicDB/PNG/Original/273.png,CVC-ClinicDB,cvc_seq_13,val,1,0
/home/samsul/Documents/Polyp Detection/CVC-ClinicDB/PNG/Original/274.png,CVC-ClinicDB,cvc_seq_13,val,1,0
/home/samsul/Documents/Polyp Detection/CVC-ClinicDB/PNG/Original/275.png,CVC-ClinicDB,cvc_seq_13,val,1,0
/home/samsul/Documents/Polyp Detection/CVC-ClinicDB/PNG/Original/276.png,CVC-ClinicDB,cvc_seq_13,val,1,0
/home/samsul/Documents/Polyp Detection/CVC-ClinicDB/PNG/Original/277.png,CVC-ClinicDB,cvc_seq_13,val,1,0
/home/samsul/Documents/Polyp Detection/CVC-ClinicDB/PNG/Original/278.png,CVC-ClinicDB,cvc_seq_14,train,1,0
/home/samsul/Documents/Polyp Detection/CVC-ClinicDB/PNG/Original/279.png,CVC-ClinicDB,cvc_seq_14,train,1,0
/home/samsul/Documents/Polyp Detection/CVC-ClinicDB/PNG/Original/28.png,CVC-ClinicDB,cvc_seq_2,train,1,0
/home/samsul/Documents/Polyp Detection/CVC-ClinicDB/PNG/Original/280.png,CVC-ClinicDB,cvc_seq_14,train,1,0
/home/samsul/Documents/Polyp Detection/CVC-ClinicDB/PNG/Original/281.png,CVC-ClinicDB,cvc_seq_14,train,1,0
/home/samsul/Documents/Polyp Detection/CVC-ClinicDB/PNG/Original/282.png,CVC-ClinicDB,cvc_seq_14,train,1,0
/home/samsul/Documents/Polyp Detection/CVC-ClinicDB/PNG/Original/283.png,CVC-ClinicDB,cvc_seq_14,train,1,0
/home/samsul/Documents/Polyp Detection/CVC-ClinicDB/PNG/Original/284.png,CVC-ClinicDB,cvc_seq_14,train,1,0
/home/samsul/Documents/Polyp Detection/CVC-ClinicDB/PNG/Original/285.png,CVC-ClinicDB,cvc_seq_14,train,1,0
/home/samsul/Documents/Polyp Detection/CVC-ClinicDB/PNG/Original/286.png,CVC-ClinicDB,cvc_seq_14,train,1,0
/home/samsul/Documents/Polyp Detection/CVC-ClinicDB/PNG/Original/287.png,CVC-ClinicDB,cvc_seq_14,train,1,0
/home/samsul/Documents/Polyp Detection/CVC-ClinicDB/PNG/Original/288.png,CVC-ClinicDB,cvc_seq_14,train,1,0
/home/samsul/Documents/Polyp Detection/CVC-ClinicDB/PNG/Original/289.png,CVC-ClinicDB,cvc_seq_14,train,1,0
/home/samsul/Documents/Polyp Detection/CVC-ClinicDB/PNG/Original/29.png,CVC-ClinicDB,cvc_seq_2,train,1,0
/home/samsul/Documents/Polyp Detection/CVC-ClinicDB/PNG/Original/290.png,CVC-ClinicDB,cvc_seq_14,train,1,0
/home/samsul/Documents/Polyp Detection/CVC-ClinicDB/PNG/Original/291.png,CVC-ClinicDB,cvc_seq_14,train,1,0
/home/samsul/Documents/Polyp Detection/CVC-ClinicDB/PNG/Original/292.png,CVC-ClinicDB,cvc_seq_14,train,1,0
/home/samsul/Documents/Polyp Detection/CVC-ClinicDB/PNG/Original/293.png,CVC-ClinicDB,cvc_seq_14,train,1,0
/home/samsul/Documents/Polyp Detection/CVC-ClinicDB/PNG/Original/294.png,CVC-ClinicDB,cvc_seq_14,train,1,0
/home/samsul/Documents/Polyp Detection/CVC-ClinicDB/PNG/Original/295.png,CVC-ClinicDB,cvc_seq_14,train,1,0
/home/samsul/Documents/Polyp Detection/CVC-ClinicDB/PNG/Original/296.png,CVC-ClinicDB,cvc_seq_14,train,1,0
/home/samsul/Documents/Polyp Detection/CVC-ClinicDB/PNG/Original/297.png,CVC-ClinicDB,cvc_seq_14,train,1,0
/home/samsul/Documents/Polyp Detection/CVC-ClinicDB/PNG/Original/298.png,CVC-ClinicDB,cvc_seq_15,train,1,0
/home/samsul/Documents/Polyp Detection/CVC-ClinicDB/PNG/Original/299.png,CVC-ClinicDB,cvc_seq_15,train,1,0
/home/samsul/Documents/Polyp Detection/CVC-ClinicDB/PNG/Original/3.png,CVC-ClinicDB,cvc_seq_1,train,1,0
/home/samsul/Documents/Polyp Detection/CVC-ClinicDB/PNG/Original/30.png,CVC-ClinicDB,cvc_seq_2,train,1,0
/home/samsul/Documents/Polyp Detection/CVC-ClinicDB/PNG/Original/300.png,CVC-ClinicDB,cvc_seq_15,train,1,0
/home/samsul/Documents/Polyp Detection/CVC-ClinicDB/PNG/Original/301.png,CVC-ClinicDB,cvc_seq_15,train,1,0
/home/samsul/Documents/Polyp Detection/CVC-ClinicDB/PNG/Original/302.png,CVC-ClinicDB,cvc_seq_15,train,1,0
/home/samsul/Documents/Polyp Detection/CVC-ClinicDB/PNG/Original/303.png,CVC-ClinicDB,cvc_seq_15,train,1,0
/home/samsul/Documents/Polyp Detection/CVC-ClinicDB/PNG/Original/304.png,CVC-ClinicDB,cvc_seq_15,train,1,0
/home/samsul/Documents/Polyp Detection/CVC-ClinicDB/PNG/Original/305.png,CVC-ClinicDB,cvc_seq_15,train,1,0
/home/samsul/Documents/Polyp Detection/CVC-ClinicDB/PNG/Original/306.png,CVC-ClinicDB,cvc_seq_15,train,1,0
/home/samsul/Documents/Polyp Detection/CVC-ClinicDB/PNG/Original/307.png,CVC-ClinicDB,cvc_seq_15,train,1,0
/home/samsul/Documents/Polyp Detection/CVC-ClinicDB/PNG/Original/308.png,CVC-ClinicDB,cvc_seq_15,train,1,0
/home/samsul/Documents/Polyp Detection/CVC-ClinicDB/PNG/Original/309.png,CVC-ClinicDB,cvc_seq_15,train,1,0
/home/samsul/Documents/Polyp Detection/CVC-ClinicDB/PNG/Original/31.png,CVC-ClinicDB,cvc_seq_2,train,1,0
/home/samsul/Documents/Polyp Detection/CVC-ClinicDB/PNG/Original/310.png,CVC-ClinicDB,cvc_seq_15,train,1,0
/home/samsul/Documents/Polyp Detection/CVC-ClinicDB/PNG/Original/311.png,CVC-ClinicDB,cvc_seq_15,train,1,0
/home/samsul/Documents/Polyp Detection/CVC-ClinicDB/PNG/Original/312.png,CVC-ClinicDB,cvc_seq_15,train,1,0
/home/samsul/Documents/Polyp Detection/CVC-ClinicDB/PNG/Original/313.png,CVC-ClinicDB,cvc_seq_15,train,1,0
/home/samsul/Documents/Polyp Detection/CVC-ClinicDB/PNG/Original/314.png,CVC-ClinicDB,cvc_seq_15,train,1,0
/home/samsul/Documents/Polyp Detection/CVC-ClinicDB/PNG/Original/315.png,CVC-ClinicDB,cvc_seq_15,train,1,0
/home/samsul/Documents/Polyp Detection/CVC-ClinicDB/PNG/Original/316.png,CVC-ClinicDB,cvc_seq_15,train,1,0
/home/samsul/Documents/Polyp Detection/CVC-ClinicDB/PNG/Original/317.png,CVC-ClinicDB,cvc_seq_15,train,1,0
/home/samsul/Documents/Polyp Detection/CVC-ClinicDB/PNG/Original/318.png,CVC-ClinicDB,cvc_seq_16,train,1,0
/home/samsul/Documents/Polyp Detection/CVC-ClinicDB/PNG/Original/319.png,CVC-ClinicDB,cvc_seq_16,train,1,0
/home/samsul/Documents/Polyp Detection/CVC-ClinicDB/PNG/Original/32.png,CVC-ClinicDB,cvc_seq_2,train,1,0
/home/samsul/Documents/Polyp Detection/CVC-ClinicDB/PNG/Original/320.png,CVC-ClinicDB,cvc_seq_16,train,1,0
/home/samsul/Documents/Polyp Detection/CVC-ClinicDB/PNG/Original/321.png,CVC-ClinicDB,cvc_seq_16,train,1,0
/home/samsul/Documents/Polyp Detection/CVC-ClinicDB/PNG/Original/322.png,CVC-ClinicDB,cvc_seq_16,train,1,0
/home/samsul/Documents/Polyp Detection/CVC-ClinicDB/PNG/Original/323.png,CVC-ClinicDB,cvc_seq_16,train,1,0
/home/samsul/Documents/Polyp Detection/CVC-ClinicDB/PNG/Original/324.png,CVC-ClinicDB,cvc_seq_16,train,1,0
/home/samsul/Documents/Polyp Detection/CVC-ClinicDB/PNG/Original/325.png,CVC-ClinicDB,cvc_seq_16,train,1,0
/home/samsul/Documents/Polyp Detection/CVC-ClinicDB/PNG/Original/326.png,CVC-ClinicDB,cvc_seq_16,train,1,0
/home/samsul/Documents/Polyp Detection/CVC-ClinicDB/PNG/Original/327.png,CVC-ClinicDB,cvc_seq_16,train,1,0
/home/samsul/Documents/Polyp Detection/CVC-ClinicDB/PNG/Original/328.png,CVC-ClinicDB,cvc_seq_16,train,1,0
/home/samsul/Documents/Polyp Detection/CVC-ClinicDB/PNG/Original/329.png,CVC-ClinicDB,cvc_seq_16,train,1,0
/home/samsul/Documents/Polyp Detection/CVC-ClinicDB/PNG/Original/33.png,CVC-ClinicDB,cvc_seq_2,train,1,0
/home/samsul/Documents/Polyp Detection/CVC-ClinicDB/PNG/Original/330.png,CVC-ClinicDB,cvc_seq_16,train,1,0
/home/samsul/Documents/Polyp Detection/CVC-ClinicDB/PNG/Original/331.png,CVC-ClinicDB,cvc_seq_16,train,1,0
/home/samsul/Documents/Polyp Detection/CVC-ClinicDB/PNG/Original/332.png,CVC-ClinicDB,cvc_seq_16,train,1,0
/home/samsul/Documents/Polyp Detection/CVC-ClinicDB/PNG/Original/333.png,CVC-ClinicDB,cvc_seq_16,train,1,0
/home/samsul/Documents/Polyp Detection/CVC-ClinicDB/PNG/Original/334.png,CVC-ClinicDB,cvc_seq_16,train,1,0
/home/samsul/Documents/Polyp Detection/CVC-ClinicDB/PNG/Original/335.png,CVC-ClinicDB,cvc_seq_16,train,1,0
/home/samsul/Documents/Polyp Detection/CVC-ClinicDB/PNG/Original/336.png,CVC-ClinicDB,cvc_seq_16,train,1,0
/home/samsul/Documents/Polyp Detection/CVC-ClinicDB/PNG/Original/337.png,CVC-ClinicDB,cvc_seq_16,train,1,0
/home/samsul/Documents/Polyp Detection/CVC-ClinicDB/PNG/Original/338.png,CVC-ClinicDB,cvc_seq_16,train,1,0
/home/samsul/Documents/Polyp Detection/CVC-ClinicDB/PNG/Original/339.png,CVC-ClinicDB,cvc_seq_16,train,1,0
/home/samsul/Documents/Polyp Detection/CVC-ClinicDB/PNG/Original/34.png,CVC-ClinicDB,cvc_seq_2,train,1,0
/home/samsul/Documents/Polyp Detection/CVC-ClinicDB/PNG/Original/340.png,CVC-ClinicDB,cvc_seq_16,train,1,0
/home/samsul/Documents/Polyp Detection/CVC-ClinicDB/PNG/Original/341.png,CVC-ClinicDB,cvc_seq_16,train,1,0
/home/samsul/Documents/Polyp Detection/CVC-ClinicDB/PNG/Original/342.png,CVC-ClinicDB,cvc_seq_16,train,1,0
/home/samsul/Documents/Polyp Detection/CVC-ClinicDB/PNG/Original/343.png,CVC-ClinicDB,cvc_seq_17,test,1,0
/home/samsul/Documents/Polyp Detection/CVC-ClinicDB/PNG/Original/344.png,CVC-ClinicDB,cvc_seq_17,test,1,0
/home/samsul/Documents/Polyp Detection/CVC-ClinicDB/PNG/Original/345.png,CVC-ClinicDB,cvc_seq_17,test,1,0
/home/samsul/Documents/Polyp Detection/CVC-ClinicDB/PNG/Original/346.png,CVC-ClinicDB,cvc_seq_17,test,1,0
/home/samsul/Documents/Polyp Detection/CVC-ClinicDB/PNG/Original/347.png,CVC-ClinicDB,cvc_seq_17,test,1,0
/home/samsul/Documents/Polyp Detection/CVC-ClinicDB/PNG/Original/348.png,CVC-ClinicDB,cvc_seq_17,test,1,0
/home/samsul/Documents/Polyp Detection/CVC-ClinicDB/PNG/Original/349.png,CVC-ClinicDB,cvc_seq_17,test,1,0
/home/samsul/Documents/Polyp Detection/CVC-ClinicDB/PNG/Original/35.png,CVC-ClinicDB,cvc_seq_2,train,1,0
/home/samsul/Documents/Polyp Detection/CVC-ClinicDB/PNG/Original/350.png,CVC-ClinicDB,cvc_seq_17,test,1,0
/home/samsul/Documents/Polyp Detection/CVC-ClinicDB/PNG/Original/351.png,CVC-ClinicDB,cvc_seq_17,test,1,0
/home/samsul/Documents/Polyp Detection/CVC-ClinicDB/PNG/Original/352.png,CVC-ClinicDB,cvc_seq_17,test,1,0
/home/samsul/Documents/Polyp Detection/CVC-ClinicDB/PNG/Original/353.png,CVC-ClinicDB,cvc_seq_17,test,1,0
/home/samsul/Documents/Polyp Detection/CVC-ClinicDB/PNG/Original/354.png,CVC-ClinicDB,cvc_seq_17,test,1,0
/home/samsul/Documents/Polyp Detection/CVC-ClinicDB/PNG/Original/355.png,CVC-ClinicDB,cvc_seq_17,test,1,0
/home/samsul/Documents/Polyp Detection/CVC-ClinicDB/PNG/Original/356.png,CVC-ClinicDB,cvc_seq_17,test,1,0
/home/samsul/Documents/Polyp Detection/CVC-ClinicDB/PNG/Original/357.png,CVC-ClinicDB,cvc_seq_17,test,1,0
/home/samsul/Documents/Polyp Detection/CVC-ClinicDB/PNG/Original/358.png,CVC-ClinicDB,cvc_seq_17,test,1,0
/home/samsul/Documents/Polyp Detection/CVC-ClinicDB/PNG/Original/359.png,CVC-ClinicDB,cvc_seq_17,test,1,0
/home/samsul/Documents/Polyp Detection/CVC-ClinicDB/PNG/Original/36.png,CVC-ClinicDB,cvc_seq_2,train,1,0
/home/samsul/Documents/Polyp Detection/CVC-ClinicDB/PNG/Original/360.png,CVC-ClinicDB,cvc_seq_17,test,1,0
/home/samsul/Documents/Polyp Detection/CVC-ClinicDB/PNG/Original/361.png,CVC-ClinicDB,cvc_seq_17,test,1,0
/home/samsul/Documents/Polyp Detection/CVC-ClinicDB/PNG/Original/362.png,CVC-ClinicDB,cvc_seq_17,test,1,0
/home/samsul/Documents/Polyp Detection/CVC-ClinicDB/PNG/Original/363.png,CVC-ClinicDB,cvc_seq_17,test,1,0
/home/samsul/Documents/Polyp Detection/CVC-ClinicDB/PNG/Original/364.png,CVC-ClinicDB,cvc_seq_18,train,1,0
/home/samsul/Documents/Polyp Detection/CVC-ClinicDB/PNG/Original/365.png,CVC-ClinicDB,cvc_seq_18,train,1,0
/home/samsul/Documents/Polyp Detection/CVC-ClinicDB/PNG/Original/366.png,CVC-ClinicDB,cvc_seq_18,train,1,0
/home/samsul/Documents/Polyp Detection/CVC-ClinicDB/PNG/Original/367.png,CVC-ClinicDB,cvc_seq_18,train,1,0
/home/samsul/Documents/Polyp Detection/CVC-ClinicDB/PNG/Original/368.png,CVC-ClinicDB,cvc_seq_18,train,1,0
/home/samsul/Documents/Polyp Detection/CVC-ClinicDB/PNG/Original/369.png,CVC-ClinicDB,cvc_seq_18,train,1,0
/home/samsul/Documents/Polyp Detection/CVC-ClinicDB/PNG/Original/37.png,CVC-ClinicDB,cvc_seq_2,train,1,0
/home/samsul/Documents/Polyp Detection/CVC-ClinicDB/PNG/Original/370.png,CVC-ClinicDB,cvc_seq_18,train,1,0
/home/samsul/Documents/Polyp Detection/CVC-ClinicDB/PNG/Original/371.png,CVC-ClinicDB,cvc_seq_18,train,1,0
/home/samsul/Documents/Polyp Detection/CVC-ClinicDB/PNG/Original/372.png,CVC-ClinicDB,cvc_seq_18,train,1,0
/home/samsul/Documents/Polyp Detection/CVC-ClinicDB/PNG/Original/373.png,CVC-ClinicDB,cvc_seq_18,train,1,0
/home/samsul/Documents/Polyp Detection/CVC-ClinicDB/PNG/Original/374.png,CVC-ClinicDB,cvc_seq_18,train,1,0
/home/samsul/Documents/Polyp Detection/CVC-ClinicDB/PNG/Original/375.png,CVC-ClinicDB,cvc_seq_18,train,1,0
/home/samsul/Documents/Polyp Detection/CVC-ClinicDB/PNG/Original/376.png,CVC-ClinicDB,cvc_seq_18,train,1,0
/home/samsul/Documents/Polyp Detection/CVC-ClinicDB/PNG/Original/377.png,CVC-ClinicDB,cvc_seq_18,train,1,0
/home/samsul/Documents/Polyp Detection/CVC-ClinicDB/PNG/Original/378.png,CVC-ClinicDB,cvc_seq_18,train,1,0
/home/samsul/Documents/Polyp Detection/CVC-ClinicDB/PNG/Original/379.png,CVC-ClinicDB,cvc_seq_18,train,1,0
/home/samsul/Documents/Polyp Detection/CVC-ClinicDB/PNG/Original/38.png,CVC-ClinicDB,cvc_seq_2,train,1,0
/home/samsul/Documents/Polyp Detection/CVC-ClinicDB/PNG/Original/380.png,CVC-ClinicDB,cvc_seq_18,train,1,0
/home/samsul/Documents/Polyp Detection/CVC-ClinicDB/PNG/Original/381.png,CVC-ClinicDB,cvc_seq_18,train,1,0
/home/samsul/Documents/Polyp Detection/CVC-ClinicDB/PNG/Original/382.png,CVC-ClinicDB,cvc_seq_18,train,1,0
/home/samsul/Documents/Polyp Detection/CVC-ClinicDB/PNG/Original/383.png,CVC-ClinicDB,cvc_seq_18,train,1,0
/home/samsul/Documents/Polyp Detection/CVC-ClinicDB/PNG/Original/384.png,CVC-ClinicDB,cvc_seq_19,train,1,0
/home/samsul/Documents/Polyp Detection/CVC-ClinicDB/PNG/Original/385.png,CVC-ClinicDB,cvc_seq_19,train,1,0
/home/samsul/Documents/Polyp Detection/CVC-ClinicDB/PNG/Original/386.png,CVC-ClinicDB,cvc_seq_19,train,1,0
/home/samsul/Documents/Polyp Detection/CVC-ClinicDB/PNG/Original/387.png,CVC-ClinicDB,cvc_seq_19,train,1,0
/home/samsul/Documents/Polyp Detection/CVC-ClinicDB/PNG/Original/388.png,CVC-ClinicDB,cvc_seq_19,train,1,0
/home/samsul/Documents/Polyp Detection/CVC-ClinicDB/PNG/Original/389.png,CVC-ClinicDB,cvc_seq_19,train,1,0
/home/samsul/Documents/Polyp Detection/CVC-ClinicDB/PNG/Original/39.png,CVC-ClinicDB,cvc_seq_2,train,1,0
/home/samsul/Documents/Polyp Detection/CVC-ClinicDB/PNG/Original/390.png,CVC-ClinicDB,cvc_seq_19,train,1,0
/home/samsul/Documents/Polyp Detection/CVC-ClinicDB/PNG/Original/391.png,CVC-ClinicDB,cvc_seq_19,train,1,0
/home/samsul/Documents/Polyp Detection/CVC-ClinicDB/PNG/Original/392.png,CVC-ClinicDB,cvc_seq_19,train,1,0
/home/samsul/Documents/Polyp Detection/CVC-ClinicDB/PNG/Original/393.png,CVC-ClinicDB,cvc_seq_19,train,1,0
/home/samsul/Documents/Polyp Detection/CVC-ClinicDB/PNG/Original/394.png,CVC-ClinicDB,cvc_seq_19,train,1,0
/home/samsul/Documents/Polyp Detection/CVC-ClinicDB/PNG/Original/395.png,CVC-ClinicDB,cvc_seq_19,train,1,0
/home/samsul/Documents/Polyp Detection/CVC-ClinicDB/PNG/Original/396.png,CVC-ClinicDB,cvc_seq_19,train,1,0
/home/samsul/Documents/Polyp Detection/CVC-ClinicDB/PNG/Original/397.png,CVC-ClinicDB,cvc_seq_19,train,1,0
/home/samsul/Documents/Polyp Detection/CVC-ClinicDB/PNG/Original/398.png,CVC-ClinicDB,cvc_seq_19,train,1,0
/home/samsul/Documents/Polyp Detection/CVC-ClinicDB/PNG/Original/399.png,CVC-ClinicDB,cvc_seq_19,train,1,0
/home/samsul/Documents/Polyp Detection/CVC-ClinicDB/PNG/Original/4.png,CVC-ClinicDB,cvc_seq_1,train,1,0
/home/samsul/Documents/Polyp Detection/CVC-ClinicDB/PNG/Original/40.png,CVC-ClinicDB,cvc_seq_2,train,1,0
/home/samsul/Documents/Polyp Detection/CVC-ClinicDB/PNG/Original/400.png,CVC-ClinicDB,cvc_seq_19,train,1,0
/home/samsul/Documents/Polyp Detection/CVC-ClinicDB/PNG/Original/401.png,CVC-ClinicDB,cvc_seq_19,train,1,0
/home/samsul/Documents/Polyp Detection/CVC-ClinicDB/PNG/Original/402.png,CVC-ClinicDB,cvc_seq_19,train,1,0
/home/samsul/Documents/Polyp Detection/CVC-ClinicDB/PNG/Original/403.png,CVC-ClinicDB,cvc_seq_19,train,1,0
/home/samsul/Documents/Polyp Detection/CVC-ClinicDB/PNG/Original/404.png,CVC-ClinicDB,cvc_seq_19,train,1,0
/home/samsul/Documents/Polyp Detection/CVC-ClinicDB/PNG/Original/405.png,CVC-ClinicDB,cvc_seq_19,train,1,0
/home/samsul/Documents/Polyp Detection/CVC-ClinicDB/PNG/Original/406.png,CVC-ClinicDB,cvc_seq_19,train,1,0
/home/samsul/Documents/Polyp Detection/CVC-ClinicDB/PNG/Original/407.png,CVC-ClinicDB,cvc_seq_19,train,1,0
/home/samsul/Documents/Polyp Detection/CVC-ClinicDB/PNG/Original/408.png,CVC-ClinicDB,cvc_seq_19,train,1,0
/home/samsul/Documents/Polyp Detection/CVC-ClinicDB/PNG/Original/409.png,CVC-ClinicDB,cvc_seq_20,train,1,0
/home/samsul/Documents/Polyp Detection/CVC-ClinicDB/PNG/Original/41.png,CVC-ClinicDB,cvc_seq_2,train,1,0
/home/samsul/Documents/Polyp Detection/CVC-ClinicDB/PNG/Original/410.png,CVC-ClinicDB,cvc_seq_20,train,1,0
/home/samsul/Documents/Polyp Detection/CVC-ClinicDB/PNG/Original/411.png,CVC-ClinicDB,cvc_seq_20,train,1,0
/home/samsul/Documents/Polyp Detection/CVC-ClinicDB/PNG/Original/412.png,CVC-ClinicDB,cvc_seq_20,train,1,0
/home/samsul/Documents/Polyp Detection/CVC-ClinicDB/PNG/Original/413.png,CVC-ClinicDB,cvc_seq_20,train,1,0
/home/samsul/Documents/Polyp Detection/CVC-ClinicDB/PNG/Original/414.png,CVC-ClinicDB,cvc_seq_20,train,1,0
/home/samsul/Documents/Polyp Detection/CVC-ClinicDB/PNG/Original/415.png,CVC-ClinicDB,cvc_seq_20,train,1,0
/home/samsul/Documents/Polyp Detection/CVC-ClinicDB/PNG/Original/416.png,CVC-ClinicDB,cvc_seq_20,train,1,0
/home/samsul/Documents/Polyp Detection/CVC-ClinicDB/PNG/Original/417.png,CVC-ClinicDB,cvc_seq_20,train,1,0
/home/samsul/Documents/Polyp Detection/CVC-ClinicDB/PNG/Original/418.png,CVC-ClinicDB,cvc_seq_20,train,1,0
/home/samsul/Documents/Polyp Detection/CVC-ClinicDB/PNG/Original/419.png,CVC-ClinicDB,cvc_seq_20,train,1,0
/home/samsul/Documents/Polyp Detection/CVC-ClinicDB/PNG/Original/42.png,CVC-ClinicDB,cvc_seq_2,train,1,0
/home/samsul/Documents/Polyp Detection/CVC-ClinicDB/PNG/Original/420.png,CVC-ClinicDB,cvc_seq_20,train,1,0
/home/samsul/Documents/Polyp Detection/CVC-ClinicDB/PNG/Original/421.png,CVC-ClinicDB,cvc_seq_20,train,1,0
/home/samsul/Documents/Polyp Detection/CVC-ClinicDB/PNG/Original/422.png,CVC-ClinicDB,cvc_seq_20,train,1,0
/home/samsul/Documents/Polyp Detection/CVC-ClinicDB/PNG/Original/423.png,CVC-ClinicDB,cvc_seq_20,train,1,0
/home/samsul/Documents/Polyp Detection/CVC-ClinicDB/PNG/Original/424.png,CVC-ClinicDB,cvc_seq_20,train,1,0
/home/samsul/Documents/Polyp Detection/CVC-ClinicDB/PNG/Original/425.png,CVC-ClinicDB,cvc_seq_20,train,1,0
/home/samsul/Documents/Polyp Detection/CVC-ClinicDB/PNG/Original/426.png,CVC-ClinicDB,cvc_seq_20,train,1,0
/home/samsul/Documents/Polyp Detection/CVC-ClinicDB/PNG/Original/427.png,CVC-ClinicDB,cvc_seq_20,train,1,0
/home/samsul/Documents/Polyp Detection/CVC-ClinicDB/PNG/Original/428.png,CVC-ClinicDB,cvc_seq_20,train,1,0
/home/samsul/Documents/Polyp Detection/CVC-ClinicDB/PNG/Original/429.png,CVC-ClinicDB,cvc_seq_21,train,1,0
/home/samsul/Documents/Polyp Detection/CVC-ClinicDB/PNG/Original/43.png,CVC-ClinicDB,cvc_seq_2,train,1,0
/home/samsul/Documents/Polyp Detection/CVC-ClinicDB/PNG/Original/430.png,CVC-ClinicDB,cvc_seq_21,train,1,0
/home/samsul/Documents/Polyp Detection/CVC-ClinicDB/PNG/Original/431.png,CVC-ClinicDB,cvc_seq_21,train,1,0
/home/samsul/Documents/Polyp Detection/CVC-ClinicDB/PNG/Original/432.png,CVC-ClinicDB,cvc_seq_21,train,1,0
/home/samsul/Documents/Polyp Detection/CVC-ClinicDB/PNG/Original/433.png,CVC-ClinicDB,cvc_seq_21,train,1,0
/home/samsul/Documents/Polyp Detection/CVC-ClinicDB/PNG/Original/434.png,CVC-ClinicDB,cvc_seq_21,train,1,0
/home/samsul/Documents/Polyp Detection/CVC-ClinicDB/PNG/Original/435.png,CVC-ClinicDB,cvc_seq_21,train,1,0
/home/samsul/Documents/Polyp Detection/CVC-ClinicDB/PNG/Original/436.png,CVC-ClinicDB,cvc_seq_21,train,1,0
/home/samsul/Documents/Polyp Detection/CVC-ClinicDB/PNG/Original/437.png,CVC-ClinicDB,cvc_seq_21,train,1,0
/home/samsul/Documents/Polyp Detection/CVC-ClinicDB/PNG/Original/438.png,CVC-ClinicDB,cvc_seq_21,train,1,0
/home/samsul/Documents/Polyp Detection/CVC-ClinicDB/PNG/Original/439.png,CVC-ClinicDB,cvc_seq_21,train,1,0
/home/samsul/Documents/Polyp Detection/CVC-ClinicDB/PNG/Original/44.png,CVC-ClinicDB,cvc_seq_2,train,1,0
/home/samsul/Documents/Polyp Detection/CVC-ClinicDB/PNG/Original/440.png,CVC-ClinicDB,cvc_seq_21,train,1,0
/home/samsul/Documents/Polyp Detection/CVC-ClinicDB/PNG/Original/441.png,CVC-ClinicDB,cvc_seq_21,train,1,0
/home/samsul/Documents/Polyp Detection/CVC-ClinicDB/PNG/Original/442.png,CVC-ClinicDB,cvc_seq_21,train,1,0
/home/samsul/Documents/Polyp Detection/CVC-ClinicDB/PNG/Original/443.png,CVC-ClinicDB,cvc_seq_21,train,1,0
/home/samsul/Documents/Polyp Detection/CVC-ClinicDB/PNG/Original/444.png,CVC-ClinicDB,cvc_seq_21,train,1,0
/home/samsul/Documents/Polyp Detection/CVC-ClinicDB/PNG/Original/445.png,CVC-ClinicDB,cvc_seq_21,train,1,0
/home/samsul/Documents/Polyp Detection/CVC-ClinicDB/PNG/Original/446.png,CVC-ClinicDB,cvc_seq_21,train,1,0
/home/samsul/Documents/Polyp Detection/CVC-ClinicDB/PNG/Original/447.png,CVC-ClinicDB,cvc_seq_21,train,1,0
/home/samsul/Documents/Polyp Detection/CVC-ClinicDB/PNG/Original/448.png,CVC-ClinicDB,cvc_seq_22,val,1,0
/home/samsul/Documents/Polyp Detection/CVC-ClinicDB/PNG/Original/449.png,CVC-ClinicDB,cvc_seq_22,val,1,0
/home/samsul/Documents/Polyp Detection/CVC-ClinicDB/PNG/Original/45.png,CVC-ClinicDB,cvc_seq_2,train,1,0
/home/samsul/Documents/Polyp Detection/CVC-ClinicDB/PNG/Original/450.png,CVC-ClinicDB,cvc_seq_22,val,1,0
/home/samsul/Documents/Polyp Detection/CVC-ClinicDB/PNG/Original/451.png,CVC-ClinicDB,cvc_seq_22,val,1,0
/home/samsul/Documents/Polyp Detection/CVC-ClinicDB/PNG/Original/452.png,CVC-ClinicDB,cvc_seq_22,val,1,0
/home/samsul/Documents/Polyp Detection/CVC-ClinicDB/PNG/Original/453.png,CVC-ClinicDB,cvc_seq_22,val,1,0
/home/samsul/Documents/Polyp Detection/CVC-ClinicDB/PNG/Original/454.png,CVC-ClinicDB,cvc_seq_22,val,1,0
/home/samsul/Documents/Polyp Detection/CVC-ClinicDB/PNG/Original/455.png,CVC-ClinicDB,cvc_seq_22,val,1,0
/home/samsul/Documents/Polyp Detection/CVC-ClinicDB/PNG/Original/456.png,CVC-ClinicDB,cvc_seq_22,val,1,0
/home/samsul/Documents/Polyp Detection/CVC-ClinicDB/PNG/Original/457.png,CVC-ClinicDB,cvc_seq_22,val,1,0
/home/samsul/Documents/Polyp Detection/CVC-ClinicDB/PNG/Original/458.png,CVC-ClinicDB,cvc_seq_22,val,1,0
/home/samsul/Documents/Polyp Detection/CVC-ClinicDB/PNG/Original/459.png,CVC-ClinicDB,cvc_seq_22,val,1,0
/home/samsul/Documents/Polyp Detection/CVC-ClinicDB/PNG/Original/46.png,CVC-ClinicDB,cvc_seq_2,train,1,0
/home/samsul/Documents/Polyp Detection/CVC-ClinicDB/PNG/Original/460.png,CVC-ClinicDB,cvc_seq_22,val,1,0
/home/samsul/Documents/Polyp Detection/CVC-ClinicDB/PNG/Original/461.png,CVC-ClinicDB,cvc_seq_22,val,1,0
/home/samsul/Documents/Polyp Detection/CVC-ClinicDB/PNG/Original/462.png,CVC-ClinicDB,cvc_seq_22,val,1,0
/home/samsul/Documents/Polyp Detection/CVC-ClinicDB/PNG/Original/463.png,CVC-ClinicDB,cvc_seq_22,val,1,0
/home/samsul/Documents/Polyp Detection/CVC-ClinicDB/PNG/Original/464.png,CVC-ClinicDB,cvc_seq_22,val,1,0
/home/samsul/Documents/Polyp Detection/CVC-ClinicDB/PNG/Original/465.png,CVC-ClinicDB,cvc_seq_22,val,1,0
/home/samsul/Documents/Polyp Detection/CVC-ClinicDB/PNG/Original/466.png,CVC-ClinicDB,cvc_seq_22,val,1,0
/home/samsul/Documents/Polyp Detection/CVC-ClinicDB/PNG/Original/467.png,CVC-ClinicDB,cvc_seq_23,train,1,0
/home/samsul/Documents/Polyp Detection/CVC-ClinicDB/PNG/Original/468.png,CVC-ClinicDB,cvc_seq_23,train,1,0
/home/samsul/Documents/Polyp Detection/CVC-ClinicDB/PNG/Original/469.png,CVC-ClinicDB,cvc_seq_23,train,1,0
/home/samsul/Documents/Polyp Detection/CVC-ClinicDB/PNG/Original/47.png,CVC-ClinicDB,cvc_seq_2,train,1,0
/home/samsul/Documents/Polyp Detection/CVC-ClinicDB/PNG/Original/470.png,CVC-ClinicDB,cvc_seq_23,train,1,0
/home/samsul/Documents/Polyp Detection/CVC-ClinicDB/PNG/Original/471.png,CVC-ClinicDB,cvc_seq_23,train,1,0
/home/samsul/Documents/Polyp Detection/CVC-ClinicDB/PNG/Original/472.png,CVC-ClinicDB,cvc_seq_23,train,1,0
/home/samsul/Documents/Polyp Detection/CVC-ClinicDB/PNG/Original/473.png,CVC-ClinicDB,cvc_seq_23,train,1,0
/home/samsul/Documents/Polyp Detection/CVC-ClinicDB/PNG/Original/474.png,CVC-ClinicDB,cvc_seq_23,train,1,0
/home/samsul/Documents/Polyp Detection/CVC-ClinicDB/PNG/Original/475.png,CVC-ClinicDB,cvc_seq_23,train,1,0
/home/samsul/Documents/Polyp Detection/CVC-ClinicDB/PNG/Original/476.png,CVC-ClinicDB,cvc_seq_23,train,1,0
/home/samsul/Documents/Polyp Detection/CVC-ClinicDB/PNG/Original/477.png,CVC-ClinicDB,cvc_seq_23,train,1,0
/home/samsul/Documents/Polyp Detection/CVC-ClinicDB/PNG/Original/478.png,CVC-ClinicDB,cvc_seq_23,train,1,0
/home/samsul/Documents/Polyp Detection/CVC-ClinicDB/PNG/Original/479.png,CVC-ClinicDB,cvc_seq_24,train,1,0
/home/samsul/Documents/Polyp Detection/CVC-ClinicDB/PNG/Original/48.png,CVC-ClinicDB,cvc_seq_2,train,1,0
/home/samsul/Documents/Polyp Detection/CVC-ClinicDB/PNG/Original/480.png,CVC-ClinicDB,cvc_seq_24,train,1,0
/home/samsul/Documents/Polyp Detection/CVC-ClinicDB/PNG/Original/481.png,CVC-ClinicDB,cvc_seq_24,train,1,0
/home/samsul/Documents/Polyp Detection/CVC-ClinicDB/PNG/Original/482.png,CVC-ClinicDB,cvc_seq_24,train,1,0
/home/samsul/Documents/Polyp Detection/CVC-ClinicDB/PNG/Original/483.png,CVC-ClinicDB,cvc_seq_24,train,1,0
/home/samsul/Documents/Polyp Detection/CVC-ClinicDB/PNG/Original/484.png,CVC-ClinicDB,cvc_seq_24,train,1,0
/home/samsul/Documents/Polyp Detection/CVC-ClinicDB/PNG/Original/485.png,CVC-ClinicDB,cvc_seq_24,train,1,0
/home/samsul/Documents/Polyp Detection/CVC-ClinicDB/PNG/Original/486.png,CVC-ClinicDB,cvc_seq_24,train,1,0
/home/samsul/Documents/Polyp Detection/CVC-ClinicDB/PNG/Original/487.png,CVC-ClinicDB,cvc_seq_24,train,1,0
/home/samsul/Documents/Polyp Detection/CVC-ClinicDB/PNG/Original/488.png,CVC-ClinicDB,cvc_seq_24,train,1,0
/home/samsul/Documents/Polyp Detection/CVC-ClinicDB/PNG/Original/489.png,CVC-ClinicDB,cvc_seq_24,train,1,0
/home/samsul/Documents/Polyp Detection/CVC-ClinicDB/PNG/Original/49.png,CVC-ClinicDB,cvc_seq_2,train,1,0
/home/samsul/Documents/Polyp Detection/CVC-ClinicDB/PNG/Original/490.png,CVC-ClinicDB,cvc_seq_24,train,1,0
/home/samsul/Documents/Polyp Detection/CVC-ClinicDB/PNG/Original/491.png,CVC-ClinicDB,cvc_seq_24,train,1,0
/home/samsul/Documents/Polyp Detection/CVC-ClinicDB/PNG/Original/492.png,CVC-ClinicDB,cvc_seq_24,train,1,0
/home/samsul/Documents/Polyp Detection/CVC-ClinicDB/PNG/Original/493.png,CVC-ClinicDB,cvc_seq_24,train,1,0
/home/samsul/Documents/Polyp Detection/CVC-ClinicDB/PNG/Original/494.png,CVC-ClinicDB,cvc_seq_24,train,1,0
/home/samsul/Documents/Polyp Detection/CVC-ClinicDB/PNG/Original/495.png,CVC-ClinicDB,cvc_seq_24,train,1,0
/home/samsul/Documents/Polyp Detection/CVC-ClinicDB/PNG/Original/496.png,CVC-ClinicDB,cvc_seq_24,train,1,0
/home/samsul/Documents/Polyp Detection/CVC-ClinicDB/PNG/Original/497.png,CVC-ClinicDB,cvc_seq_24,train,1,0
/home/samsul/Documents/Polyp Detection/CVC-ClinicDB/PNG/Original/498.png,CVC-ClinicDB,cvc_seq_24,train,1,0
/home/samsul/Documents/Polyp Detection/CVC-ClinicDB/PNG/Original/499.png,CVC-ClinicDB,cvc_seq_24,train,1,0
/home/samsul/Documents/Polyp Detection/CVC-ClinicDB/PNG/Original/5.png,CVC-ClinicDB,cvc_seq_1,train,1,0
/home/samsul/Documents/Polyp Detection/CVC-ClinicDB/PNG/Original/50.png,CVC-ClinicDB,cvc_seq_2,train,1,0
/home/samsul/Documents/Polyp Detection/CVC-ClinicDB/PNG/Original/500.png,CVC-ClinicDB,cvc_seq_24,train,1,0
/home/samsul/Documents/Polyp Detection/CVC-ClinicDB/PNG/Original/501.png,CVC-ClinicDB,cvc_seq_24,train,1,0
/home/samsul/Documents/Polyp Detection/CVC-ClinicDB/PNG/Original/502.png,CVC-ClinicDB,cvc_seq_24,train,1,0
/home/samsul/Documents/Polyp Detection/CVC-ClinicDB/PNG/Original/503.png,CVC-ClinicDB,cvc_seq_24,train,1,0
/home/samsul/Documents/Polyp Detection/CVC-ClinicDB/PNG/Original/504.png,CVC-ClinicDB,cvc_seq_25,train,1,0
/home/samsul/Documents/Polyp Detection/CVC-ClinicDB/PNG/Original/505.png,CVC-ClinicDB,cvc_seq_25,train,1,0
/home/samsul/Documents/Polyp Detection/CVC-ClinicDB/PNG/Original/506.png,CVC-ClinicDB,cvc_seq_25,train,1,0
/home/samsul/Documents/Polyp Detection/CVC-ClinicDB/PNG/Original/507.png,CVC-ClinicDB,cvc_seq_25,train,1,0
/home/samsul/Documents/Polyp Detection/CVC-ClinicDB/PNG/Original/508.png,CVC-ClinicDB,cvc_seq_25,train,1,0
/home/samsul/Documents/Polyp Detection/CVC-ClinicDB/PNG/Original/509.png,CVC-ClinicDB,cvc_seq_25,train,1,0
/home/samsul/Documents/Polyp Detection/CVC-ClinicDB/PNG/Original/51.png,CVC-ClinicDB,cvc_seq_3,train,1,0
/home/samsul/Documents/Polyp Detection/CVC-ClinicDB/PNG/Original/510.png,CVC-ClinicDB,cvc_seq_25,train,1,0
/home/samsul/Documents/Polyp Detection/CVC-ClinicDB/PNG/Original/511.png,CVC-ClinicDB,cvc_seq_25,train,1,0
/home/samsul/Documents/Polyp Detection/CVC-ClinicDB/PNG/Original/512.png,CVC-ClinicDB,cvc_seq_25,train,1,0
/home/samsul/Documents/Polyp Detection/CVC-ClinicDB/PNG/Original/513.png,CVC-ClinicDB,cvc_seq_25,train,1,0
/home/samsul/Documents/Polyp Detection/CVC-ClinicDB/PNG/Original/514.png,CVC-ClinicDB,cvc_seq_25,train,1,0
/home/samsul/Documents/Polyp Detection/CVC-ClinicDB/PNG/Original/515.png,CVC-ClinicDB,cvc_seq_25,train,1,0
/home/samsul/Documents/Polyp Detection/CVC-ClinicDB/PNG/Original/516.png,CVC-ClinicDB,cvc_seq_25,train,1,0
/home/samsul/Documents/Polyp Detection/CVC-ClinicDB/PNG/Original/517.png,CVC-ClinicDB,cvc_seq_25,train,1,0
/home/samsul/Documents/Polyp Detection/CVC-ClinicDB/PNG/Original/518.png,CVC-ClinicDB,cvc_seq_25,train,1,0
/home/samsul/Documents/Polyp Detection/CVC-ClinicDB/PNG/Original/519.png,CVC-ClinicDB,cvc_seq_25,train,1,0
/home/samsul/Documents/Polyp Detection/CVC-ClinicDB/PNG/Original/52.png,CVC-ClinicDB,cvc_seq_3,train,1,0
/home/samsul/Documents/Polyp Detection/CVC-ClinicDB/PNG/Original/520.png,CVC-ClinicDB,cvc_seq_25,train,1,0
/home/samsul/Documents/Polyp Detection/CVC-ClinicDB/PNG/Original/521.png,CVC-ClinicDB,cvc_seq_25,train,1,0
/home/samsul/Documents/Polyp Detection/CVC-ClinicDB/PNG/Original/522.png,CVC-ClinicDB,cvc_seq_25,train,1,0
/home/samsul/Documents/Polyp Detection/CVC-ClinicDB/PNG/Original/523.png,CVC-ClinicDB,cvc_seq_25,train,1,0
/home/samsul/Documents/Polyp Detection/CVC-ClinicDB/PNG/Original/524.png,CVC-ClinicDB,cvc_seq_25,train,1,0
/home/samsul/Documents/Polyp Detection/CVC-ClinicDB/PNG/Original/525.png,CVC-ClinicDB,cvc_seq_25,train,1,0
/home/samsul/Documents/Polyp Detection/CVC-ClinicDB/PNG/Original/526.png,CVC-ClinicDB,cvc_seq_25,train,1,0
/home/samsul/Documents/Polyp Detection/CVC-ClinicDB/PNG/Original/527.png,CVC-ClinicDB,cvc_seq_25,train,1,0
/home/samsul/Documents/Polyp Detection/CVC-ClinicDB/PNG/Original/528.png,CVC-ClinicDB,cvc_seq_25,train,1,0
/home/samsul/Documents/Polyp Detection/CVC-ClinicDB/PNG/Original/529.png,CVC-ClinicDB,cvc_seq_26,test,1,0
/home/samsul/Documents/Polyp Detection/CVC-ClinicDB/PNG/Original/53.png,CVC-ClinicDB,cvc_seq_3,train,1,0
/home/samsul/Documents/Polyp Detection/CVC-ClinicDB/PNG/Original/530.png,CVC-ClinicDB,cvc_seq_26,test,1,0
/home/samsul/Documents/Polyp Detection/CVC-ClinicDB/PNG/Original/531.png,CVC-ClinicDB,cvc_seq_26,test,1,0
/home/samsul/Documents/Polyp Detection/CVC-ClinicDB/PNG/Original/532.png,CVC-ClinicDB,cvc_seq_26,test,1,0
/home/samsul/Documents/Polyp Detection/CVC-ClinicDB/PNG/Original/533.png,CVC-ClinicDB,cvc_seq_26,test,1,0
/home/samsul/Documents/Polyp Detection/CVC-ClinicDB/PNG/Original/534.png,CVC-ClinicDB,cvc_seq_26,test,1,0
/home/samsul/Documents/Polyp Detection/CVC-ClinicDB/PNG/Original/535.png,CVC-ClinicDB,cvc_seq_26,test,1,0
/home/samsul/Documents/Polyp Detection/CVC-ClinicDB/PNG/Original/536.png,CVC-ClinicDB,cvc_seq_26,test,1,0
/home/samsul/Documents/Polyp Detection/CVC-ClinicDB/PNG/Original/537.png,CVC-ClinicDB,cvc_seq_26,test,1,0
/home/samsul/Documents/Polyp Detection/CVC-ClinicDB/PNG/Original/538.png,CVC-ClinicDB,cvc_seq_26,test,1,0
/home/samsul/Documents/Polyp Detection/CVC-ClinicDB/PNG/Original/539.png,CVC-ClinicDB,cvc_seq_26,test,1,0
/home/samsul/Documents/Polyp Detection/CVC-ClinicDB/PNG/Original/54.png,CVC-ClinicDB,cvc_seq_3,train,1,0
/home/samsul/Documents/Polyp Detection/CVC-ClinicDB/PNG/Original/540.png,CVC-ClinicDB,cvc_seq_26,test,1,0
/home/samsul/Documents/Polyp Detection/CVC-ClinicDB/PNG/Original/541.png,CVC-ClinicDB,cvc_seq_26,test,1,0
/home/samsul/Documents/Polyp Detection/CVC-ClinicDB/PNG/Original/542.png,CVC-ClinicDB,cvc_seq_26,test,1,0
/home/samsul/Documents/Polyp Detection/CVC-ClinicDB/PNG/Original/543.png,CVC-ClinicDB,cvc_seq_26,test,1,0
/home/samsul/Documents/Polyp Detection/CVC-ClinicDB/PNG/Original/544.png,CVC-ClinicDB,cvc_seq_26,test,1,0
/home/samsul/Documents/Polyp Detection/CVC-ClinicDB/PNG/Original/545.png,CVC-ClinicDB,cvc_seq_26,test,1,0
/home/samsul/Documents/Polyp Detection/CVC-ClinicDB/PNG/Original/546.png,CVC-ClinicDB,cvc_seq_26,test,1,0
/home/samsul/Documents/Polyp Detection/CVC-ClinicDB/PNG/Original/547.png,CVC-ClinicDB,cvc_seq_27,test,1,0
/home/samsul/Documents/Polyp Detection/CVC-ClinicDB/PNG/Original/548.png,CVC-ClinicDB,cvc_seq_27,test,1,0
/home/samsul/Documents/Polyp Detection/CVC-ClinicDB/PNG/Original/549.png,CVC-ClinicDB,cvc_seq_27,test,1,0
/home/samsul/Documents/Polyp Detection/CVC-ClinicDB/PNG/Original/55.png,CVC-ClinicDB,cvc_seq_3,train,1,0
/home/samsul/Documents/Polyp Detection/CVC-ClinicDB/PNG/Original/550.png,CVC-ClinicDB,cvc_seq_27,test,1,0
/home/samsul/Documents/Polyp Detection/CVC-ClinicDB/PNG/Original/551.png,CVC-ClinicDB,cvc_seq_27,test,1,0
/home/samsul/Documents/Polyp Detection/CVC-ClinicDB/PNG/Original/552.png,CVC-ClinicDB,cvc_seq_27,test,1,0
/home/samsul/Documents/Polyp Detection/CVC-ClinicDB/PNG/Original/553.png,CVC-ClinicDB,cvc_seq_27,test,1,0
/home/samsul/Documents/Polyp Detection/CVC-ClinicDB/PNG/Original/554.png,CVC-ClinicDB,cvc_seq_27,test,1,0
/home/samsul/Documents/Polyp Detection/CVC-ClinicDB/PNG/Original/555.png,CVC-ClinicDB,cvc_seq_27,test,1,0
/home/samsul/Documents/Polyp Detection/CVC-ClinicDB/PNG/Original/556.png,CVC-ClinicDB,cvc_seq_27,test,1,0
/home/samsul/Documents/Polyp Detection/CVC-ClinicDB/PNG/Original/557.png,CVC-ClinicDB,cvc_seq_27,test,1,0
/home/samsul/Documents/Polyp Detection/CVC-ClinicDB/PNG/Original/558.png,CVC-ClinicDB,cvc_seq_27,test,1,0
/home/samsul/Documents/Polyp Detection/CVC-ClinicDB/PNG/Original/559.png,CVC-ClinicDB,cvc_seq_27,test,1,0
/home/samsul/Documents/Polyp Detection/CVC-ClinicDB/PNG/Original/56.png,CVC-ClinicDB,cvc_seq_3,train,1,0
/home/samsul/Documents/Polyp Detection/CVC-ClinicDB/PNG/Original/560.png,CVC-ClinicDB,cvc_seq_27,test,1,0
/home/samsul/Documents/Polyp Detection/CVC-ClinicDB/PNG/Original/561.png,CVC-ClinicDB,cvc_seq_27,test,1,0
/home/samsul/Documents/Polyp Detection/CVC-ClinicDB/PNG/Original/562.png,CVC-ClinicDB,cvc_seq_27,test,1,0
/home/samsul/Documents/Polyp Detection/CVC-ClinicDB/PNG/Original/563.png,CVC-ClinicDB,cvc_seq_27,test,1,0
/home/samsul/Documents/Polyp Detection/CVC-ClinicDB/PNG/Original/564.png,CVC-ClinicDB,cvc_seq_27,test,1,0
/home/samsul/Documents/Polyp Detection/CVC-ClinicDB/PNG/Original/565.png,CVC-ClinicDB,cvc_seq_27,test,1,0
/home/samsul/Documents/Polyp Detection/CVC-ClinicDB/PNG/Original/566.png,CVC-ClinicDB,cvc_seq_27,test,1,0
/home/samsul/Documents/Polyp Detection/CVC-ClinicDB/PNG/Original/567.png,CVC-ClinicDB,cvc_seq_27,test,1,0
/home/samsul/Documents/Polyp Detection/CVC-ClinicDB/PNG/Original/568.png,CVC-ClinicDB,cvc_seq_27,test,1,0
/home/samsul/Documents/Polyp Detection/CVC-ClinicDB/PNG/Original/569.png,CVC-ClinicDB,cvc_seq_27,test,1,0
/home/samsul/Documents/Polyp Detection/CVC-ClinicDB/PNG/Original/57.png,CVC-ClinicDB,cvc_seq_3,train,1,0
/home/samsul/Documents/Polyp Detection/CVC-ClinicDB/PNG/Original/570.png,CVC-ClinicDB,cvc_seq_27,test,1,0
/home/samsul/Documents/Polyp Detection/CVC-ClinicDB/PNG/Original/571.png,CVC-ClinicDB,cvc_seq_27,test,1,0
/home/samsul/Documents/Polyp Detection/CVC-ClinicDB/PNG/Original/572.png,CVC-ClinicDB,cvc_seq_28,train,1,0
/home/samsul/Documents/Polyp Detection/CVC-ClinicDB/PNG/Original/573.png,CVC-ClinicDB,cvc_seq_28,train,1,0
/home/samsul/Documents/Polyp Detection/CVC-ClinicDB/PNG/Original/574.png,CVC-ClinicDB,cvc_seq_28,train,1,0
/home/samsul/Documents/Polyp Detection/CVC-ClinicDB/PNG/Original/575.png,CVC-ClinicDB,cvc_seq_28,train,1,0
/home/samsul/Documents/Polyp Detection/CVC-ClinicDB/PNG/Original/576.png,CVC-ClinicDB,cvc_seq_28,train,1,0
/home/samsul/Documents/Polyp Detection/CVC-ClinicDB/PNG/Original/577.png,CVC-ClinicDB,cvc_seq_28,train,1,0
/home/samsul/Documents/Polyp Detection/CVC-ClinicDB/PNG/Original/578.png,CVC-ClinicDB,cvc_seq_28,train,1,0
/home/samsul/Documents/Polyp Detection/CVC-ClinicDB/PNG/Original/579.png,CVC-ClinicDB,cvc_seq_28,train,1,0
/home/samsul/Documents/Polyp Detection/CVC-ClinicDB/PNG/Original/58.png,CVC-ClinicDB,cvc_seq_3,train,1,0
/home/samsul/Documents/Polyp Detection/CVC-ClinicDB/PNG/Original/580.png,CVC-ClinicDB,cvc_seq_28,train,1,0
/home/samsul/Documents/Polyp Detection/CVC-ClinicDB/PNG/Original/581.png,CVC-ClinicDB,cvc_seq_28,train,1,0
/home/samsul/Documents/Polyp Detection/CVC-ClinicDB/PNG/Original/582.png,CVC-ClinicDB,cvc_seq_28,train,1,0
/home/samsul/Documents/Polyp Detection/CVC-ClinicDB/PNG/Original/583.png,CVC-ClinicDB,cvc_seq_28,train,1,0
/home/samsul/Documents/Polyp Detection/CVC-ClinicDB/PNG/Original/584.png,CVC-ClinicDB,cvc_seq_28,train,1,0
/home/samsul/Documents/Polyp Detection/CVC-ClinicDB/PNG/Original/585.png,CVC-ClinicDB,cvc_seq_28,train,1,0
/home/samsul/Documents/Polyp Detection/CVC-ClinicDB/PNG/Original/586.png,CVC-ClinicDB,cvc_seq_28,train,1,0
/home/samsul/Documents/Polyp Detection/CVC-ClinicDB/PNG/Original/587.png,CVC-ClinicDB,cvc_seq_28,train,1,0
/home/samsul/Documents/Polyp Detection/CVC-ClinicDB/PNG/Original/588.png,CVC-ClinicDB,cvc_seq_28,train,1,0
/home/samsul/Documents/Polyp Detection/CVC-ClinicDB/PNG/Original/589.png,CVC-ClinicDB,cvc_seq_28,train,1,0
/home/samsul/Documents/Polyp Detection/CVC-ClinicDB/PNG/Original/59.png,CVC-ClinicDB,cvc_seq_3,train,1,0
/home/samsul/Documents/Polyp Detection/CVC-ClinicDB/PNG/Original/590.png,CVC-ClinicDB,cvc_seq_28,train,1,0
/home/samsul/Documents/Polyp Detection/CVC-ClinicDB/PNG/Original/591.png,CVC-ClinicDB,cvc_seq_28,train,1,0
/home/samsul/Documents/Polyp Detection/CVC-ClinicDB/PNG/Original/592.png,CVC-ClinicDB,cvc_seq_29,train,1,0
/home/samsul/Documents/Polyp Detection/CVC-ClinicDB/PNG/Original/593.png,CVC-ClinicDB,cvc_seq_29,train,1,0
/home/samsul/Documents/Polyp Detection/CVC-ClinicDB/PNG/Original/594.png,CVC-ClinicDB,cvc_seq_29,train,1,0
/home/samsul/Documents/Polyp Detection/CVC-ClinicDB/PNG/Original/595.png,CVC-ClinicDB,cvc_seq_29,train,1,0
/home/samsul/Documents/Polyp Detection/CVC-ClinicDB/PNG/Original/596.png,CVC-ClinicDB,cvc_seq_29,train,1,0
/home/samsul/Documents/Polyp Detection/CVC-ClinicDB/PNG/Original/597.png,CVC-ClinicDB,cvc_seq_29,train,1,0
/home/samsul/Documents/Polyp Detection/CVC-ClinicDB/PNG/Original/598.png,CVC-ClinicDB,cvc_seq_29,train,1,0
/home/samsul/Documents/Polyp Detection/CVC-ClinicDB/PNG/Original/599.png,CVC-ClinicDB,cvc_seq_29,train,1,0
/home/samsul/Documents/Polyp Detection/CVC-ClinicDB/PNG/Original/6.png,CVC-ClinicDB,cvc_seq_1,train,1,0
/home/samsul/Documents/Polyp Detection/CVC-ClinicDB/PNG/Original/60.png,CVC-ClinicDB,cvc_seq_3,train,1,0
/home/samsul/Documents/Polyp Detection/CVC-ClinicDB/PNG/Original/600.png,CVC-ClinicDB,cvc_seq_29,train,1,0
/home/samsul/Documents/Polyp Detection/CVC-ClinicDB/PNG/Original/601.png,CVC-ClinicDB,cvc_seq_29,train,1,0
/home/samsul/Documents/Polyp Detection/CVC-ClinicDB/PNG/Original/602.png,CVC-ClinicDB,cvc_seq_29,train,1,0
/home/samsul/Documents/Polyp Detection/CVC-ClinicDB/PNG/Original/603.png,CVC-ClinicDB,cvc_seq_29,train,1,0
/home/samsul/Documents/Polyp Detection/CVC-ClinicDB/PNG/Original/604.png,CVC-ClinicDB,cvc_seq_29,train,1,0
/home/samsul/Documents/Polyp Detection/CVC-ClinicDB/PNG/Original/605.png,CVC-ClinicDB,cvc_seq_29,train,1,0
/home/samsul/Documents/Polyp Detection/CVC-ClinicDB/PNG/Original/606.png,CVC-ClinicDB,cvc_seq_29,train,1,0
/home/samsul/Documents/Polyp Detection/CVC-ClinicDB/PNG/Original/607.png,CVC-ClinicDB,cvc_seq_29,train,1,0
/home/samsul/Documents/Polyp Detection/CVC-ClinicDB/PNG/Original/608.png,CVC-ClinicDB,cvc_seq_29,train,1,0
/home/samsul/Documents/Polyp Detection/CVC-ClinicDB/PNG/Original/609.png,CVC-ClinicDB,cvc_seq_29,train,1,0
/home/samsul/Documents/Polyp Detection/CVC-ClinicDB/PNG/Original/61.png,CVC-ClinicDB,cvc_seq_3,train,1,0
/home/samsul/Documents/Polyp Detection/CVC-ClinicDB/PNG/Original/610.png,CVC-ClinicDB,cvc_seq_29,train,1,0
/home/samsul/Documents/Polyp Detection/CVC-ClinicDB/PNG/Original/611.png,CVC-ClinicDB,cvc_seq_29,train,1,0
/home/samsul/Documents/Polyp Detection/CVC-ClinicDB/PNG/Original/612.png,CVC-ClinicDB,cvc_seq_29,train,1,0
/home/samsul/Documents/Polyp Detection/CVC-ClinicDB/PNG/Original/62.png,CVC-ClinicDB,cvc_seq_3,train,1,0
/home/samsul/Documents/Polyp Detection/CVC-ClinicDB/PNG/Original/63.png,CVC-ClinicDB,cvc_seq_3,train,1,0
/home/samsul/Documents/Polyp Detection/CVC-ClinicDB/PNG/Original/64.png,CVC-ClinicDB,cvc_seq_3,train,1,0
/home/samsul/Documents/Polyp Detection/CVC-ClinicDB/PNG/Original/65.png,CVC-ClinicDB,cvc_seq_3,train,1,0
/home/samsul/Documents/Polyp Detection/CVC-ClinicDB/PNG/Original/66.png,CVC-ClinicDB,cvc_seq_3,train,1,0
/home/samsul/Documents/Polyp Detection/CVC-ClinicDB/PNG/Original/67.png,CVC-ClinicDB,cvc_seq_3,train,1,0
/home/samsul/Documents/Polyp Detection/CVC-ClinicDB/PNG/Original/68.png,CVC-ClinicDB,cvc_seq_4,train,1,0
/home/samsul/Documents/Polyp Detection/CVC-ClinicDB/PNG/Original/69.png,CVC-ClinicDB,cvc_seq_4,train,1,0
/home/samsul/Documents/Polyp Detection/CVC-ClinicDB/PNG/Original/7.png,CVC-ClinicDB,cvc_seq_1,train,1,0
/home/samsul/Documents/Polyp Detection/CVC-ClinicDB/PNG/Original/70.png,CVC-ClinicDB,cvc_seq_4,train,1,0
/home/samsul/Documents/Polyp Detection/CVC-ClinicDB/PNG/Original/71.png,CVC-ClinicDB,cvc_seq_4,train,1,1
/home/samsul/Documents/Polyp Detection/CVC-ClinicDB/PNG/Original/72.png,CVC-ClinicDB,cvc_seq_4,train,1,1
/home/samsul/Documents/Polyp Detection/CVC-ClinicDB/PNG/Original/73.png,CVC-ClinicDB,cvc_seq_4,train,1,0
/home/samsul/Documents/Polyp Detection/CVC-ClinicDB/PNG/Original/74.png,CVC-ClinicDB,cvc_seq_4,train,1,1
/home/samsul/Documents/Polyp Detection/CVC-ClinicDB/PNG/Original/75.png,CVC-ClinicDB,cvc_seq_4,train,1,1
/home/samsul/Documents/Polyp Detection/CVC-ClinicDB/PNG/Original/76.png,CVC-ClinicDB,cvc_seq_4,train,1,0
/home/samsul/Documents/Polyp Detection/CVC-ClinicDB/PNG/Original/77.png,CVC-ClinicDB,cvc_seq_4,train,1,0
/home/samsul/Documents/Polyp Detection/CVC-ClinicDB/PNG/Original/78.png,CVC-ClinicDB,cvc_seq_4,train,1,0
/home/samsul/Documents/Polyp Detection/CVC-ClinicDB/PNG/Original/79.png,CVC-ClinicDB,cvc_seq_5,train,1,0
/home/samsul/Documents/Polyp Detection/CVC-ClinicDB/PNG/Original/8.png,CVC-ClinicDB,cvc_seq_1,train,1,0
/home/samsul/Documents/Polyp Detection/CVC-ClinicDB/PNG/Original/80.png,CVC-ClinicDB,cvc_seq_5,train,1,0
/home/samsul/Documents/Polyp Detection/CVC-ClinicDB/PNG/Original/81.png,CVC-ClinicDB,cvc_seq_5,train,1,0
/home/samsul/Documents/Polyp Detection/CVC-ClinicDB/PNG/Original/82.png,CVC-ClinicDB,cvc_seq_5,train,1,0
/home/samsul/Documents/Polyp Detection/CVC-ClinicDB/PNG/Original/83.png,CVC-ClinicDB,cvc_seq_5,train,1,0
/home/samsul/Documents/Polyp Detection/CVC-ClinicDB/PNG/Original/84.png,CVC-ClinicDB,cvc_seq_5,train,1,0
/home/samsul/Documents/Polyp Detection/CVC-ClinicDB/PNG/Original/85.png,CVC-ClinicDB,cvc_seq_5,train,1,0
/home/samsul/Documents/Polyp Detection/CVC-ClinicDB/PNG/Original/86.png,CVC-ClinicDB,cvc_seq_5,train,1,0
/home/samsul/Documents/Polyp Detection/CVC-ClinicDB/PNG/Original/87.png,CVC-ClinicDB,cvc_seq_5,train,1,0
/home/samsul/Documents/Polyp Detection/CVC-ClinicDB/PNG/Original/88.png,CVC-ClinicDB,cvc_seq_5,train,1,0
/home/samsul/Documents/Polyp Detection/CVC-ClinicDB/PNG/Original/89.png,CVC-ClinicDB,cvc_seq_5,train,1,0
/home/samsul/Documents/Polyp Detection/CVC-ClinicDB/PNG/Original/9.png,CVC-ClinicDB,cvc_seq_1,train,1,0
/home/samsul/Documents/Polyp Detection/CVC-ClinicDB/PNG/Original/90.png,CVC-ClinicDB,cvc_seq_5,train,1,0
/home/samsul/Documents/Polyp Detection/CVC-ClinicDB/PNG/Original/91.png,CVC-ClinicDB,cvc_seq_5,train,1,0
/home/samsul/Documents/Polyp Detection/CVC-ClinicDB/PNG/Original/92.png,CVC-ClinicDB,cvc_seq_5,train,1,0
/home/samsul/Documents/Polyp Detection/CVC-ClinicDB/PNG/Original/93.png,CVC-ClinicDB,cvc_seq_5,train,1,0
/home/samsul/Documents/Polyp Detection/CVC-ClinicDB/PNG/Original/94.png,CVC-ClinicDB,cvc_seq_5,train,1,0
/home/samsul/Documents/Polyp Detection/CVC-ClinicDB/PNG/Original/95.png,CVC-ClinicDB,cvc_seq_5,train,1,0
/home/samsul/Documents/Polyp Detection/CVC-ClinicDB/PNG/Original/96.png,CVC-ClinicDB,cvc_seq_5,train,1,0
/home/samsul/Documents/Polyp Detection/CVC-ClinicDB/PNG/Original/97.png,CVC-ClinicDB,cvc_seq_5,train,1,0
/home/samsul/Documents/Polyp Detection/CVC-ClinicDB/PNG/Original/98.png,CVC-ClinicDB,cvc_seq_5,train,1,0
/home/samsul/Documents/Polyp Detection/CVC-ClinicDB/PNG/Original/99.png,CVC-ClinicDB,cvc_seq_5,train,1,0
/home/samsul/Documents/Polyp Detection/ETIS-LaribPolypDB/images/118.png,ETIS-Larib,etis,ood_test,1,0
/home/samsul/Documents/Polyp Detection/ETIS-LaribPolypDB/images/151.png,ETIS-Larib,etis,ood_test,1,0
/home/samsul/Documents/Polyp Detection/ETIS-LaribPolypDB/images/106.png,ETIS-Larib,etis,ood_test,1,0
/home/samsul/Documents/Polyp Detection/ETIS-LaribPolypDB/images/114.png,ETIS-Larib,etis,ood_test,1,0
/home/samsul/Documents/Polyp Detection/ETIS-LaribPolypDB/images/108.png,ETIS-Larib,etis,ood_test,1,0
/home/samsul/Documents/Polyp Detection/ETIS-LaribPolypDB/images/13.png,ETIS-Larib,etis,ood_test,1,0
/home/samsul/Documents/Polyp Detection/ETIS-LaribPolypDB/images/191.png,ETIS-Larib,etis,ood_test,1,1
/home/samsul/Documents/Polyp Detection/ETIS-LaribPolypDB/images/134.png,ETIS-Larib,etis,ood_test,1,0
/home/samsul/Documents/Polyp Detection/ETIS-LaribPolypDB/images/72.png,ETIS-Larib,etis,ood_test,1,0
/home/samsul/Documents/Polyp Detection/ETIS-LaribPolypDB/images/66.png,ETIS-Larib,etis,ood_test,1,0
/home/samsul/Documents/Polyp Detection/ETIS-LaribPolypDB/images/117.png,ETIS-Larib,etis,ood_test,1,0
/home/samsul/Documents/Polyp Detection/ETIS-LaribPolypDB/images/10.png,ETIS-Larib,etis,ood_test,1,0
/home/samsul/Documents/Polyp Detection/ETIS-LaribPolypDB/images/153.png,ETIS-Larib,etis,ood_test,1,0
/home/samsul/Documents/Polyp Detection/ETIS-LaribPolypDB/images/177.png,ETIS-Larib,etis,ood_test,1,0
/home/samsul/Documents/Polyp Detection/ETIS-LaribPolypDB/images/24.png,ETIS-Larib,etis,ood_test,1,0
/home/samsul/Documents/Polyp Detection/ETIS-LaribPolypDB/images/135.png,ETIS-Larib,etis,ood_test,1,0
/home/samsul/Documents/Polyp Detection/ETIS-LaribPolypDB/images/8.png,ETIS-Larib,etis,ood_test,1,0
/home/samsul/Documents/Polyp Detection/ETIS-LaribPolypDB/images/158.png,ETIS-Larib,etis,ood_test,1,0
/home/samsul/Documents/Polyp Detection/ETIS-LaribPolypDB/images/164.png,ETIS-Larib,etis,ood_test,1,0
/home/samsul/Documents/Polyp Detection/ETIS-LaribPolypDB/images/186.png,ETIS-Larib,etis,ood_test,1,0
/home/samsul/Documents/Polyp Detection/ETIS-LaribPolypDB/images/9.png,ETIS-Larib,etis,ood_test,1,0
/home/samsul/Documents/Polyp Detection/ETIS-LaribPolypDB/images/4.png,ETIS-Larib,etis,ood_test,1,0
/home/samsul/Documents/Polyp Detection/ETIS-LaribPolypDB/images/52.png,ETIS-Larib,etis,ood_test,1,0
/home/samsul/Documents/Polyp Detection/ETIS-LaribPolypDB/images/141.png,ETIS-Larib,etis,ood_test,1,0
/home/samsul/Documents/Polyp Detection/ETIS-LaribPolypDB/images/74.png,ETIS-Larib,etis,ood_test,1,0
/home/samsul/Documents/Polyp Detection/ETIS-LaribPolypDB/images/36.png,ETIS-Larib,etis,ood_test,1,0
/home/samsul/Documents/Polyp Detection/ETIS-LaribPolypDB/images/96.png,ETIS-Larib,etis,ood_test,1,0
/home/samsul/Documents/Polyp Detection/ETIS-LaribPolypDB/images/1.png,ETIS-Larib,etis,ood_test,1,0
/home/samsul/Documents/Polyp Detection/ETIS-LaribPolypDB/images/174.png,ETIS-Larib,etis,ood_test,1,0
/home/samsul/Documents/Polyp Detection/ETIS-LaribPolypDB/images/70.png,ETIS-Larib,etis,ood_test,1,1
/home/samsul/Documents/Polyp Detection/ETIS-LaribPolypDB/images/71.png,ETIS-Larib,etis,ood_test,1,0
/home/samsul/Documents/Polyp Detection/ETIS-LaribPolypDB/images/137.png,ETIS-Larib,etis,ood_test,1,0
/home/samsul/Documents/Polyp Detection/ETIS-LaribPolypDB/images/61.png,ETIS-Larib,etis,ood_test,1,0
/home/samsul/Documents/Polyp Detection/ETIS-LaribPolypDB/images/130.png,ETIS-Larib,etis,ood_test,1,0
/home/samsul/Documents/Polyp Detection/ETIS-LaribPolypDB/images/100.png,ETIS-Larib,etis,ood_test,1,0
/home/samsul/Documents/Polyp Detection/ETIS-LaribPolypDB/images/125.png,ETIS-Larib,etis,ood_test,1,0
/home/samsul/Documents/Polyp Detection/ETIS-LaribPolypDB/images/119.png,ETIS-Larib,etis,ood_test,1,0
/home/samsul/Documents/Polyp Detection/ETIS-LaribPolypDB/images/156.png,ETIS-Larib,etis,ood_test,1,0
/home/samsul/Documents/Polyp Detection/ETIS-LaribPolypDB/images/150.png,ETIS-Larib,etis,ood_test,1,0
/home/samsul/Documents/Polyp Detection/ETIS-LaribPolypDB/images/77.png,ETIS-Larib,etis,ood_test,1,0
/home/samsul/Documents/Polyp Detection/ETIS-LaribPolypDB/images/127.png,ETIS-Larib,etis,ood_test,1,0
/home/samsul/Documents/Polyp Detection/ETIS-LaribPolypDB/images/38.png,ETIS-Larib,etis,ood_test,1,0
/home/samsul/Documents/Polyp Detection/ETIS-LaribPolypDB/images/73.png,ETIS-Larib,etis,ood_test,1,1
/home/samsul/Documents/Polyp Detection/ETIS-LaribPolypDB/images/43.png,ETIS-Larib,etis,ood_test,1,1
/home/samsul/Documents/Polyp Detection/ETIS-LaribPolypDB/images/147.png,ETIS-Larib,etis,ood_test,1,0
/home/samsul/Documents/Polyp Detection/ETIS-LaribPolypDB/images/62.png,ETIS-Larib,etis,ood_test,1,0
/home/samsul/Documents/Polyp Detection/ETIS-LaribPolypDB/images/6.png,ETIS-Larib,etis,ood_test,1,0
/home/samsul/Documents/Polyp Detection/ETIS-LaribPolypDB/images/39.png,ETIS-Larib,etis,ood_test,1,0
/home/samsul/Documents/Polyp Detection/ETIS-LaribPolypDB/images/138.png,ETIS-Larib,etis,ood_test,1,0
/home/samsul/Documents/Polyp Detection/ETIS-LaribPolypDB/images/173.png,ETIS-Larib,etis,ood_test,1,0
/home/samsul/Documents/Polyp Detection/ETIS-LaribPolypDB/images/60.png,ETIS-Larib,etis,ood_test,1,0
/home/samsul/Documents/Polyp Detection/ETIS-LaribPolypDB/images/3.png,ETIS-Larib,etis,ood_test,1,0
/home/samsul/Documents/Polyp Detection/ETIS-LaribPolypDB/images/178.png,ETIS-Larib,etis,ood_test,1,0
/home/samsul/Documents/Polyp Detection/ETIS-LaribPolypDB/images/21.png,ETIS-Larib,etis,ood_test,1,0
/home/samsul/Documents/Polyp Detection/ETIS-LaribPolypDB/images/194.png,ETIS-Larib,etis,ood_test,1,1
/home/samsul/Documents/Polyp Detection/ETIS-LaribPolypDB/images/83.png,ETIS-Larib,etis,ood_test,1,0
/home/samsul/Documents/Polyp Detection/ETIS-LaribPolypDB/images/27.png,ETIS-Larib,etis,ood_test,1,0
/home/samsul/Documents/Polyp Detection/ETIS-LaribPolypDB/images/175.png,ETIS-Larib,etis,ood_test,1,0
/home/samsul/Documents/Polyp Detection/ETIS-LaribPolypDB/images/192.png,ETIS-Larib,etis,ood_test,1,1
/home/samsul/Documents/Polyp Detection/ETIS-LaribPolypDB/images/46.png,ETIS-Larib,etis,ood_test,1,1
/home/samsul/Documents/Polyp Detection/ETIS-LaribPolypDB/images/79.png,ETIS-Larib,etis,ood_test,1,1
/home/samsul/Documents/Polyp Detection/ETIS-LaribPolypDB/images/26.png,ETIS-Larib,etis,ood_test,1,0
/home/samsul/Documents/Polyp Detection/ETIS-LaribPolypDB/images/183.png,ETIS-Larib,etis,ood_test,1,0
/home/samsul/Documents/Polyp Detection/ETIS-LaribPolypDB/images/19.png,ETIS-Larib,etis,ood_test,1,0
/home/samsul/Documents/Polyp Detection/ETIS-LaribPolypDB/images/50.png,ETIS-Larib,etis,ood_test,1,0
/home/samsul/Documents/Polyp Detection/ETIS-LaribPolypDB/images/90.png,ETIS-Larib,etis,ood_test,1,0
/home/samsul/Documents/Polyp Detection/ETIS-LaribPolypDB/images/136.png,ETIS-Larib,etis,ood_test,1,0
/home/samsul/Documents/Polyp Detection/ETIS-LaribPolypDB/images/16.png,ETIS-Larib,etis,ood_test,1,0
/home/samsul/Documents/Polyp Detection/ETIS-LaribPolypDB/images/179.png,ETIS-Larib,etis,ood_test,1,0
/home/samsul/Documents/Polyp Detection/ETIS-LaribPolypDB/images/88.png,ETIS-Larib,etis,ood_test,1,0
/home/samsul/Documents/Polyp Detection/ETIS-LaribPolypDB/images/2.png,ETIS-Larib,etis,ood_test,1,0
/home/samsul/Documents/Polyp Detection/ETIS-LaribPolypDB/images/161.png,ETIS-Larib,etis,ood_test,1,0
/home/samsul/Documents/Polyp Detection/ETIS-LaribPolypDB/images/123.png,ETIS-Larib,etis,ood_test,1,0
/home/samsul/Documents/Polyp Detection/ETIS-LaribPolypDB/images/180.png,ETIS-Larib,etis,ood_test,1,0
/home/samsul/Documents/Polyp Detection/ETIS-LaribPolypDB/images/67.png,ETIS-Larib,etis,ood_test,1,0
/home/samsul/Documents/Polyp Detection/ETIS-LaribPolypDB/images/30.png,ETIS-Larib,etis,ood_test,1,0
/home/samsul/Documents/Polyp Detection/ETIS-LaribPolypDB/images/189.png,ETIS-Larib,etis,ood_test,1,0
/home/samsul/Documents/Polyp Detection/ETIS-LaribPolypDB/images/157.png,ETIS-Larib,etis,ood_test,1,0
/home/samsul/Documents/Polyp Detection/ETIS-LaribPolypDB/images/168.png,ETIS-Larib,etis,ood_test,1,0
/home/samsul/Documents/Polyp Detection/ETIS-LaribPolypDB/images/18.png,ETIS-Larib,etis,ood_test,1,0
/home/samsul/Documents/Polyp Detection/ETIS-LaribPolypDB/images/172.png,ETIS-Larib,etis,ood_test,1,0
/home/samsul/Documents/Polyp Detection/ETIS-LaribPolypDB/images/76.png,ETIS-Larib,etis,ood_test,1,0
/home/samsul/Documents/Polyp Detection/ETIS-LaribPolypDB/images/37.png,ETIS-Larib,etis,ood_test,1,0
/home/samsul/Documents/Polyp Detection/ETIS-LaribPolypDB/images/69.png,ETIS-Larib,etis,ood_test,1,0
/home/samsul/Documents/Polyp Detection/ETIS-LaribPolypDB/images/98.png,ETIS-Larib,etis,ood_test,1,0
/home/samsul/Documents/Polyp Detection/ETIS-LaribPolypDB/images/59.png,ETIS-Larib,etis,ood_test,1,0
/home/samsul/Documents/Polyp Detection/ETIS-LaribPolypDB/images/166.png,ETIS-Larib,etis,ood_test,1,0
/home/samsul/Documents/Polyp Detection/ETIS-LaribPolypDB/images/84.png,ETIS-Larib,etis,ood_test,1,0
/home/samsul/Documents/Polyp Detection/ETIS-LaribPolypDB/images/111.png,ETIS-Larib,etis,ood_test,1,0
/home/samsul/Documents/Polyp Detection/ETIS-LaribPolypDB/images/35.png,ETIS-Larib,etis,ood_test,1,0
/home/samsul/Documents/Polyp Detection/ETIS-LaribPolypDB/images/12.png,ETIS-Larib,etis,ood_test,1,0
/home/samsul/Documents/Polyp Detection/ETIS-LaribPolypDB/images/28.png,ETIS-Larib,etis,ood_test,1,0
/home/samsul/Documents/Polyp Detection/ETIS-LaribPolypDB/images/89.png,ETIS-Larib,etis,ood_test,1,0
/home/samsul/Documents/Polyp Detection/ETIS-LaribPolypDB/images/107.png,ETIS-Larib,etis,ood_test,1,0
/home/samsul/Documents/Polyp Detection/ETIS-LaribPolypDB/images/176.png,ETIS-Larib,etis,ood_test,1,0
/home/samsul/Documents/Polyp Detection/ETIS-LaribPolypDB/images/120.png,ETIS-Larib,etis,ood_test,1,0
/home/samsul/Documents/Polyp Detection/ETIS-LaribPolypDB/images/75.png,ETIS-Larib,etis,ood_test,1,0
/home/samsul/Documents/Polyp Detection/ETIS-LaribPolypDB/images/33.png,ETIS-Larib,etis,ood_test,1,0
/home/samsul/Documents/Polyp Detection/ETIS-LaribPolypDB/images/15.png,ETIS-Larib,etis,ood_test,1,0
/home/samsul/Documents/Polyp Detection/ETIS-LaribPolypDB/images/42.png,ETIS-Larib,etis,ood_test,1,0
/home/samsul/Documents/Polyp Detection/ETIS-LaribPolypDB/images/121.png,ETIS-Larib,etis,ood_test,1,0
/home/samsul/Documents/Polyp Detection/ETIS-LaribPolypDB/images/193.png,ETIS-Larib,etis,ood_test,1,1
/home/samsul/Documents/Polyp Detection/ETIS-LaribPolypDB/images/56.png,ETIS-Larib,etis,ood_test,1,0
/home/samsul/Documents/Polyp Detection/ETIS-LaribPolypDB/images/11.png,ETIS-Larib,etis,ood_test,1,0
/home/samsul/Documents/Polyp Detection/ETIS-LaribPolypDB/images/163.png,ETIS-Larib,etis,ood_test,1,0
/home/samsul/Documents/Polyp Detection/ETIS-LaribPolypDB/images/144.png,ETIS-Larib,etis,ood_test,1,0
/home/samsul/Documents/Polyp Detection/ETIS-LaribPolypDB/images/171.png,ETIS-Larib,etis,ood_test,1,0
/home/samsul/Documents/Polyp Detection/ETIS-LaribPolypDB/images/23.png,ETIS-Larib,etis,ood_test,1,0
/home/samsul/Documents/Polyp Detection/ETIS-LaribPolypDB/images/5.png,ETIS-Larib,etis,ood_test,1,0
/home/samsul/Documents/Polyp Detection/ETIS-LaribPolypDB/images/139.png,ETIS-Larib,etis,ood_test,1,0
/home/samsul/Documents/Polyp Detection/ETIS-LaribPolypDB/images/63.png,ETIS-Larib,etis,ood_test,1,0
/home/samsul/Documents/Polyp Detection/ETIS-LaribPolypDB/images/185.png,ETIS-Larib,etis,ood_test,1,0
/home/samsul/Documents/Polyp Detection/ETIS-LaribPolypDB/images/131.png,ETIS-Larib,etis,ood_test,1,0
/home/samsul/Documents/Polyp Detection/ETIS-LaribPolypDB/images/102.png,ETIS-Larib,etis,ood_test,1,0
/home/samsul/Documents/Polyp Detection/ETIS-LaribPolypDB/images/126.png,ETIS-Larib,etis,ood_test,1,0
/home/samsul/Documents/Polyp Detection/ETIS-LaribPolypDB/images/25.png,ETIS-Larib,etis,ood_test,1,0
/home/samsul/Documents/Polyp Detection/ETIS-LaribPolypDB/images/81.png,ETIS-Larib,etis,ood_test,1,0
/home/samsul/Documents/Polyp Detection/ETIS-LaribPolypDB/images/82.png,ETIS-Larib,etis,ood_test,1,0
/home/samsul/Documents/Polyp Detection/ETIS-LaribPolypDB/images/110.png,ETIS-Larib,etis,ood_test,1,0
/home/samsul/Documents/Polyp Detection/ETIS-LaribPolypDB/images/109.png,ETIS-Larib,etis,ood_test,1,0
/home/samsul/Documents/Polyp Detection/ETIS-LaribPolypDB/images/124.png,ETIS-Larib,etis,ood_test,1,0
/home/samsul/Documents/Polyp Detection/ETIS-LaribPolypDB/images/154.png,ETIS-Larib,etis,ood_test,1,0
/home/samsul/Documents/Polyp Detection/ETIS-LaribPolypDB/images/146.png,ETIS-Larib,etis,ood_test,1,0
/home/samsul/Documents/Polyp Detection/ETIS-LaribPolypDB/images/93.png,ETIS-Larib,etis,ood_test,1,0
/home/samsul/Documents/Polyp Detection/ETIS-LaribPolypDB/images/97.png,ETIS-Larib,etis,ood_test,1,0
/home/samsul/Documents/Polyp Detection/ETIS-LaribPolypDB/images/152.png,ETIS-Larib,etis,ood_test,1,0
/home/samsul/Documents/Polyp Detection/ETIS-LaribPolypDB/images/184.png,ETIS-Larib,etis,ood_test,1,0
/home/samsul/Documents/Polyp Detection/ETIS-LaribPolypDB/images/165.png,ETIS-Larib,etis,ood_test,1,0
/home/samsul/Documents/Polyp Detection/ETIS-LaribPolypDB/images/132.png,ETIS-Larib,etis,ood_test,1,0
/home/samsul/Documents/Polyp Detection/ETIS-LaribPolypDB/images/64.png,ETIS-Larib,etis,ood_test,1,0
/home/samsul/Documents/Polyp Detection/ETIS-LaribPolypDB/images/22.png,ETIS-Larib,etis,ood_test,1,0
/home/samsul/Documents/Polyp Detection/ETIS-LaribPolypDB/images/85.png,ETIS-Larib,etis,ood_test,1,0
/home/samsul/Documents/Polyp Detection/ETIS-LaribPolypDB/images/103.png,ETIS-Larib,etis,ood_test,1,0
/home/samsul/Documents/Polyp Detection/ETIS-LaribPolypDB/images/195.png,ETIS-Larib,etis,ood_test,1,1
/home/samsul/Documents/Polyp Detection/ETIS-LaribPolypDB/images/116.png,ETIS-Larib,etis,ood_test,1,0
/home/samsul/Documents/Polyp Detection/ETIS-LaribPolypDB/images/104.png,ETIS-Larib,etis,ood_test,1,0
/home/samsul/Documents/Polyp Detection/ETIS-LaribPolypDB/images/182.png,ETIS-Larib,etis,ood_test,1,0
/home/samsul/Documents/Polyp Detection/ETIS-LaribPolypDB/images/167.png,ETIS-Larib,etis,ood_test,1,0
/home/samsul/Documents/Polyp Detection/ETIS-LaribPolypDB/images/113.png,ETIS-Larib,etis,ood_test,1,0
/home/samsul/Documents/Polyp Detection/ETIS-LaribPolypDB/images/101.png,ETIS-Larib,etis,ood_test,1,0
/home/samsul/Documents/Polyp Detection/ETIS-LaribPolypDB/images/45.png,ETIS-Larib,etis,ood_test,1,1
/home/samsul/Documents/Polyp Detection/ETIS-LaribPolypDB/images/149.png,ETIS-Larib,etis,ood_test,1,0
/home/samsul/Documents/Polyp Detection/ETIS-LaribPolypDB/images/155.png,ETIS-Larib,etis,ood_test,1,0
/home/samsul/Documents/Polyp Detection/ETIS-LaribPolypDB/images/91.png,ETIS-Larib,etis,ood_test,1,0
/home/samsul/Documents/Polyp Detection/ETIS-LaribPolypDB/images/55.png,ETIS-Larib,etis,ood_test,1,0
/home/samsul/Documents/Polyp Detection/ETIS-LaribPolypDB/images/54.png,ETIS-Larib,etis,ood_test,1,0
/home/samsul/Documents/Polyp Detection/ETIS-LaribPolypDB/images/142.png,ETIS-Larib,etis,ood_test,1,0
/home/samsul/Documents/Polyp Detection/ETIS-LaribPolypDB/images/148.png,ETIS-Larib,etis,ood_test,1,0
/home/samsul/Documents/Polyp Detection/ETIS-LaribPolypDB/images/51.png,ETIS-Larib,etis,ood_test,1,0
/home/samsul/Documents/Polyp Detection/ETIS-LaribPolypDB/images/58.png,ETIS-Larib,etis,ood_test,1,0
/home/samsul/Documents/Polyp Detection/ETIS-LaribPolypDB/images/169.png,ETIS-Larib,etis,ood_test,1,0
/home/samsul/Documents/Polyp Detection/ETIS-LaribPolypDB/images/105.png,ETIS-Larib,etis,ood_test,1,0
/home/samsul/Documents/Polyp Detection/ETIS-LaribPolypDB/images/112.png,ETIS-Larib,etis,ood_test,1,0
/home/samsul/Documents/Polyp Detection/ETIS-LaribPolypDB/images/48.png,ETIS-Larib,etis,ood_test,1,1
/home/samsul/Documents/Polyp Detection/ETIS-LaribPolypDB/images/140.png,ETIS-Larib,etis,ood_test,1,0
/home/samsul/Documents/Polyp Detection/ETIS-LaribPolypDB/images/170.png,ETIS-Larib,etis,ood_test,1,0
/home/samsul/Documents/Polyp Detection/ETIS-LaribPolypDB/images/40.png,ETIS-Larib,etis,ood_test,1,0
/home/samsul/Documents/Polyp Detection/ETIS-LaribPolypDB/images/41.png,ETIS-Larib,etis,ood_test,1,0
/home/samsul/Documents/Polyp Detection/ETIS-LaribPolypDB/images/94.png,ETIS-Larib,etis,ood_test,1,0
/home/samsul/Documents/Polyp Detection/ETIS-LaribPolypDB/images/143.png,ETIS-Larib,etis,ood_test,1,0
/home/samsul/Documents/Polyp Detection/ETIS-LaribPolypDB/images/187.png,ETIS-Larib,etis,ood_test,1,0
/home/samsul/Documents/Polyp Detection/ETIS-LaribPolypDB/images/160.png,ETIS-Larib,etis,ood_test,1,0
/home/samsul/Documents/Polyp Detection/ETIS-LaribPolypDB/images/133.png,ETIS-Larib,etis,ood_test,1,0
/home/samsul/Documents/Polyp Detection/ETIS-LaribPolypDB/images/32.png,ETIS-Larib,etis,ood_test,1,0
/home/samsul/Documents/Polyp Detection/ETIS-LaribPolypDB/images/128.png,ETIS-Larib,etis,ood_test,1,0
/home/samsul/Documents/Polyp Detection/ETIS-LaribPolypDB/images/53.png,ETIS-Larib,etis,ood_test,1,0
/home/samsul/Documents/Polyp Detection/ETIS-LaribPolypDB/images/65.png,ETIS-Larib,etis,ood_test,1,0
/home/samsul/Documents/Polyp Detection/ETIS-LaribPolypDB/images/162.png,ETIS-Larib,etis,ood_test,1,0
/home/samsul/Documents/Polyp Detection/ETIS-LaribPolypDB/images/47.png,ETIS-Larib,etis,ood_test,1,1
/home/samsul/Documents/Polyp Detection/ETIS-LaribPolypDB/images/129.png,ETIS-Larib,etis,ood_test,1,0
/home/samsul/Documents/Polyp Detection/ETIS-LaribPolypDB/images/14.png,ETIS-Larib,etis,ood_test,1,0
/home/samsul/Documents/Polyp Detection/ETIS-LaribPolypDB/images/86.png,ETIS-Larib,etis,ood_test,1,0
/home/samsul/Documents/Polyp Detection/ETIS-LaribPolypDB/images/196.png,ETIS-Larib,etis,ood_test,1,1
/home/samsul/Documents/Polyp Detection/ETIS-LaribPolypDB/images/80.png,ETIS-Larib,etis,ood_test,1,0
/home/samsul/Documents/Polyp Detection/ETIS-LaribPolypDB/images/57.png,ETIS-Larib,etis,ood_test,1,0
/home/samsul/Documents/Polyp Detection/ETIS-LaribPolypDB/images/190.png,ETIS-Larib,etis,ood_test,1,0
/home/samsul/Documents/Polyp Detection/ETIS-LaribPolypDB/images/159.png,ETIS-Larib,etis,ood_test,1,0
/home/samsul/Documents/Polyp Detection/ETIS-LaribPolypDB/images/34.png,ETIS-Larib,etis,ood_test,1,0
/home/samsul/Documents/Polyp Detection/ETIS-LaribPolypDB/images/122.png,ETIS-Larib,etis,ood_test,1,0
/home/samsul/Documents/Polyp Detection/ETIS-LaribPolypDB/images/92.png,ETIS-Larib,etis,ood_test,1,0
/home/samsul/Documents/Polyp Detection/ETIS-LaribPolypDB/images/188.png,ETIS-Larib,etis,ood_test,1,0
/home/samsul/Documents/Polyp Detection/ETIS-LaribPolypDB/images/181.png,ETIS-Larib,etis,ood_test,1,0
/home/samsul/Documents/Polyp Detection/ETIS-LaribPolypDB/images/7.png,ETIS-Larib,etis,ood_test,1,0
/home/samsul/Documents/Polyp Detection/ETIS-LaribPolypDB/images/49.png,ETIS-Larib,etis,ood_test,1,0
/home/samsul/Documents/Polyp Detection/ETIS-LaribPolypDB/images/44.png,ETIS-Larib,etis,ood_test,1,1
/home/samsul/Documents/Polyp Detection/ETIS-LaribPolypDB/images/99.png,ETIS-Larib,etis,ood_test,1,0
/home/samsul/Documents/Polyp Detection/ETIS-LaribPolypDB/images/31.png,ETIS-Larib,etis,ood_test,1,0
/home/samsul/Documents/Polyp Detection/ETIS-LaribPolypDB/images/78.png,ETIS-Larib,etis,ood_test,1,1
/home/samsul/Documents/Polyp Detection/ETIS-LaribPolypDB/images/95.png,ETIS-Larib,etis,ood_test,1,0
/home/samsul/Documents/Polyp Detection/ETIS-LaribPolypDB/images/145.png,ETIS-Larib,etis,ood_test,1,0
/home/samsul/Documents/Polyp Detection/ETIS-LaribPolypDB/images/115.png,ETIS-Larib,etis,ood_test,1,0
/home/samsul/Documents/Polyp Detection/ETIS-LaribPolypDB/images/20.png,ETIS-Larib,etis,ood_test,1,0
/home/samsul/Documents/Polyp Detection/ETIS-LaribPolypDB/images/29.png,ETIS-Larib,etis,ood_test,1,0
/home/samsul/Documents/Polyp Detection/ETIS-LaribPolypDB/images/68.png,ETIS-Larib,etis,ood_test,1,0
/home/samsul/Documents/Polyp Detection/ETIS-LaribPolypDB/images/17.png,ETIS-Larib,etis,ood_test,1,0
/home/samsul/Documents/Polyp Detection/ETIS-LaribPolypDB/images/87.png,ETIS-Larib,etis,ood_test,1,0
/home/samsul/Documents/Polyp Detection/kvasir-seg/images/cju7g7ba42z310987bqzbi2bq.jpg,Kvasir-SEG,kvasir,train,1,0
/home/samsul/Documents/Polyp Detection/kvasir-seg/images/cju5chrxxawka0871qcj171yz.jpg,Kvasir-SEG,kvasir,train,1,0
/home/samsul/Documents/Polyp Detection/kvasir-seg/images/cju5wi6bqlxy90755bu227nvb.jpg,Kvasir-SEG,kvasir,train,1,0
/home/samsul/Documents/Polyp Detection/kvasir-seg/images/cju2zy1e49pqk0878t6ncqn12.jpg,Kvasir-SEG,kvasir,val,1,0
/home/samsul/Documents/Polyp Detection/kvasir-seg/images/cju7cq6su27qv075574dir0r3.jpg,Kvasir-SEG,kvasir,train,1,0
/home/samsul/Documents/Polyp Detection/kvasir-seg/images/cju7787c5yy3l080159mwqsnj.jpg,Kvasir-SEG,kvasir,train,1,0
/home/samsul/Documents/Polyp Detection/kvasir-seg/images/cju8aeei7q8k308173n9y4klv.jpg,Kvasir-SEG,kvasir,test,1,0
/home/samsul/Documents/Polyp Detection/kvasir-seg/images/cju77bvg0yv4r0987yh60xmjo.jpg,Kvasir-SEG,kvasir,train,1,0
/home/samsul/Documents/Polyp Detection/kvasir-seg/images/cju7d1tvt25bu08019dvw3uff.jpg,Kvasir-SEG,kvasir,train,1,0
/home/samsul/Documents/Polyp Detection/kvasir-seg/images/cju7fmvpk2q170987v6i3ola8.jpg,Kvasir-SEG,kvasir,train,1,0
/home/samsul/Documents/Polyp Detection/kvasir-seg/images/cju7cue9b232j0801qdzk1ykj.jpg,Kvasir-SEG,kvasir,train,1,0
/home/samsul/Documents/Polyp Detection/kvasir-seg/images/cju3ul8dogf1z09872y2ecowp.jpg,Kvasir-SEG,kvasir,val,1,0
/home/samsul/Documents/Polyp Detection/kvasir-seg/images/cju84aoa3ktwn0755pfl4gfwd.jpg,Kvasir-SEG,kvasir,train,1,0
/home/samsul/Documents/Polyp Detection/kvasir-seg/images/cju2yyhsp933j0855hp32e012.jpg,Kvasir-SEG,kvasir,train,1,0
/home/samsul/Documents/Polyp Detection/kvasir-seg/images/cju8bzzy2s66m08016z6mouqt.jpg,Kvasir-SEG,kvasir,train,1,0
/home/samsul/Documents/Polyp Detection/kvasir-seg/images/cju2qu37qobl50993aw7ghcfq.jpg,Kvasir-SEG,kvasir,train,1,0
/home/samsul/Documents/Polyp Detection/kvasir-seg/images/cju2r11x7sdgx0988o8ule0wl.jpg,Kvasir-SEG,kvasir,train,1,0
/home/samsul/Documents/Polyp Detection/kvasir-seg/images/cju83vvmik9wa08710yeh7cuk.jpg,Kvasir-SEG,kvasir,train,1,0
/home/samsul/Documents/Polyp Detection/kvasir-seg/images/cju1bm8063nmh07996rsjjemq.jpg,Kvasir-SEG,kvasir,train,1,0
/home/samsul/Documents/Polyp Detection/kvasir-seg/images/cju5ktjwofed70817eg58ef7u.jpg,Kvasir-SEG,kvasir,train,1,0
/home/samsul/Documents/Polyp Detection/kvasir-seg/images/cju6x4t13vyw60755gtcf9ndu.jpg,Kvasir-SEG,kvasir,train,1,0
/home/samsul/Documents/Polyp Detection/kvasir-seg/images/cju7eueum2oqn0850rodmx8zo.jpg,Kvasir-SEG,kvasir,train,1,0
/home/samsul/Documents/Polyp Detection/kvasir-seg/images/cju5vutu7ll8w0871dfp92n9p.jpg,Kvasir-SEG,kvasir,train,1,0
/home/samsul/Documents/Polyp Detection/kvasir-seg/images/cju2ij9uiic2l09933ljiv6gm.jpg,Kvasir-SEG,kvasir,train,1,0
/home/samsul/Documents/Polyp Detection/kvasir-seg/images/cju1h89h6xbnx08352k2790o9.jpg,Kvasir-SEG,kvasir,train,1,0
/home/samsul/Documents/Polyp Detection/kvasir-seg/images/cju5ukkg6kv7u08011x2b6zl5.jpg,Kvasir-SEG,kvasir,test,1,0
/home/samsul/Documents/Polyp Detection/kvasir-seg/images/cju89y9h0puti0818i5yw29e6.jpg,Kvasir-SEG,kvasir,train,1,0
/home/samsul/Documents/Polyp Detection/kvasir-seg/images/cju7b4mtw1n9n080186209f3d.jpg,Kvasir-SEG,kvasir,test,1,0
/home/samsul/Documents/Polyp Detection/kvasir-seg/images/cju8a84g0q76m0818hwiggkod.jpg,Kvasir-SEG,kvasir,train,1,0
/home/samsul/Documents/Polyp Detection/kvasir-seg/images/cju5fs6j6d8350801vglraq4u.jpg,Kvasir-SEG,kvasir,train,1,0
/home/samsul/Documents/Polyp Detection/kvasir-seg/images/cju5waeduln160817w0agirve.jpg,Kvasir-SEG,kvasir,test,1,0
/home/samsul/Documents/Polyp Detection/kvasir-seg/images/cju2yw4s7z7p20988lmf2gdgd.jpg,Kvasir-SEG,kvasir,train,1,0
/home/samsul/Documents/Polyp Detection/kvasir-seg/images/cju1f320ewfyu0988ndz6blh5.jpg,Kvasir-SEG,kvasir,test,1,0
/home/samsul/Documents/Polyp Detection/kvasir-seg/images/cju8b4ja9r2s808509d45ma86.jpg,Kvasir-SEG,kvasir,train,1,0
/home/samsul/Documents/Polyp Detection/kvasir-seg/images/cju1f8w0t65en0799m9oacq0q.jpg,Kvasir-SEG,kvasir,train,1,0
/home/samsul/Documents/Polyp Detection/kvasir-seg/images/cju8b5p40r2c60987ofa0mu03.jpg,Kvasir-SEG,kvasir,train,1,0
/home/samsul/Documents/Polyp Detection/kvasir-seg/images/cju5x15djm7ae0755h8czf6nt.jpg,Kvasir-SEG,kvasir,train,1,0
/home/samsul/Documents/Polyp Detection/kvasir-seg/images/cju8c6hnxsdvr0801wn0vrsa6.jpg,Kvasir-SEG,kvasir,train,1,0
/home/samsul/Documents/Polyp Detection/kvasir-seg/images/cju88fpm4o0tl0871w1i6a4ds.jpg,Kvasir-SEG,kvasir,train,1,0
/home/samsul/Documents/Polyp Detection/kvasir-seg/images/cju8aw9n1qyg10801jkjlmors.jpg,Kvasir-SEG,kvasir,train,1,0
/home/samsul/Documents/Polyp Detection/kvasir-seg/images/cju7dwe282dc309876rco45ts.jpg,Kvasir-SEG,kvasir,train,1,0
/home/samsul/Documents/Polyp Detection/kvasir-seg/images/cju8567gdlcbq0801dwwyo2jt.jpg,Kvasir-SEG,kvasir,train,1,0
/home/samsul/Documents/Polyp Detection/kvasir-seg/images/cju1b0y2e396p08558ois175d.jpg,Kvasir-SEG,kvasir,train,1,0
/home/samsul/Documents/Polyp Detection/kvasir-seg/images/cju3x9lttikfb0818a0g104zn.jpg,Kvasir-SEG,kvasir,train,1,0
/home/samsul/Documents/Polyp Detection/kvasir-seg/images/cju0t4oil7vzk099370nun5h9.jpg,Kvasir-SEG,kvasir,test,1,0
/home/samsul/Documents/Polyp Detection/kvasir-seg/images/cju7deifq2fzn0755lc8idyh8.jpg,Kvasir-SEG,kvasir,train,1,0
/home/samsul/Documents/Polyp Detection/kvasir-seg/images/cju2s9g11pnra0993gn4eh793.jpg,Kvasir-SEG,kvasir,test,1,0
/home/samsul/Documents/Polyp Detection/kvasir-seg/images/cju310f6val1v0855xo8tc3gu.jpg,Kvasir-SEG,kvasir,train,1,0
/home/samsul/Documents/Polyp Detection/kvasir-seg/images/cju5c5xc7algd0817pb1ej5yo.jpg,Kvasir-SEG,kvasir,val,1,0
/home/samsul/Documents/Polyp Detection/kvasir-seg/images/cju7dizi82h2i0755doucgnt3.jpg,Kvasir-SEG,kvasir,train,1,0
/home/samsul/Documents/Polyp Detection/kvasir-seg/images/cju2rga4psq9n09881z519xx0.jpg,Kvasir-SEG,kvasir,train,1,0
/home/samsul/Documents/Polyp Detection/kvasir-seg/images/cju424hy5lckr085073fva1ok.jpg,Kvasir-SEG,kvasir,train,1,0
/home/samsul/Documents/Polyp Detection/kvasir-seg/images/cju8ando2qqdo0818ck7i1be1.jpg,Kvasir-SEG,kvasir,train,1,0
/home/samsul/Documents/Polyp Detection/kvasir-seg/images/cju5cetivauok0987ok3e5bre.jpg,Kvasir-SEG,kvasir,train,1,0
/home/samsul/Documents/Polyp Detection/kvasir-seg/images/cju7arvfe1ldu0850erdmphgj.jpg,Kvasir-SEG,kvasir,train,1,0
/home/samsul/Documents/Polyp Detection/kvasir-seg/images/cju5bj926aiec07559rshy4wa.jpg,Kvasir-SEG,kvasir,train,1,0
/home/samsul/Documents/Polyp Detection/kvasir-seg/images/cju2zpw4q9vzr0801p0lysjdl.jpg,Kvasir-SEG,kvasir,train,1,0
/home/samsul/Documents/Polyp Detection/kvasir-seg/images/cju7da88w2eod0755wejzynvt.jpg,Kvasir-SEG,kvasir,val,1,0
/home/samsul/Documents/Polyp Detection/kvasir-seg/images/cju6x35ervu2808015c7eoqe4.jpg,Kvasir-SEG,kvasir,train,1,0
/home/samsul/Documents/Polyp Detection/kvasir-seg/images/cju7d2q1k27nf08715zshsckt.jpg,Kvasir-SEG,kvasir,train,1,0
/home/samsul/Documents/Polyp Detection/kvasir-seg/images/cju8buos5rz9b08715lfr0f4f.jpg,Kvasir-SEG,kvasir,train,1,0
/home/samsul/Documents/Polyp Detection/kvasir-seg/images/cju847pxykriq0755268ktrk2.jpg,Kvasir-SEG,kvasir,train,1,0
/home/samsul/Documents/Polyp Detection/kvasir-seg/images/cju5wtdu4m0im0871mix0yvc0.jpg,Kvasir-SEG,kvasir,train,1,0
/home/samsul/Documents/Polyp Detection/kvasir-seg/images/cju8b542nr81x0871uxnkm9ih.jpg,Kvasir-SEG,kvasir,train,1,0
/home/samsul/Documents/Polyp Detection/kvasir-seg/images/cju2mfjndoz700988b9lc3zeq.jpg,Kvasir-SEG,kvasir,train,1,0
/home/samsul/Documents/Polyp Detection/kvasir-seg/images/cju1c4fcu40hl07992b8gj0c8.jpg,Kvasir-SEG,kvasir,val,1,0
/home/samsul/Documents/Polyp Detection/kvasir-seg/images/cju7ctvqn25dy08186g442m1r.jpg,Kvasir-SEG,kvasir,train,1,0
/home/samsul/Documents/Polyp Detection/kvasir-seg/images/cju85mpuglq8k0818d2it6hzb.jpg,Kvasir-SEG,kvasir,val,1,0
/home/samsul/Documents/Polyp Detection/kvasir-seg/images/cju7ev2b12owa08500bpfpwyw.jpg,Kvasir-SEG,kvasir,train,1,0
/home/samsul/Documents/Polyp Detection/kvasir-seg/images/cju5hi52odyf90817prvcwg45.jpg,Kvasir-SEG,kvasir,train,1,0
/home/samsul/Documents/Polyp Detection/kvasir-seg/images/cju8cdeazsm8h0801jxifmzur.jpg,Kvasir-SEG,kvasir,train,1,0
/home/samsul/Documents/Polyp Detection/kvasir-seg/images/cju2wtwj87kys0855kx6mddzw.jpg,Kvasir-SEG,kvasir,test,1,0
/home/samsul/Documents/Polyp Detection/kvasir-seg/images/cju783tmkzkqu081803g7q5vk.jpg,Kvasir-SEG,kvasir,train,1,0
/home/samsul/Documents/Polyp Detection/kvasir-seg/images/cju2zp89k9q1g0855k1x0f1xa.jpg,Kvasir-SEG,kvasir,val,1,0
/home/samsul/Documents/Polyp Detection/kvasir-seg/images/cju5vcmrqla7i0817x4sp4pqw.jpg,Kvasir-SEG,kvasir,train,1,0
/home/samsul/Documents/Polyp Detection/kvasir-seg/images/cju7amjna1ly40871ugiokehb.jpg,Kvasir-SEG,kvasir,train,1,0
/home/samsul/Documents/Polyp Detection/kvasir-seg/images/cju7cufm7298k0755j09uf3of.jpg,Kvasir-SEG,kvasir,train,1,0
/home/samsul/Documents/Polyp Detection/kvasir-seg/images/cju2hugv9vget0799hhk7ksvg.jpg,Kvasir-SEG,kvasir,train,1,0
/home/samsul/Documents/Polyp Detection/kvasir-seg/images/cju7d7aut2a2p0818z4uxc6cd.jpg,Kvasir-SEG,kvasir,train,1,0
/home/samsul/Documents/Polyp Detection/kvasir-seg/images/cju87xn2snfmv0987sc3d9xnq.jpg,Kvasir-SEG,kvasir,train,1,0
/home/samsul/Documents/Polyp Detection/kvasir-seg/images/cju40w3hbkwpn08015rbs3wko.jpg,Kvasir-SEG,kvasir,test,1,0
/home/samsul/Documents/Polyp Detection/kvasir-seg/images/cju2z9vlp9j0w0801oag91sy9.jpg,Kvasir-SEG,kvasir,test,1,0
/home/samsul/Documents/Polyp Detection/kvasir-seg/images/cju1expq45zst0855rjqwwj4m.jpg,Kvasir-SEG,kvasir,train,1,0
/home/samsul/Documents/Polyp Detection/kvasir-seg/images/cju8bgdmqrksy0801tozdmraa.jpg,Kvasir-SEG,kvasir,train,1,0
/home/samsul/Documents/Polyp Detection/kvasir-seg/images/cju7eotqi2qea0871y8yc7tqh.jpg,Kvasir-SEG,kvasir,train,1,0
/home/samsul/Documents/Polyp Detection/kvasir-seg/images/cju88itqbny720987hxizbj5y.jpg,Kvasir-SEG,kvasir,train,1,0
/home/samsul/Documents/Polyp Detection/kvasir-seg/images/cju16ach3m1da0993r1dq3sn2.jpg,Kvasir-SEG,kvasir,train,1,0
/home/samsul/Documents/Polyp Detection/kvasir-seg/images/cju2xyd9vyi7m098831qcucse.jpg,Kvasir-SEG,kvasir,train,1,0
/home/samsul/Documents/Polyp Detection/kvasir-seg/images/cju5hqz50e7o90850e0prlpa0.jpg,Kvasir-SEG,kvasir,train,1,0
/home/samsul/Documents/Polyp Detection/kvasir-seg/images/cju2zxja9w1eh09933609ho9z.jpg,Kvasir-SEG,kvasir,test,1,0
/home/samsul/Documents/Polyp Detection/kvasir-seg/images/cju3xeexgii1j0817zs68tb4g.jpg,Kvasir-SEG,kvasir,train,1,0
/home/samsul/Documents/Polyp Detection/kvasir-seg/images/cju2wxv0hxs2f09884w48v8fi.jpg,Kvasir-SEG,kvasir,train,1,0
/home/samsul/Documents/Polyp Detection/kvasir-seg/images/cju5y84q3mdv50817eyp82xf3.jpg,Kvasir-SEG,kvasir,train,1,0
/home/samsul/Documents/Polyp Detection/kvasir-seg/images/cju6wt9jvvn500871hjn3t3g0.jpg,Kvasir-SEG,kvasir,val,1,0
/home/samsul/Documents/Polyp Detection/kvasir-seg/images/cju2y0z6g87p10878fpk5d3rq.jpg,Kvasir-SEG,kvasir,test,1,0
/home/samsul/Documents/Polyp Detection/kvasir-seg/images/cju2z6ez69g4u0801qwt088lw.jpg,Kvasir-SEG,kvasir,test,1,0
/home/samsul/Documents/Polyp Detection/kvasir-seg/images/cju45v0pungu40871acnwtmu5.jpg,Kvasir-SEG,kvasir,train,1,0
/home/samsul/Documents/Polyp Detection/kvasir-seg/images/cju353d1eda8c07992afde611.jpg,Kvasir-SEG,kvasir,train,1,0
/home/samsul/Documents/Polyp Detection/kvasir-seg/images/cju2syxa93yw40799x2iuwabz.jpg,Kvasir-SEG,kvasir,train,1,0
/home/samsul/Documents/Polyp Detection/kvasir-seg/images/cju8c3xs7sauj0801ieyzezr5.jpg,Kvasir-SEG,kvasir,test,1,0
/home/samsul/Documents/Polyp Detection/kvasir-seg/images/cju5jz5fff8c50871hbe6108f.jpg,Kvasir-SEG,kvasir,train,1,0
/home/samsul/Documents/Polyp Detection/kvasir-seg/images/cju2t3ibkuecr0835o7si16zv.jpg,Kvasir-SEG,kvasir,train,1,0
/home/samsul/Documents/Polyp Detection/kvasir-seg/images/cju1cqc7n4gpy0855jt246k68.jpg,Kvasir-SEG,kvasir,train,1,0
/home/samsul/Documents/Polyp Detection/kvasir-seg/images/cju35oyvd3y850988km12hdz1.jpg,Kvasir-SEG,kvasir,test,1,0
/home/samsul/Documents/Polyp Detection/kvasir-seg/images/cju1hmff8tkp809931jps6fbr.jpg,Kvasir-SEG,kvasir,test,1,0
/home/samsul/Documents/Polyp Detection/kvasir-seg/images/cju2y8s56ymqr083541ggdsml.jpg,Kvasir-SEG,kvasir,train,1,0
/home/samsul/Documents/Polyp Detection/kvasir-seg/images/cju34repocy5208780gswillm.jpg,Kvasir-SEG,kvasir,train,1,0
/home/samsul/Documents/Polyp Detection/kvasir-seg/images/cju2z1nxlzaj40835wj81s1iy.jpg,Kvasir-SEG,kvasir,train,1,0
/home/samsul/Documents/Polyp Detection/kvasir-seg/images/cju5vxuc5loxw0818u8xgf45p.jpg,Kvasir-SEG,kvasir,train,1,0
/home/samsul/Documents/Polyp Detection/kvasir-seg/images/cju3x2s11ibzi0817kk284k0j.jpg,Kvasir-SEG,kvasir,train,1,0
/home/samsul/Documents/Polyp Detection/kvasir-seg/images/cju5ddda9bkkt0850enzwatb1.jpg,Kvasir-SEG,kvasir,train,1,0
/home/samsul/Documents/Polyp Detection/kvasir-seg/images/cju8czvnztbf40871b4m7t78w.jpg,Kvasir-SEG,kvasir,train,1,0
/home/samsul/Documents/Polyp Detection/kvasir-seg/images/cju2nyc5f02m40801ojqbtiea.jpg,Kvasir-SEG,kvasir,val,1,0
/home/samsul/Documents/Polyp Detection/kvasir-seg/images/cju7dmlgf2ebw0871ieqas5fh.jpg,Kvasir-SEG,kvasir,train,1,0
/home/samsul/Documents/Polyp Detection/kvasir-seg/images/cju2yg5ht8i4p087800js8hp4.jpg,Kvasir-SEG,kvasir,test,1,0
/home/samsul/Documents/Polyp Detection/kvasir-seg/images/cju428k5fldt108177s6g6f45.jpg,Kvasir-SEG,kvasir,train,1,0
/home/samsul/Documents/Polyp Detection/kvasir-seg/images/cju6uy20suzbl0987rzuhz7z9.jpg,Kvasir-SEG,kvasir,train,1,0
/home/samsul/Documents/Polyp Detection/kvasir-seg/images/cju2spdagu1l50835da1f46fr.jpg,Kvasir-SEG,kvasir,val,1,0
/home/samsul/Documents/Polyp Detection/kvasir-seg/images/cju35fxqyzt5p0993vusm54qz.jpg,Kvasir-SEG,kvasir,train,1,0
/home/samsul/Documents/Polyp Detection/kvasir-seg/images/cju8d4jgatgpj0871q2ophhkm.jpg,Kvasir-SEG,kvasir,train,1,0
/home/samsul/Documents/Polyp Detection/kvasir-seg/images/cju6xlygpw7bs0818n691jsq4.jpg,Kvasir-SEG,kvasir,train,1,0
/home/samsul/Documents/Polyp Detection/kvasir-seg/images/cju1c6yfz42md08550zgoz3pw.jpg,Kvasir-SEG,kvasir,train,1,0
/home/samsul/Documents/Polyp Detection/kvasir-seg/images/cju2sggy13na70855tbeoqgha.jpg,Kvasir-SEG,kvasir,train,1,0
/home/samsul/Documents/Polyp Detection/kvasir-seg/images/cju2tqfgw4oat0799rn0g5b2z.jpg,Kvasir-SEG,kvasir,train,1,0
/home/samsul/Documents/Polyp Detection/kvasir-seg/images/cju30nyxe0gfb0835p256yoju.jpg,Kvasir-SEG,kvasir,train,1,0
/home/samsul/Documents/Polyp Detection/kvasir-seg/images/cju8b0jr0r2oi0801jiquetd5.jpg,Kvasir-SEG,kvasir,train,1,0
/home/samsul/Documents/Polyp Detection/kvasir-seg/images/cju1haab178i70799tk9z8y8x.jpg,Kvasir-SEG,kvasir,train,1,0
/home/samsul/Documents/Polyp Detection/kvasir-seg/images/cju2y26c588bo07993ksd8eoz.jpg,Kvasir-SEG,kvasir,test,1,0
/home/samsul/Documents/Polyp Detection/kvasir-seg/images/cju87mrypnb1e0818scv1mxxg.jpg,Kvasir-SEG,kvasir,train,1,0
/home/samsul/Documents/Polyp Detection/kvasir-seg/images/cju2sxf3iqbpv09937iksn8ep.jpg,Kvasir-SEG,kvasir,train,1,0
/home/samsul/Documents/Polyp Detection/kvasir-seg/images/cju787jnjzjuj0871p94nck9g.jpg,Kvasir-SEG,kvasir,train,1,0
/home/samsul/Documents/Polyp Detection/kvasir-seg/images/cju17v6ih0u7808783zcbg1jy.jpg,Kvasir-SEG,kvasir,train,1,0
/home/samsul/Documents/Polyp Detection/kvasir-seg/images/cju5hyi9yegob0755ho3do8en.jpg,Kvasir-SEG,kvasir,train,1,0
/home/samsul/Documents/Polyp Detection/kvasir-seg/images/cju30qbm1ad3x0855znuhpz9u.jpg,Kvasir-SEG,kvasir,train,1,0
/home/samsul/Documents/Polyp Detection/kvasir-seg/images/cju2zblxw9848087853csbrx1.jpg,Kvasir-SEG,kvasir,train,1,0
/home/samsul/Documents/Polyp Detection/kvasir-seg/images/cju410dnfl0960755y8lu8d79.jpg,Kvasir-SEG,kvasir,train,1,0
/home/samsul/Documents/Polyp Detection/kvasir-seg/images/cju5yjq1pmlgc0801z0t24bly.jpg,Kvasir-SEG,kvasir,train,1,0
/home/samsul/Documents/Polyp Detection/kvasir-seg/images/cju5bycdkalkb09875f7bfrvx.jpg,Kvasir-SEG,kvasir,train,1,0
/home/samsul/Documents/Polyp Detection/kvasir-seg/images/cju1alwgo30z60855fm3y23sm.jpg,Kvasir-SEG,kvasir,train,1,0
/home/samsul/Documents/Polyp Detection/kvasir-seg/images/cju2lz8vqktne0993fuym6drw.jpg,Kvasir-SEG,kvasir,train,1,0
/home/samsul/Documents/Polyp Detection/kvasir-seg/images/cju45qbf3n9sa0987oonbkly9.jpg,Kvasir-SEG,kvasir,train,1,0
/home/samsul/Documents/Polyp Detection/kvasir-seg/images/cju32upim1z7u0988l883nqp6.jpg,Kvasir-SEG,kvasir,val,1,0
/home/samsul/Documents/Polyp Detection/kvasir-seg/images/cju5vbo6jldrt0871jf6f1700.jpg,Kvasir-SEG,kvasir,test,1,0
/home/samsul/Documents/Polyp Detection/kvasir-seg/images/cju32zhbnc1oy0801iyv1ix6p.jpg,Kvasir-SEG,kvasir,train,1,0
/home/samsul/Documents/Polyp Detection/kvasir-seg/images/cju858eswlepn0871pzvdrhj1.jpg,Kvasir-SEG,kvasir,train,1,0
/home/samsul/Documents/Polyp Detection/kvasir-seg/images/cju30xqmh0ni00835ix3batv1.jpg,Kvasir-SEG,kvasir,train,1,0
/home/samsul/Documents/Polyp Detection/kvasir-seg/images/cju2p91qir00k08350ddfif0w.jpg,Kvasir-SEG,kvasir,val,1,0
/home/samsul/Documents/Polyp Detection/kvasir-seg/images/cju83ipu3jwpx0801z5pvguf8.jpg,Kvasir-SEG,kvasir,train,1,0
/home/samsul/Documents/Polyp Detection/kvasir-seg/images/cju8clorgsuwn08714toqb7v6.jpg,Kvasir-SEG,kvasir,train,1,0
/home/samsul/Documents/Polyp Detection/kvasir-seg/images/cju77g99iyxc00817zqi2ppor.jpg,Kvasir-SEG,kvasir,train,1,0
/home/samsul/Documents/Polyp Detection/kvasir-seg/images/cju8418jhkf7d0818ga2v0xq0.jpg,Kvasir-SEG,kvasir,train,1,0
/home/samsul/Documents/Polyp Detection/kvasir-seg/images/cju5w7xn0lrkq0801f9k0htgx.jpg,Kvasir-SEG,kvasir,train,1,0
/home/samsul/Documents/Polyp Detection/kvasir-seg/images/cju6z9a9kwsl007552s49rx6i.jpg,Kvasir-SEG,kvasir,train,1,0
/home/samsul/Documents/Polyp Detection/kvasir-seg/images/cju8at3s1qqqx0850hcq8nmnq.jpg,Kvasir-SEG,kvasir,train,1,0
/home/samsul/Documents/Polyp Detection/kvasir-seg/images/cju2lberzkdzm09938cl40pog.jpg,Kvasir-SEG,kvasir,train,1,0
/home/samsul/Documents/Polyp Detection/kvasir-seg/images/cju3tvffffx5f0818t5ov22al.jpg,Kvasir-SEG,kvasir,train,1,0
/home/samsul/Documents/Polyp Detection/kvasir-seg/images/cju2r7h21sj9608354gzks3ae.jpg,Kvasir-SEG,kvasir,val,1,0
/home/samsul/Documents/Polyp Detection/kvasir-seg/images/cju5nyu31gv8e0871zpk74a2n.jpg,Kvasir-SEG,kvasir,train,1,0
/home/samsul/Documents/Polyp Detection/kvasir-seg/images/cju41lojblbs307555jdci937.jpg,Kvasir-SEG,kvasir,train,1,0
/home/samsul/Documents/Polyp Detection/kvasir-seg/images/cju7er4kc2opa0801anuxc0eb.jpg,Kvasir-SEG,kvasir,test,1,0
/home/samsul/Documents/Polyp Detection/kvasir-seg/images/cju7fcgbe2z3p07550vaflqdb.jpg,Kvasir-SEG,kvasir,train,1,0
/home/samsul/Documents/Polyp Detection/kvasir-seg/images/cju15l5ubz9yh0855b3ivdpse.jpg,Kvasir-SEG,kvasir,val,1,0
/home/samsul/Documents/Polyp Detection/kvasir-seg/images/cju15ptjtppz40988odsm9azx.jpg,Kvasir-SEG,kvasir,train,1,0
/home/samsul/Documents/Polyp Detection/kvasir-seg/images/cju1djtprvd7b0988thwwrg09.jpg,Kvasir-SEG,kvasir,test,1,0
/home/samsul/Documents/Polyp Detection/kvasir-seg/images/cju7dbppn28nx085097654msi.jpg,Kvasir-SEG,kvasir,train,1,0
/home/samsul/Documents/Polyp Detection/kvasir-seg/images/cju8b7aqtr4a00987coba14b7.jpg,Kvasir-SEG,kvasir,train,1,0
/home/samsul/Documents/Polyp Detection/kvasir-seg/images/ck2bxqz3evvg20794iiyv5v2m.jpg,Kvasir-SEG,kvasir,test,1,0
/home/samsul/Documents/Polyp Detection/kvasir-seg/images/cju2hos57llxm08359g92p6jj.jpg,Kvasir-SEG,kvasir,val,1,0
/home/samsul/Documents/Polyp Detection/kvasir-seg/images/cju2upu4evw7g08358guwozxv.jpg,Kvasir-SEG,kvasir,train,1,0
/home/samsul/Documents/Polyp Detection/kvasir-seg/images/cju2p0eveqtdc0835gpi3p93i.jpg,Kvasir-SEG,kvasir,train,1,0
/home/samsul/Documents/Polyp Detection/kvasir-seg/images/cju45ofd9ne1j0801ri8dup7t.jpg,Kvasir-SEG,kvasir,train,1,0
/home/samsul/Documents/Polyp Detection/kvasir-seg/images/cju2np2k9zi3v079992ypxqkn.jpg,Kvasir-SEG,kvasir,train,1,0
/home/samsul/Documents/Polyp Detection/kvasir-seg/images/cju2igw4gvxds0878808qj398.jpg,Kvasir-SEG,kvasir,train,1,0
/home/samsul/Documents/Polyp Detection/kvasir-seg/images/cju42m60jlpcm08186kqppzqv.jpg,Kvasir-SEG,kvasir,train,1,0
/home/samsul/Documents/Polyp Detection/kvasir-seg/images/cju7aifyo1p3n07552nxjx51f.jpg,Kvasir-SEG,kvasir,train,1,0
/home/samsul/Documents/Polyp Detection/kvasir-seg/images/cju0u82z3cuma0835wlxrnrjv.jpg,Kvasir-SEG,kvasir,val,1,0
/home/samsul/Documents/Polyp Detection/kvasir-seg/images/cju5vi4nxlc530817uoqm2m7a.jpg,Kvasir-SEG,kvasir,train,1,0
/home/samsul/Documents/Polyp Detection/kvasir-seg/images/cju1819curo000988pd5xcqme.jpg,Kvasir-SEG,kvasir,train,1,0
/home/samsul/Documents/Polyp Detection/kvasir-seg/images/cju3x7xsaijq80818f0psavav.jpg,Kvasir-SEG,kvasir,train,1,0
/home/samsul/Documents/Polyp Detection/kvasir-seg/images/cju5h57xedz5h0755mjpc8694.jpg,Kvasir-SEG,kvasir,train,1,0
/home/samsul/Documents/Polyp Detection/kvasir-seg/images/cju3v56bwgy8v0871w14pz8fx.jpg,Kvasir-SEG,kvasir,train,1,0
/home/samsul/Documents/Polyp Detection/kvasir-seg/images/cju5i39mreass0817au8p22zy.jpg,Kvasir-SEG,kvasir,train,1,0
/home/samsul/Documents/Polyp Detection/kvasir-seg/images/cju3ua8u0g9rg0801uayhdxhu.jpg,Kvasir-SEG,kvasir,train,1,0
/home/samsul/Documents/Polyp Detection/kvasir-seg/images/cju6x0yqbvxqt0755dhxislgb.jpg,Kvasir-SEG,kvasir,train,1,0
/home/samsul/Documents/Polyp Detection/kvasir-seg/images/cju87ox0kncom0801b98hqnd2.jpg,Kvasir-SEG,kvasir,train,1,0
/home/samsul/Documents/Polyp Detection/kvasir-seg/images/cju42tauqlo5p08171l3cuo4b.jpg,Kvasir-SEG,kvasir,train,1,0
/home/samsul/Documents/Polyp Detection/kvasir-seg/images/cju5buy2bal250818ipl6fqwv.jpg,Kvasir-SEG,kvasir,train,1,0
/home/samsul/Documents/Polyp Detection/kvasir-seg/images/cju16b6ynq8e40988m8vx0xnj.jpg,Kvasir-SEG,kvasir,train,1,0
/home/samsul/Documents/Polyp Detection/kvasir-seg/images/cju8alhigqn2h0801zksudldd.jpg,Kvasir-SEG,kvasir,train,1,0
/home/samsul/Documents/Polyp Detection/kvasir-seg/images/cju3u1c8tfyqx08503iedc3mx.jpg,Kvasir-SEG,kvasir,train,1,0
/home/samsul/Documents/Polyp Detection/kvasir-seg/images/cju34uhepd3dd0799hs8782ad.jpg,Kvasir-SEG,kvasir,train,1,0
/home/samsul/Documents/Polyp Detection/kvasir-seg/images/cju6xa0qmvzun0818xjukgncj.jpg,Kvasir-SEG,kvasir,train,1,0
/home/samsul/Documents/Polyp Detection/kvasir-seg/images/cju2ma647l0nj0993ot4deq2q.jpg,Kvasir-SEG,kvasir,train,1,0
/home/samsul/Documents/Polyp Detection/kvasir-seg/images/cju7fob3x301u0755x985pmmq.jpg,Kvasir-SEG,kvasir,train,1,0
/home/samsul/Documents/Polyp Detection/kvasir-seg/images/cju2hfqnmhisa0993gpleeldd.jpg,Kvasir-SEG,kvasir,train,1,0
/home/samsul/Documents/Polyp Detection/kvasir-seg/images/cju5tenjojp1j0755ms4949h2.jpg,Kvasir-SEG,kvasir,train,1,0
/home/samsul/Documents/Polyp Detection/kvasir-seg/images/cju7druhp2gp308715i6km7be.jpg,Kvasir-SEG,kvasir,test,1,0
/home/samsul/Documents/Polyp Detection/kvasir-seg/images/cju33x0f22peh0988g0ln7w5v.jpg,Kvasir-SEG,kvasir,train,1,0
/home/samsul/Documents/Polyp Detection/kvasir-seg/images/cju5huurrecm70801y680y13m.jpg,Kvasir-SEG,kvasir,train,1,0
/home/samsul/Documents/Polyp Detection/kvasir-seg/images/cju7dglf226g50987ohbthl19.jpg,Kvasir-SEG,kvasir,train,1,0
/home/samsul/Documents/Polyp Detection/kvasir-seg/images/ck2bxskgxxzfv08386xkqtqdy.jpg,Kvasir-SEG,kvasir,train,1,0
/home/samsul/Documents/Polyp Detection/kvasir-seg/images/cju160wshltz10993i1gmqxbe.jpg,Kvasir-SEG,kvasir,train,1,0
/home/samsul/Documents/Polyp Detection/kvasir-seg/images/cju5kre09fhka0850h7b1898j.jpg,Kvasir-SEG,kvasir,train,1,0
/home/samsul/Documents/Polyp Detection/kvasir-seg/images/cju16whaj0e7n0855q7b6cjkm.jpg,Kvasir-SEG,kvasir,test,1,0
/home/samsul/Documents/Polyp Detection/kvasir-seg/images/cju5clr68b48r0755cmuvponm.jpg,Kvasir-SEG,kvasir,train,1,0
/home/samsul/Documents/Polyp Detection/kvasir-seg/images/cju7alcgr1lsr0871riqk84z7.jpg,Kvasir-SEG,kvasir,train,1,0
/home/samsul/Documents/Polyp Detection/kvasir-seg/images/cju8b6rp0r5st0850184f79xt.jpg,Kvasir-SEG,kvasir,train,1,0
/home/samsul/Documents/Polyp Detection/kvasir-seg/images/cju88trl3ogi208716qvti51b.jpg,Kvasir-SEG,kvasir,train,1,0
/home/samsul/Documents/Polyp Detection/kvasir-seg/images/cju5wphwwlu3m0987hh3ltg88.jpg,Kvasir-SEG,kvasir,train,1,0
/home/samsul/Documents/Polyp Detection/kvasir-seg/images/cju2r6mt2om21099352pny5gw.jpg,Kvasir-SEG,kvasir,train,1,0
/home/samsul/Documents/Polyp Detection/kvasir-seg/images/cju6w733bveoz0817e600tw72.jpg,Kvasir-SEG,kvasir,train,1,0
/home/samsul/Documents/Polyp Detection/kvasir-seg/images/cju8chdlqsu620755azjty1tj.jpg,Kvasir-SEG,kvasir,train,1,0
/home/samsul/Documents/Polyp Detection/kvasir-seg/images/cju6ur9l9v9jq0755paud9uka.jpg,Kvasir-SEG,kvasir,train,1,0
/home/samsul/Documents/Polyp Detection/kvasir-seg/images/cju336l68y7if0993wf092166.jpg,Kvasir-SEG,kvasir,train,1,0
/home/samsul/Documents/Polyp Detection/kvasir-seg/images/cju84gpefknwm098714oq8q61.jpg,Kvasir-SEG,kvasir,test,1,0
/home/samsul/Documents/Polyp Detection/kvasir-seg/images/cju87li0zn3yb0817kbwgjiz8.jpg,Kvasir-SEG,kvasir,train,1,0
/home/samsul/Documents/Polyp Detection/kvasir-seg/images/cju34o6dbd2lo0855aqlcy1hs.jpg,Kvasir-SEG,kvasir,val,1,0
/home/samsul/Documents/Polyp Detection/kvasir-seg/images/cju2pkwt3r8b90988v2ywq1px.jpg,Kvasir-SEG,kvasir,val,1,0
/home/samsul/Documents/Polyp Detection/kvasir-seg/images/cju2t62nq45jl0799odpufwx6.jpg,Kvasir-SEG,kvasir,train,1,0
/home/samsul/Documents/Polyp Detection/kvasir-seg/images/cju2zgbj9zmrw0835nnlzxj4c.jpg,Kvasir-SEG,kvasir,train,1,0
/home/samsul/Documents/Polyp Detection/kvasir-seg/images/cju5uxjnol2r509871qv2yeia.jpg,Kvasir-SEG,kvasir,test,1,0
/home/samsul/Documents/Polyp Detection/kvasir-seg/images/cju3128yi0rpu0988o4oo5n8n.jpg,Kvasir-SEG,kvasir,train,1,0
/home/samsul/Documents/Polyp Detection/kvasir-seg/images/cju34m7h536wq0988xz7gx79v.jpg,Kvasir-SEG,kvasir,train,1,0
/home/samsul/Documents/Polyp Detection/kvasir-seg/images/cju6vqarjv7yo0987q4b1btk1.jpg,Kvasir-SEG,kvasir,test,1,0
/home/samsul/Documents/Polyp Detection/kvasir-seg/images/cju35mdz73x890835eynq1h9v.jpg,Kvasir-SEG,kvasir,val,1,0
/home/samsul/Documents/Polyp Detection/kvasir-seg/images/cju0vtox5ain6099360pu62rp.jpg,Kvasir-SEG,kvasir,test,1,0
/home/samsul/Documents/Polyp Detection/kvasir-seg/images/cju89z6pqpqfx0817mfv8ixjc.jpg,Kvasir-SEG,kvasir,train,1,0
/home/samsul/Documents/Polyp Detection/kvasir-seg/images/cju7bc95p1mdm0817yqj5jc6j.jpg,Kvasir-SEG,kvasir,train,1,0
/home/samsul/Documents/Polyp Detection/kvasir-seg/images/cju5woy82m07m08505dmjg7g1.jpg,Kvasir-SEG,kvasir,test,1,0
/home/samsul/Documents/Polyp Detection/kvasir-seg/images/cju43mkj9m8wb0871qiadahub.jpg,Kvasir-SEG,kvasir,train,1,0
/home/samsul/Documents/Polyp Detection/kvasir-seg/images/cju32phw2bv130801yj7bkouq.jpg,Kvasir-SEG,kvasir,train,1,0
/home/samsul/Documents/Polyp Detection/kvasir-seg/images/cju5cjh3xattc0817j2vbulzi.jpg,Kvasir-SEG,kvasir,train,1,0
/home/samsul/Documents/Polyp Detection/kvasir-seg/images/cju2txjfzv60w098839dcimys.jpg,Kvasir-SEG,kvasir,train,1,0
/home/samsul/Documents/Polyp Detection/kvasir-seg/images/cju784jpdzeae0987q5ypq883.jpg,Kvasir-SEG,kvasir,test,1,0
/home/samsul/Documents/Polyp Detection/kvasir-seg/images/cju2s16zp317h0799gr67jqc2.jpg,Kvasir-SEG,kvasir,val,1,0
/home/samsul/Documents/Polyp Detection/kvasir-seg/images/cju31t8xd17bk0835rnb893jk.jpg,Kvasir-SEG,kvasir,test,1,1
/home/samsul/Documents/Polyp Detection/kvasir-seg/images/cju45n0oxn5vu08500yfrt9jn.jpg,Kvasir-SEG,kvasir,train,1,0
/home/samsul/Documents/Polyp Detection/kvasir-seg/images/cju42xpi8lw4w0871ve317a1p.jpg,Kvasir-SEG,kvasir,train,1,0
/home/samsul/Documents/Polyp Detection/kvasir-seg/images/cju34ds2531520988qjpqt6e3.jpg,Kvasir-SEG,kvasir,train,1,0
/home/samsul/Documents/Polyp Detection/kvasir-seg/images/cju5k3j3uf6de0817hszzfr7n.jpg,Kvasir-SEG,kvasir,test,1,0
/home/samsul/Documents/Polyp Detection/kvasir-seg/images/cju87vqa0ndwg0850onjdz7ol.jpg,Kvasir-SEG,kvasir,train,1,0
/home/samsul/Documents/Polyp Detection/kvasir-seg/images/cju77k828z46w0871r0avuoo9.jpg,Kvasir-SEG,kvasir,train,1,0
/home/samsul/Documents/Polyp Detection/kvasir-seg/images/cju34zivp3fq80988opxbaqyn.jpg,Kvasir-SEG,kvasir,train,1,0
/home/samsul/Documents/Polyp Detection/kvasir-seg/images/cju3xjqtpikx50817tppy6g84.jpg,Kvasir-SEG,kvasir,train,1,0
/home/samsul/Documents/Polyp Detection/kvasir-seg/images/cju7apr0c1qqm0755s7msqot4.jpg,Kvasir-SEG,kvasir,train,1,0
/home/samsul/Documents/Polyp Detection/kvasir-seg/images/cju5ca9hcatkc0801jzwe7tfx.jpg,Kvasir-SEG,kvasir,train,1,0
/home/samsul/Documents/Polyp Detection/kvasir-seg/images/cju5u6wf0kh1t0755bg1ssixv.jpg,Kvasir-SEG,kvasir,train,1,0
/home/samsul/Documents/Polyp Detection/kvasir-seg/images/cju2oi8sq0i2y0801mektzvw8.jpg,Kvasir-SEG,kvasir,train,1,0
/home/samsul/Documents/Polyp Detection/kvasir-seg/images/cju2hw5gjlr5h0988so2qqres.jpg,Kvasir-SEG,kvasir,train,1,0
/home/samsul/Documents/Polyp Detection/kvasir-seg/images/cju2zwg05a0oy0801yr73ig7g.jpg,Kvasir-SEG,kvasir,train,1,0
/home/samsul/Documents/Polyp Detection/kvasir-seg/images/cju7bduyq1rjf08719giru9ho.jpg,Kvasir-SEG,kvasir,train,1,0
/home/samsul/Documents/Polyp Detection/kvasir-seg/images/cju34sh43d8zm08019xbwhc0o.jpg,Kvasir-SEG,kvasir,test,1,0
/home/samsul/Documents/Polyp Detection/kvasir-seg/images/cju2qtee81yd708787bsjr75d.jpg,Kvasir-SEG,kvasir,train,1,0
/home/samsul/Documents/Polyp Detection/kvasir-seg/images/cju30df2j09dd08351ayx2t6w.jpg,Kvasir-SEG,kvasir,val,1,0
/home/samsul/Documents/Polyp Detection/kvasir-seg/images/cju0ue769mxii08019zqgdbxn.jpg,Kvasir-SEG,kvasir,train,1,0
/home/samsul/Documents/Polyp Detection/kvasir-seg/images/cju334jzo261t0835yqudnfs1.jpg,Kvasir-SEG,kvasir,train,1,0
/home/samsul/Documents/Polyp Detection/kvasir-seg/images/cju8a1jtvpt9m081712iwkca7.jpg,Kvasir-SEG,kvasir,train,1,0
/home/samsul/Documents/Polyp Detection/kvasir-seg/images/cju2ti1du4idn0878giuozonw.jpg,Kvasir-SEG,kvasir,train,1,0
/home/samsul/Documents/Polyp Detection/kvasir-seg/images/cju30gxjq0djk0988jytm49rs.jpg,Kvasir-SEG,kvasir,val,1,0
/home/samsul/Documents/Polyp Detection/kvasir-seg/images/cju42romflni20817etb9a0fl.jpg,Kvasir-SEG,kvasir,train,1,0
/home/samsul/Documents/Polyp Detection/kvasir-seg/images/cju5k7r0yf98c09878csbxb4d.jpg,Kvasir-SEG,kvasir,train,1,0
/home/samsul/Documents/Polyp Detection/kvasir-seg/images/cju2i3hzclw3o0988rrgh911i.jpg,Kvasir-SEG,kvasir,train,1,0
/home/samsul/Documents/Polyp Detection/kvasir-seg/images/cju323ypb1fbb0988gx5rzudb.jpg,Kvasir-SEG,kvasir,train,1,0
/home/samsul/Documents/Polyp Detection/kvasir-seg/images/cju76l27oyrw907551ri2a7fl.jpg,Kvasir-SEG,kvasir,train,1,0
/home/samsul/Documents/Polyp Detection/kvasir-seg/images/cju30k2z40ds308353kdew70n.jpg,Kvasir-SEG,kvasir,train,1,0
/home/samsul/Documents/Polyp Detection/kvasir-seg/images/cju2ro5jqsy680988pi6qsujw.jpg,Kvasir-SEG,kvasir,train,1,0
/home/samsul/Documents/Polyp Detection/kvasir-seg/images/cju2qvuj1s9ok0835tp2k4ozh.jpg,Kvasir-SEG,kvasir,train,1,0
/home/samsul/Documents/Polyp Detection/kvasir-seg/images/cju88l66no10s0850rsda7ej1.jpg,Kvasir-SEG,kvasir,train,1,0
/home/samsul/Documents/Polyp Detection/kvasir-seg/images/cju1hyolc7aqu0878rrkfn1lr.jpg,Kvasir-SEG,kvasir,train,1,0
/home/samsul/Documents/Polyp Detection/kvasir-seg/images/cju3umoh1geet0817cmpef5am.jpg,Kvasir-SEG,kvasir,train,1,0
/home/samsul/Documents/Polyp Detection/kvasir-seg/images/cju41kd7yl4nm0850gil5qqwh.jpg,Kvasir-SEG,kvasir,val,1,0
/home/samsul/Documents/Polyp Detection/kvasir-seg/images/cju8d2q30tfhs0801n7lx77xl.jpg,Kvasir-SEG,kvasir,test,1,0
/home/samsul/Documents/Polyp Detection/kvasir-seg/images/cju7ey10f2rvf0871bwbi9x82.jpg,Kvasir-SEG,kvasir,val,1,0
/home/samsul/Documents/Polyp Detection/kvasir-seg/images/cjyzkmjy8evns070165gf9dmq.jpg,Kvasir-SEG,kvasir,train,1,0
/home/samsul/Documents/Polyp Detection/kvasir-seg/images/cju2u73dj53oz0878486k8k4b.jpg,Kvasir-SEG,kvasir,val,1,0
/home/samsul/Documents/Polyp Detection/kvasir-seg/images/cju30bmab08bi0835mvlr6e0r.jpg,Kvasir-SEG,kvasir,val,1,0
/home/samsul/Documents/Polyp Detection/kvasir-seg/images/cju6vvb8svhed0801jjcquh5e.jpg,Kvasir-SEG,kvasir,train,1,0
/home/samsul/Documents/Polyp Detection/kvasir-seg/images/cju1d96gsv62d09881b3wecw2.jpg,Kvasir-SEG,kvasir,val,1,0
/home/samsul/Documents/Polyp Detection/kvasir-seg/images/cju1g20bdwq6u0835e16xugcd.jpg,Kvasir-SEG,kvasir,train,1,0
/home/samsul/Documents/Polyp Detection/kvasir-seg/images/cju2nqapmzvk20801f9us40dx.jpg,Kvasir-SEG,kvasir,train,1,0
/home/samsul/Documents/Polyp Detection/kvasir-seg/images/cju2tpfa5uyx408359datxqqj.jpg,Kvasir-SEG,kvasir,train,1,0
/home/samsul/Documents/Polyp Detection/kvasir-seg/images/cju2zdhsczmn50988z64qwg2q.jpg,Kvasir-SEG,kvasir,train,1,0
/home/samsul/Documents/Polyp Detection/kvasir-seg/images/cju7do8c72dbo0801vxfzxdc4.jpg,Kvasir-SEG,kvasir,test,1,0
/home/samsul/Documents/Polyp Detection/kvasir-seg/images/cju85plp7lmkw0850rx42jdpf.jpg,Kvasir-SEG,kvasir,train,1,0
/home/samsul/Documents/Polyp Detection/kvasir-seg/images/cju8c5223s8j80850b4kealt4.jpg,Kvasir-SEG,kvasir,train,1,0
/home/samsul/Documents/Polyp Detection/kvasir-seg/images/cju85hguellg50818kwu3s8d1.jpg,Kvasir-SEG,kvasir,test,1,0
/home/samsul/Documents/Polyp Detection/kvasir-seg/images/cju8ashhnquqr0801rwduzt7d.jpg,Kvasir-SEG,kvasir,train,1,0
/home/samsul/Documents/Polyp Detection/kvasir-seg/images/cju2yi9tz8vky0801yqip0xyl.jpg,Kvasir-SEG,kvasir,train,1,0
/home/samsul/Documents/Polyp Detection/kvasir-seg/images/cju3wstckialg0871xs0vevsj.jpg,Kvasir-SEG,kvasir,train,1,0
/home/samsul/Documents/Polyp Detection/kvasir-seg/images/cju2ysg748ru80878sp6j0gm0.jpg,Kvasir-SEG,kvasir,train,1,0
/home/samsul/Documents/Polyp Detection/kvasir-seg/images/cju3xiic0ilzp0850lusrb42j.jpg,Kvasir-SEG,kvasir,train,1,0
/home/samsul/Documents/Polyp Detection/kvasir-seg/images/cju1dnz61vfp40988e78bkjga.jpg,Kvasir-SEG,kvasir,train,1,0
/home/samsul/Documents/Polyp Detection/kvasir-seg/images/cju8adb60qbiu080188mxpf8d.jpg,Kvasir-SEG,kvasir,train,1,0
/home/samsul/Documents/Polyp Detection/kvasir-seg/images/cju35740hzm0g0993zl5ic246.jpg,Kvasir-SEG,kvasir,train,1,0
/home/samsul/Documents/Polyp Detection/kvasir-seg/images/cju7bgnvb1sf808717qa799ir.jpg,Kvasir-SEG,kvasir,train,1,0
/home/samsul/Documents/Polyp Detection/kvasir-seg/images/cju5o1vu9gz8a0818eyy92bns.jpg,Kvasir-SEG,kvasir,train,1,0
/home/samsul/Documents/Polyp Detection/kvasir-seg/images/cju2tjrog4jy30878pawyazqc.jpg,Kvasir-SEG,kvasir,train,1,0
/home/samsul/Documents/Polyp Detection/kvasir-seg/images/cju2i6acqvo6l0799u20fift8.jpg,Kvasir-SEG,kvasir,test,1,0
/home/samsul/Documents/Polyp Detection/kvasir-seg/images/cju6xmqd9w0250817l5kxfnsk.jpg,Kvasir-SEG,kvasir,train,1,0
/home/samsul/Documents/Polyp Detection/kvasir-seg/images/cju85rkbnlo1c08503uxcpax1.jpg,Kvasir-SEG,kvasir,train,1,0
/home/samsul/Documents/Polyp Detection/kvasir-seg/images/cju7eea9b2m0z0801ynqv1fqu.jpg,Kvasir-SEG,kvasir,train,1,0
/home/samsul/Documents/Polyp Detection/kvasir-seg/images/cju426tomlhll0818fc0i7nvh.jpg,Kvasir-SEG,kvasir,test,1,0
/home/samsul/Documents/Polyp Detection/kvasir-seg/images/cju0u2g7pmnux0801vkk47ivj.jpg,Kvasir-SEG,kvasir,train,1,0
/home/samsul/Documents/Polyp Detection/kvasir-seg/images/cju1dia8hvc6v098827mgffnm.jpg,Kvasir-SEG,kvasir,train,1,0
/home/samsul/Documents/Polyp Detection/kvasir-seg/images/cju7f5ghb2r5s0801chwkxxh9.jpg,Kvasir-SEG,kvasir,train,1,0
/home/samsul/Documents/Polyp Detection/kvasir-seg/images/cju1cbokpuiw70988j4lq1fpi.jpg,Kvasir-SEG,kvasir,train,1,0
/home/samsul/Documents/Polyp Detection/kvasir-seg/images/cju5wkonqlrl409877y8zvnub.jpg,Kvasir-SEG,kvasir,train,1,0
/home/samsul/Documents/Polyp Detection/kvasir-seg/images/cju1fyb1d69et0878muzdak9u.jpg,Kvasir-SEG,kvasir,train,1,0
/home/samsul/Documents/Polyp Detection/kvasir-seg/images/cju1dq3x1vgx109889c7wyirg.jpg,Kvasir-SEG,kvasir,train,1,0
/home/samsul/Documents/Polyp Detection/kvasir-seg/images/cju2ntxtdzlvu0799xl3j9pan.jpg,Kvasir-SEG,kvasir,train,1,0
/home/samsul/Documents/Polyp Detection/kvasir-seg/images/cju5ew4h9cqaf0818rrczkmqh.jpg,Kvasir-SEG,kvasir,train,1,0
/home/samsul/Documents/Polyp Detection/kvasir-seg/images/cju7ehljc2or70871261br8ai.jpg,Kvasir-SEG,kvasir,train,1,0
/home/samsul/Documents/Polyp Detection/kvasir-seg/images/cju422cm8lfxn0818ojicxejb.jpg,Kvasir-SEG,kvasir,train,1,0
/home/samsul/Documents/Polyp Detection/kvasir-seg/images/cju2urqpwvxw70835rvndvtsi.jpg,Kvasir-SEG,kvasir,train,1,0
/home/samsul/Documents/Polyp Detection/kvasir-seg/images/cju88nroho44508500129f1nh.jpg,Kvasir-SEG,kvasir,train,1,0
/home/samsul/Documents/Polyp Detection/kvasir-seg/images/cju5vzjoslpj708186z2fusmz.jpg,Kvasir-SEG,kvasir,train,1,0
/home/samsul/Documents/Polyp Detection/kvasir-seg/images/cju35ldepdtlm0801yv79y8vu.jpg,Kvasir-SEG,kvasir,train,1,0
/home/samsul/Documents/Polyp Detection/kvasir-seg/images/cju16d65tzw9d0799ouslsw25.jpg,Kvasir-SEG,kvasir,train,1,0
/home/samsul/Documents/Polyp Detection/kvasir-seg/images/cju843yjskhq30818qre4rwm2.jpg,Kvasir-SEG,kvasir,train,1,0
/home/samsul/Documents/Polyp Detection/kvasir-seg/images/cju2lcyfgkf5809932fn9gucn.jpg,Kvasir-SEG,kvasir,train,1,0
/home/samsul/Documents/Polyp Detection/kvasir-seg/images/cju7ajnbo1gvm098749rdouk0.jpg,Kvasir-SEG,kvasir,train,1,0
/home/samsul/Documents/Polyp Detection/kvasir-seg/images/cju7f6cqy2ur20818t1saazbm.jpg,Kvasir-SEG,kvasir,train,1,0
/home/samsul/Documents/Polyp Detection/kvasir-seg/images/cju3u39fog1bo0871lxjrabks.jpg,Kvasir-SEG,kvasir,train,1,0
/home/samsul/Documents/Polyp Detection/kvasir-seg/images/cju8a3nhbpwnb0850d37fo2na.jpg,Kvasir-SEG,kvasir,val,1,0
/home/samsul/Documents/Polyp Detection/kvasir-seg/images/cju7bd1qu1mx409877xjxibox.jpg,Kvasir-SEG,kvasir,val,1,0
/home/samsul/Documents/Polyp Detection/kvasir-seg/images/cju5es375cnzy0801nkq35ffs.jpg,Kvasir-SEG,kvasir,train,1,0
/home/samsul/Documents/Polyp Detection/kvasir-seg/images/cju7b2l561oas0871decgslaf.jpg,Kvasir-SEG,kvasir,train,1,0
/home/samsul/Documents/Polyp Detection/kvasir-seg/images/cju2i8br1vqtd08784u6vmcjk.jpg,Kvasir-SEG,kvasir,train,1,0
/home/samsul/Documents/Polyp Detection/kvasir-seg/images/cju83u9ftk3ni0987qnhlcinv.jpg,Kvasir-SEG,kvasir,train,1,0
/home/samsul/Documents/Polyp Detection/kvasir-seg/images/cju7flevb2wii08188otgs9p2.jpg,Kvasir-SEG,kvasir,train,1,0
/home/samsul/Documents/Polyp Detection/kvasir-seg/images/cju2uokeg5jm20799xwgsyz89.jpg,Kvasir-SEG,kvasir,train,1,0
/home/samsul/Documents/Polyp Detection/kvasir-seg/images/cju7d5m0p23kn09871rk7pu3v.jpg,Kvasir-SEG,kvasir,train,1,0
/home/samsul/Documents/Polyp Detection/kvasir-seg/images/cju2rnkt22xep0801as160g9t.jpg,Kvasir-SEG,kvasir,train,1,0
/home/samsul/Documents/Polyp Detection/kvasir-seg/images/cju5udcufki0s09874ll1dbr5.jpg,Kvasir-SEG,kvasir,val,1,0
/home/samsul/Documents/Polyp Detection/kvasir-seg/images/cju7b5afm1nfw0801xqm8bf8q.jpg,Kvasir-SEG,kvasir,train,1,0
/home/samsul/Documents/Polyp Detection/kvasir-seg/images/cju5b9oyda4yr0850g9viziyv.jpg,Kvasir-SEG,kvasir,train,1,0
/home/samsul/Documents/Polyp Detection/kvasir-seg/images/cju5xopi0md7q0871r1sjc1av.jpg,Kvasir-SEG,kvasir,train,1,0
/home/samsul/Documents/Polyp Detection/kvasir-seg/images/cju7avvi51iox0817ym55y6tt.jpg,Kvasir-SEG,kvasir,train,1,0
/home/samsul/Documents/Polyp Detection/kvasir-seg/images/cju35c4wzdhow0799h6eq4sgs.jpg,Kvasir-SEG,kvasir,train,1,0
/home/samsul/Documents/Polyp Detection/kvasir-seg/images/cju7b10ce1mnm08011c5bwyr4.jpg,Kvasir-SEG,kvasir,train,1,0
/home/samsul/Documents/Polyp Detection/kvasir-seg/images/cju2yljr0yzhw0988ecf271ly.jpg,Kvasir-SEG,kvasir,train,1,0
/home/samsul/Documents/Polyp Detection/kvasir-seg/images/cju3tx1qyg0c907552fglumhc.jpg,Kvasir-SEG,kvasir,train,1,0
/home/samsul/Documents/Polyp Detection/kvasir-seg/images/cju1cu1u2474n0878tt7v4tdr.jpg,Kvasir-SEG,kvasir,train,1,0
/home/samsul/Documents/Polyp Detection/kvasir-seg/images/cju2zrojo9kcd0878ld2epejq.jpg,Kvasir-SEG,kvasir,train,1,0
/home/samsul/Documents/Polyp Detection/kvasir-seg/images/cju5u8gz4kj5b07552e2wpkwp.jpg,Kvasir-SEG,kvasir,train,1,0
/home/samsul/Documents/Polyp Detection/kvasir-seg/images/cju88gx09o2vk0818610zody3.jpg,Kvasir-SEG,kvasir,test,1,0
/home/samsul/Documents/Polyp Detection/kvasir-seg/images/cju88oh0po9gq0801nge4tgr1.jpg,Kvasir-SEG,kvasir,train,1,0
/home/samsul/Documents/Polyp Detection/kvasir-seg/images/cju3yb47cj1xq0817zfotbni4.jpg,Kvasir-SEG,kvasir,train,1,0
/home/samsul/Documents/Polyp Detection/kvasir-seg/images/cju32l161bi1v07990vm376in.jpg,Kvasir-SEG,kvasir,train,1,0
/home/samsul/Documents/Polyp Detection/kvasir-seg/images/cju5yimthmlv80850zhoc90c2.jpg,Kvasir-SEG,kvasir,test,1,0
/home/samsul/Documents/Polyp Detection/kvasir-seg/images/ck2bxpfgxu2mk0748gsh7xelu.jpg,Kvasir-SEG,kvasir,train,1,0
/home/samsul/Documents/Polyp Detection/kvasir-seg/images/cju1fmsyf6gxb0801cimx2gle.jpg,Kvasir-SEG,kvasir,train,1,0
/home/samsul/Documents/Polyp Detection/kvasir-seg/images/cju15jr8jz8sb0855ukmkswkz.jpg,Kvasir-SEG,kvasir,train,1,0
/home/samsul/Documents/Polyp Detection/kvasir-seg/images/cju41p90plcsx08018cnzpndc.jpg,Kvasir-SEG,kvasir,test,1,0
/home/samsul/Documents/Polyp Detection/kvasir-seg/images/cjyzu3reghjya0794w7pwoi50.jpg,Kvasir-SEG,kvasir,train,1,0
/home/samsul/Documents/Polyp Detection/kvasir-seg/images/cju7ejm2l2ncl0801wq6y84nw.jpg,Kvasir-SEG,kvasir,train,1,0
/home/samsul/Documents/Polyp Detection/kvasir-seg/images/cju849c23kgnk0817cgv2hw1e.jpg,Kvasir-SEG,kvasir,train,1,0
/home/samsul/Documents/Polyp Detection/kvasir-seg/images/cju1f5x1164xv08555654c24r.jpg,Kvasir-SEG,kvasir,train,1,0
/home/samsul/Documents/Polyp Detection/kvasir-seg/images/cju8b8yair65w09878pyqtr96.jpg,Kvasir-SEG,kvasir,train,1,0
/home/samsul/Documents/Polyp Detection/kvasir-seg/images/cju8bqxxurs6i0850mu7mtef9.jpg,Kvasir-SEG,kvasir,train,1,0
/home/samsul/Documents/Polyp Detection/kvasir-seg/images/cju15mhjczc8z0801kit5c6di.jpg,Kvasir-SEG,kvasir,train,1,0
/home/samsul/Documents/Polyp Detection/kvasir-seg/images/cju7dlk532dsh0871zvr6qz0r.jpg,Kvasir-SEG,kvasir,train,1,0
/home/samsul/Documents/Polyp Detection/kvasir-seg/images/cju8c9akjsdjj0850s67uzlxq.jpg,Kvasir-SEG,kvasir,train,1,0
/home/samsul/Documents/Polyp Detection/kvasir-seg/images/cju2lejzcy4pc0878c9rlonot.jpg,Kvasir-SEG,kvasir,train,1,0
/home/samsul/Documents/Polyp Detection/kvasir-seg/images/cju88v2f9oi8w0871hx9auh01.jpg,Kvasir-SEG,kvasir,test,1,0
/home/samsul/Documents/Polyp Detection/kvasir-seg/images/cju2lyynuymli0855g7fxgbhe.jpg,Kvasir-SEG,kvasir,train,1,0
/home/samsul/Documents/Polyp Detection/kvasir-seg/images/cju8c1a0ws7o208181c6lbsom.jpg,Kvasir-SEG,kvasir,train,1,0
/home/samsul/Documents/Polyp Detection/kvasir-seg/images/cju8bssulrrcy0987h1vq5060.jpg,Kvasir-SEG,kvasir,train,1,0
/home/samsul/Documents/Polyp Detection/kvasir-seg/images/cju2zkpdl9h7t0799ix60teqg.jpg,Kvasir-SEG,kvasir,test,1,0
/home/samsul/Documents/Polyp Detection/kvasir-seg/images/cju1amqw6p8pw0993d9gc5crl.jpg,Kvasir-SEG,kvasir,train,1,0
/home/samsul/Documents/Polyp Detection/kvasir-seg/images/cju7dqcwi2dz00850gcmr2ert.jpg,Kvasir-SEG,kvasir,train,1,0
/home/samsul/Documents/Polyp Detection/kvasir-seg/images/cju2r91dg2k090801bh0xzbxk.jpg,Kvasir-SEG,kvasir,test,1,0
/home/samsul/Documents/Polyp Detection/kvasir-seg/images/cju6uzxk0v83p0801rcwnexdu.jpg,Kvasir-SEG,kvasir,train,1,0
/home/samsul/Documents/Polyp Detection/kvasir-seg/images/cju84dsvaklpx098750hp83x4.jpg,Kvasir-SEG,kvasir,train,1,0
/home/samsul/Documents/Polyp Detection/kvasir-seg/images/cju32fhnhbds40799broyoptc.jpg,Kvasir-SEG,kvasir,test,1,0
/home/samsul/Documents/Polyp Detection/kvasir-seg/images/cju1cj3f0qi5n0993ut8f49rj.jpg,Kvasir-SEG,kvasir,train,1,0
/home/samsul/Documents/Polyp Detection/kvasir-seg/images/cju84ih17kp5l09876bkooocl.jpg,Kvasir-SEG,kvasir,train,1,0
/home/samsul/Documents/Polyp Detection/kvasir-seg/images/cju2oq5570avm079959o20op1.jpg,Kvasir-SEG,kvasir,train,1,0
/home/samsul/Documents/Polyp Detection/kvasir-seg/images/cju2ycp1u8g2r0799jslnp7cz.jpg,Kvasir-SEG,kvasir,train,1,0
/home/samsul/Documents/Polyp Detection/kvasir-seg/images/cju43h43am1dy08176gwfhmnt.jpg,Kvasir-SEG,kvasir,train,1,0
/home/samsul/Documents/Polyp Detection/kvasir-seg/images/cju8djdqztu6408506pzhlo18.jpg,Kvasir-SEG,kvasir,test,1,0
/home/samsul/Documents/Polyp Detection/kvasir-seg/images/cju6vta3kvazg0817qbeppjtm.jpg,Kvasir-SEG,kvasir,train,1,0
/home/samsul/Documents/Polyp Detection/kvasir-seg/images/cju3u4lxmg59o0755rz42b9en.jpg,Kvasir-SEG,kvasir,train,1,0
/home/samsul/Documents/Polyp Detection/kvasir-seg/images/cjyzurzvohqnr0794es1itzek.jpg,Kvasir-SEG,kvasir,train,1,0
/home/samsul/Documents/Polyp Detection/kvasir-seg/images/cju3v664kh0px0818y4y7wolf.jpg,Kvasir-SEG,kvasir,train,1,0
/home/samsul/Documents/Polyp Detection/kvasir-seg/images/cju7cp6dw244p0818gncdol4m.jpg,Kvasir-SEG,kvasir,train,1,0
/home/samsul/Documents/Polyp Detection/kvasir-seg/images/cju77re6fz5bb0817vp9redjg.jpg,Kvasir-SEG,kvasir,train,1,0
/home/samsul/Documents/Polyp Detection/kvasir-seg/images/cju77u1sjz77b0817ft44r3fk.jpg,Kvasir-SEG,kvasir,train,1,0
/home/samsul/Documents/Polyp Detection/kvasir-seg/images/cju42u5bjlvi10801dc13sskp.jpg,Kvasir-SEG,kvasir,test,1,0
/home/samsul/Documents/Polyp Detection/kvasir-seg/images/cju8bm24yrrdp081829mbo8ic.jpg,Kvasir-SEG,kvasir,val,1,0
/home/samsul/Documents/Polyp Detection/kvasir-seg/images/cju888fr7nveu0818r9uwtiit.jpg,Kvasir-SEG,kvasir,test,1,0
/home/samsul/Documents/Polyp Detection/kvasir-seg/images/cju7db7lp2f400755tntd1ohf.jpg,Kvasir-SEG,kvasir,val,1,0
/home/samsul/Documents/Polyp Detection/kvasir-seg/images/cju2qqn5ys4uo0988ewrt2ip2.jpg,Kvasir-SEG,kvasir,train,1,0
/home/samsul/Documents/Polyp Detection/kvasir-seg/images/cju1dfeupuzlw0835gnxip369.jpg,Kvasir-SEG,kvasir,train,1,0
/home/samsul/Documents/Polyp Detection/kvasir-seg/images/cju3uz4o6gr9z0850lhxyxvsj.jpg,Kvasir-SEG,kvasir,train,1,0
/home/samsul/Documents/Polyp Detection/kvasir-seg/images/ck2bxknhjvs1x0794iogrq49k.jpg,Kvasir-SEG,kvasir,val,1,0
/home/samsul/Documents/Polyp Detection/kvasir-seg/images/cju1fuoa4wmc50835qfd11sp9.jpg,Kvasir-SEG,kvasir,train,1,0
/home/samsul/Documents/Polyp Detection/kvasir-seg/images/cju2xbk0080y80801eghyddi2.jpg,Kvasir-SEG,kvasir,train,1,0
/home/samsul/Documents/Polyp Detection/kvasir-seg/images/cju87r56lnkyp0755hz30leew.jpg,Kvasir-SEG,kvasir,train,1,0
/home/samsul/Documents/Polyp Detection/kvasir-seg/images/cju84ffdzkrjn08183jh1fxmb.jpg,Kvasir-SEG,kvasir,train,1,0
/home/samsul/Documents/Polyp Detection/kvasir-seg/images/cju3v72v5h1qz0818fggilwtq.jpg,Kvasir-SEG,kvasir,train,1,0
/home/samsul/Documents/Polyp Detection/kvasir-seg/images/cju14hjh2ob2o0835ouz3r5aa.jpg,Kvasir-SEG,kvasir,train,1,0
/home/samsul/Documents/Polyp Detection/kvasir-seg/images/cju2rmd2rsw9g09888hh1efu0.jpg,Kvasir-SEG,kvasir,train,1,0
/home/samsul/Documents/Polyp Detection/kvasir-seg/images/cju6vvxsev9y30987kespucdg.jpg,Kvasir-SEG,kvasir,train,1,0
/home/samsul/Documents/Polyp Detection/kvasir-seg/images/cju2osuru0ki00855txo0n3uu.jpg,Kvasir-SEG,kvasir,train,1,0
/home/samsul/Documents/Polyp Detection/kvasir-seg/images/cju88t4fvokxf07558ymyh281.jpg,Kvasir-SEG,kvasir,train,1,0
/home/samsul/Documents/Polyp Detection/kvasir-seg/images/cju6ywm40wdbo0987pbftsvtg.jpg,Kvasir-SEG,kvasir,val,1,0
/home/samsul/Documents/Polyp Detection/kvasir-seg/images/cju2yv4imv6cz099314jveiib.jpg,Kvasir-SEG,kvasir,train,1,0
/home/samsul/Documents/Polyp Detection/kvasir-seg/images/cju2qz06823a40878ojcz9ccx.jpg,Kvasir-SEG,kvasir,train,1,0
/home/samsul/Documents/Polyp Detection/kvasir-seg/images/cju8c5zcbsdfz0801o5t6jag1.jpg,Kvasir-SEG,kvasir,val,1,0
/home/samsul/Documents/Polyp Detection/kvasir-seg/images/cju5wqonpm0e60801z88ewmy1.jpg,Kvasir-SEG,kvasir,train,1,0
/home/samsul/Documents/Polyp Detection/kvasir-seg/images/cju40sdwukv3k0755y99ug1k8.jpg,Kvasir-SEG,kvasir,val,1,0
/home/samsul/Documents/Polyp Detection/kvasir-seg/images/cju6v3bb2v7xo085090blubyw.jpg,Kvasir-SEG,kvasir,train,1,0
/home/samsul/Documents/Polyp Detection/kvasir-seg/images/cju8dic9mtppa0987swn23wbc.jpg,Kvasir-SEG,kvasir,train,1,0
/home/samsul/Documents/Polyp Detection/kvasir-seg/images/cju5uzmaol56l0817flxh4w9p.jpg,Kvasir-SEG,kvasir,train,1,0
/home/samsul/Documents/Polyp Detection/kvasir-seg/images/cju88y1mwoln50871emyfny1g.jpg,Kvasir-SEG,kvasir,train,1,0
/home/samsul/Documents/Polyp Detection/kvasir-seg/images/cju85fc11ljr40818edpb0inh.jpg,Kvasir-SEG,kvasir,train,1,0
/home/samsul/Documents/Polyp Detection/kvasir-seg/images/cju8bop5jrsid08716i24fqda.jpg,Kvasir-SEG,kvasir,train,1,0
/home/samsul/Documents/Polyp Detection/kvasir-seg/images/cju1h5w4wxajx0835mc954kxy.jpg,Kvasir-SEG,kvasir,train,1,0
/home/samsul/Documents/Polyp Detection/kvasir-seg/images/cju5ygh1zmmdi0755uod5e17i.jpg,Kvasir-SEG,kvasir,train,1,0
/home/samsul/Documents/Polyp Detection/kvasir-seg/images/cju7dhpsc2dnn0818025m6857.jpg,Kvasir-SEG,kvasir,train,1,0
/home/samsul/Documents/Polyp Detection/kvasir-seg/images/cju1c8ffau5770835g0g343o8.jpg,Kvasir-SEG,kvasir,train,1,0
/home/samsul/Documents/Polyp Detection/kvasir-seg/images/cju2zdvjn9h7r08553cp4eed5.jpg,Kvasir-SEG,kvasir,train,1,0
/home/samsul/Documents/Polyp Detection/kvasir-seg/images/cju7csvlb22fr0850lvm45n3x.jpg,Kvasir-SEG,kvasir,train,1,0
/home/samsul/Documents/Polyp Detection/kvasir-seg/images/cju40m0rjkpw80871z6n6yg1u.jpg,Kvasir-SEG,kvasir,train,1,0
/home/samsul/Documents/Polyp Detection/kvasir-seg/images/cju7dvl5m2n4t0755hlnnjjet.jpg,Kvasir-SEG,kvasir,train,1,0
/home/samsul/Documents/Polyp Detection/kvasir-seg/images/cju77196iyshb0850ycbto50a.jpg,Kvasir-SEG,kvasir,train,1,0
/home/samsul/Documents/Polyp Detection/kvasir-seg/images/cju18kevfrojc0835bn90f1in.jpg,Kvasir-SEG,kvasir,train,1,0
/home/samsul/Documents/Polyp Detection/kvasir-seg/images/cju6wuojavt740818b5qcv3iw.jpg,Kvasir-SEG,kvasir,train,1,0
/home/samsul/Documents/Polyp Detection/kvasir-seg/images/cju45ty6zn9oz0850qy4qnck1.jpg,Kvasir-SEG,kvasir,train,1,0
/home/samsul/Documents/Polyp Detection/kvasir-seg/images/cju5von04litr08718j8po40a.jpg,Kvasir-SEG,kvasir,test,1,0
/home/samsul/Documents/Polyp Detection/kvasir-seg/images/cju18849rrsgr0988p90hkygb.jpg,Kvasir-SEG,kvasir,train,1,0
/home/samsul/Documents/Polyp Detection/kvasir-seg/images/cju30j1rgadut0801vuyrsnt8.jpg,Kvasir-SEG,kvasir,train,1,0
/home/samsul/Documents/Polyp Detection/kvasir-seg/images/cjz14qsk2wci60794un9ozwmw.jpg,Kvasir-SEG,kvasir,test,1,0
/home/samsul/Documents/Polyp Detection/kvasir-seg/images/cju5c7oijaqmq09878qwgqv8n.jpg,Kvasir-SEG,kvasir,train,1,0
/home/samsul/Documents/Polyp Detection/kvasir-seg/images/cju83k8fyjsxr0817d6nxs6r4.jpg,Kvasir-SEG,kvasir,train,1,0
/home/samsul/Documents/Polyp Detection/kvasir-seg/images/cju85je7vlht70817c9jcjwi4.jpg,Kvasir-SEG,kvasir,train,1,0
/home/samsul/Documents/Polyp Detection/kvasir-seg/images/cju324q101fhe08350wae9cif.jpg,Kvasir-SEG,kvasir,train,1,0
/home/samsul/Documents/Polyp Detection/kvasir-seg/images/cju7d3oc82cho0755dajlwldz.jpg,Kvasir-SEG,kvasir,train,1,0
/home/samsul/Documents/Polyp Detection/kvasir-seg/images/cju7atnm31if40817pqclnjer.jpg,Kvasir-SEG,kvasir,val,1,0
/home/samsul/Documents/Polyp Detection/kvasir-seg/images/cju32csyfblyh080170aa3x5p.jpg,Kvasir-SEG,kvasir,train,1,0
/home/samsul/Documents/Polyp Detection/kvasir-seg/images/cju5wuhm1lwm40987vugqn3vv.jpg,Kvasir-SEG,kvasir,train,1,0
/home/samsul/Documents/Polyp Detection/kvasir-seg/images/cju2top2ruxxy0988p1svx36g.jpg,Kvasir-SEG,kvasir,train,1,0
/home/samsul/Documents/Polyp Detection/kvasir-seg/images/cju2zi4l09f5807991s8do2b2.jpg,Kvasir-SEG,kvasir,train,1,0
/home/samsul/Documents/Polyp Detection/kvasir-seg/images/cju14g8o4xui30878gkgbrvqj.jpg,Kvasir-SEG,kvasir,train,1,0
/home/samsul/Documents/Polyp Detection/kvasir-seg/images/cju7dxffn2eam0817qxosfwch.jpg,Kvasir-SEG,kvasir,train,1,0
/home/samsul/Documents/Polyp Detection/kvasir-seg/images/cju33231uy4gi0993qc7b1jch.jpg,Kvasir-SEG,kvasir,val,1,0
/home/samsul/Documents/Polyp Detection/kvasir-seg/images/cju2nsmwjlzyl0993jl80chvz.jpg,Kvasir-SEG,kvasir,train,1,0
/home/samsul/Documents/Polyp Detection/kvasir-seg/images/cju5x7iskmad90818frchyfwd.jpg,Kvasir-SEG,kvasir,train,1,0
/home/samsul/Documents/Polyp Detection/kvasir-seg/images/cju0rx1idathl0835detmsp84.jpg,Kvasir-SEG,kvasir,train,1,0
/home/samsul/Documents/Polyp Detection/kvasir-seg/images/cju1erep75us208553i4ofwwe.jpg,Kvasir-SEG,kvasir,train,1,0
/home/samsul/Documents/Polyp Detection/kvasir-seg/images/cju1f15k3w4ct0835cmde6ypo.jpg,Kvasir-SEG,kvasir,train,1,0
/home/samsul/Documents/Polyp Detection/kvasir-seg/images/cju2phaksnahz0993yxogjcpv.jpg,Kvasir-SEG,kvasir,train,1,0
/home/samsul/Documents/Polyp Detection/kvasir-seg/images/cju320gyvbch60801v2amdi2g.jpg,Kvasir-SEG,kvasir,train,1,0
/home/samsul/Documents/Polyp Detection/kvasir-seg/images/cju5k503sfa5f0871lx0rpu5y.jpg,Kvasir-SEG,kvasir,train,1,0
/home/samsul/Documents/Polyp Detection/kvasir-seg/images/cju6vucxvvlda0755j7msqnya.jpg,Kvasir-SEG,kvasir,train,1,0
/home/samsul/Documents/Polyp Detection/kvasir-seg/images/cju2trtjf4qjd0878a2zle9v9.jpg,Kvasir-SEG,kvasir,train,1,0
/home/samsul/Documents/Polyp Detection/kvasir-seg/images/cju77j66ez52p08019xygi0co.jpg,Kvasir-SEG,kvasir,train,1,0
/home/samsul/Documents/Polyp Detection/kvasir-seg/images/cju1b75x63ddl0799sdp0i2j3.jpg,Kvasir-SEG,kvasir,train,1,0
/home/samsul/Documents/Polyp Detection/kvasir-seg/images/cju8c5mxls96t0850wvkvsity.jpg,Kvasir-SEG,kvasir,train,1,0
/home/samsul/Documents/Polyp Detection/kvasir-seg/images/cju7aqkue1i2k09879uzcpt8r.jpg,Kvasir-SEG,kvasir,test,1,0
/home/samsul/Documents/Polyp Detection/kvasir-seg/images/cju8dn0c3u2v50801k8rvq02f.jpg,Kvasir-SEG,kvasir,train,1,0
/home/samsul/Documents/Polyp Detection/kvasir-seg/images/cju3tp94kfstl08181awh6z49.jpg,Kvasir-SEG,kvasir,train,1,0
/home/samsul/Documents/Polyp Detection/kvasir-seg/images/cju5o4pk9h0720755lgp9jq8m.jpg,Kvasir-SEG,kvasir,train,1,0
/home/samsul/Documents/Polyp Detection/kvasir-seg/images/cju41r6v2lcww0871ps8k8pf5.jpg,Kvasir-SEG,kvasir,train,1,0
/home/samsul/Documents/Polyp Detection/kvasir-seg/images/cju7dymur2od30755eg8yv2ht.jpg,Kvasir-SEG,kvasir,test,1,0
/home/samsul/Documents/Polyp Detection/kvasir-seg/images/cju8bysfgrzkl081786jwac09.jpg,Kvasir-SEG,kvasir,train,1,0
/home/samsul/Documents/Polyp Detection/kvasir-seg/images/cju34ymm8d6700799uop0cw33.jpg,Kvasir-SEG,kvasir,train,1,0
/home/samsul/Documents/Polyp Detection/kvasir-seg/images/cju7dz5yy2i7z0801ausi7rna.jpg,Kvasir-SEG,kvasir,train,1,0
/home/samsul/Documents/Polyp Detection/kvasir-seg/images/cju1d31sp4d4k0878r3fr02ul.jpg,Kvasir-SEG,kvasir,train,1,0
/home/samsul/Documents/Polyp Detection/kvasir-seg/images/cju3y0pjrj1c30755nxekxccj.jpg,Kvasir-SEG,kvasir,val,1,0
/home/samsul/Documents/Polyp Detection/kvasir-seg/images/ck2bxlujamu330725szlc2jdu.jpg,Kvasir-SEG,kvasir,test,1,0
/home/samsul/Documents/Polyp Detection/kvasir-seg/images/cju33eqwbcch208012jikwdky.jpg,Kvasir-SEG,kvasir,train,1,0
/home/samsul/Documents/Polyp Detection/kvasir-seg/images/cju83h9ysjwe808716nt35oah.jpg,Kvasir-SEG,kvasir,train,1,0
/home/samsul/Documents/Polyp Detection/kvasir-seg/images/cju76erapykj30871x5eaxh4q.jpg,Kvasir-SEG,kvasir,val,1,0
/home/samsul/Documents/Polyp Detection/kvasir-seg/images/cju6us80mv1b50871ebyq2wxa.jpg,Kvasir-SEG,kvasir,train,1,0
/home/samsul/Documents/Polyp Detection/kvasir-seg/images/cju1hirfi7ekp0855q0vgm9qq.jpg,Kvasir-SEG,kvasir,train,1,0
/home/samsul/Documents/Polyp Detection/kvasir-seg/images/cju77afzlz3kp07550x5nafzs.jpg,Kvasir-SEG,kvasir,train,1,0
/home/samsul/Documents/Polyp Detection/kvasir-seg/images/cju2rkjfwoxys0993x768l1j2.jpg,Kvasir-SEG,kvasir,train,1,0
/home/samsul/Documents/Polyp Detection/kvasir-seg/images/cju42py9mlqyd0818u3d1d7ga.jpg,Kvasir-SEG,kvasir,train,1,0
/home/samsul/Documents/Polyp Detection/kvasir-seg/images/cju5nxkujgscq0817l9gss626.jpg,Kvasir-SEG,kvasir,val,1,0
/home/samsul/Documents/Polyp Detection/kvasir-seg/images/cju7frtqu2xa20818wq8r9fzf.jpg,Kvasir-SEG,kvasir,train,1,0
/home/samsul/Documents/Polyp Detection/kvasir-seg/images/cju7b3f5h1sm40755i572jden.jpg,Kvasir-SEG,kvasir,train,1,0
/home/samsul/Documents/Polyp Detection/kvasir-seg/images/cju18ibp219ub08783i6o98g7.jpg,Kvasir-SEG,kvasir,train,1,0
/home/samsul/Documents/Polyp Detection/kvasir-seg/images/cju2qn2fzs1vy0988l243cvzy.jpg,Kvasir-SEG,kvasir,train,1,0
/home/samsul/Documents/Polyp Detection/kvasir-seg/images/cju87tyddnnad0755bj0wxahe.jpg,Kvasir-SEG,kvasir,train,1,0
/home/samsul/Documents/Polyp Detection/kvasir-seg/images/cju8432cmkgq90871cxe4iptl.jpg,Kvasir-SEG,kvasir,train,1,0
/home/samsul/Documents/Polyp Detection/kvasir-seg/images/cju7ekbo32pft0871fv7kzwb9.jpg,Kvasir-SEG,kvasir,train,1,0
/home/samsul/Documents/Polyp Detection/kvasir-seg/images/cju326h4v1gxw08352px40p7r.jpg,Kvasir-SEG,kvasir,train,1,0
/home/samsul/Documents/Polyp Detection/kvasir-seg/images/cju43in5fm22c08175rxziqrk.jpg,Kvasir-SEG,kvasir,train,1,0
/home/samsul/Documents/Polyp Detection/kvasir-seg/images/cju5i5oh2efg60987ez6cpf72.jpg,Kvasir-SEG,kvasir,train,1,0
/home/samsul/Documents/Polyp Detection/kvasir-seg/images/cju2wzu8wxtgu09880ku9x1pg.jpg,Kvasir-SEG,kvasir,train,1,0
/home/samsul/Documents/Polyp Detection/kvasir-seg/images/cju2rn0hasxri0835nfy3buay.jpg,Kvasir-SEG,kvasir,train,1,0
/home/samsul/Documents/Polyp Detection/kvasir-seg/images/cju3ttznuftyf09875t11850w.jpg,Kvasir-SEG,kvasir,train,1,0
/home/samsul/Documents/Polyp Detection/kvasir-seg/images/cju5yeqiwmkgl0801fzv2douc.jpg,Kvasir-SEG,kvasir,train,1,0
/home/samsul/Documents/Polyp Detection/kvasir-seg/images/cju85l4yjlops0801fvmnwptf.jpg,Kvasir-SEG,kvasir,train,1,0
/home/samsul/Documents/Polyp Detection/kvasir-seg/images/cju88vx2uoocy075531lc63n3.jpg,Kvasir-SEG,kvasir,train,1,0
/home/samsul/Documents/Polyp Detection/kvasir-seg/images/cju1ffnjn6ctm08015perkg37.jpg,Kvasir-SEG,kvasir,train,1,0
/home/samsul/Documents/Polyp Detection/kvasir-seg/images/cju3xuj20ivgp0818mij8bjrd.jpg,Kvasir-SEG,kvasir,train,1,0
/home/samsul/Documents/Polyp Detection/kvasir-seg/images/cju30ftgja7170855xl9bkdm0.jpg,Kvasir-SEG,kvasir,train,1,0
/home/samsul/Documents/Polyp Detection/kvasir-seg/images/cju42dwedlmk60871jbgu4ehi.jpg,Kvasir-SEG,kvasir,train,1,0
/home/samsul/Documents/Polyp Detection/kvasir-seg/images/cju774fmayxif0818u2g79usw.jpg,Kvasir-SEG,kvasir,train,1,0
/home/samsul/Documents/Polyp Detection/kvasir-seg/images/cju5ymyd8mmdc0801ry3by1xr.jpg,Kvasir-SEG,kvasir,train,1,0
/home/samsul/Documents/Polyp Detection/kvasir-seg/images/cju6z1bzbwfq50817b2alatvr.jpg,Kvasir-SEG,kvasir,train,1,0
/home/samsul/Documents/Polyp Detection/kvasir-seg/images/cju33za6l2qy70988jhrlp2ev.jpg,Kvasir-SEG,kvasir,train,1,0
/home/samsul/Documents/Polyp Detection/kvasir-seg/images/cju1brhsj3rls0855a1vgdlen.jpg,Kvasir-SEG,kvasir,train,1,0
/home/samsul/Documents/Polyp Detection/kvasir-seg/images/cju13fwthn9mq0835gacxgy01.jpg,Kvasir-SEG,kvasir,val,1,0
/home/samsul/Documents/Polyp Detection/kvasir-seg/images/cju33o12x2jm50988944mxq0v.jpg,Kvasir-SEG,kvasir,train,1,0
/home/samsul/Documents/Polyp Detection/kvasir-seg/images/cju3381d8bz3h07991xtl7ra0.jpg,Kvasir-SEG,kvasir,train,1,0
/home/samsul/Documents/Polyp Detection/kvasir-seg/images/cju3x4blzieu30850x10uuvbm.jpg,Kvasir-SEG,kvasir,train,1,0
/home/samsul/Documents/Polyp Detection/kvasir-seg/images/cju43o6n7m9nk087191ijwqq9.jpg,Kvasir-SEG,kvasir,train,1,0
/home/samsul/Documents/Polyp Detection/kvasir-seg/images/cju2xd75m82720801q4s4ik3n.jpg,Kvasir-SEG,kvasir,train,1,0
/home/samsul/Documents/Polyp Detection/kvasir-seg/images/cju2xlcqxy9c60988vjacdznb.jpg,Kvasir-SEG,kvasir,val,1,0
/home/samsul/Documents/Polyp Detection/kvasir-seg/images/cju2t2ivz43i10878zeg8r1br.jpg,Kvasir-SEG,kvasir,train,1,0
/home/samsul/Documents/Polyp Detection/kvasir-seg/images/cju5g163vd6mt0817uccuga6u.jpg,Kvasir-SEG,kvasir,train,1,0
/home/samsul/Documents/Polyp Detection/kvasir-seg/images/cju5y4hgqmk0i08180rjhbwvp.jpg,Kvasir-SEG,kvasir,train,1,0
/home/samsul/Documents/Polyp Detection/kvasir-seg/images/cju5wmvsdlx1j0871npgj8j4b.jpg,Kvasir-SEG,kvasir,train,1,0
/home/samsul/Documents/Polyp Detection/kvasir-seg/images/cju7dtb1e2j0t0818deq51ib3.jpg,Kvasir-SEG,kvasir,train,1,0
/home/samsul/Documents/Polyp Detection/kvasir-seg/images/cju8402x1kcy70801t6kz6bdi.jpg,Kvasir-SEG,kvasir,test,1,0
/home/samsul/Documents/Polyp Detection/kvasir-seg/images/cju1euuc65wm00799m4sjdnnn.jpg,Kvasir-SEG,kvasir,train,1,0
/home/samsul/Documents/Polyp Detection/kvasir-seg/images/cju3y21quj0ir0818kgjagr15.jpg,Kvasir-SEG,kvasir,train,1,0
/home/samsul/Documents/Polyp Detection/kvasir-seg/images/cju2m56cryvqd0801gtn2yp8t.jpg,Kvasir-SEG,kvasir,train,1,0
/home/samsul/Documents/Polyp Detection/kvasir-seg/images/cju2r2obh2bjm08553kng0rh7.jpg,Kvasir-SEG,kvasir,val,1,0
/home/samsul/Documents/Polyp Detection/kvasir-seg/images/cju2ueb6j5ado0878vf5md13o.jpg,Kvasir-SEG,kvasir,train,1,0
/home/samsul/Documents/Polyp Detection/kvasir-seg/images/cju2sevf53lkx08558h5bpaig.jpg,Kvasir-SEG,kvasir,train,1,0
/home/samsul/Documents/Polyp Detection/kvasir-seg/images/cju1hp9i2xu8e0988u2dazk7m.jpg,Kvasir-SEG,kvasir,train,1,0
/home/samsul/Documents/Polyp Detection/kvasir-seg/images/ck2395w2mb4vu07480otsu6tw.jpg,Kvasir-SEG,kvasir,train,1,0
/home/samsul/Documents/Polyp Detection/kvasir-seg/images/cju2oo0wh0bqy0878biujeyhe.jpg,Kvasir-SEG,kvasir,train,1,0
/home/samsul/Documents/Polyp Detection/kvasir-seg/images/cju2hewssldzx0835ep795xu0.jpg,Kvasir-SEG,kvasir,train,1,0
/home/samsul/Documents/Polyp Detection/kvasir-seg/images/cju2nd7l7z98o0799gfjvyfmw.jpg,Kvasir-SEG,kvasir,train,1,0
/home/samsul/Documents/Polyp Detection/kvasir-seg/images/cju5xq3tdm9fn0987pbedxdg5.jpg,Kvasir-SEG,kvasir,train,1,0
/home/samsul/Documents/Polyp Detection/kvasir-seg/images/cju2pag1f0s4r0878h52uq83s.jpg,Kvasir-SEG,kvasir,train,1,0
/home/samsul/Documents/Polyp Detection/kvasir-seg/images/cju5uhrdwkmsu0817ervv91l8.jpg,Kvasir-SEG,kvasir,train,1,0
/home/samsul/Documents/Polyp Detection/kvasir-seg/images/cju171py4qiha0835u8sl59ds.jpg,Kvasir-SEG,kvasir,train,1,0
/home/samsul/Documents/Polyp Detection/kvasir-seg/images/cju34fojcctcf0799ebolbvkn.jpg,Kvasir-SEG,kvasir,train,1,0
/home/samsul/Documents/Polyp Detection/kvasir-seg/images/cju2t16vuucaq0835xcpsivn2.jpg,Kvasir-SEG,kvasir,train,1,0
/home/samsul/Documents/Polyp Detection/kvasir-seg/images/cju41nz76lcxu0755cya2qefx.jpg,Kvasir-SEG,kvasir,train,1,0
/home/samsul/Documents/Polyp Detection/kvasir-seg/images/cju32a52lb9rc0799xi40qs00.jpg,Kvasir-SEG,kvasir,train,1,0
/home/samsul/Documents/Polyp Detection/kvasir-seg/images/cju33mirdc8mj0799k33wzoes.jpg,Kvasir-SEG,kvasir,train,1,0
/home/samsul/Documents/Polyp Detection/kvasir-seg/images/cju7etr3y2p4t0801cdzjj8ab.jpg,Kvasir-SEG,kvasir,train,1,0
/home/samsul/Documents/Polyp Detection/kvasir-seg/images/cju5wcc90lu020850mjrxppv6.jpg,Kvasir-SEG,kvasir,train,1,0
/home/samsul/Documents/Polyp Detection/kvasir-seg/images/cju1ats0y372e08011yazcsxm.jpg,Kvasir-SEG,kvasir,train,1,0
/home/samsul/Documents/Polyp Detection/kvasir-seg/images/cju30ajhw09sx0988qyahx9s8.jpg,Kvasir-SEG,kvasir,val,1,0
/home/samsul/Documents/Polyp Detection/kvasir-seg/images/cju5enq1tcn1i0755hnkon787.jpg,Kvasir-SEG,kvasir,train,1,0
/home/samsul/Documents/Polyp Detection/kvasir-seg/images/cju7et17a2vjk0755e743npl1.jpg,Kvasir-SEG,kvasir,train,1,0
/home/samsul/Documents/Polyp Detection/kvasir-seg/images/cju43c92lm5cj0755lorsorfg.jpg,Kvasir-SEG,kvasir,train,1,0
/home/samsul/Documents/Polyp Detection/kvasir-seg/images/cju3280wv1ir009882jze27tc.jpg,Kvasir-SEG,kvasir,train,1,0
/home/samsul/Documents/Polyp Detection/kvasir-seg/images/cju2saez63gxl08559ucjq3kt.jpg,Kvasir-SEG,kvasir,val,1,0
/home/samsul/Documents/Polyp Detection/kvasir-seg/images/cju83syhdk6gs0801rf1rekdl.jpg,Kvasir-SEG,kvasir,train,1,0
/home/samsul/Documents/Polyp Detection/kvasir-seg/images/cju2yo1j1v0qz09934o0e683p.jpg,Kvasir-SEG,kvasir,train,1,0
/home/samsul/Documents/Polyp Detection/kvasir-seg/images/cju2hjrqcvi2j0801bx1i6gxg.jpg,Kvasir-SEG,kvasir,test,1,0
/home/samsul/Documents/Polyp Detection/kvasir-seg/images/cju85qefyln6v0850szeb9byi.jpg,Kvasir-SEG,kvasir,train,1,0
/home/samsul/Documents/Polyp Detection/kvasir-seg/images/cju5fi0yxd3ei0801v7u0yudn.jpg,Kvasir-SEG,kvasir,val,1,0
/home/samsul/Documents/Polyp Detection/kvasir-seg/images/cju5bdwa3aatx0818b79i18zf.jpg,Kvasir-SEG,kvasir,train,1,0
/home/samsul/Documents/Polyp Detection/kvasir-seg/images/cju84hibuktj80871u519o71q.jpg,Kvasir-SEG,kvasir,train,1,0
/home/samsul/Documents/Polyp Detection/kvasir-seg/images/cju183od81ff608017ekzif89.jpg,Kvasir-SEG,kvasir,train,1,0
/home/samsul/Documents/Polyp Detection/kvasir-seg/images/cju2pmhtr17a00855cvpelzb0.jpg,Kvasir-SEG,kvasir,train,1,0
/home/samsul/Documents/Polyp Detection/kvasir-seg/images/cju17bz250pgd0799u1hqkj5u.jpg,Kvasir-SEG,kvasir,train,1,0
/home/samsul/Documents/Polyp Detection/kvasir-seg/images/cju34xspwzenf0993cyzajv9n.jpg,Kvasir-SEG,kvasir,train,1,0
/home/samsul/Documents/Polyp Detection/kvasir-seg/images/cju8aj01yqeqm0850lhdz3xdw.jpg,Kvasir-SEG,kvasir,test,1,0
/home/samsul/Documents/Polyp Detection/kvasir-seg/images/cju5hwonqedw10801vsd3w6kk.jpg,Kvasir-SEG,kvasir,train,1,0
/home/samsul/Documents/Polyp Detection/kvasir-seg/images/cju88aq6vo1ij0755c2ey7z7n.jpg,Kvasir-SEG,kvasir,train,1,0
/home/samsul/Documents/Polyp Detection/kvasir-seg/images/cju5klveuff6w0871wbibgh3m.jpg,Kvasir-SEG,kvasir,train,1,0
/home/samsul/Documents/Polyp Detection/kvasir-seg/images/cju8914beokbf0850isxpocrk.jpg,Kvasir-SEG,kvasir,train,1,0
/home/samsul/Documents/Polyp Detection/kvasir-seg/images/cju83nwu1jxte0987h1krpfmv.jpg,Kvasir-SEG,kvasir,train,1,0
/home/samsul/Documents/Polyp Detection/kvasir-seg/images/cju83rcnzkbsj0755x5anfrcg.jpg,Kvasir-SEG,kvasir,train,1,0
/home/samsul/Documents/Polyp Detection/kvasir-seg/images/cju6xifswvwbo0987nibtdr50.jpg,Kvasir-SEG,kvasir,test,1,0
/home/samsul/Documents/Polyp Detection/kvasir-seg/images/cju8828oxnool0801qno9luhr.jpg,Kvasir-SEG,kvasir,val,1,0
/home/samsul/Documents/Polyp Detection/kvasir-seg/images/cju2mh8t6p07008350e01tx2a.jpg,Kvasir-SEG,kvasir,train,1,0
/home/samsul/Documents/Polyp Detection/kvasir-seg/images/cju7b1ygu1msd0801hywhy0mc.jpg,Kvasir-SEG,kvasir,train,1,0
/home/samsul/Documents/Polyp Detection/kvasir-seg/images/cju85nr8elly209872w9n5m0s.jpg,Kvasir-SEG,kvasir,train,1,0
/home/samsul/Documents/Polyp Detection/kvasir-seg/images/cjyzufihqquiw0a46jatrbwln.jpg,Kvasir-SEG,kvasir,val,1,0
/home/samsul/Documents/Polyp Detection/kvasir-seg/images/cju5fydrud94708507vo6oy21.jpg,Kvasir-SEG,kvasir,train,1,0
/home/samsul/Documents/Polyp Detection/kvasir-seg/images/cju85dx63lic408017f0l0400.jpg,Kvasir-SEG,kvasir,train,1,0
/home/samsul/Documents/Polyp Detection/kvasir-seg/images/cju2nbdpmlmcj0993s1cht0dz.jpg,Kvasir-SEG,kvasir,train,1,0
/home/samsul/Documents/Polyp Detection/kvasir-seg/images/cju17x0j4nfc10993y31pvlgs.jpg,Kvasir-SEG,kvasir,test,1,0
/home/samsul/Documents/Polyp Detection/kvasir-seg/images/cju7dsrtb2f8i085064kwugfk.jpg,Kvasir-SEG,kvasir,train,1,0
/home/samsul/Documents/Polyp Detection/kvasir-seg/images/cju1c3218411b08014g9f6gig.jpg,Kvasir-SEG,kvasir,train,1,0
/home/samsul/Documents/Polyp Detection/kvasir-seg/images/cju0sxqiclckk08551ycbwhno.jpg,Kvasir-SEG,kvasir,train,1,0
/home/samsul/Documents/Polyp Detection/kvasir-seg/images/cju8dpa89u6l80818dj6lldh9.jpg,Kvasir-SEG,kvasir,train,1,0
/home/samsul/Documents/Polyp Detection/kvasir-seg/images/cju87q6yoneim0871dl4phvkd.jpg,Kvasir-SEG,kvasir,train,1,0
/home/samsul/Documents/Polyp Detection/kvasir-seg/images/cju30ywtc0oar0835bp2en7ec.jpg,Kvasir-SEG,kvasir,val,1,0
/home/samsul/Documents/Polyp Detection/kvasir-seg/images/cju6x97w4vwua0850x0997r0a.jpg,Kvasir-SEG,kvasir,train,1,0
/home/samsul/Documents/Polyp Detection/kvasir-seg/images/cju1c0qb4tzi308355wtsnp0y.jpg,Kvasir-SEG,kvasir,train,1,0
/home/samsul/Documents/Polyp Detection/kvasir-seg/images/cju42g865lorv07552ytz6xxa.jpg,Kvasir-SEG,kvasir,train,1,0
/home/samsul/Documents/Polyp Detection/kvasir-seg/images/cju2qfie4rvz508357kad9z5o.jpg,Kvasir-SEG,kvasir,train,1,0
/home/samsul/Documents/Polyp Detection/kvasir-seg/images/cju6v5ilsv8hk0850rb5sgh6o.jpg,Kvasir-SEG,kvasir,train,1,0
/home/samsul/Documents/Polyp Detection/kvasir-seg/images/cju7azuu31mia0801pf9ib5ed.jpg,Kvasir-SEG,kvasir,train,1,0
/home/samsul/Documents/Polyp Detection/kvasir-seg/images/cju6wjm81vgsc0987enk9n3pr.jpg,Kvasir-SEG,kvasir,train,1,0
/home/samsul/Documents/Polyp Detection/kvasir-seg/images/cju3y79ofj3va0871uqfb1mzo.jpg,Kvasir-SEG,kvasir,train,1,0
/home/samsul/Documents/Polyp Detection/kvasir-seg/images/cju330ofbc2l30801th5g3hw6.jpg,Kvasir-SEG,kvasir,train,1,0
/home/samsul/Documents/Polyp Detection/kvasir-seg/images/cju857ad0l88m0817qx4cwxnf.jpg,Kvasir-SEG,kvasir,train,1,0
/home/samsul/Documents/Polyp Detection/kvasir-seg/images/cju18gzrq18zw0878wbf4ftw6.jpg,Kvasir-SEG,kvasir,test,1,0
/home/samsul/Documents/Polyp Detection/kvasir-seg/images/cjyzjzssvd8pq0838f4nolj5l.jpg,Kvasir-SEG,kvasir,train,1,0
/home/samsul/Documents/Polyp Detection/kvasir-seg/images/cju7aez2x1jtj0871ztezs3oi.jpg,Kvasir-SEG,kvasir,train,1,0
/home/samsul/Documents/Polyp Detection/kvasir-seg/images/cju6v1m1xv07w09870ah3njy1.jpg,Kvasir-SEG,kvasir,train,1,0
/home/samsul/Documents/Polyp Detection/kvasir-seg/images/cju3uwz6ogsp10801h2r3bj5l.jpg,Kvasir-SEG,kvasir,train,1,0
/home/samsul/Documents/Polyp Detection/kvasir-seg/images/cju34aozyyy830993bn16u32n.jpg,Kvasir-SEG,kvasir,train,1,0
/home/samsul/Documents/Polyp Detection/kvasir-seg/images/cju3xl264ingx0850rcf0rshj.jpg,Kvasir-SEG,kvasir,val,1,0
/home/samsul/Documents/Polyp Detection/kvasir-seg/images/cju175facms5f0993a5tjikvt.jpg,Kvasir-SEG,kvasir,val,1,0
/home/samsul/Documents/Polyp Detection/kvasir-seg/images/cju7ezs7g2mxm098787atbran.jpg,Kvasir-SEG,kvasir,train,1,0
/home/samsul/Documents/Polyp Detection/kvasir-seg/images/cju5thdbrjp1108715xdfx356.jpg,Kvasir-SEG,kvasir,train,1,0
/home/samsul/Documents/Polyp Detection/kvasir-seg/images/cju2nnqrqzp580855z8mhzgd6.jpg,Kvasir-SEG,kvasir,train,1,0
/home/samsul/Documents/Polyp Detection/kvasir-seg/images/cju0qkwl35piu0993l0dewei2.jpg,Kvasir-SEG,kvasir,train,1,0
/home/samsul/Documents/Polyp Detection/kvasir-seg/images/cju5eyfe9cpk90987laa7tsl3.jpg,Kvasir-SEG,kvasir,test,1,0
/home/samsul/Documents/Polyp Detection/kvasir-seg/images/cju6z600qwh4z081700qimgl9.jpg,Kvasir-SEG,kvasir,test,1,0
/home/samsul/Documents/Polyp Detection/kvasir-seg/images/cju30u1hbakn808019g15nb8b.jpg,Kvasir-SEG,kvasir,train,1,0
/home/samsul/Documents/Polyp Detection/kvasir-seg/images/cju7fbndk2sl608015ravktum.jpg,Kvasir-SEG,kvasir,train,1,0
/home/samsul/Documents/Polyp Detection/kvasir-seg/images/cju40u30gkuzc0871rq7t666d.jpg,Kvasir-SEG,kvasir,train,1,0
/home/samsul/Documents/Polyp Detection/kvasir-seg/images/cju77idwfz36d0871tzfzz51i.jpg,Kvasir-SEG,kvasir,train,1,0
/home/samsul/Documents/Polyp Detection/kvasir-seg/images/cju85omszllp30850b6rm9mi3.jpg,Kvasir-SEG,kvasir,train,1,0
/home/samsul/Documents/Polyp Detection/kvasir-seg/images/cju8bw697rwg308177tg8huas.jpg,Kvasir-SEG,kvasir,val,1,0
/home/samsul/Documents/Polyp Detection/kvasir-seg/images/cju785htizjzo08017tvlhtg4.jpg,Kvasir-SEG,kvasir,train,1,0
/home/samsul/Documents/Polyp Detection/kvasir-seg/images/cju77b3wyz4160755qis4ljsb.jpg,Kvasir-SEG,kvasir,train,1,0
/home/samsul/Documents/Polyp Detection/kvasir-seg/images/cju8dm2cau2km0818jsv9eeq2.jpg,Kvasir-SEG,kvasir,train,1,0
/home/samsul/Documents/Polyp Detection/kvasir-seg/images/cju7bfx651qr80801cs7epotb.jpg,Kvasir-SEG,kvasir,train,1,0
/home/samsul/Documents/Polyp Detection/kvasir-seg/images/cju5f26ebcuai0818xlwh6116.jpg,Kvasir-SEG,kvasir,train,1,0
/home/samsul/Documents/Polyp Detection/kvasir-seg/images/cju7dp3dw2k4n0755zhe003ad.jpg,Kvasir-SEG,kvasir,test,1,0
/home/samsul/Documents/Polyp Detection/kvasir-seg/images/cju43gfosm63n08714rpih8pe.jpg,Kvasir-SEG,kvasir,train,1,0
/home/samsul/Documents/Polyp Detection/kvasir-seg/images/cju7dn24o296i09871qfxb8s2.jpg,Kvasir-SEG,kvasir,test,1,0
/home/samsul/Documents/Polyp Detection/kvasir-seg/images/cju3yht87j83m08507yk1u1fg.jpg,Kvasir-SEG,kvasir,train,1,0
/home/samsul/Documents/Polyp Detection/kvasir-seg/images/cju300m3s04fg0988uzupuf7z.jpg,Kvasir-SEG,kvasir,train,1,0
/home/samsul/Documents/Polyp Detection/kvasir-seg/images/cju773hsyyosz0817pk1e7sjq.jpg,Kvasir-SEG,kvasir,train,1,0
/home/samsul/Documents/Polyp Detection/kvasir-seg/images/cju84jdl9kv0i0871eog9b3i9.jpg,Kvasir-SEG,kvasir,train,1,0
/home/samsul/Documents/Polyp Detection/kvasir-seg/images/cju3xwpgviwlx0871rwm15q7v.jpg,Kvasir-SEG,kvasir,val,1,0
/home/samsul/Documents/Polyp Detection/kvasir-seg/images/cju87zv8lni0o0850hbbecbq6.jpg,Kvasir-SEG,kvasir,train,1,0
/home/samsul/Documents/Polyp Detection/kvasir-seg/images/cju1egx9pvz2n0988eoy8jp23.jpg,Kvasir-SEG,kvasir,train,1,0
/home/samsul/Documents/Polyp Detection/kvasir-seg/images/cju6v4szov55u0871qmqz3v8n.jpg,Kvasir-SEG,kvasir,train,1,0
/home/samsul/Documents/Polyp Detection/kvasir-seg/images/cju2ulk385h170799rlklxob0.jpg,Kvasir-SEG,kvasir,train,1,0
/home/samsul/Documents/Polyp Detection/kvasir-seg/images/cju6wn57mvooj0850rp78hhy7.jpg,Kvasir-SEG,kvasir,train,1,0
/home/samsul/Documents/Polyp Detection/kvasir-seg/images/cju30525w04r10835ygp257sb.jpg,Kvasir-SEG,kvasir,train,1,0
/home/samsul/Documents/Polyp Detection/kvasir-seg/images/cju357rxxdaz30878y2esjpjt.jpg,Kvasir-SEG,kvasir,train,1,0
/home/samsul/Documents/Polyp Detection/kvasir-seg/images/cju41z76wlgbz0801qdetlvby.jpg,Kvasir-SEG,kvasir,train,1,0
/home/samsul/Documents/Polyp Detection/kvasir-seg/images/cju7awzmu1ncs0871hziy65zx.jpg,Kvasir-SEG,kvasir,train,1,0
/home/samsul/Documents/Polyp Detection/kvasir-seg/images/cju87kbcen2av0987usezo8kn.jpg,Kvasir-SEG,kvasir,test,1,0
/home/samsul/Documents/Polyp Detection/kvasir-seg/images/cju5fu081d8gc0818l3yylujk.jpg,Kvasir-SEG,kvasir,train,1,0
/home/samsul/Documents/Polyp Detection/kvasir-seg/images/cju76o55nymqd0871h31sph9w.jpg,Kvasir-SEG,kvasir,train,1,0
/home/samsul/Documents/Polyp Detection/kvasir-seg/images/cju2rz4k434s70855wwx3ddtx.jpg,Kvasir-SEG,kvasir,train,1,0
/home/samsul/Documents/Polyp Detection/kvasir-seg/images/cju8a56vxpy780850r45yu4wk.jpg,Kvasir-SEG,kvasir,train,1,0
/home/samsul/Documents/Polyp Detection/kvasir-seg/images/cju5eftctcdbj08712gdp989f.jpg,Kvasir-SEG,kvasir,train,1,0
/home/samsul/Documents/Polyp Detection/kvasir-seg/images/cju5y7buemcw80987p0r30g9f.jpg,Kvasir-SEG,kvasir,train,1,0
/home/samsul/Documents/Polyp Detection/kvasir-seg/images/cju1fj6axwfp30835ukhuzhw9.jpg,Kvasir-SEG,kvasir,train,1,0
/home/samsul/Documents/Polyp Detection/kvasir-seg/images/cju5bwhapakm90987c1v4z46a.jpg,Kvasir-SEG,kvasir,train,1,0
/home/samsul/Documents/Polyp Detection/kvasir-seg/images/cju40taxlkrho0987smigg0x0.jpg,Kvasir-SEG,kvasir,val,1,0
/home/samsul/Documents/Polyp Detection/kvasir-seg/images/cju8ceacrsqkr0755hdz145es.jpg,Kvasir-SEG,kvasir,test,1,0
/home/samsul/Documents/Polyp Detection/kvasir-seg/images/cju8cbsyssiqj0871gr4jedjp.jpg,Kvasir-SEG,kvasir,train,1,0
/home/samsul/Documents/Polyp Detection/kvasir-seg/images/cju0roawvklrq0799vmjorwfv.jpg,Kvasir-SEG,kvasir,train,1,0
/home/samsul/Documents/Polyp Detection/kvasir-seg/images/cju8brv16rx7f0818uf5n89pv.jpg,Kvasir-SEG,kvasir,train,1,0
/home/samsul/Documents/Polyp Detection/kvasir-seg/images/cju1cfhyg48bb0799cl5pr2jh.jpg,Kvasir-SEG,kvasir,train,1,0
/home/samsul/Documents/Polyp Detection/kvasir-seg/images/cju3521y5d5mq0878t3ezsu4p.jpg,Kvasir-SEG,kvasir,train,1,0
/home/samsul/Documents/Polyp Detection/kvasir-seg/images/cju2xs6na81t20878pt6nkfip.jpg,Kvasir-SEG,kvasir,train,1,0
/home/samsul/Documents/Polyp Detection/kvasir-seg/images/cju35atpxdjot0855q46aqrd0.jpg,Kvasir-SEG,kvasir,test,1,0
/home/samsul/Documents/Polyp Detection/kvasir-seg/images/cju85ia1slh220987y7c20sm2.jpg,Kvasir-SEG,kvasir,train,1,0
/home/samsul/Documents/Polyp Detection/kvasir-seg/images/cju7fen322ou10817ziqkob4k.jpg,Kvasir-SEG,kvasir,train,1,0
/home/samsul/Documents/Polyp Detection/kvasir-seg/images/cju7fq7mm2pw508176uk5ugtx.jpg,Kvasir-SEG,kvasir,train,1,0
/home/samsul/Documents/Polyp Detection/kvasir-seg/images/cju7epwj82koz098713apjnzo.jpg,Kvasir-SEG,kvasir,test,1,0
/home/samsul/Documents/Polyp Detection/kvasir-seg/images/cju1fr4etsmrr09933u4t4aql.jpg,Kvasir-SEG,kvasir,val,1,0
/home/samsul/Documents/Polyp Detection/kvasir-seg/images/cju5hl8nee8a40755fm8qjj0o.jpg,Kvasir-SEG,kvasir,val,1,0
/home/samsul/Documents/Polyp Detection/kvasir-seg/images/cju7el6xv2k520817qxx9wdr5.jpg,Kvasir-SEG,kvasir,train,1,0
/home/samsul/Documents/Polyp Detection/kvasir-seg/images/cju5vwbr4lhqn0987a1pji0ux.jpg,Kvasir-SEG,kvasir,val,1,0
/home/samsul/Documents/Polyp Detection/kvasir-seg/images/cju0s2a9ekvms080138tjjpxr.jpg,Kvasir-SEG,kvasir,train,1,0
/home/samsul/Documents/Polyp Detection/kvasir-seg/images/cju2rqo702wpx0855fn7d5cxh.jpg,Kvasir-SEG,kvasir,train,1,0
/home/samsul/Documents/Polyp Detection/kvasir-seg/images/cju2i03ptvkiu0799xbbd4det.jpg,Kvasir-SEG,kvasir,train,1,0
/home/samsul/Documents/Polyp Detection/kvasir-seg/images/cjyzkpsbjdsjq07211dfi4sru.jpg,Kvasir-SEG,kvasir,train,1,0
/home/samsul/Documents/Polyp Detection/kvasir-seg/images/cju7ff97z2ow40817u2r83my5.jpg,Kvasir-SEG,kvasir,val,1,0
/home/samsul/Documents/Polyp Detection/kvasir-seg/images/cju3v3ac9gyz30755hfqwyp1i.jpg,Kvasir-SEG,kvasir,train,1,0
/home/samsul/Documents/Polyp Detection/kvasir-seg/images/cju1cnnziug1l0835yh4ropyg.jpg,Kvasir-SEG,kvasir,test,1,0
/home/samsul/Documents/Polyp Detection/kvasir-seg/images/cju85citjlnfm0755i4rk5tqj.jpg,Kvasir-SEG,kvasir,train,1,0
/home/samsul/Documents/Polyp Detection/kvasir-seg/images/cju0s690hkp960855tjuaqvv0.jpg,Kvasir-SEG,kvasir,train,1,0
/home/samsul/Documents/Polyp Detection/kvasir-seg/images/cju7afqon1ip40850ue2308b6.jpg,Kvasir-SEG,kvasir,train,1,0
/home/samsul/Documents/Polyp Detection/kvasir-seg/images/cju3xvoo2iqlc0817eku2r3wl.jpg,Kvasir-SEG,kvasir,train,1,0
/home/samsul/Documents/Polyp Detection/kvasir-seg/images/cju430pm2lz0y0755jkhcc3d1.jpg,Kvasir-SEG,kvasir,train,1,0
/home/samsul/Documents/Polyp Detection/kvasir-seg/images/cju16jgnyzp970878melv7r25.jpg,Kvasir-SEG,kvasir,val,1,0
/home/samsul/Documents/Polyp Detection/kvasir-seg/images/cju2rpa30t07b0835im0erql0.jpg,Kvasir-SEG,kvasir,train,1,0
/home/samsul/Documents/Polyp Detection/kvasir-seg/images/cju7fpfzq2wyf0818xxd1oziv.jpg,Kvasir-SEG,kvasir,train,1,0
/home/samsul/Documents/Polyp Detection/kvasir-seg/images/cju1gv7106qd008784gk603mg.jpg,Kvasir-SEG,kvasir,train,1,0
/home/samsul/Documents/Polyp Detection/kvasir-seg/images/cju302fqq9spc0878rrygyzzz.jpg,Kvasir-SEG,kvasir,train,1,0
/home/samsul/Documents/Polyp Detection/kvasir-seg/images/cju2u4pymvc720988wsxrmi84.jpg,Kvasir-SEG,kvasir,train,1,0
/home/samsul/Documents/Polyp Detection/kvasir-seg/images/cju8c82iosagu0817l74s4m5g.jpg,Kvasir-SEG,kvasir,test,1,0
/home/samsul/Documents/Polyp Detection/kvasir-seg/images/cju85c2d4ln1b0755zz1z3onx.jpg,Kvasir-SEG,kvasir,train,1,0
/home/samsul/Documents/Polyp Detection/kvasir-seg/images/cju439oazm2fu0871ma0vvrft.jpg,Kvasir-SEG,kvasir,train,1,0
/home/samsul/Documents/Polyp Detection/kvasir-seg/images/cju5yhgznmkzb0801cji2vi8j.jpg,Kvasir-SEG,kvasir,train,1,0
/home/samsul/Documents/Polyp Detection/kvasir-seg/images/cju2yb31a8e8u0878wdashg7o.jpg,Kvasir-SEG,kvasir,train,1,0
/home/samsul/Documents/Polyp Detection/kvasir-seg/images/cju7fazv92ywx0755xov2erga.jpg,Kvasir-SEG,kvasir,train,1,0
/home/samsul/Documents/Polyp Detection/kvasir-seg/images/cju1aqqv02qwz0878a5cyhr67.jpg,Kvasir-SEG,kvasir,train,1,0
/home/samsul/Documents/Polyp Detection/kvasir-seg/images/cju7f4sc62xqj075597xpmuoy.jpg,Kvasir-SEG,kvasir,train,1,0
/home/samsul/Documents/Polyp Detection/kvasir-seg/images/cju31w6goazci0799n014ly1q.jpg,Kvasir-SEG,kvasir,train,1,0
/home/samsul/Documents/Polyp Detection/kvasir-seg/images/cju76lsehyia10987u54vn8rb.jpg,Kvasir-SEG,kvasir,test,1,0
/home/samsul/Documents/Polyp Detection/kvasir-seg/images/cju6z2616wqbk07555bvnuyr1.jpg,Kvasir-SEG,kvasir,train,1,0
/home/samsul/Documents/Polyp Detection/kvasir-seg/images/cju2srvy5440s0801y1ba9akr.jpg,Kvasir-SEG,kvasir,train,1,0
/home/samsul/Documents/Polyp Detection/kvasir-seg/images/cju32pzh9bpw10855q4vaxfhe.jpg,Kvasir-SEG,kvasir,train,1,0
/home/samsul/Documents/Polyp Detection/kvasir-seg/images/cju7emdni2py40871ivhxjtut.jpg,Kvasir-SEG,kvasir,train,1,0
/home/samsul/Documents/Polyp Detection/kvasir-seg/images/cju1871y11d6r0799k6cw4yze.jpg,Kvasir-SEG,kvasir,train,1,0
/home/samsul/Documents/Polyp Detection/kvasir-seg/images/cju5ht88gedbu0755xrcuddcx.jpg,Kvasir-SEG,kvasir,test,1,0
/home/samsul/Documents/Polyp Detection/kvasir-seg/images/cju6yxyt0wh080871sqpepu47.jpg,Kvasir-SEG,kvasir,train,1,0
/home/samsul/Documents/Polyp Detection/kvasir-seg/images/cju3tsh4lfsok0987w6x3a0v1.jpg,Kvasir-SEG,kvasir,train,1,0
/home/samsul/Documents/Polyp Detection/kvasir-seg/images/cju0qoxqj9q6s0835b43399p4.jpg,Kvasir-SEG,kvasir,train,1,0
/home/samsul/Documents/Polyp Detection/kvasir-seg/images/cjyzuio1qgh040763k56deohv.jpg,Kvasir-SEG,kvasir,val,1,0
/home/samsul/Documents/Polyp Detection/kvasir-seg/images/cju1euant5l960878iqj5vvto.jpg,Kvasir-SEG,kvasir,train,1,0
/home/samsul/Documents/Polyp Detection/kvasir-seg/images/cju2zr3c3vwb00993jn06bbaz.jpg,Kvasir-SEG,kvasir,val,1,0
/home/samsul/Documents/Polyp Detection/kvasir-seg/images/cju45lbgznahl08180xz1h7u6.jpg,Kvasir-SEG,kvasir,val,1,0
/home/samsul/Documents/Polyp Detection/kvasir-seg/images/cju3ykamdj9u208503pygyuc8.jpg,Kvasir-SEG,kvasir,train,1,0
/home/samsul/Documents/Polyp Detection/kvasir-seg/images/cju5ccpvqash50850kb4bs22k.jpg,Kvasir-SEG,kvasir,val,1,0
/home/samsul/Documents/Polyp Detection/kvasir-seg/images/cju45jpvfn6c809873pv1i34s.jpg,Kvasir-SEG,kvasir,train,1,0
/home/samsul/Documents/Polyp Detection/kvasir-seg/images/cju5knbbqfipk080128cggukq.jpg,Kvasir-SEG,kvasir,train,1,0
/home/samsul/Documents/Polyp Detection/kvasir-seg/images/cju34ouumcznz07996gg1xq7v.jpg,Kvasir-SEG,kvasir,val,1,0
/home/samsul/Documents/Polyp Detection/kvasir-seg/images/cju2nguelpmlj0835rojdn097.jpg,Kvasir-SEG,kvasir,train,1,0
/home/samsul/Documents/Polyp Detection/kvasir-seg/images/cju2nfnvxzdkd0878399axlco.jpg,Kvasir-SEG,kvasir,train,1,0
/home/samsul/Documents/Polyp Detection/kvasir-seg/images/cju5f0dezct4q08183ydw11dx.jpg,Kvasir-SEG,kvasir,train,1,0
/home/samsul/Documents/Polyp Detection/kvasir-seg/images/cju5ft6mcd5q40987rhjgbrr6.jpg,Kvasir-SEG,kvasir,train,1,0
/home/samsul/Documents/Polyp Detection/kvasir-seg/images/cju87z6o6nh73085045bzsx6o.jpg,Kvasir-SEG,kvasir,train,1,0
/home/samsul/Documents/Polyp Detection/kvasir-seg/images/cju43b8daly4408170e5ev06g.jpg,Kvasir-SEG,kvasir,train,1,0
/home/samsul/Documents/Polyp Detection/kvasir-seg/images/cju32srle1xfq083575i3fl75.jpg,Kvasir-SEG,kvasir,train,1,0
/home/samsul/Documents/Polyp Detection/kvasir-seg/images/cju2z45kuzf6d0988nz2c819m.jpg,Kvasir-SEG,kvasir,train,1,0
/home/samsul/Documents/Polyp Detection/kvasir-seg/images/cju5cu8qkb84x08186jwo8yin.jpg,Kvasir-SEG,kvasir,train,1,0
/home/samsul/Documents/Polyp Detection/kvasir-seg/images/cju1fb9236a110801yvg0fwju.jpg,Kvasir-SEG,kvasir,test,1,0
/home/samsul/Documents/Polyp Detection/kvasir-seg/images/cju40wto5kxwi0755it190f2k.jpg,Kvasir-SEG,kvasir,train,1,0
/home/samsul/Documents/Polyp Detection/kvasir-seg/images/cju6yywx1whbb0871ksgfgf9f.jpg,Kvasir-SEG,kvasir,train,1,0
/home/samsul/Documents/Polyp Detection/kvasir-seg/images/cju13cgqmnhwn0988yrainhcp.jpg,Kvasir-SEG,kvasir,train,1,0
/home/samsul/Documents/Polyp Detection/kvasir-seg/images/cju884985nlmx0817vzpax3y4.jpg,Kvasir-SEG,kvasir,test,1,0
/home/samsul/Documents/Polyp Detection/kvasir-seg/images/cju7ebe962hr409872ovibahw.jpg,Kvasir-SEG,kvasir,train,1,0
/home/samsul/Documents/Polyp Detection/kvasir-seg/images/cju7bmi1v1pnj0987pa52jjok.jpg,Kvasir-SEG,kvasir,train,1,0
/home/samsul/Documents/Polyp Detection/kvasir-seg/images/cju2qdj95ru8g09886gfi9rsz.jpg,Kvasir-SEG,kvasir,test,1,0
/home/samsul/Documents/Polyp Detection/kvasir-seg/images/cju34i3qvcyog0855qiejxx5w.jpg,Kvasir-SEG,kvasir,train,1,0
/home/samsul/Documents/Polyp Detection/kvasir-seg/images/cjyzl833ndne80838pzuq6ila.jpg,Kvasir-SEG,kvasir,train,1,0
/home/samsul/Documents/Polyp Detection/kvasir-seg/images/cju2zm0axztpe0988r8s9twjr.jpg,Kvasir-SEG,kvasir,train,1,0
/home/samsul/Documents/Polyp Detection/kvasir-seg/images/cju2rzpsmtb0f0835jabkbao1.jpg,Kvasir-SEG,kvasir,train,1,0
/home/samsul/Documents/Polyp Detection/kvasir-seg/images/cju8bff9nrfi10850fmfzbf8v.jpg,Kvasir-SEG,kvasir,train,1,0
/home/samsul/Documents/Polyp Detection/kvasir-seg/images/cju5xkwzxmf0z0818gk4xabdm.jpg,Kvasir-SEG,kvasir,train,1,0
/home/samsul/Documents/Polyp Detection/kvasir-seg/images/cju8c2rqzs5t80850d0zky5dy.jpg,Kvasir-SEG,kvasir,train,1,0
/home/samsul/Documents/Polyp Detection/kvasir-seg/images/cju3xga12iixg0817dijbvjxw.jpg,Kvasir-SEG,kvasir,train,1,0
/home/samsul/Documents/Polyp Detection/kvasir-seg/images/cju1drnhbrb9409935wi7vkhg.jpg,Kvasir-SEG,kvasir,train,1,0
/home/samsul/Documents/Polyp Detection/kvasir-seg/images/cju7dff9529h208503w60lbil.jpg,Kvasir-SEG,kvasir,train,1,0
/home/samsul/Documents/Polyp Detection/kvasir-seg/images/cju5vgawslbe30987ndeepc1b.jpg,Kvasir-SEG,kvasir,train,1,0
/home/samsul/Documents/Polyp Detection/kvasir-seg/images/cju7fnfv02tt90801djnix9m8.jpg,Kvasir-SEG,kvasir,test,1,0
/home/samsul/Documents/Polyp Detection/kvasir-seg/images/cju5hjxaae3i40850h5z2laf5.jpg,Kvasir-SEG,kvasir,train,1,0
/home/samsul/Documents/Polyp Detection/kvasir-seg/images/cju5cky5xb0ay0801oxet697t.jpg,Kvasir-SEG,kvasir,val,1,0
/home/samsul/Documents/Polyp Detection/kvasir-seg/images/ck2bxiswtxuw80838qkisqjwz.jpg,Kvasir-SEG,kvasir,val,1,0
/home/samsul/Documents/Polyp Detection/kvasir-seg/images/cju8arof2qpf20850ifr1bnqj.jpg,Kvasir-SEG,kvasir,train,1,0
/home/samsul/Documents/Polyp Detection/kvasir-seg/images/cju35i2e63uxr0835h7zgkg9k.jpg,Kvasir-SEG,kvasir,val,1,0
/home/samsul/Documents/Polyp Detection/kvasir-seg/images/cju2xwm1s84l50799i60mq0pu.jpg,Kvasir-SEG,kvasir,val,1,0
/home/samsul/Documents/Polyp Detection/kvasir-seg/images/cju8cwy02t9eq08185qn12c02.jpg,Kvasir-SEG,kvasir,train,1,0
/home/samsul/Documents/Polyp Detection/kvasir-seg/images/cjyzul1qggwwj07216mhiv5sy.jpg,Kvasir-SEG,kvasir,train,1,0
/home/samsul/Documents/Polyp Detection/kvasir-seg/images/cju15czxqp3lv0835jvhgzurz.jpg,Kvasir-SEG,kvasir,train,1,0
/home/samsul/Documents/Polyp Detection/kvasir-seg/images/cju8azmhcr66e0755t61atz72.jpg,Kvasir-SEG,kvasir,train,1,0
/home/samsul/Documents/Polyp Detection/kvasir-seg/images/cju8bk8oirjhw0817hgkua2w8.jpg,Kvasir-SEG,kvasir,train,1,0
/home/samsul/Documents/Polyp Detection/kvasir-seg/images/cju2uwz9f5yf1085506cfamfx.jpg,Kvasir-SEG,kvasir,train,1,0
/home/samsul/Documents/Polyp Detection/kvasir-seg/images/cju772304yw5t0818vbw8kkjf.jpg,Kvasir-SEG,kvasir,val,1,0
/home/samsul/Documents/Polyp Detection/kvasir-seg/images/cju6vifjlv55z0987un6y4zdo.jpg,Kvasir-SEG,kvasir,test,1,0
/home/samsul/Documents/Polyp Detection/kvasir-seg/images/cju1cvkfwqrec0993wbp1jlzm.jpg,Kvasir-SEG,kvasir,train,1,0
/home/samsul/Documents/Polyp Detection/kvasir-seg/images/cju6wll7wvo3y08502pagos8m.jpg,Kvasir-SEG,kvasir,train,1,0
/home/samsul/Documents/Polyp Detection/kvasir-seg/images/cju3y54kwj3nr0801biidlb4e.jpg,Kvasir-SEG,kvasir,train,1,0
/home/samsul/Documents/Polyp Detection/kvasir-seg/images/cju77vvcwzcm50850lzoykuva.jpg,Kvasir-SEG,kvasir,train,1,0
/home/samsul/Documents/Polyp Detection/kvasir-seg/images/cju2qxxko229x08786gvxxhur.jpg,Kvasir-SEG,kvasir,train,1,0
/home/samsul/Documents/Polyp Detection/kvasir-seg/images/cju2hx006vidl0799igm81vmh.jpg,Kvasir-SEG,kvasir,train,1,0
/home/samsul/Documents/Polyp Detection/kvasir-seg/images/cju43eigtm6ev0801mv0m96t1.jpg,Kvasir-SEG,kvasir,test,1,0
/home/samsul/Documents/Polyp Detection/kvasir-seg/images/cju2ouil2mssu0993hvxsed6d.jpg,Kvasir-SEG,kvasir,train,1,0
/home/samsul/Documents/Polyp Detection/kvasir-seg/images/cju5wrrs0m2af0818vmnajbtw.jpg,Kvasir-SEG,kvasir,train,1,0
/home/samsul/Documents/Polyp Detection/kvasir-seg/images/cju7cl8zm1xcu0817ado0jpas.jpg,Kvasir-SEG,kvasir,train,1,0
/home/samsul/Documents/Polyp Detection/kvasir-seg/images/cju1b3zgj3d8e0801kpolea6c.jpg,Kvasir-SEG,kvasir,test,1,0
/home/samsul/Documents/Polyp Detection/kvasir-seg/images/cju45pm27n80u08174kyow1gj.jpg,Kvasir-SEG,kvasir,test,1,0
/home/samsul/Documents/Polyp Detection/kvasir-seg/images/cju8axq24r4an0755yhv9d4ly.jpg,Kvasir-SEG,kvasir,train,1,0
/home/samsul/Documents/Polyp Detection/kvasir-seg/images/cju7b9vcs1luz0987ta60j1dy.jpg,Kvasir-SEG,kvasir,train,1,0
/home/samsul/Documents/Polyp Detection/kvasir-seg/images/cju7adqyj1jcx08712r1ro5gx.jpg,Kvasir-SEG,kvasir,val,1,0
/home/samsul/Documents/Polyp Detection/kvasir-seg/images/cju2hlm19vjjf0801o69qnber.jpg,Kvasir-SEG,kvasir,train,1,0
/home/samsul/Documents/Polyp Detection/kvasir-seg/images/ck2da7fwcjfis07218r1rvm95.jpg,Kvasir-SEG,kvasir,val,1,0
/home/samsul/Documents/Polyp Detection/kvasir-seg/images/cju0sr5ghl0nd08789uzf1raf.jpg,Kvasir-SEG,kvasir,train,1,0
/home/samsul/Documents/Polyp Detection/kvasir-seg/images/cju83mki1jv5w0817kubxm31r.jpg,Kvasir-SEG,kvasir,train,1,0
/home/samsul/Documents/Polyp Detection/kvasir-seg/images/cju1d50a94qf50855wsowacrc.jpg,Kvasir-SEG,kvasir,train,1,0
/home/samsul/Documents/Polyp Detection/kvasir-seg/images/cju2wve9v7esz0878mxsdcy04.jpg,Kvasir-SEG,kvasir,val,1,0
/home/samsul/Documents/Polyp Detection/kvasir-seg/images/cju2trbpkv0c00988hxla5dzz.jpg,Kvasir-SEG,kvasir,train,1,0
/home/samsul/Documents/Polyp Detection/kvasir-seg/images/cju8doa16u5gh0818w1ywda3q.jpg,Kvasir-SEG,kvasir,train,1,0
/home/samsul/Documents/Polyp Detection/kvasir-seg/images/cju5xneamme2p0801qdf7fdwv.jpg,Kvasir-SEG,kvasir,train,1,0
/home/samsul/Documents/Polyp Detection/kvasir-seg/images/cju7ahtkb1jr90801jck4kbds.jpg,Kvasir-SEG,kvasir,train,1,0
/home/samsul/Documents/Polyp Detection/kvasir-seg/images/cju3v11mrgwwb0755u242ygye.jpg,Kvasir-SEG,kvasir,val,1,0
/home/samsul/Documents/Polyp Detection/kvasir-seg/images/cju893jmdompz0817xn3g1w4h.jpg,Kvasir-SEG,kvasir,train,1,0
/home/samsul/Documents/Polyp Detection/kvasir-seg/images/cju5f8hxdcxxn08188obby0ea.jpg,Kvasir-SEG,kvasir,train,1,0
/home/samsul/Documents/Polyp Detection/kvasir-seg/images/cju7dda8w2br20818zhsuz8s7.jpg,Kvasir-SEG,kvasir,train,1,0
/home/samsul/Documents/Polyp Detection/kvasir-seg/images/cju3y9difj6th0801kd1rqm3w.jpg,Kvasir-SEG,kvasir,test,1,0
/home/samsul/Documents/Polyp Detection/kvasir-seg/images/cju30lncba3ny0878jwnous8n.jpg,Kvasir-SEG,kvasir,train,1,0
/home/samsul/Documents/Polyp Detection/kvasir-seg/images/cju87nkyrnb970801q84m47yt.jpg,Kvasir-SEG,kvasir,train,1,0
/home/samsul/Documents/Polyp Detection/kvasir-seg/images/cju88q6h6obpd0871ckmiabbo.jpg,Kvasir-SEG,kvasir,train,1,0
/home/samsul/Documents/Polyp Detection/kvasir-seg/images/cju5u4pywk81x0817vn9pe14z.jpg,Kvasir-SEG,kvasir,test,1,0
/home/samsul/Documents/Polyp Detection/kvasir-seg/images/cju2ricdv2iys0878sv1adh0u.jpg,Kvasir-SEG,kvasir,train,1,0
/home/samsul/Documents/Polyp Detection/kvasir-seg/images/cju8dk7eztzup08182yxko5zh.jpg,Kvasir-SEG,kvasir,train,1,0
/home/samsul/Documents/Polyp Detection/kvasir-seg/images/cju2hgsptlfam0835o3b59h1o.jpg,Kvasir-SEG,kvasir,train,1,0
/home/samsul/Documents/Polyp Detection/kvasir-seg/images/cju7d7tly27h408016fyp5nr7.jpg,Kvasir-SEG,kvasir,train,1,0
/home/samsul/Documents/Polyp Detection/kvasir-seg/images/cju16fpvhzypl0799p9phnlx6.jpg,Kvasir-SEG,kvasir,val,1,0
/home/samsul/Documents/Polyp Detection/kvasir-seg/images/cju1f79yhsb5w0993txub59ol.jpg,Kvasir-SEG,kvasir,val,1,0
/home/samsul/Documents/Polyp Detection/kvasir-seg/images/cju5ekty5ckzf07550c9u3ckk.jpg,Kvasir-SEG,kvasir,train,1,0
/home/samsul/Documents/Polyp Detection/kvasir-seg/images/cju8cattbsivm0818p446wgel.jpg,Kvasir-SEG,kvasir,train,1,0
/home/samsul/Documents/Polyp Detection/kvasir-seg/images/cju85bf1algsq0871y9gtlq97.jpg,Kvasir-SEG,kvasir,train,1,0
/home/samsul/Documents/Polyp Detection/kvasir-seg/images/cju5bmhdcafs909878qfzrqzi.jpg,Kvasir-SEG,kvasir,test,1,0
/home/samsul/Documents/Polyp Detection/kvasir-seg/images/cju88evxanv9r08176zkeovec.jpg,Kvasir-SEG,kvasir,train,1,0
/home/samsul/Documents/Polyp Detection/kvasir-seg/images/cju5fb86jd1jp0755b1ukbhq5.jpg,Kvasir-SEG,kvasir,train,1,0
/home/samsul/Documents/Polyp Detection/kvasir-seg/images/cju7dubap2g0w0801fgl42mg9.jpg,Kvasir-SEG,kvasir,val,1,0
/home/samsul/Documents/Polyp Detection/kvasir-seg/images/cju0qx73cjw570799j4n5cjze.jpg,Kvasir-SEG,kvasir,train,1,0
/home/samsul/Documents/Polyp Detection/kvasir-seg/images/cju7crgxa28550755wbsgqkel.jpg,Kvasir-SEG,kvasir,train,1,0
/home/samsul/Documents/Polyp Detection/kvasir-seg/images/cju1ewnoh5z030855vpex9uzt.jpg,Kvasir-SEG,kvasir,train,1,0
/home/samsul/Documents/Polyp Detection/kvasir-seg/images/cju2sszfq3uye0878sucelzk2.jpg,Kvasir-SEG,kvasir,train,1,0
/home/samsul/Documents/Polyp Detection/kvasir-seg/images/cju6ut4l8va6y0755tyw3vfqq.jpg,Kvasir-SEG,kvasir,train,1,0
/home/samsul/Documents/Polyp Detection/kvasir-seg/images/cju17hw9hr9c5098800fu4u8e.jpg,Kvasir-SEG,kvasir,train,1,0
/home/samsul/Documents/Polyp Detection/kvasir-seg/images/cju2xf8e5y2wm08359vcgk09b.jpg,Kvasir-SEG,kvasir,train,1,0
/home/samsul/Documents/Polyp Detection/kvasir-seg/images/cju5yclrymlgj0818k426ud6z.jpg,Kvasir-SEG,kvasir,train,1,0
/home/samsul/Documents/Polyp Detection/kvasir-seg/images/cju2okvco06xc0799kxe5n1qh.jpg,Kvasir-SEG,kvasir,train,1,0
/home/samsul/Documents/Polyp Detection/kvasir-seg/images/cju2wx0gh7fpz0878wwyd9ep8.jpg,Kvasir-SEG,kvasir,train,1,0
/home/samsul/Documents/Polyp Detection/kvasir-seg/images/cju84kplnl1y30755ropua1b0.jpg,Kvasir-SEG,kvasir,train,1,0
/home/samsul/Documents/Polyp Detection/kvasir-seg/images/cju6vrs1ov8cr098788h8gs6j.jpg,Kvasir-SEG,kvasir,train,1,0
/home/samsul/Documents/Polyp Detection/kvasir-seg/images/cju7agj961l2r0818z29iq8yn.jpg,Kvasir-SEG,kvasir,train,1,0
/home/samsul/Documents/Polyp Detection/kvasir-seg/images/cju83yddek68q0850d2x7zfkm.jpg,Kvasir-SEG,kvasir,train,1,0
/home/samsul/Documents/Polyp Detection/kvasir-seg/images/cju2p4ddkmzxj0993p94o62av.jpg,Kvasir-SEG,kvasir,train,1,0
/home/samsul/Documents/Polyp Detection/kvasir-seg/images/cju2qh5le1ock0878oahaql7d.jpg,Kvasir-SEG,kvasir,train,1,0
/home/samsul/Documents/Polyp Detection/kvasir-seg/images/cju2qozsk20cq0855ugrg3cri.jpg,Kvasir-SEG,kvasir,val,1,0
/home/samsul/Documents/Polyp Detection/kvasir-seg/images/cju2y40d8ulqo0993q0adtgtb.jpg,Kvasir-SEG,kvasir,train,1,0
/home/samsul/Documents/Polyp Detection/kvasir-seg/images/cju8bbznkrf5g0871jncffynk.jpg,Kvasir-SEG,kvasir,train,1,0
/home/samsul/Documents/Polyp Detection/kvasir-seg/images/cju1ftaji6isw0855108yqcse.jpg,Kvasir-SEG,kvasir,train,1,0
/home/samsul/Documents/Polyp Detection/kvasir-seg/images/cju7ea4om2l910801bohqjccy.jpg,Kvasir-SEG,kvasir,train,1,0
/home/samsul/Documents/Polyp Detection/kvasir-seg/images/cju45rj7ln8980850a7821fov.jpg,Kvasir-SEG,kvasir,train,1,0
/home/samsul/Documents/Polyp Detection/kvasir-seg/images/cju2hdr06v2bq0799mbm3bks1.jpg,Kvasir-SEG,kvasir,train,1,0
/home/samsul/Documents/Polyp Detection/kvasir-seg/images/cju5tgbzhjllu08174ca41eus.jpg,Kvasir-SEG,kvasir,train,1,0
/home/samsul/Documents/Polyp Detection/kvasir-seg/images/cju2otvvv0l7z0855x7we8cb0.jpg,Kvasir-SEG,kvasir,train,1,0
/home/samsul/Documents/Polyp Detection/kvasir-seg/images/cju83kxitjv340987z09m0ezy.jpg,Kvasir-SEG,kvasir,train,1,0
/home/samsul/Documents/Polyp Detection/kvasir-seg/images/cju8cj10qsrau0871o2dr6ai1.jpg,Kvasir-SEG,kvasir,train,1,0
/home/samsul/Documents/Polyp Detection/kvasir-seg/images/cju42qet0lsq90871e50xbnuv.jpg,Kvasir-SEG,kvasir,train,1,0
/home/samsul/Documents/Polyp Detection/kvasir-seg/images/cju2raxlosl630988jdbfy9b0.jpg,Kvasir-SEG,kvasir,train,1,0
/home/samsul/Documents/Polyp Detection/kvasir-seg/images/cju2xa3i4y0160988i679zsqd.jpg,Kvasir-SEG,kvasir,val,1,0
/home/samsul/Documents/Polyp Detection/kvasir-seg/images/cju45t5ddnbio0987qtqzx762.jpg,Kvasir-SEG,kvasir,test,1,0
/home/samsul/Documents/Polyp Detection/kvasir-seg/images/cju2y5zas8m7f0801d34g5owq.jpg,Kvasir-SEG,kvasir,test,1,0
/home/samsul/Documents/Polyp Detection/kvasir-seg/images/cju8a2itsq4dv0755ntlovpxe.jpg,Kvasir-SEG,kvasir,train,1,0
/home/samsul/Documents/Polyp Detection/kvasir-seg/images/cju3xzvnzj0hd0755xprz39nj.jpg,Kvasir-SEG,kvasir,test,1,0
/home/samsul/Documents/Polyp Detection/kvasir-seg/images/cju2z2x3nvd3c099350zgty7w.jpg,Kvasir-SEG,kvasir,train,1,0
/home/samsul/Documents/Polyp Detection/kvasir-seg/images/cju8cgi2kspp308011nxdtjp6.jpg,Kvasir-SEG,kvasir,train,1,0
/home/samsul/Documents/Polyp Detection/kvasir-seg/images/cju40poe4kt9s0755f9cnm3h5.jpg,Kvasir-SEG,kvasir,train,1,0
/home/samsul/Documents/Polyp Detection/kvasir-seg/images/cju14pxbaoksp0835qzorx6g6.jpg,Kvasir-SEG,kvasir,train,1,0
/home/samsul/Documents/Polyp Detection/kvasir-seg/images/cju5bbtwsa8cl0987wgfsqpao.jpg,Kvasir-SEG,kvasir,train,1,0
/home/samsul/Documents/Polyp Detection/kvasir-seg/images/cju8b3ka8r64u0801fh18hk7l.jpg,Kvasir-SEG,kvasir,train,1,0
/home/samsul/Documents/Polyp Detection/kvasir-seg/images/cju2iatlki5u309930zmgkv6h.jpg,Kvasir-SEG,kvasir,train,1,0
/home/samsul/Documents/Polyp Detection/kvasir-seg/images/cju3xtufwiv9c0818djsc4cqd.jpg,Kvasir-SEG,kvasir,train,1,0
/home/samsul/Documents/Polyp Detection/kvasir-seg/images/cju1fm3id6gl50801r3fok20c.jpg,Kvasir-SEG,kvasir,train,1,0
/home/samsul/Documents/Polyp Detection/kvasir-seg/images/cju40jl7skiuo0817p0smlgg8.jpg,Kvasir-SEG,kvasir,train,1,0
/home/samsul/Documents/Polyp Detection/kvasir-seg/images/cju88z8bson4h0871nnd7fdxo.jpg,Kvasir-SEG,kvasir,train,1,0
/home/samsul/Documents/Polyp Detection/kvasir-seg/images/cju2omjpeqj5a0988pjdlb8l1.jpg,Kvasir-SEG,kvasir,train,1,0
/home/samsul/Documents/Polyp Detection/kvasir-seg/images/cju3x5u2tiihx0818914gzxy1.jpg,Kvasir-SEG,kvasir,val,1,0
/home/samsul/Documents/Polyp Detection/kvasir-seg/images/cju32jcdabepz0878d0cznmfe.jpg,Kvasir-SEG,kvasir,train,1,0
/home/samsul/Documents/Polyp Detection/kvasir-seg/images/cju358pwtdby20878cg7nm0np.jpg,Kvasir-SEG,kvasir,train,1,0
/home/samsul/Documents/Polyp Detection/kvasir-seg/images/cju846ec0kj7z08012o10klrb.jpg,Kvasir-SEG,kvasir,train,1,0
/home/samsul/Documents/Polyp Detection/kvasir-seg/images/cju2s2527pfyr0993l3h1149a.jpg,Kvasir-SEG,kvasir,train,1,0
/home/samsul/Documents/Polyp Detection/kvasir-seg/images/cju17z0qongpa0993de4boim4.jpg,Kvasir-SEG,kvasir,train,1,0
/home/samsul/Documents/Polyp Detection/kvasir-seg/images/cju35k2fr3vc50988c85qkrwg.jpg,Kvasir-SEG,kvasir,val,1,0
/home/samsul/Documents/Polyp Detection/kvasir-seg/images/cju5uget8krjy0818kvywd0zu.jpg,Kvasir-SEG,kvasir,train,1,0
/home/samsul/Documents/Polyp Detection/kvasir-seg/images/cju2u2b9o4zvp08788qb9nqxj.jpg,Kvasir-SEG,kvasir,test,1,0
/home/samsul/Documents/Polyp Detection/kvasir-seg/images/cju1hhj6mxfp90835n3wofrap.jpg,Kvasir-SEG,kvasir,train,1,0
/home/samsul/Documents/Polyp Detection/kvasir-seg/images/cju892fesoq2g0801n0e0jyia.jpg,Kvasir-SEG,kvasir,train,1,0
/home/samsul/Documents/Polyp Detection/kvasir-seg/images/cju8apjewqrk00801k5d71gky.jpg,Kvasir-SEG,kvasir,train,1,0
/home/samsul/Documents/Polyp Detection/kvasir-seg/images/cju5jx7jzf7c90871c2i9aiov.jpg,Kvasir-SEG,kvasir,train,1,0
/home/samsul/Documents/Polyp Detection/kvasir-seg/images/cju88cddensj00987788yotmg.jpg,Kvasir-SEG,kvasir,test,1,0
/home/samsul/Documents/Polyp Detection/kvasir-seg/images/cju8bj2ssrmlm0871gc2ug2rs.jpg,Kvasir-SEG,kvasir,train,1,0
/home/samsul/Documents/Polyp Detection/kvasir-seg/images/cju1dhfok4mhe0878jlgrag0h.jpg,Kvasir-SEG,kvasir,train,1,0
/home/samsul/Documents/Polyp Detection/kvasir-seg/images/cjyzlw7f9faqr070129au64sq.jpg,Kvasir-SEG,kvasir,train,1,0
/home/samsul/Documents/Polyp Detection/kvasir-seg/images/cju3xhpvvimda0987ygrpzni2.jpg,Kvasir-SEG,kvasir,train,1,0
/home/samsul/Documents/Polyp Detection/kvasir-seg/images/cju88rl5eo94l0850kf5wtrm1.jpg,Kvasir-SEG,kvasir,train,1,0
/home/samsul/Documents/Polyp Detection/kvasir-seg/images/cjyzk8qieoboa0848ogj51wwm.jpg,Kvasir-SEG,kvasir,train,1,0
/home/samsul/Documents/Polyp Detection/kvasir-seg/images/cju2rxm8rpbaf0993o3qr2oph.jpg,Kvasir-SEG,kvasir,train,1,0
/home/samsul/Documents/Polyp Detection/kvasir-seg/images/cju414lf2l1lt0801rl3hjllj.jpg,Kvasir-SEG,kvasir,train,1,0
/home/samsul/Documents/Polyp Detection/kvasir-seg/images/cju2t9tdwuk700835kv0ljmtl.jpg,Kvasir-SEG,kvasir,val,1,0
/home/samsul/Documents/Polyp Detection/kvasir-seg/images/cju3u815rg4ek0850vvhtcvcm.jpg,Kvasir-SEG,kvasir,train,1,0
/home/samsul/Documents/Polyp Detection/kvasir-seg/images/cju6z7e4bwgdd0987ogkzq9kt.jpg,Kvasir-SEG,kvasir,train,1,0
/home/samsul/Documents/Polyp Detection/kvasir-seg/images/cju7evxt12m730987rxivne3x.jpg,Kvasir-SEG,kvasir,train,1,0
/home/samsul/Documents/Polyp Detection/kvasir-seg/images/cju5fw37edaae0801vkwvocn7.jpg,Kvasir-SEG,kvasir,test,1,0
/home/samsul/Documents/Polyp Detection/kvasir-seg/images/cju33w4sdcivk0855x879zht7.jpg,Kvasir-SEG,kvasir,train,1,0
/home/samsul/Documents/Polyp Detection/kvasir-seg/images/cju8amfdtqi4x09871tygrgqe.jpg,Kvasir-SEG,kvasir,train,1,0
/home/samsul/Documents/Polyp Detection/kvasir-seg/images/cju2x7vw87mu30878hye2ca0m.jpg,Kvasir-SEG,kvasir,train,1,0
/home/samsul/Documents/Polyp Detection/kvasir-seg/images/cju83wwn1k55e0850kw6i2d81.jpg,Kvasir-SEG,kvasir,train,1,0
/home/samsul/Documents/Polyp Detection/kvasir-seg/images/cju7aklv31h4309871m29l4e7.jpg,Kvasir-SEG,kvasir,train,1,0
/home/samsul/Documents/Polyp Detection/kvasir-seg/images/cju7bb3ss1uoo0755pmhyco7t.jpg,Kvasir-SEG,kvasir,train,1,0
/home/samsul/Documents/Polyp Detection/kvasir-seg/images/cju41s6nbleqy0755e2mslg0b.jpg,Kvasir-SEG,kvasir,train,1,0
/home/samsul/Documents/Polyp Detection/kvasir-seg/images/cju43jcqim2cp08172dvjvyui.jpg,Kvasir-SEG,kvasir,test,1,0
/home/samsul/Documents/Polyp Detection/kvasir-seg/images/cju5wrapcm2290818jsh26ppb.jpg,Kvasir-SEG,kvasir,train,1,0
/home/samsul/Documents/Polyp Detection/kvasir-seg/images/cju34eqjpcpm508788b3lhp97.jpg,Kvasir-SEG,kvasir,train,1,0
/home/samsul/Documents/Polyp Detection/kvasir-seg/images/cju2zjcvj9qma0801dk71hhi0.jpg,Kvasir-SEG,kvasir,train,1,0
/home/samsul/Documents/Polyp Detection/kvasir-seg/images/ck2bxw18mmz1k0725litqq2mc.jpg,Kvasir-SEG,kvasir,val,1,0
/home/samsul/Documents/Polyp Detection/kvasir-seg/images/cjyztzaqtrv430848l8xgcerw.jpg,Kvasir-SEG,kvasir,train,1,0
/home/samsul/Documents/Polyp Detection/kvasir-seg/images/cju2qs32r1vys07999conmbvx.jpg,Kvasir-SEG,kvasir,train,1,0
/home/samsul/Documents/Polyp Detection/kvasir-seg/images/cju17r8il13910799dr2wme2e.jpg,Kvasir-SEG,kvasir,test,1,0
/home/samsul/Documents/Polyp Detection/kvasir-seg/images/cju31rb7vb6110801p9rhacuw.jpg,Kvasir-SEG,kvasir,train,1,0
/home/samsul/Documents/Polyp Detection/kvasir-seg/images/cju17otoe119u0799nqcbl8n1.jpg,Kvasir-SEG,kvasir,train,1,0
/home/samsul/Documents/Polyp Detection/kvasir-seg/images/cju5wj0faly5008187n6530af.jpg,Kvasir-SEG,kvasir,train,1,0
/home/samsul/Documents/Polyp Detection/kvasir-seg/images/cju2tvrvm53ws0801a0jfjdxg.jpg,Kvasir-SEG,kvasir,train,1,0
/home/samsul/Documents/Polyp Detection/kvasir-seg/images/cju8bh8surexp0987o5pzklk1.jpg,Kvasir-SEG,kvasir,test,1,0
/home/samsul/Documents/Polyp Detection/kvasir-seg/images/cju7ddtz729960801uazp1knc.jpg,Kvasir-SEG,kvasir,train,1,0
/home/samsul/Documents/Polyp Detection/kvasir-seg/images/cju5bf6hxa6m50817rbwettgu.jpg,Kvasir-SEG,kvasir,train,1,0
/home/samsul/Documents/Polyp Detection/kvasir-seg/images/cju8chxndsre008015uisl4si.jpg,Kvasir-SEG,kvasir,test,1,0
/home/samsul/Documents/Polyp Detection/kvasir-seg/images/cju887ftknop008177nnjt46y.jpg,Kvasir-SEG,kvasir,train,1,0
/home/samsul/Documents/Polyp Detection/kvasir-seg/images/cju5bhv81abur0850ean02atv.jpg,Kvasir-SEG,kvasir,train,1,0
/home/samsul/Documents/Polyp Detection/kvasir-seg/images/cju30ia8da2bq0799klnehml2.jpg,Kvasir-SEG,kvasir,train,1,0
/home/samsul/Documents/Polyp Detection/kvasir-seg/images/cju3518w2d838079939fqztbc.jpg,Kvasir-SEG,kvasir,train,1,0
/home/samsul/Documents/Polyp Detection/kvasir-seg/images/cju7ap09p1kz10850ldccjebj.jpg,Kvasir-SEG,kvasir,train,1,0
/home/samsul/Documents/Polyp Detection/kvasir-seg/images/cju7d8m3b2e210755l8fj1yph.jpg,Kvasir-SEG,kvasir,train,1,0
/home/samsul/Documents/Polyp Detection/kvasir-seg/images/cju7f0ec32txj08184asb8w5f.jpg,Kvasir-SEG,kvasir,val,1,0
/home/samsul/Documents/Polyp Detection/kvasir-seg/images/cju8b2rmgr52s0801p54eyflx.jpg,Kvasir-SEG,kvasir,train,1,0
/home/samsul/Documents/Polyp Detection/kvasir-seg/images/cju1cdxvz48hw0801i0fjwcnk.jpg,Kvasir-SEG,kvasir,train,1,0
/home/samsul/Documents/Polyp Detection/kvasir-seg/images/cju8auylgqx0z0871u4o4db7o.jpg,Kvasir-SEG,kvasir,train,1,0
/home/samsul/Documents/Polyp Detection/kvasir-seg/images/cju35a77vdj4n08556jj2lgmc.jpg,Kvasir-SEG,kvasir,train,1,0
/home/samsul/Documents/Polyp Detection/kvasir-seg/images/cju2tzypl4wss0799ow05oxb9.jpg,Kvasir-SEG,kvasir,train,1,0
/home/samsul/Documents/Polyp Detection/kvasir-seg/images/cju15wdt3zla10801odjiw7sy.jpg,Kvasir-SEG,kvasir,train,1,0
/home/samsul/Documents/Polyp Detection/kvasir-seg/images/cju2hqt33lmra0988fr5ijv8j.jpg,Kvasir-SEG,kvasir,train,1,0
/home/samsul/Documents/Polyp Detection/kvasir-seg/images/cju3v0fl3gwce0755qkjhzmd4.jpg,Kvasir-SEG,kvasir,val,1,0
/home/samsul/Documents/Polyp Detection/kvasir-seg/images/cju2uzabhs6er0993x3aaf87p.jpg,Kvasir-SEG,kvasir,test,1,0
/home/samsul/Documents/Polyp Detection/kvasir-seg/images/cju7d6ux323ze0987xos3srkx.jpg,Kvasir-SEG,kvasir,train,1,0
/home/samsul/Documents/Polyp Detection/kvasir-seg/images/cju42wamblrqn098798r2yyok.jpg,Kvasir-SEG,kvasir,train,1,0
/home/samsul/Documents/Polyp Detection/kvasir-seg/images/cju0tl3uz8blh0993wxvn7ly3.jpg,Kvasir-SEG,kvasir,train,1,0
/home/samsul/Documents/Polyp Detection/kvasir-seg/images/cju3ya7goj6at0818v2l5ay7f.jpg,Kvasir-SEG,kvasir,train,1,0
/home/samsul/Documents/Polyp Detection/kvasir-seg/images/cju5v8pgplg6k0755rvi2t63h.jpg,Kvasir-SEG,kvasir,train,1,0
/home/samsul/Documents/Polyp Detection/kvasir-seg/images/cju1gghyjwxt80835vx0wgxw0.jpg,Kvasir-SEG,kvasir,train,1,0
/home/samsul/Documents/Polyp Detection/kvasir-seg/images/cju5eq8c8ck690850vix98hv3.jpg,Kvasir-SEG,kvasir,test,1,0
/home/samsul/Documents/Polyp Detection/kvasir-seg/images/cju5xjn5mm78b09871spyqhhr.jpg,Kvasir-SEG,kvasir,train,1,0
/home/samsul/Documents/Polyp Detection/kvasir-seg/images/cju7es23b2vcp0755gpbm9s7v.jpg,Kvasir-SEG,kvasir,train,1,0
/home/samsul/Documents/Polyp Detection/kvasir-seg/images/cju33jon3ygbj0993pu22a4k6.jpg,Kvasir-SEG,kvasir,train,1,0
/home/samsul/Documents/Polyp Detection/kvasir-seg/images/cju88k75inzyb0850ccv5x3vk.jpg,Kvasir-SEG,kvasir,train,1,0
/home/samsul/Documents/Polyp Detection/kvasir-seg/images/cju8abobpqbir08189u01huru.jpg,Kvasir-SEG,kvasir,train,1,0
/home/samsul/Documents/Polyp Detection/kvasir-seg/images/cju1hs0za7jha0855vj0mdrjt.jpg,Kvasir-SEG,kvasir,train,1,0
/home/samsul/Documents/Polyp Detection/kvasir-seg/images/cju6wi3akvn8r0801px8eligc.jpg,Kvasir-SEG,kvasir,train,1,0
/home/samsul/Documents/Polyp Detection/kvasir-seg/images/cju8bafgqrf4x0818twisk3ea.jpg,Kvasir-SEG,kvasir,train,1,0
/home/samsul/Documents/Polyp Detection/kvasir-seg/images/cju35eg0tdmjt085525sb4bua.jpg,Kvasir-SEG,kvasir,train,1,0
/home/samsul/Documents/Polyp Detection/kvasir-seg/images/cju1csmlc4ht10799b8ymmghg.jpg,Kvasir-SEG,kvasir,val,1,0
/home/samsul/Documents/Polyp Detection/kvasir-seg/images/cju77q10sz9ug0801449wu1nu.jpg,Kvasir-SEG,kvasir,train,1,0
/home/samsul/Documents/Polyp Detection/kvasir-seg/images/cju2rlqdnoz9k0993cpjae3x0.jpg,Kvasir-SEG,kvasir,val,1,0
/home/samsul/Documents/Polyp Detection/kvasir-seg/images/cju2pjb9v0ywn0878j5g5n69j.jpg,Kvasir-SEG,kvasir,train,1,0
/home/samsul/Documents/Polyp Detection/kvasir-seg/images/cju6v6g6kvdw007552x6mb0po.jpg,Kvasir-SEG,kvasir,train,1,0
/home/samsul/Documents/Polyp Detection/kvasir-seg/images/cju77t0razbvm080106o56289.jpg,Kvasir-SEG,kvasir,train,1,0
/home/samsul/Documents/Polyp Detection/kvasir-seg/images/cjyzu9th0qt4r0a46pyl4zik0.jpg,Kvasir-SEG,kvasir,val,1,0
/home/samsul/Documents/Polyp Detection/kvasir-seg/images/cju7d4jk723eu0817bqz2n39m.jpg,Kvasir-SEG,kvasir,train,1,0
/home/samsul/Documents/Polyp Detection/kvasir-seg/images/cju2uy8ox62jo0801g88hh42z.jpg,Kvasir-SEG,kvasir,train,1,0
/home/samsul/Documents/Polyp Detection/kvasir-seg/images/cju8bpctzrqkr0850zeldv9kt.jpg,Kvasir-SEG,kvasir,train,1,0
/home/samsul/Documents/Polyp Detection/kvasir-seg/images/cju8dqkrqu83i0818ev74qpxq.jpg,Kvasir-SEG,kvasir,train,1,0
/home/samsul/Documents/Polyp Detection/kvasir-seg/images/cju306x7w05nb0835cunv799x.jpg,Kvasir-SEG,kvasir,val,1,0
/home/samsul/Documents/Polyp Detection/kvasir-seg/images/cju30ov1oah920801mi8thuyg.jpg,Kvasir-SEG,kvasir,train,1,0
/home/samsul/Documents/Polyp Detection/kvasir-seg/images/cju8bi8q7rlmn0871abc5ch8k.jpg,Kvasir-SEG,kvasir,train,1,0
/home/samsul/Documents/Polyp Detection/kvasir-seg/images/cju8b1v3br45u087189kku66u.jpg,Kvasir-SEG,kvasir,train,1,0
/home/samsul/Documents/Polyp Detection/kvasir-seg/images/cju7bf1lp1shi081835vs84lc.jpg,Kvasir-SEG,kvasir,val,1,0
/home/samsul/Documents/Polyp Detection/kvasir-seg/images/cju2m71z2ywwv080131bcrsd3.jpg,Kvasir-SEG,kvasir,train,1,0
/home/samsul/Documents/Polyp Detection/kvasir-seg/images/cju7fd6yt2p740987wkr8exo1.jpg,Kvasir-SEG,kvasir,train,1,0
/home/samsul/Documents/Polyp Detection/kvasir-seg/images/cju1gkndf6yi10801o1qnje19.jpg,Kvasir-SEG,kvasir,train,1,0
/home/samsul/Documents/Polyp Detection/kvasir-seg/images/cju33belnbyhm0878yxl42233.jpg,Kvasir-SEG,kvasir,train,1,0
/home/samsul/Documents/Polyp Detection/kvasir-seg/images/cju5x00l6m5j608503k78ptee.jpg,Kvasir-SEG,kvasir,train,1,0
/home/samsul/Documents/Polyp Detection/kvasir-seg/images/cju34c1xfyz920993itxkkfad.jpg,Kvasir-SEG,kvasir,train,1,0
/home/samsul/Documents/Polyp Detection/kvasir-seg/images/cju33yemn2qb20988wfjxximx.jpg,Kvasir-SEG,kvasir,test,1,0
/home/samsul/Documents/Polyp Detection/kvasir-seg/images/cju7efffp2ivf0817etg3jehl.jpg,Kvasir-SEG,kvasir,train,1,0
/home/samsul/Documents/Polyp Detection/kvasir-seg/images/cju1bhnfitmge0835ynls0l6b.jpg,Kvasir-SEG,kvasir,train,1,0
/home/samsul/Documents/Polyp Detection/kvasir-seg/images/cju2suk42469908015ngmq6f2.jpg,Kvasir-SEG,kvasir,train,1,0
/home/samsul/Documents/Polyp Detection/kvasir-seg/images/cju13hp5rnbjx0835bf0jowgx.jpg,Kvasir-SEG,kvasir,train,1,0
/home/samsul/Documents/Polyp Detection/kvasir-seg/images/cju1fjsb4sipq09931lvd8e41.jpg,Kvasir-SEG,kvasir,train,1,0
/home/samsul/Documents/Polyp Detection/kvasir-seg/images/cju412uwlkva50850d1ps1ww7.jpg,Kvasir-SEG,kvasir,train,1,0
/home/samsul/Documents/Polyp Detection/kvasir-seg/images/cju3uhb79gcgr0871orbrbi3x.jpg,Kvasir-SEG,kvasir,train,1,5
/home/samsul/Documents/Polyp Detection/kvasir-seg/images/cju88msmoo3470817m441j4sg.jpg,Kvasir-SEG,kvasir,test,1,0
/home/samsul/Documents/Polyp Detection/kvasir-seg/images/cju43lcnum9y10755bjs7z87f.jpg,Kvasir-SEG,kvasir,val,1,0
/home/samsul/Documents/Polyp Detection/kvasir-seg/images/cju17g6ykn1cs0993dww6qdi8.jpg,Kvasir-SEG,kvasir,val,1,0
/home/samsul/Documents/Polyp Detection/kvasir-seg/images/cju43kj2pm34f0850l28ahpni.jpg,Kvasir-SEG,kvasir,train,1,0
/home/samsul/Documents/Polyp Detection/kvasir-seg/images/cju7d9seq29zd0871nzl2uu5m.jpg,Kvasir-SEG,kvasir,val,1,0
/home/samsul/Documents/Polyp Detection/kvasir-seg/images/cju1efbr0rqxz09931z0lf4vf.jpg,Kvasir-SEG,kvasir,train,1,0
/home/samsul/Documents/Polyp Detection/kvasir-seg/images/cju32qr9tbvsj08013pkpjenq.jpg,Kvasir-SEG,kvasir,train,1,0
/home/samsul/Documents/Polyp Detection/kvasir-seg/images/cju8bn7m2rmm70817hgxpb1uq.jpg,Kvasir-SEG,kvasir,train,1,0
/home/samsul/Documents/Polyp Detection/kvasir-seg/images/cju33qpdvc9g0087825jhf3s9.jpg,Kvasir-SEG,kvasir,train,1,0
/home/samsul/Documents/Polyp Detection/kvasir-seg/images/cju7f900s2o0k08175gl1giid.jpg,Kvasir-SEG,kvasir,val,1,0
/home/samsul/Documents/Polyp Detection/kvasir-seg/images/cju5gucasds9d0801019axylx.jpg,Kvasir-SEG,kvasir,test,1,0
/home/samsul/Documents/Polyp Detection/kvasir-seg/images/cju2htabevq9108015qjei0x7.jpg,Kvasir-SEG,kvasir,train,1,0
/home/samsul/Documents/Polyp Detection/kvasir-seg/images/cju8ca4geseia0850i2ru11hw.jpg,Kvasir-SEG,kvasir,train,1,0
/home/samsul/Documents/Polyp Detection/kvasir-seg/images/cju85a8h8llwm07559wxg4t5w.jpg,Kvasir-SEG,kvasir,train,1,0
/home/samsul/Documents/Polyp Detection/kvasir-seg/images/cju8bljw9rqk20801kr54akrl.jpg,Kvasir-SEG,kvasir,train,1,0
/home/samsul/Documents/Polyp Detection/kvasir-seg/images/cju886ryxnsl50801r93jai7q.jpg,Kvasir-SEG,kvasir,train,1,0
/home/samsul/Documents/Polyp Detection/kvasir-seg/images/cju42nm68lpyo0818xvvqmupq.jpg,Kvasir-SEG,kvasir,val,1,0
/home/samsul/Documents/Polyp Detection/kvasir-seg/images/cju8ayeq7r1fb0818z1junacy.jpg,Kvasir-SEG,kvasir,train,1,0
/home/samsul/Documents/Polyp Detection/kvasir-seg/images/cju6vgdmivcvb08018fra5lnv.jpg,Kvasir-SEG,kvasir,train,1,0
/home/samsul/Documents/Polyp Detection/kvasir-seg/images/cju2zo0fwzv580988qlijd2xa.jpg,Kvasir-SEG,kvasir,train,1,0
/home/samsul/Documents/Polyp Detection/kvasir-seg/images/cju885ikhnmkn09878s2lqtuh.jpg,Kvasir-SEG,kvasir,val,1,0
/home/samsul/Documents/Polyp Detection/kvasir-seg/images/cju83qd0yjyht0817ktkfl268.jpg,Kvasir-SEG,kvasir,train,1,0
/home/samsul/Documents/Polyp Detection/kvasir-seg/images/cju1gi7jlwyld0835cdf6g6qz.jpg,Kvasir-SEG,kvasir,train,1,0
/home/samsul/Documents/Polyp Detection/kvasir-seg/images/cju5boicjagt20871b1fotkh4.jpg,Kvasir-SEG,kvasir,train,1,0
/home/samsul/Documents/Polyp Detection/kvasir-seg/images/cju7f9umg2olj0987fj5y285w.jpg,Kvasir-SEG,kvasir,test,1,0
/home/samsul/Documents/Polyp Detection/kvasir-seg/images/cju40r6jrksyk0871wg98zgho.jpg,Kvasir-SEG,kvasir,train,1,0
/home/samsul/Documents/Polyp Detection/kvasir-seg/images/cju303j5r062k098835zxfds5.jpg,Kvasir-SEG,kvasir,train,1,0
/home/samsul/Documents/Polyp Detection/kvasir-seg/images/cju5x28nzm7t907558ocq4bt7.jpg,Kvasir-SEG,kvasir,train,1,0
/home/samsul/Documents/Polyp Detection/kvasir-seg/images/cju2xjz2ju8pe0993ysv9wg17.jpg,Kvasir-SEG,kvasir,val,1,0
/home/samsul/Documents/Polyp Detection/kvasir-seg/images/cju1ejj7dvqfa0835ra184v5m.jpg,Kvasir-SEG,kvasir,test,1,0
/home/samsul/Documents/Polyp Detection/kvasir-seg/images/cju7ez7r22qbc08015xfoz2wb.jpg,Kvasir-SEG,kvasir,train,1,0
/home/samsul/Documents/Polyp Detection/kvasir-seg/images/cju1g4nsb6ngy0799l4ezm8ab.jpg,Kvasir-SEG,kvasir,train,1,0
/home/samsul/Documents/Polyp Detection/kvasir-seg/images/cju1ddr6p4k5z08780uuuzit2.jpg,Kvasir-SEG,kvasir,test,1,0
/home/samsul/Documents/Polyp Detection/kvasir-seg/images/cju31ugmfb3dz0855xtqshki6.jpg,Kvasir-SEG,kvasir,train,1,0
/home/samsul/Documents/Polyp Detection/kvasir-seg/images/cju1dg44i4z3w0801nyz4p6zf.jpg,Kvasir-SEG,kvasir,train,1,0
/home/samsul/Documents/Polyp Detection/kvasir-seg/images/cju7ae7bq1f820987toc8si1d.jpg,Kvasir-SEG,kvasir,train,1,0
/home/samsul/Documents/Polyp Detection/kvasir-seg/images/cju30mm25a53s0799qa5wiqe8.jpg,Kvasir-SEG,kvasir,test,1,0
/home/samsul/Documents/Polyp Detection/kvasir-seg/images/cju31y80qbawn0801twwm2l5s.jpg,Kvasir-SEG,kvasir,train,1,0
/home/samsul/Documents/Polyp Detection/kvasir-seg/images/cju8aqq8uqmoq0987hphto9gg.jpg,Kvasir-SEG,kvasir,val,1,0
/home/samsul/Documents/Polyp Detection/kvasir-seg/images/cju890guyoiti098753yg6cdu.jpg,Kvasir-SEG,kvasir,train,1,0
/home/samsul/Documents/Polyp Detection/kvasir-seg/images/cju7ecl9i2i060987xawjp4l0.jpg,Kvasir-SEG,kvasir,val,1,0
/home/samsul/Documents/Polyp Detection/kvasir-seg/images/cju1cyjb5qtie0993njqne9m3.jpg,Kvasir-SEG,kvasir,train,1,0
/home/samsul/Documents/Polyp Detection/kvasir-seg/images/cju32gzs6xo8x0993r8tedbpb.jpg,Kvasir-SEG,kvasir,train,1,0
/home/samsul/Documents/Polyp Detection/kvasir-seg/images/cju418rckl3ur08012psrx1r1.jpg,Kvasir-SEG,kvasir,train,1,0
/home/samsul/Documents/Polyp Detection/kvasir-seg/images/cju5ufn3skquf0818dhapnhba.jpg,Kvasir-SEG,kvasir,val,1,0
/home/samsul/Documents/Polyp Detection/kvasir-seg/images/cju1egh885m1l0855ci1lt37c.jpg,Kvasir-SEG,kvasir,train,1,0
/home/samsul/Documents/Polyp Detection/Polyp-Gen:/seq1/images/18.jpg,PolypGen,pgen_seq1,train,0,0
/home/samsul/Documents/Polyp Detection/Polyp-Gen:/seq1/images/3.jpg,PolypGen,pgen_seq1,train,0,0
/home/samsul/Documents/Polyp Detection/Polyp-Gen:/seq1/images/11.jpg,PolypGen,pgen_seq1,train,0,0
/home/samsul/Documents/Polyp Detection/Polyp-Gen:/seq1/images/29.jpg,PolypGen,pgen_seq1,train,0,0
/home/samsul/Documents/Polyp Detection/Polyp-Gen:/seq1/images/6.jpg,PolypGen,pgen_seq1,train,0,0
/home/samsul/Documents/Polyp Detection/Polyp-Gen:/seq1/images/10.jpg,PolypGen,pgen_seq1,train,0,0
/home/samsul/Documents/Polyp Detection/Polyp-Gen:/seq1/images/34.jpg,PolypGen,pgen_seq1,train,0,0
/home/samsul/Documents/Polyp Detection/Polyp-Gen:/seq1/images/27.jpg,PolypGen,pgen_seq1,train,0,0
/home/samsul/Documents/Polyp Detection/Polyp-Gen:/seq1/images/31.jpg,PolypGen,pgen_seq1,train,0,0
/home/samsul/Documents/Polyp Detection/Polyp-Gen:/seq1/images/8.jpg,PolypGen,pgen_seq1,train,0,0
/home/samsul/Documents/Polyp Detection/Polyp-Gen:/seq1/images/1.jpg,PolypGen,pgen_seq1,train,0,0
/home/samsul/Documents/Polyp Detection/Polyp-Gen:/seq1/images/19.jpg,PolypGen,pgen_seq1,train,0,0
/home/samsul/Documents/Polyp Detection/Polyp-Gen:/seq1/images/14.jpg,PolypGen,pgen_seq1,train,0,0
/home/samsul/Documents/Polyp Detection/Polyp-Gen:/seq1/images/23.jpg,PolypGen,pgen_seq1,train,0,0
/home/samsul/Documents/Polyp Detection/Polyp-Gen:/seq1/images/28.jpg,PolypGen,pgen_seq1,train,0,0
/home/samsul/Documents/Polyp Detection/Polyp-Gen:/seq1/images/17.jpg,PolypGen,pgen_seq1,train,0,0
/home/samsul/Documents/Polyp Detection/Polyp-Gen:/seq1/images/4.jpg,PolypGen,pgen_seq1,train,0,0
/home/samsul/Documents/Polyp Detection/Polyp-Gen:/seq1/images/5.jpg,PolypGen,pgen_seq1,train,0,0
/home/samsul/Documents/Polyp Detection/Polyp-Gen:/seq1/images/21.jpg,PolypGen,pgen_seq1,train,0,0
/home/samsul/Documents/Polyp Detection/Polyp-Gen:/seq1/images/0.jpg,PolypGen,pgen_seq1,train,0,0
/home/samsul/Documents/Polyp Detection/Polyp-Gen:/seq1/images/26.jpg,PolypGen,pgen_seq1,train,0,0
/home/samsul/Documents/Polyp Detection/Polyp-Gen:/seq1/images/12.jpg,PolypGen,pgen_seq1,train,0,0
/home/samsul/Documents/Polyp Detection/Polyp-Gen:/seq1/images/22.jpg,PolypGen,pgen_seq1,train,0,0
/home/samsul/Documents/Polyp Detection/Polyp-Gen:/seq1/images/32.jpg,PolypGen,pgen_seq1,train,0,0
/home/samsul/Documents/Polyp Detection/Polyp-Gen:/seq1/images/9.jpg,PolypGen,pgen_seq1,train,0,0
/home/samsul/Documents/Polyp Detection/Polyp-Gen:/seq1/images/35.jpg,PolypGen,pgen_seq1,train,0,0
/home/samsul/Documents/Polyp Detection/Polyp-Gen:/seq1/images/33.jpg,PolypGen,pgen_seq1,train,0,0
/home/samsul/Documents/Polyp Detection/Polyp-Gen:/seq1/images/13.jpg,PolypGen,pgen_seq1,train,0,0
/home/samsul/Documents/Polyp Detection/Polyp-Gen:/seq1/images/16.jpg,PolypGen,pgen_seq1,train,0,0
/home/samsul/Documents/Polyp Detection/Polyp-Gen:/seq1/images/15.jpg,PolypGen,pgen_seq1,train,0,0
/home/samsul/Documents/Polyp Detection/Polyp-Gen:/seq1/images/25.jpg,PolypGen,pgen_seq1,train,0,0
/home/samsul/Documents/Polyp Detection/Polyp-Gen:/seq1/images/20.jpg,PolypGen,pgen_seq1,train,0,0
/home/samsul/Documents/Polyp Detection/Polyp-Gen:/seq1/images/7.jpg,PolypGen,pgen_seq1,train,0,0
/home/samsul/Documents/Polyp Detection/Polyp-Gen:/seq1/images/24.jpg,PolypGen,pgen_seq1,train,0,0
/home/samsul/Documents/Polyp Detection/Polyp-Gen:/seq1/images/30.jpg,PolypGen,pgen_seq1,train,0,0
/home/samsul/Documents/Polyp Detection/Polyp-Gen:/seq1/images/2.jpg,PolypGen,pgen_seq1,train,0,0
/home/samsul/Documents/Polyp Detection/Polyp-Gen:/seq10/images/18.jpg,PolypGen,pgen_seq10,train,0,0
/home/samsul/Documents/Polyp Detection/Polyp-Gen:/seq10/images/3.jpg,PolypGen,pgen_seq10,train,1,0
/home/samsul/Documents/Polyp Detection/Polyp-Gen:/seq10/images/11.jpg,PolypGen,pgen_seq10,train,0,0
/home/samsul/Documents/Polyp Detection/Polyp-Gen:/seq10/images/6.jpg,PolypGen,pgen_seq10,train,1,0
/home/samsul/Documents/Polyp Detection/Polyp-Gen:/seq10/images/10.jpg,PolypGen,pgen_seq10,train,0,0
/home/samsul/Documents/Polyp Detection/Polyp-Gen:/seq10/images/8.jpg,PolypGen,pgen_seq10,train,1,0
/home/samsul/Documents/Polyp Detection/Polyp-Gen:/seq10/images/1.jpg,PolypGen,pgen_seq10,train,0,0
/home/samsul/Documents/Polyp Detection/Polyp-Gen:/seq10/images/19.jpg,PolypGen,pgen_seq10,train,0,0
/home/samsul/Documents/Polyp Detection/Polyp-Gen:/seq10/images/14.jpg,PolypGen,pgen_seq10,train,0,0
/home/samsul/Documents/Polyp Detection/Polyp-Gen:/seq10/images/23.jpg,PolypGen,pgen_seq10,train,0,0
/home/samsul/Documents/Polyp Detection/Polyp-Gen:/seq10/images/17.jpg,PolypGen,pgen_seq10,train,0,0
/home/samsul/Documents/Polyp Detection/Polyp-Gen:/seq10/images/4.jpg,PolypGen,pgen_seq10,train,1,1
/home/samsul/Documents/Polyp Detection/Polyp-Gen:/seq10/images/5.jpg,PolypGen,pgen_seq10,train,1,0
/home/samsul/Documents/Polyp Detection/Polyp-Gen:/seq10/images/21.jpg,PolypGen,pgen_seq10,train,0,0
/home/samsul/Documents/Polyp Detection/Polyp-Gen:/seq10/images/0.jpg,PolypGen,pgen_seq10,train,0,0
/home/samsul/Documents/Polyp Detection/Polyp-Gen:/seq10/images/12.jpg,PolypGen,pgen_seq10,train,0,0
/home/samsul/Documents/Polyp Detection/Polyp-Gen:/seq10/images/22.jpg,PolypGen,pgen_seq10,train,0,0
/home/samsul/Documents/Polyp Detection/Polyp-Gen:/seq10/images/9.jpg,PolypGen,pgen_seq10,train,1,0
/home/samsul/Documents/Polyp Detection/Polyp-Gen:/seq10/images/13.jpg,PolypGen,pgen_seq10,train,0,0
/home/samsul/Documents/Polyp Detection/Polyp-Gen:/seq10/images/16.jpg,PolypGen,pgen_seq10,train,0,0
/home/samsul/Documents/Polyp Detection/Polyp-Gen:/seq10/images/15.jpg,PolypGen,pgen_seq10,train,0,0
/home/samsul/Documents/Polyp Detection/Polyp-Gen:/seq10/images/20.jpg,PolypGen,pgen_seq10,train,0,0
/home/samsul/Documents/Polyp Detection/Polyp-Gen:/seq10/images/7.jpg,PolypGen,pgen_seq10,train,1,0
/home/samsul/Documents/Polyp Detection/Polyp-Gen:/seq10/images/24.jpg,PolypGen,pgen_seq10,train,0,0
/home/samsul/Documents/Polyp Detection/Polyp-Gen:/seq10/images/2.jpg,PolypGen,pgen_seq10,train,0,0
/home/samsul/Documents/Polyp Detection/Polyp-Gen:/seq11/images/75.jpg,PolypGen,pgen_seq11,test,1,0
/home/samsul/Documents/Polyp Detection/Polyp-Gen:/seq11/images/211.jpg,PolypGen,pgen_seq11,test,0,0
/home/samsul/Documents/Polyp Detection/Polyp-Gen:/seq11/images/174.jpg,PolypGen,pgen_seq11,test,0,0
/home/samsul/Documents/Polyp Detection/Polyp-Gen:/seq11/images/71.jpg,PolypGen,pgen_seq11,test,1,0
/home/samsul/Documents/Polyp Detection/Polyp-Gen:/seq11/images/198.jpg,PolypGen,pgen_seq11,test,0,0
/home/samsul/Documents/Polyp Detection/Polyp-Gen:/seq11/images/150.jpg,PolypGen,pgen_seq11,test,0,0
/home/samsul/Documents/Polyp Detection/Polyp-Gen:/seq11/images/204.jpg,PolypGen,pgen_seq11,test,0,0
/home/samsul/Documents/Polyp Detection/Polyp-Gen:/seq11/images/116.jpg,PolypGen,pgen_seq11,test,1,0
/home/samsul/Documents/Polyp Detection/Polyp-Gen:/seq11/images/166.jpg,PolypGen,pgen_seq11,test,0,0
/home/samsul/Documents/Polyp Detection/Polyp-Gen:/seq11/images/93.jpg,PolypGen,pgen_seq11,test,1,0
/home/samsul/Documents/Polyp Detection/Polyp-Gen:/seq11/images/76.jpg,PolypGen,pgen_seq11,test,1,0
/home/samsul/Documents/Polyp Detection/Polyp-Gen:/seq11/images/200.jpg,PolypGen,pgen_seq11,test,0,0
/home/samsul/Documents/Polyp Detection/Polyp-Gen:/seq11/images/18.jpg,PolypGen,pgen_seq11,test,1,0
/home/samsul/Documents/Polyp Detection/Polyp-Gen:/seq11/images/192.jpg,PolypGen,pgen_seq11,test,0,0
/home/samsul/Documents/Polyp Detection/Polyp-Gen:/seq11/images/111.jpg,PolypGen,pgen_seq11,test,1,0
/home/samsul/Documents/Polyp Detection/Polyp-Gen:/seq11/images/3.jpg,PolypGen,pgen_seq11,test,1,0
/home/samsul/Documents/Polyp Detection/Polyp-Gen:/seq11/images/49.jpg,PolypGen,pgen_seq11,test,1,0
/home/samsul/Documents/Polyp Detection/Polyp-Gen:/seq11/images/40.jpg,PolypGen,pgen_seq11,test,1,0
/home/samsul/Documents/Polyp Detection/Polyp-Gen:/seq11/images/68.jpg,PolypGen,pgen_seq11,test,1,0
/home/samsul/Documents/Polyp Detection/Polyp-Gen:/seq11/images/197.jpg,PolypGen,pgen_seq11,test,0,0
/home/samsul/Documents/Polyp Detection/Polyp-Gen:/seq11/images/57.jpg,PolypGen,pgen_seq11,test,1,0
/home/samsul/Documents/Polyp Detection/Polyp-Gen:/seq11/images/123.jpg,PolypGen,pgen_seq11,test,1,0
/home/samsul/Documents/Polyp Detection/Polyp-Gen:/seq11/images/220.jpg,PolypGen,pgen_seq11,test,0,0
/home/samsul/Documents/Polyp Detection/Polyp-Gen:/seq11/images/167.jpg,PolypGen,pgen_seq11,test,0,0
/home/samsul/Documents/Polyp Detection/Polyp-Gen:/seq11/images/81.jpg,PolypGen,pgen_seq11,test,1,0
/home/samsul/Documents/Polyp Detection/Polyp-Gen:/seq11/images/101.jpg,PolypGen,pgen_seq11,test,1,1
/home/samsul/Documents/Polyp Detection/Polyp-Gen:/seq11/images/159.jpg,PolypGen,pgen_seq11,test,0,0
/home/samsul/Documents/Polyp Detection/Polyp-Gen:/seq11/images/104.jpg,PolypGen,pgen_seq11,test,1,1
/home/samsul/Documents/Polyp Detection/Polyp-Gen:/seq11/images/11.jpg,PolypGen,pgen_seq11,test,1,0
/home/samsul/Documents/Polyp Detection/Polyp-Gen:/seq11/images/29.jpg,PolypGen,pgen_seq11,test,1,0
/home/samsul/Documents/Polyp Detection/Polyp-Gen:/seq11/images/156.jpg,PolypGen,pgen_seq11,test,0,0
/home/samsul/Documents/Polyp Detection/Polyp-Gen:/seq11/images/85.jpg,PolypGen,pgen_seq11,test,1,0
/home/samsul/Documents/Polyp Detection/Polyp-Gen:/seq11/images/145.jpg,PolypGen,pgen_seq11,test,1,1
/home/samsul/Documents/Polyp Detection/Polyp-Gen:/seq11/images/54.jpg,PolypGen,pgen_seq11,test,1,0
/home/samsul/Documents/Polyp Detection/Polyp-Gen:/seq11/images/51.jpg,PolypGen,pgen_seq11,test,1,0
/home/samsul/Documents/Polyp Detection/Polyp-Gen:/seq11/images/209.jpg,PolypGen,pgen_seq11,test,0,0
/home/samsul/Documents/Polyp Detection/Polyp-Gen:/seq11/images/6.jpg,PolypGen,pgen_seq11,test,1,0
/home/samsul/Documents/Polyp Detection/Polyp-Gen:/seq11/images/58.jpg,PolypGen,pgen_seq11,test,1,0
/home/samsul/Documents/Polyp Detection/Polyp-Gen:/seq11/images/121.jpg,PolypGen,pgen_seq11,test,1,0
/home/samsul/Documents/Polyp Detection/Polyp-Gen:/seq11/images/66.jpg,PolypGen,pgen_seq11,test,1,0
/home/samsul/Documents/Polyp Detection/Polyp-Gen:/seq11/images/10.jpg,PolypGen,pgen_seq11,test,1,0
/home/samsul/Documents/Polyp Detection/Polyp-Gen:/seq11/images/118.jpg,PolypGen,pgen_seq11,test,1,0
/home/samsul/Documents/Polyp Detection/Polyp-Gen:/seq11/images/34.jpg,PolypGen,pgen_seq11,test,1,0
/home/samsul/Documents/Polyp Detection/Polyp-Gen:/seq11/images/37.jpg,PolypGen,pgen_seq11,test,1,0
/home/samsul/Documents/Polyp Detection/Polyp-Gen:/seq11/images/110.jpg,PolypGen,pgen_seq11,test,1,0
/home/samsul/Documents/Polyp Detection/Polyp-Gen:/seq11/images/115.jpg,PolypGen,pgen_seq11,test,1,0
/home/samsul/Documents/Polyp Detection/Polyp-Gen:/seq11/images/67.jpg,PolypGen,pgen_seq11,test,1,0
/home/samsul/Documents/Polyp Detection/Polyp-Gen:/seq11/images/27.jpg,PolypGen,pgen_seq11,test,1,0
/home/samsul/Documents/Polyp Detection/Polyp-Gen:/seq11/images/182.jpg,PolypGen,pgen_seq11,test,0,0
/home/samsul/Documents/Polyp Detection/Polyp-Gen:/seq11/images/126.jpg,PolypGen,pgen_seq11,test,1,1
/home/samsul/Documents/Polyp Detection/Polyp-Gen:/seq11/images/82.jpg,PolypGen,pgen_seq11,test,1,0
/home/samsul/Documents/Polyp Detection/Polyp-Gen:/seq11/images/78.jpg,PolypGen,pgen_seq11,test,1,0
/home/samsul/Documents/Polyp Detection/Polyp-Gen:/seq11/images/162.jpg,PolypGen,pgen_seq11,test,0,0
/home/samsul/Documents/Polyp Detection/Polyp-Gen:/seq11/images/62.jpg,PolypGen,pgen_seq11,test,1,0
/home/samsul/Documents/Polyp Detection/Polyp-Gen:/seq11/images/39.jpg,PolypGen,pgen_seq11,test,1,0
/home/samsul/Documents/Polyp Detection/Polyp-Gen:/seq11/images/120.jpg,PolypGen,pgen_seq11,test,1,0
/home/samsul/Documents/Polyp Detection/Polyp-Gen:/seq11/images/179.jpg,PolypGen,pgen_seq11,test,0,0
/home/samsul/Documents/Polyp Detection/Polyp-Gen:/seq11/images/154.jpg,PolypGen,pgen_seq11,test,0,0
/home/samsul/Documents/Polyp Detection/Polyp-Gen:/seq11/images/89.jpg,PolypGen,pgen_seq11,test,1,0
/home/samsul/Documents/Polyp Detection/Polyp-Gen:/seq11/images/99.jpg,PolypGen,pgen_seq11,test,1,0
/home/samsul/Documents/Polyp Detection/Polyp-Gen:/seq11/images/131.jpg,PolypGen,pgen_seq11,test,0,0
/home/samsul/Documents/Polyp Detection/Polyp-Gen:/seq11/images/190.jpg,PolypGen,pgen_seq11,test,0,0
/home/samsul/Documents/Polyp Detection/Polyp-Gen:/seq11/images/105.jpg,PolypGen,pgen_seq11,test,1,1
/home/samsul/Documents/Polyp Detection/Polyp-Gen:/seq11/images/191.jpg,PolypGen,pgen_seq11,test,0,0
/home/samsul/Documents/Polyp Detection/Polyp-Gen:/seq11/images/112.jpg,PolypGen,pgen_seq11,test,1,0
/home/samsul/Documents/Polyp Detection/Polyp-Gen:/seq11/images/170.jpg,PolypGen,pgen_seq11,test,0,0
/home/samsul/Documents/Polyp Detection/Polyp-Gen:/seq11/images/169.jpg,PolypGen,pgen_seq11,test,0,0
/home/samsul/Documents/Polyp Detection/Polyp-Gen:/seq11/images/86.jpg,PolypGen,pgen_seq11,test,1,0
/home/samsul/Documents/Polyp Detection/Polyp-Gen:/seq11/images/177.jpg,PolypGen,pgen_seq11,test,0,0
/home/samsul/Documents/Polyp Detection/Polyp-Gen:/seq11/images/31.jpg,PolypGen,pgen_seq11,test,1,0
/home/samsul/Documents/Polyp Detection/Polyp-Gen:/seq11/images/8.jpg,PolypGen,pgen_seq11,test,1,0
/home/samsul/Documents/Polyp Detection/Polyp-Gen:/seq11/images/164.jpg,PolypGen,pgen_seq11,test,0,0
/home/samsul/Documents/Polyp Detection/Polyp-Gen:/seq11/images/98.jpg,PolypGen,pgen_seq11,test,1,0
/home/samsul/Documents/Polyp Detection/Polyp-Gen:/seq11/images/103.jpg,PolypGen,pgen_seq11,test,1,0
/home/samsul/Documents/Polyp Detection/Polyp-Gen:/seq11/images/41.jpg,PolypGen,pgen_seq11,test,1,0
/home/samsul/Documents/Polyp Detection/Polyp-Gen:/seq11/images/109.jpg,PolypGen,pgen_seq11,test,1,0
/home/samsul/Documents/Polyp Detection/Polyp-Gen:/seq11/images/83.jpg,PolypGen,pgen_seq11,test,1,0
/home/samsul/Documents/Polyp Detection/Polyp-Gen:/seq11/images/165.jpg,PolypGen,pgen_seq11,test,0,0
/home/samsul/Documents/Polyp Detection/Polyp-Gen:/seq11/images/173.jpg,PolypGen,pgen_seq11,test,1,1
/home/samsul/Documents/Polyp Detection/Polyp-Gen:/seq11/images/172.jpg,PolypGen,pgen_seq11,test,0,0
/home/samsul/Documents/Polyp Detection/Polyp-Gen:/seq11/images/79.jpg,PolypGen,pgen_seq11,test,1,0
/home/samsul/Documents/Polyp Detection/Polyp-Gen:/seq11/images/193.jpg,PolypGen,pgen_seq11,test,0,0
/home/samsul/Documents/Polyp Detection/Polyp-Gen:/seq11/images/188.jpg,PolypGen,pgen_seq11,test,0,0
/home/samsul/Documents/Polyp Detection/Polyp-Gen:/seq11/images/158.jpg,PolypGen,pgen_seq11,test,0,0
/home/samsul/Documents/Polyp Detection/Polyp-Gen:/seq11/images/50.jpg,PolypGen,pgen_seq11,test,1,0
/home/samsul/Documents/Polyp Detection/Polyp-Gen:/seq11/images/1.jpg,PolypGen,pgen_seq11,test,0,0
/home/samsul/Documents/Polyp Detection/Polyp-Gen:/seq11/images/186.jpg,PolypGen,pgen_seq11,test,0,0
/home/samsul/Documents/Polyp Detection/Polyp-Gen:/seq11/images/52.jpg,PolypGen,pgen_seq11,test,1,0
/home/samsul/Documents/Polyp Detection/Polyp-Gen:/seq11/images/95.jpg,PolypGen,pgen_seq11,test,1,0
/home/samsul/Documents/Polyp Detection/Polyp-Gen:/seq11/images/19.jpg,PolypGen,pgen_seq11,test,1,0
/home/samsul/Documents/Polyp Detection/Polyp-Gen:/seq11/images/171.jpg,PolypGen,pgen_seq11,test,0,0
/home/samsul/Documents/Polyp Detection/Polyp-Gen:/seq11/images/60.jpg,PolypGen,pgen_seq11,test,1,0
/home/samsul/Documents/Polyp Detection/Polyp-Gen:/seq11/images/124.jpg,PolypGen,pgen_seq11,test,1,1
/home/samsul/Documents/Polyp Detection/Polyp-Gen:/seq11/images/189.jpg,PolypGen,pgen_seq11,test,0,0
/home/samsul/Documents/Polyp Detection/Polyp-Gen:/seq11/images/69.jpg,PolypGen,pgen_seq11,test,1,0
/home/samsul/Documents/Polyp Detection/Polyp-Gen:/seq11/images/163.jpg,PolypGen,pgen_seq11,test,0,0
/home/samsul/Documents/Polyp Detection/Polyp-Gen:/seq11/images/225.jpg,PolypGen,pgen_seq11,test,0,0
/home/samsul/Documents/Polyp Detection/Polyp-Gen:/seq11/images/14.jpg,PolypGen,pgen_seq11,test,1,0
/home/samsul/Documents/Polyp Detection/Polyp-Gen:/seq11/images/91.jpg,PolypGen,pgen_seq11,test,1,0
/home/samsul/Documents/Polyp Detection/Polyp-Gen:/seq11/images/70.jpg,PolypGen,pgen_seq11,test,1,0
/home/samsul/Documents/Polyp Detection/Polyp-Gen:/seq11/images/117.jpg,PolypGen,pgen_seq11,test,1,1
/home/samsul/Documents/Polyp Detection/Polyp-Gen:/seq11/images/23.jpg,PolypGen,pgen_seq11,test,0,0
/home/samsul/Documents/Polyp Detection/Polyp-Gen:/seq11/images/199.jpg,PolypGen,pgen_seq11,test,0,0
/home/samsul/Documents/Polyp Detection/Polyp-Gen:/seq11/images/205.jpg,PolypGen,pgen_seq11,test,0,0
/home/samsul/Documents/Polyp Detection/Polyp-Gen:/seq11/images/64.jpg,PolypGen,pgen_seq11,test,1,0
/home/samsul/Documents/Polyp Detection/Polyp-Gen:/seq11/images/28.jpg,PolypGen,pgen_seq11,test,1,0
/home/samsul/Documents/Polyp Detection/Polyp-Gen:/seq11/images/17.jpg,PolypGen,pgen_seq11,test,1,0
/home/samsul/Documents/Polyp Detection/Polyp-Gen:/seq11/images/36.jpg,PolypGen,pgen_seq11,test,1,0
/home/samsul/Documents/Polyp Detection/Polyp-Gen:/seq11/images/87.jpg,PolypGen,pgen_seq11,test,1,0
/home/samsul/Documents/Polyp Detection/Polyp-Gen:/seq11/images/4.jpg,PolypGen,pgen_seq11,test,1,0
/home/samsul/Documents/Polyp Detection/Polyp-Gen:/seq11/images/216.jpg,PolypGen,pgen_seq11,test,0,0
/home/samsul/Documents/Polyp Detection/Polyp-Gen:/seq11/images/5.jpg,PolypGen,pgen_seq11,test,1,0
/home/samsul/Documents/Polyp Detection/Polyp-Gen:/seq11/images/21.jpg,PolypGen,pgen_seq11,test,1,0
/home/samsul/Documents/Polyp Detection/Polyp-Gen:/seq11/images/208.jpg,PolypGen,pgen_seq11,test,0,0
/home/samsul/Documents/Polyp Detection/Polyp-Gen:/seq11/images/72.jpg,PolypGen,pgen_seq11,test,1,0
/home/samsul/Documents/Polyp Detection/Polyp-Gen:/seq11/images/0.jpg,PolypGen,pgen_seq11,test,0,0
/home/samsul/Documents/Polyp Detection/Polyp-Gen:/seq11/images/147.jpg,PolypGen,pgen_seq11,test,1,1
/home/samsul/Documents/Polyp Detection/Polyp-Gen:/seq11/images/194.jpg,PolypGen,pgen_seq11,test,0,0
/home/samsul/Documents/Polyp Detection/Polyp-Gen:/seq11/images/148.jpg,PolypGen,pgen_seq11,test,0,0
/home/samsul/Documents/Polyp Detection/Polyp-Gen:/seq11/images/113.jpg,PolypGen,pgen_seq11,test,1,0
/home/samsul/Documents/Polyp Detection/Polyp-Gen:/seq11/images/26.jpg,PolypGen,pgen_seq11,test,1,0
/home/samsul/Documents/Polyp Detection/Polyp-Gen:/seq11/images/12.jpg,PolypGen,pgen_seq11,test,1,0
/home/samsul/Documents/Polyp Detection/Polyp-Gen:/seq11/images/108.jpg,PolypGen,pgen_seq11,test,1,0
/home/samsul/Documents/Polyp Detection/Polyp-Gen:/seq11/images/221.jpg,PolypGen,pgen_seq11,test,0,0
/home/samsul/Documents/Polyp Detection/Polyp-Gen:/seq11/images/22.jpg,PolypGen,pgen_seq11,test,1,0
/home/samsul/Documents/Polyp Detection/Polyp-Gen:/seq11/images/129.jpg,PolypGen,pgen_seq11,test,1,0
/home/samsul/Documents/Polyp Detection/Polyp-Gen:/seq11/images/140.jpg,PolypGen,pgen_seq11,test,1,1
/home/samsul/Documents/Polyp Detection/Polyp-Gen:/seq11/images/100.jpg,PolypGen,pgen_seq11,test,1,0
/home/samsul/Documents/Polyp Detection/Polyp-Gen:/seq11/images/32.jpg,PolypGen,pgen_seq11,test,1,0
/home/samsul/Documents/Polyp Detection/Polyp-Gen:/seq11/images/178.jpg,PolypGen,pgen_seq11,test,0,0
/home/samsul/Documents/Polyp Detection/Polyp-Gen:/seq11/images/9.jpg,PolypGen,pgen_seq11,test,1,0
/home/samsul/Documents/Polyp Detection/Polyp-Gen:/seq11/images/44.jpg,PolypGen,pgen_seq11,test,1,0
/home/samsul/Documents/Polyp Detection/Polyp-Gen:/seq11/images/106.jpg,PolypGen,pgen_seq11,test,1,0
/home/samsul/Documents/Polyp Detection/Polyp-Gen:/seq11/images/80.jpg,PolypGen,pgen_seq11,test,1,0
/home/samsul/Documents/Polyp Detection/Polyp-Gen:/seq11/images/35.jpg,PolypGen,pgen_seq11,test,1,0
/home/samsul/Documents/Polyp Detection/Polyp-Gen:/seq11/images/48.jpg,PolypGen,pgen_seq11,test,1,0
/home/samsul/Documents/Polyp Detection/Polyp-Gen:/seq11/images/33.jpg,PolypGen,pgen_seq11,test,1,0
/home/samsul/Documents/Polyp Detection/Polyp-Gen:/seq11/images/141.jpg,PolypGen,pgen_seq11,test,1,1
/home/samsul/Documents/Polyp Detection/Polyp-Gen:/seq11/images/43.jpg,PolypGen,pgen_seq11,test,1,0
/home/samsul/Documents/Polyp Detection/Polyp-Gen:/seq11/images/90.jpg,PolypGen,pgen_seq11,test,1,0
/home/samsul/Documents/Polyp Detection/Polyp-Gen:/seq11/images/223.jpg,PolypGen,pgen_seq11,test,0,0
/home/samsul/Documents/Polyp Detection/Polyp-Gen:/seq11/images/55.jpg,PolypGen,pgen_seq11,test,1,0
/home/samsul/Documents/Polyp Detection/Polyp-Gen:/seq11/images/183.jpg,PolypGen,pgen_seq11,test,0,0
/home/samsul/Documents/Polyp Detection/Polyp-Gen:/seq11/images/143.jpg,PolypGen,pgen_seq11,test,1,1
/home/samsul/Documents/Polyp Detection/Polyp-Gen:/seq11/images/226.jpg,PolypGen,pgen_seq11,test,0,0
/home/samsul/Documents/Polyp Detection/Polyp-Gen:/seq11/images/213.jpg,PolypGen,pgen_seq11,test,0,0
/home/samsul/Documents/Polyp Detection/Polyp-Gen:/seq11/images/175.jpg,PolypGen,pgen_seq11,test,0,0
/home/samsul/Documents/Polyp Detection/Polyp-Gen:/seq11/images/125.jpg,PolypGen,pgen_seq11,test,1,0
/home/samsul/Documents/Polyp Detection/Polyp-Gen:/seq11/images/227.jpg,PolypGen,pgen_seq11,test,0,0
/home/samsul/Documents/Polyp Detection/Polyp-Gen:/seq11/images/47.jpg,PolypGen,pgen_seq11,test,1,0
/home/samsul/Documents/Polyp Detection/Polyp-Gen:/seq11/images/206.jpg,PolypGen,pgen_seq11,test,0,0
/home/samsul/Documents/Polyp Detection/Polyp-Gen:/seq11/images/157.jpg,PolypGen,pgen_seq11,test,0,0
/home/samsul/Documents/Polyp Detection/Polyp-Gen:/seq11/images/133.jpg,PolypGen,pgen_seq11,test,0,0
/home/samsul/Documents/Polyp Detection/Polyp-Gen:/seq11/images/184.jpg,PolypGen,pgen_seq11,test,0,0
/home/samsul/Documents/Polyp Detection/Polyp-Gen:/seq11/images/13.jpg,PolypGen,pgen_seq11,test,1,0
/home/samsul/Documents/Polyp Detection/Polyp-Gen:/seq11/images/144.jpg,PolypGen,pgen_seq11,test,1,1
/home/samsul/Documents/Polyp Detection/Polyp-Gen:/seq11/images/53.jpg,PolypGen,pgen_seq11,test,1,0
/home/samsul/Documents/Polyp Detection/Polyp-Gen:/seq11/images/196.jpg,PolypGen,pgen_seq11,test,0,0
/home/samsul/Documents/Polyp Detection/Polyp-Gen:/seq11/images/16.jpg,PolypGen,pgen_seq11,test,1,0
/home/samsul/Documents/Polyp Detection/Polyp-Gen:/seq11/images/195.jpg,PolypGen,pgen_seq11,test,0,0
/home/samsul/Documents/Polyp Detection/Polyp-Gen:/seq11/images/42.jpg,PolypGen,pgen_seq11,test,1,0
/home/samsul/Documents/Polyp Detection/Polyp-Gen:/seq11/images/218.jpg,PolypGen,pgen_seq11,test,0,0
/home/samsul/Documents/Polyp Detection/Polyp-Gen:/seq11/images/114.jpg,PolypGen,pgen_seq11,test,1,1
/home/samsul/Documents/Polyp Detection/Polyp-Gen:/seq11/images/222.jpg,PolypGen,pgen_seq11,test,0,0
/home/samsul/Documents/Polyp Detection/Polyp-Gen:/seq11/images/38.jpg,PolypGen,pgen_seq11,test,1,0
/home/samsul/Documents/Polyp Detection/Polyp-Gen:/seq11/images/15.jpg,PolypGen,pgen_seq11,test,1,0
/home/samsul/Documents/Polyp Detection/Polyp-Gen:/seq11/images/25.jpg,PolypGen,pgen_seq11,test,1,0
/home/samsul/Documents/Polyp Detection/Polyp-Gen:/seq11/images/152.jpg,PolypGen,pgen_seq11,test,0,0
/home/samsul/Documents/Polyp Detection/Polyp-Gen:/seq11/images/146.jpg,PolypGen,pgen_seq11,test,1,1
/home/samsul/Documents/Polyp Detection/Polyp-Gen:/seq11/images/96.jpg,PolypGen,pgen_seq11,test,0,0
/home/samsul/Documents/Polyp Detection/Polyp-Gen:/seq11/images/84.jpg,PolypGen,pgen_seq11,test,0,0
/home/samsul/Documents/Polyp Detection/Polyp-Gen:/seq11/images/212.jpg,PolypGen,pgen_seq11,test,0,0
/home/samsul/Documents/Polyp Detection/Polyp-Gen:/seq11/images/107.jpg,PolypGen,pgen_seq11,test,1,0
/home/samsul/Documents/Polyp Detection/Polyp-Gen:/seq11/images/217.jpg,PolypGen,pgen_seq11,test,0,0
/home/samsul/Documents/Polyp Detection/Polyp-Gen:/seq11/images/134.jpg,PolypGen,pgen_seq11,test,0,0
/home/samsul/Documents/Polyp Detection/Polyp-Gen:/seq11/images/215.jpg,PolypGen,pgen_seq11,test,0,0
/home/samsul/Documents/Polyp Detection/Polyp-Gen:/seq11/images/97.jpg,PolypGen,pgen_seq11,test,1,0
/home/samsul/Documents/Polyp Detection/Polyp-Gen:/seq11/images/135.jpg,PolypGen,pgen_seq11,test,0,0
/home/samsul/Documents/Polyp Detection/Polyp-Gen:/seq11/images/102.jpg,PolypGen,pgen_seq11,test,1,0
/home/samsul/Documents/Polyp Detection/Polyp-Gen:/seq11/images/219.jpg,PolypGen,pgen_seq11,test,0,0
/home/samsul/Documents/Polyp Detection/Polyp-Gen:/seq11/images/168.jpg,PolypGen,pgen_seq11,test,0,0
/home/samsul/Documents/Polyp Detection/Polyp-Gen:/seq11/images/63.jpg,PolypGen,pgen_seq11,test,1,0
/home/samsul/Documents/Polyp Detection/Polyp-Gen:/seq11/images/56.jpg,PolypGen,pgen_seq11,test,1,0
/home/samsul/Documents/Polyp Detection/Polyp-Gen:/seq11/images/119.jpg,PolypGen,pgen_seq11,test,1,0
/home/samsul/Documents/Polyp Detection/Polyp-Gen:/seq11/images/201.jpg,PolypGen,pgen_seq11,test,0,0
/home/samsul/Documents/Polyp Detection/Polyp-Gen:/seq11/images/20.jpg,PolypGen,pgen_seq11,test,1,0
/home/samsul/Documents/Polyp Detection/Polyp-Gen:/seq11/images/46.jpg,PolypGen,pgen_seq11,test,1,0
/home/samsul/Documents/Polyp Detection/Polyp-Gen:/seq11/images/210.jpg,PolypGen,pgen_seq11,test,0,0
/home/samsul/Documents/Polyp Detection/Polyp-Gen:/seq11/images/122.jpg,PolypGen,pgen_seq11,test,1,1
/home/samsul/Documents/Polyp Detection/Polyp-Gen:/seq11/images/153.jpg,PolypGen,pgen_seq11,test,0,0
/home/samsul/Documents/Polyp Detection/Polyp-Gen:/seq11/images/127.jpg,PolypGen,pgen_seq11,test,1,1
/home/samsul/Documents/Polyp Detection/Polyp-Gen:/seq11/images/142.jpg,PolypGen,pgen_seq11,test,0,0
/home/samsul/Documents/Polyp Detection/Polyp-Gen:/seq11/images/202.jpg,PolypGen,pgen_seq11,test,0,0
/home/samsul/Documents/Polyp Detection/Polyp-Gen:/seq11/images/74.jpg,PolypGen,pgen_seq11,test,1,0
/home/samsul/Documents/Polyp Detection/Polyp-Gen:/seq11/images/136.jpg,PolypGen,pgen_seq11,test,0,0
/home/samsul/Documents/Polyp Detection/Polyp-Gen:/seq11/images/92.jpg,PolypGen,pgen_seq11,test,1,0
/home/samsul/Documents/Polyp Detection/Polyp-Gen:/seq11/images/185.jpg,PolypGen,pgen_seq11,test,0,0
/home/samsul/Documents/Polyp Detection/Polyp-Gen:/seq11/images/155.jpg,PolypGen,pgen_seq11,test,0,0
/home/samsul/Documents/Polyp Detection/Polyp-Gen:/seq11/images/7.jpg,PolypGen,pgen_seq11,test,1,0
/home/samsul/Documents/Polyp Detection/Polyp-Gen:/seq11/images/45.jpg,PolypGen,pgen_seq11,test,1,0
/home/samsul/Documents/Polyp Detection/Polyp-Gen:/seq11/images/128.jpg,PolypGen,pgen_seq11,test,0,0
/home/samsul/Documents/Polyp Detection/Polyp-Gen:/seq11/images/180.jpg,PolypGen,pgen_seq11,test,0,0
/home/samsul/Documents/Polyp Detection/Polyp-Gen:/seq11/images/73.jpg,PolypGen,pgen_seq11,test,1,0
/home/samsul/Documents/Polyp Detection/Polyp-Gen:/seq11/images/94.jpg,PolypGen,pgen_seq11,test,1,0
/home/samsul/Documents/Polyp Detection/Polyp-Gen:/seq11/images/132.jpg,PolypGen,pgen_seq11,test,0,0
/home/samsul/Documents/Polyp Detection/Polyp-Gen:/seq11/images/207.jpg,PolypGen,pgen_seq11,test,0,0
/home/samsul/Documents/Polyp Detection/Polyp-Gen:/seq11/images/151.jpg,PolypGen,pgen_seq11,test,0,0
/home/samsul/Documents/Polyp Detection/Polyp-Gen:/seq11/images/88.jpg,PolypGen,pgen_seq11,test,1,0
/home/samsul/Documents/Polyp Detection/Polyp-Gen:/seq11/images/65.jpg,PolypGen,pgen_seq11,test,1,0
/home/samsul/Documents/Polyp Detection/Polyp-Gen:/seq11/images/176.jpg,PolypGen,pgen_seq11,test,0,0
/home/samsul/Documents/Polyp Detection/Polyp-Gen:/seq11/images/161.jpg,PolypGen,pgen_seq11,test,0,0
/home/samsul/Documents/Polyp Detection/Polyp-Gen:/seq11/images/139.jpg,PolypGen,pgen_seq11,test,0,0
/home/samsul/Documents/Polyp Detection/Polyp-Gen:/seq11/images/77.jpg,PolypGen,pgen_seq11,test,1,0
/home/samsul/Documents/Polyp Detection/Polyp-Gen:/seq11/images/61.jpg,PolypGen,pgen_seq11,test,1,0
/home/samsul/Documents/Polyp Detection/Polyp-Gen:/seq11/images/149.jpg,PolypGen,pgen_seq11,test,1,1
/home/samsul/Documents/Polyp Detection/Polyp-Gen:/seq11/images/224.jpg,PolypGen,pgen_seq11,test,0,0
/home/samsul/Documents/Polyp Detection/Polyp-Gen:/seq11/images/130.jpg,PolypGen,pgen_seq11,test,1,1
/home/samsul/Documents/Polyp Detection/Polyp-Gen:/seq11/images/24.jpg,PolypGen,pgen_seq11,test,1,0
/home/samsul/Documents/Polyp Detection/Polyp-Gen:/seq11/images/203.jpg,PolypGen,pgen_seq11,test,0,0
/home/samsul/Documents/Polyp Detection/Polyp-Gen:/seq11/images/160.jpg,PolypGen,pgen_seq11,test,0,0
/home/samsul/Documents/Polyp Detection/Polyp-Gen:/seq11/images/30.jpg,PolypGen,pgen_seq11,test,1,0
/home/samsul/Documents/Polyp Detection/Polyp-Gen:/seq11/images/187.jpg,PolypGen,pgen_seq11,test,0,0
/home/samsul/Documents/Polyp Detection/Polyp-Gen:/seq11/images/181.jpg,PolypGen,pgen_seq11,test,0,0
/home/samsul/Documents/Polyp Detection/Polyp-Gen:/seq11/images/138.jpg,PolypGen,pgen_seq11,test,1,1
/home/samsul/Documents/Polyp Detection/Polyp-Gen:/seq11/images/2.jpg,PolypGen,pgen_seq11,test,1,0
/home/samsul/Documents/Polyp Detection/Polyp-Gen:/seq11/images/59.jpg,PolypGen,pgen_seq11,test,1,0
/home/samsul/Documents/Polyp Detection/Polyp-Gen:/seq11/images/214.jpg,PolypGen,pgen_seq11,test,0,0
/home/samsul/Documents/Polyp Detection/Polyp-Gen:/seq11/images/137.jpg,PolypGen,pgen_seq11,test,1,1
/home/samsul/Documents/Polyp Detection/Polyp-Gen:/seq12/images/75.jpg,PolypGen,pgen_seq12,train,1,0
/home/samsul/Documents/Polyp Detection/Polyp-Gen:/seq12/images/211.jpg,PolypGen,pgen_seq12,train,1,0
/home/samsul/Documents/Polyp Detection/Polyp-Gen:/seq12/images/174.jpg,PolypGen,pgen_seq12,train,1,0
/home/samsul/Documents/Polyp Detection/Polyp-Gen:/seq12/images/71.jpg,PolypGen,pgen_seq12,train,1,0
/home/samsul/Documents/Polyp Detection/Polyp-Gen:/seq12/images/198.jpg,PolypGen,pgen_seq12,train,1,0
/home/samsul/Documents/Polyp Detection/Polyp-Gen:/seq12/images/234.jpg,PolypGen,pgen_seq12,train,1,0
/home/samsul/Documents/Polyp Detection/Polyp-Gen:/seq12/images/241.jpg,PolypGen,pgen_seq12,train,1,0
/home/samsul/Documents/Polyp Detection/Polyp-Gen:/seq12/images/150.jpg,PolypGen,pgen_seq12,train,1,0
/home/samsul/Documents/Polyp Detection/Polyp-Gen:/seq12/images/204.jpg,PolypGen,pgen_seq12,train,1,0
/home/samsul/Documents/Polyp Detection/Polyp-Gen:/seq12/images/116.jpg,PolypGen,pgen_seq12,train,1,0
/home/samsul/Documents/Polyp Detection/Polyp-Gen:/seq12/images/166.jpg,PolypGen,pgen_seq12,train,1,0
/home/samsul/Documents/Polyp Detection/Polyp-Gen:/seq12/images/232.jpg,PolypGen,pgen_seq12,train,1,0
/home/samsul/Documents/Polyp Detection/Polyp-Gen:/seq12/images/93.jpg,PolypGen,pgen_seq12,train,1,0
/home/samsul/Documents/Polyp Detection/Polyp-Gen:/seq12/images/76.jpg,PolypGen,pgen_seq12,train,1,0
/home/samsul/Documents/Polyp Detection/Polyp-Gen:/seq12/images/200.jpg,PolypGen,pgen_seq12,train,1,0
/home/samsul/Documents/Polyp Detection/Polyp-Gen:/seq12/images/18.jpg,PolypGen,pgen_seq12,train,1,0
/home/samsul/Documents/Polyp Detection/Polyp-Gen:/seq12/images/192.jpg,PolypGen,pgen_seq12,train,1,0
/home/samsul/Documents/Polyp Detection/Polyp-Gen:/seq12/images/111.jpg,PolypGen,pgen_seq12,train,1,0
/home/samsul/Documents/Polyp Detection/Polyp-Gen:/seq12/images/3.jpg,PolypGen,pgen_seq12,train,1,0
/home/samsul/Documents/Polyp Detection/Polyp-Gen:/seq12/images/49.jpg,PolypGen,pgen_seq12,train,1,0
/home/samsul/Documents/Polyp Detection/Polyp-Gen:/seq12/images/40.jpg,PolypGen,pgen_seq12,train,1,0
/home/samsul/Documents/Polyp Detection/Polyp-Gen:/seq12/images/68.jpg,PolypGen,pgen_seq12,train,1,0
/home/samsul/Documents/Polyp Detection/Polyp-Gen:/seq12/images/197.jpg,PolypGen,pgen_seq12,train,1,0
/home/samsul/Documents/Polyp Detection/Polyp-Gen:/seq12/images/235.jpg,PolypGen,pgen_seq12,train,1,0
/home/samsul/Documents/Polyp Detection/Polyp-Gen:/seq12/images/57.jpg,PolypGen,pgen_seq12,train,1,0
/home/samsul/Documents/Polyp Detection/Polyp-Gen:/seq12/images/123.jpg,PolypGen,pgen_seq12,train,1,0
/home/samsul/Documents/Polyp Detection/Polyp-Gen:/seq12/images/220.jpg,PolypGen,pgen_seq12,train,1,0
/home/samsul/Documents/Polyp Detection/Polyp-Gen:/seq12/images/167.jpg,PolypGen,pgen_seq12,train,1,0
/home/samsul/Documents/Polyp Detection/Polyp-Gen:/seq12/images/81.jpg,PolypGen,pgen_seq12,train,1,0
/home/samsul/Documents/Polyp Detection/Polyp-Gen:/seq12/images/101.jpg,PolypGen,pgen_seq12,train,1,0
/home/samsul/Documents/Polyp Detection/Polyp-Gen:/seq12/images/159.jpg,PolypGen,pgen_seq12,train,1,0
/home/samsul/Documents/Polyp Detection/Polyp-Gen:/seq12/images/104.jpg,PolypGen,pgen_seq12,train,1,0
/home/samsul/Documents/Polyp Detection/Polyp-Gen:/seq12/images/247.jpg,PolypGen,pgen_seq12,train,1,0
/home/samsul/Documents/Polyp Detection/Polyp-Gen:/seq12/images/11.jpg,PolypGen,pgen_seq12,train,1,0
/home/samsul/Documents/Polyp Detection/Polyp-Gen:/seq12/images/29.jpg,PolypGen,pgen_seq12,train,1,0
/home/samsul/Documents/Polyp Detection/Polyp-Gen:/seq12/images/156.jpg,PolypGen,pgen_seq12,train,1,0
/home/samsul/Documents/Polyp Detection/Polyp-Gen:/seq12/images/85.jpg,PolypGen,pgen_seq12,train,1,0
/home/samsul/Documents/Polyp Detection/Polyp-Gen:/seq12/images/145.jpg,PolypGen,pgen_seq12,train,1,0
/home/samsul/Documents/Polyp Detection/Polyp-Gen:/seq12/images/54.jpg,PolypGen,pgen_seq12,train,1,0
/home/samsul/Documents/Polyp Detection/Polyp-Gen:/seq12/images/51.jpg,PolypGen,pgen_seq12,train,1,0
/home/samsul/Documents/Polyp Detection/Polyp-Gen:/seq12/images/209.jpg,PolypGen,pgen_seq12,train,1,0
/home/samsul/Documents/Polyp Detection/Polyp-Gen:/seq12/images/6.jpg,PolypGen,pgen_seq12,train,1,0
/home/samsul/Documents/Polyp Detection/Polyp-Gen:/seq12/images/58.jpg,PolypGen,pgen_seq12,train,1,0
/home/samsul/Documents/Polyp Detection/Polyp-Gen:/seq12/images/121.jpg,PolypGen,pgen_seq12,train,1,0
/home/samsul/Documents/Polyp Detection/Polyp-Gen:/seq12/images/238.jpg,PolypGen,pgen_seq12,train,1,0
/home/samsul/Documents/Polyp Detection/Polyp-Gen:/seq12/images/66.jpg,PolypGen,pgen_seq12,train,1,0
/home/samsul/Documents/Polyp Detection/Polyp-Gen:/seq12/images/10.jpg,PolypGen,pgen_seq12,train,1,0
/home/samsul/Documents/Polyp Detection/Polyp-Gen:/seq12/images/118.jpg,PolypGen,pgen_seq12,train,1,0
/home/samsul/Documents/Polyp Detection/Polyp-Gen:/seq12/images/34.jpg,PolypGen,pgen_seq12,train,1,0
/home/samsul/Documents/Polyp Detection/Polyp-Gen:/seq12/images/37.jpg,PolypGen,pgen_seq12,train,1,0
/home/samsul/Documents/Polyp Detection/Polyp-Gen:/seq12/images/110.jpg,PolypGen,pgen_seq12,train,1,0
/home/samsul/Documents/Polyp Detection/Polyp-Gen:/seq12/images/115.jpg,PolypGen,pgen_seq12,train,1,0
/home/samsul/Documents/Polyp Detection/Polyp-Gen:/seq12/images/67.jpg,PolypGen,pgen_seq12,train,1,0
/home/samsul/Documents/Polyp Detection/Polyp-Gen:/seq12/images/27.jpg,PolypGen,pgen_seq12,train,1,0
/home/samsul/Documents/Polyp Detection/Polyp-Gen:/seq12/images/182.jpg,PolypGen,pgen_seq12,train,1,0
/home/samsul/Documents/Polyp Detection/Polyp-Gen:/seq12/images/126.jpg,PolypGen,pgen_seq12,train,1,0
/home/samsul/Documents/Polyp Detection/Polyp-Gen:/seq12/images/82.jpg,PolypGen,pgen_seq12,train,1,0
/home/samsul/Documents/Polyp Detection/Polyp-Gen:/seq12/images/78.jpg,PolypGen,pgen_seq12,train,1,0
/home/samsul/Documents/Polyp Detection/Polyp-Gen:/seq12/images/162.jpg,PolypGen,pgen_seq12,train,1,0
/home/samsul/Documents/Polyp Detection/Polyp-Gen:/seq12/images/62.jpg,PolypGen,pgen_seq12,train,1,0
/home/samsul/Documents/Polyp Detection/Polyp-Gen:/seq12/images/39.jpg,PolypGen,pgen_seq12,train,1,0
/home/samsul/Documents/Polyp Detection/Polyp-Gen:/seq12/images/244.jpg,PolypGen,pgen_seq12,train,1,0
/home/samsul/Documents/Polyp Detection/Polyp-Gen:/seq12/images/120.jpg,PolypGen,pgen_seq12,train,1,0
/home/samsul/Documents/Polyp Detection/Polyp-Gen:/seq12/images/179.jpg,PolypGen,pgen_seq12,train,1,0
/home/samsul/Documents/Polyp Detection/Polyp-Gen:/seq12/images/154.jpg,PolypGen,pgen_seq12,train,1,0
/home/samsul/Documents/Polyp Detection/Polyp-Gen:/seq12/images/89.jpg,PolypGen,pgen_seq12,train,1,0
/home/samsul/Documents/Polyp Detection/Polyp-Gen:/seq12/images/99.jpg,PolypGen,pgen_seq12,train,1,0
/home/samsul/Documents/Polyp Detection/Polyp-Gen:/seq12/images/131.jpg,PolypGen,pgen_seq12,train,1,0
/home/samsul/Documents/Polyp Detection/Polyp-Gen:/seq12/images/190.jpg,PolypGen,pgen_seq12,train,1,0
/home/samsul/Documents/Polyp Detection/Polyp-Gen:/seq12/images/105.jpg,PolypGen,pgen_seq12,train,1,0
/home/samsul/Documents/Polyp Detection/Polyp-Gen:/seq12/images/191.jpg,PolypGen,pgen_seq12,train,1,0
/home/samsul/Documents/Polyp Detection/Polyp-Gen:/seq12/images/112.jpg,PolypGen,pgen_seq12,train,1,0
/home/samsul/Documents/Polyp Detection/Polyp-Gen:/seq12/images/236.jpg,PolypGen,pgen_seq12,train,1,0
/home/samsul/Documents/Polyp Detection/Polyp-Gen:/seq12/images/170.jpg,PolypGen,pgen_seq12,train,1,0
/home/samsul/Documents/Polyp Detection/Polyp-Gen:/seq12/images/169.jpg,PolypGen,pgen_seq12,train,1,0
/home/samsul/Documents/Polyp Detection/Polyp-Gen:/seq12/images/86.jpg,PolypGen,pgen_seq12,train,1,0
/home/samsul/Documents/Polyp Detection/Polyp-Gen:/seq12/images/177.jpg,PolypGen,pgen_seq12,train,1,0
/home/samsul/Documents/Polyp Detection/Polyp-Gen:/seq12/images/31.jpg,PolypGen,pgen_seq12,train,1,0
/home/samsul/Documents/Polyp Detection/Polyp-Gen:/seq12/images/8.jpg,PolypGen,pgen_seq12,train,1,0
/home/samsul/Documents/Polyp Detection/Polyp-Gen:/seq12/images/164.jpg,PolypGen,pgen_seq12,train,1,0
/home/samsul/Documents/Polyp Detection/Polyp-Gen:/seq12/images/98.jpg,PolypGen,pgen_seq12,train,1,0
/home/samsul/Documents/Polyp Detection/Polyp-Gen:/seq12/images/103.jpg,PolypGen,pgen_seq12,train,1,0
/home/samsul/Documents/Polyp Detection/Polyp-Gen:/seq12/images/41.jpg,PolypGen,pgen_seq12,train,1,0
/home/samsul/Documents/Polyp Detection/Polyp-Gen:/seq12/images/109.jpg,PolypGen,pgen_seq12,train,1,0
/home/samsul/Documents/Polyp Detection/Polyp-Gen:/seq12/images/83.jpg,PolypGen,pgen_seq12,train,1,0
/home/samsul/Documents/Polyp Detection/Polyp-Gen:/seq12/images/165.jpg,PolypGen,pgen_seq12,train,1,0
/home/samsul/Documents/Polyp Detection/Polyp-Gen:/seq12/images/173.jpg,PolypGen,pgen_seq12,train,1,0
/home/samsul/Documents/Polyp Detection/Polyp-Gen:/seq12/images/172.jpg,PolypGen,pgen_seq12,train,1,0
/home/samsul/Documents/Polyp Detection/Polyp-Gen:/seq12/images/79.jpg,PolypGen,pgen_seq12,train,1,0
/home/samsul/Documents/Polyp Detection/Polyp-Gen:/seq12/images/193.jpg,PolypGen,pgen_seq12,train,1,0
/home/samsul/Documents/Polyp Detection/Polyp-Gen:/seq12/images/188.jpg,PolypGen,pgen_seq12,train,1,0
/home/samsul/Documents/Polyp Detection/Polyp-Gen:/seq12/images/158.jpg,PolypGen,pgen_seq12,train,1,0
/home/samsul/Documents/Polyp Detection/Polyp-Gen:/seq12/images/50.jpg,PolypGen,pgen_seq12,train,1,0
/home/samsul/Documents/Polyp Detection/Polyp-Gen:/seq12/images/1.jpg,PolypGen,pgen_seq12,train,1,0
/home/samsul/Documents/Polyp Detection/Polyp-Gen:/seq12/images/186.jpg,PolypGen,pgen_seq12,train,1,0
/home/samsul/Documents/Polyp Detection/Polyp-Gen:/seq12/images/52.jpg,PolypGen,pgen_seq12,train,1,0
/home/samsul/Documents/Polyp Detection/Polyp-Gen:/seq12/images/95.jpg,PolypGen,pgen_seq12,train,1,0
/home/samsul/Documents/Polyp Detection/Polyp-Gen:/seq12/images/19.jpg,PolypGen,pgen_seq12,train,1,0
/home/samsul/Documents/Polyp Detection/Polyp-Gen:/seq12/images/171.jpg,PolypGen,pgen_seq12,train,1,0
/home/samsul/Documents/Polyp Detection/Polyp-Gen:/seq12/images/60.jpg,PolypGen,pgen_seq12,train,1,0
/home/samsul/Documents/Polyp Detection/Polyp-Gen:/seq12/images/124.jpg,PolypGen,pgen_seq12,train,1,0
/home/samsul/Documents/Polyp Detection/Polyp-Gen:/seq12/images/189.jpg,PolypGen,pgen_seq12,train,1,0
/home/samsul/Documents/Polyp Detection/Polyp-Gen:/seq12/images/69.jpg,PolypGen,pgen_seq12,train,1,0
/home/samsul/Documents/Polyp Detection/Polyp-Gen:/seq12/images/163.jpg,PolypGen,pgen_seq12,train,1,0
/home/samsul/Documents/Polyp Detection/Polyp-Gen:/seq12/images/225.jpg,PolypGen,pgen_seq12,train,1,0
/home/samsul/Documents/Polyp Detection/Polyp-Gen:/seq12/images/14.jpg,PolypGen,pgen_seq12,train,1,0
/home/samsul/Documents/Polyp Detection/Polyp-Gen:/seq12/images/91.jpg,PolypGen,pgen_seq12,train,1,0
/home/samsul/Documents/Polyp Detection/Polyp-Gen:/seq12/images/249.jpg,PolypGen,pgen_seq12,train,1,0
/home/samsul/Documents/Polyp Detection/Polyp-Gen:/seq12/images/70.jpg,PolypGen,pgen_seq12,train,1,0
/home/samsul/Documents/Polyp Detection/Polyp-Gen:/seq12/images/117.jpg,PolypGen,pgen_seq12,train,1,0
/home/samsul/Documents/Polyp Detection/Polyp-Gen:/seq12/images/23.jpg,PolypGen,pgen_seq12,train,1,0
/home/samsul/Documents/Polyp Detection/Polyp-Gen:/seq12/images/199.jpg,PolypGen,pgen_seq12,train,1,0
/home/samsul/Documents/Polyp Detection/Polyp-Gen:/seq12/images/205.jpg,PolypGen,pgen_seq12,train,1,0
/home/samsul/Documents/Polyp Detection/Polyp-Gen:/seq12/images/64.jpg,PolypGen,pgen_seq12,train,1,0
/home/samsul/Documents/Polyp Detection/Polyp-Gen:/seq12/images/28.jpg,PolypGen,pgen_seq12,train,1,0
/home/samsul/Documents/Polyp Detection/Polyp-Gen:/seq12/images/17.jpg,PolypGen,pgen_seq12,train,1,0
/home/samsul/Documents/Polyp Detection/Polyp-Gen:/seq12/images/36.jpg,PolypGen,pgen_seq12,train,1,0
/home/samsul/Documents/Polyp Detection/Polyp-Gen:/seq12/images/87.jpg,PolypGen,pgen_seq12,train,1,0
/home/samsul/Documents/Polyp Detection/Polyp-Gen:/seq12/images/4.jpg,PolypGen,pgen_seq12,train,1,0
/home/samsul/Documents/Polyp Detection/Polyp-Gen:/seq12/images/216.jpg,PolypGen,pgen_seq12,train,1,0
/home/samsul/Documents/Polyp Detection/Polyp-Gen:/seq12/images/5.jpg,PolypGen,pgen_seq12,train,1,0
/home/samsul/Documents/Polyp Detection/Polyp-Gen:/seq12/images/21.jpg,PolypGen,pgen_seq12,train,1,0
/home/samsul/Documents/Polyp Detection/Polyp-Gen:/seq12/images/208.jpg,PolypGen,pgen_seq12,train,1,0
/home/samsul/Documents/Polyp Detection/Polyp-Gen:/seq12/images/72.jpg,PolypGen,pgen_seq12,train,1,0
/home/samsul/Documents/Polyp Detection/Polyp-Gen:/seq12/images/0.jpg,PolypGen,pgen_seq12,train,1,0
/home/samsul/Documents/Polyp Detection/Polyp-Gen:/seq12/images/147.jpg,PolypGen,pgen_seq12,train,1,0
/home/samsul/Documents/Polyp Detection/Polyp-Gen:/seq12/images/194.jpg,PolypGen,pgen_seq12,train,1,0
/home/samsul/Documents/Polyp Detection/Polyp-Gen:/seq12/images/148.jpg,PolypGen,pgen_seq12,train,1,0
/home/samsul/Documents/Polyp Detection/Polyp-Gen:/seq12/images/113.jpg,PolypGen,pgen_seq12,train,1,0
/home/samsul/Documents/Polyp Detection/Polyp-Gen:/seq12/images/26.jpg,PolypGen,pgen_seq12,train,1,0
/home/samsul/Documents/Polyp Detection/Polyp-Gen:/seq12/images/12.jpg,PolypGen,pgen_seq12,train,1,0
/home/samsul/Documents/Polyp Detection/Polyp-Gen:/seq12/images/108.jpg,PolypGen,pgen_seq12,train,1,0
/home/samsul/Documents/Polyp Detection/Polyp-Gen:/seq12/images/221.jpg,PolypGen,pgen_seq12,train,1,0
/home/samsul/Documents/Polyp Detection/Polyp-Gen:/seq12/images/22.jpg,PolypGen,pgen_seq12,train,1,0
/home/samsul/Documents/Polyp Detection/Polyp-Gen:/seq12/images/129.jpg,PolypGen,pgen_seq12,train,1,0
/home/samsul/Documents/Polyp Detection/Polyp-Gen:/seq12/images/140.jpg,PolypGen,pgen_seq12,train,1,0
/home/samsul/Documents/Polyp Detection/Polyp-Gen:/seq12/images/100.jpg,PolypGen,pgen_seq12,train,1,0
/home/samsul/Documents/Polyp Detection/Polyp-Gen:/seq12/images/248.jpg,PolypGen,pgen_seq12,train,1,0
/home/samsul/Documents/Polyp Detection/Polyp-Gen:/seq12/images/32.jpg,PolypGen,pgen_seq12,train,1,0
/home/samsul/Documents/Polyp Detection/Polyp-Gen:/seq12/images/178.jpg,PolypGen,pgen_seq12,train,1,0
/home/samsul/Documents/Polyp Detection/Polyp-Gen:/seq12/images/9.jpg,PolypGen,pgen_seq12,train,1,0
/home/samsul/Documents/Polyp Detection/Polyp-Gen:/seq12/images/44.jpg,PolypGen,pgen_seq12,train,1,0
/home/samsul/Documents/Polyp Detection/Polyp-Gen:/seq12/images/106.jpg,PolypGen,pgen_seq12,train,1,0
/home/samsul/Documents/Polyp Detection/Polyp-Gen:/seq12/images/80.jpg,PolypGen,pgen_seq12,train,1,0
/home/samsul/Documents/Polyp Detection/Polyp-Gen:/seq12/images/35.jpg,PolypGen,pgen_seq12,train,1,0
/home/samsul/Documents/Polyp Detection/Polyp-Gen:/seq12/images/48.jpg,PolypGen,pgen_seq12,train,1,0
/home/samsul/Documents/Polyp Detection/Polyp-Gen:/seq12/images/229.jpg,PolypGen,pgen_seq12,train,1,0
/home/samsul/Documents/Polyp Detection/Polyp-Gen:/seq12/images/33.jpg,PolypGen,pgen_seq12,train,1,0
/home/samsul/Documents/Polyp Detection/Polyp-Gen:/seq12/images/141.jpg,PolypGen,pgen_seq12,train,1,0
/home/samsul/Documents/Polyp Detection/Polyp-Gen:/seq12/images/43.jpg,PolypGen,pgen_seq12,train,1,0
/home/samsul/Documents/Polyp Detection/Polyp-Gen:/seq12/images/90.jpg,PolypGen,pgen_seq12,train,1,0
/home/samsul/Documents/Polyp Detection/Polyp-Gen:/seq12/images/223.jpg,PolypGen,pgen_seq12,train,1,0
/home/samsul/Documents/Polyp Detection/Polyp-Gen:/seq12/images/55.jpg,PolypGen,pgen_seq12,train,1,0
/home/samsul/Documents/Polyp Detection/Polyp-Gen:/seq12/images/183.jpg,PolypGen,pgen_seq12,train,1,0
/home/samsul/Documents/Polyp Detection/Polyp-Gen:/seq12/images/245.jpg,PolypGen,pgen_seq12,train,1,0
/home/samsul/Documents/Polyp Detection/Polyp-Gen:/seq12/images/143.jpg,PolypGen,pgen_seq12,train,1,0
/home/samsul/Documents/Polyp Detection/Polyp-Gen:/seq12/images/226.jpg,PolypGen,pgen_seq12,train,1,0
/home/samsul/Documents/Polyp Detection/Polyp-Gen:/seq12/images/213.jpg,PolypGen,pgen_seq12,train,1,0
/home/samsul/Documents/Polyp Detection/Polyp-Gen:/seq12/images/175.jpg,PolypGen,pgen_seq12,train,1,0
/home/samsul/Documents/Polyp Detection/Polyp-Gen:/seq12/images/125.jpg,PolypGen,pgen_seq12,train,1,0
/home/samsul/Documents/Polyp Detection/Polyp-Gen:/seq12/images/227.jpg,PolypGen,pgen_seq12,train,1,0
/home/samsul/Documents/Polyp Detection/Polyp-Gen:/seq12/images/47.jpg,PolypGen,pgen_seq12,train,1,0
/home/samsul/Documents/Polyp Detection/Polyp-Gen:/seq12/images/206.jpg,PolypGen,pgen_seq12,train,1,0
/home/samsul/Documents/Polyp Detection/Polyp-Gen:/seq12/images/157.jpg,PolypGen,pgen_seq12,train,1,0
/home/samsul/Documents/Polyp Detection/Polyp-Gen:/seq12/images/133.jpg,PolypGen,pgen_seq12,train,1,0
/home/samsul/Documents/Polyp Detection/Polyp-Gen:/seq12/images/233.jpg,PolypGen,pgen_seq12,train,1,0
/home/samsul/Documents/Polyp Detection/Polyp-Gen:/seq12/images/184.jpg,PolypGen,pgen_seq12,train,1,0
/home/samsul/Documents/Polyp Detection/Polyp-Gen:/seq12/images/13.jpg,PolypGen,pgen_seq12,train,1,0
/home/samsul/Documents/Polyp Detection/Polyp-Gen:/seq12/images/144.jpg,PolypGen,pgen_seq12,train,1,0
/home/samsul/Documents/Polyp Detection/Polyp-Gen:/seq12/images/53.jpg,PolypGen,pgen_seq12,train,1,0
/home/samsul/Documents/Polyp Detection/Polyp-Gen:/seq12/images/196.jpg,PolypGen,pgen_seq12,train,1,0
/home/samsul/Documents/Polyp Detection/Polyp-Gen:/seq12/images/16.jpg,PolypGen,pgen_seq12,train,1,0
/home/samsul/Documents/Polyp Detection/Polyp-Gen:/seq12/images/195.jpg,PolypGen,pgen_seq12,train,1,0
/home/samsul/Documents/Polyp Detection/Polyp-Gen:/seq12/images/42.jpg,PolypGen,pgen_seq12,train,1,0
/home/samsul/Documents/Polyp Detection/Polyp-Gen:/seq12/images/218.jpg,PolypGen,pgen_seq12,train,1,0
/home/samsul/Documents/Polyp Detection/Polyp-Gen:/seq12/images/114.jpg,PolypGen,pgen_seq12,train,1,0
/home/samsul/Documents/Polyp Detection/Polyp-Gen:/seq12/images/222.jpg,PolypGen,pgen_seq12,train,1,0
/home/samsul/Documents/Polyp Detection/Polyp-Gen:/seq12/images/38.jpg,PolypGen,pgen_seq12,train,1,0
/home/samsul/Documents/Polyp Detection/Polyp-Gen:/seq12/images/237.jpg,PolypGen,pgen_seq12,train,1,0
/home/samsul/Documents/Polyp Detection/Polyp-Gen:/seq12/images/15.jpg,PolypGen,pgen_seq12,train,1,0
/home/samsul/Documents/Polyp Detection/Polyp-Gen:/seq12/images/25.jpg,PolypGen,pgen_seq12,train,1,0
/home/samsul/Documents/Polyp Detection/Polyp-Gen:/seq12/images/152.jpg,PolypGen,pgen_seq12,train,1,0
/home/samsul/Documents/Polyp Detection/Polyp-Gen:/seq12/images/146.jpg,PolypGen,pgen_seq12,train,1,0
/home/samsul/Documents/Polyp Detection/Polyp-Gen:/seq12/images/96.jpg,PolypGen,pgen_seq12,train,1,0
/home/samsul/Documents/Polyp Detection/Polyp-Gen:/seq12/images/84.jpg,PolypGen,pgen_seq12,train,1,0
/home/samsul/Documents/Polyp Detection/Polyp-Gen:/seq12/images/212.jpg,PolypGen,pgen_seq12,train,1,0
/home/samsul/Documents/Polyp Detection/Polyp-Gen:/seq12/images/107.jpg,PolypGen,pgen_seq12,train,1,0
/home/samsul/Documents/Polyp Detection/Polyp-Gen:/seq12/images/246.jpg,PolypGen,pgen_seq12,train,1,0
/home/samsul/Documents/Polyp Detection/Polyp-Gen:/seq12/images/217.jpg,PolypGen,pgen_seq12,train,1,0
/home/samsul/Documents/Polyp Detection/Polyp-Gen:/seq12/images/134.jpg,PolypGen,pgen_seq12,train,1,0
/home/samsul/Documents/Polyp Detection/Polyp-Gen:/seq12/images/215.jpg,PolypGen,pgen_seq12,train,1,0
/home/samsul/Documents/Polyp Detection/Polyp-Gen:/seq12/images/97.jpg,PolypGen,pgen_seq12,train,1,0
/home/samsul/Documents/Polyp Detection/Polyp-Gen:/seq12/images/135.jpg,PolypGen,pgen_seq12,train,1,0
/home/samsul/Documents/Polyp Detection/Polyp-Gen:/seq12/images/102.jpg,PolypGen,pgen_seq12,train,1,1
/home/samsul/Documents/Polyp Detection/Polyp-Gen:/seq12/images/219.jpg,PolypGen,pgen_seq12,train,1,0
/home/samsul/Documents/Polyp Detection/Polyp-Gen:/seq12/images/168.jpg,PolypGen,pgen_seq12,train,1,0
/home/samsul/Documents/Polyp Detection/Polyp-Gen:/seq12/images/63.jpg,PolypGen,pgen_seq12,train,1,0
/home/samsul/Documents/Polyp Detection/Polyp-Gen:/seq12/images/228.jpg,PolypGen,pgen_seq12,train,1,0
/home/samsul/Documents/Polyp Detection/Polyp-Gen:/seq12/images/242.jpg,PolypGen,pgen_seq12,train,1,0
/home/samsul/Documents/Polyp Detection/Polyp-Gen:/seq12/images/56.jpg,PolypGen,pgen_seq12,train,1,0
/home/samsul/Documents/Polyp Detection/Polyp-Gen:/seq12/images/119.jpg,PolypGen,pgen_seq12,train,1,0
/home/samsul/Documents/Polyp Detection/Polyp-Gen:/seq12/images/201.jpg,PolypGen,pgen_seq12,train,1,0
/home/samsul/Documents/Polyp Detection/Polyp-Gen:/seq12/images/20.jpg,PolypGen,pgen_seq12,train,1,0
/home/samsul/Documents/Polyp Detection/Polyp-Gen:/seq12/images/46.jpg,PolypGen,pgen_seq12,train,1,0
/home/samsul/Documents/Polyp Detection/Polyp-Gen:/seq12/images/210.jpg,PolypGen,pgen_seq12,train,1,0
/home/samsul/Documents/Polyp Detection/Polyp-Gen:/seq12/images/122.jpg,PolypGen,pgen_seq12,train,1,0
/home/samsul/Documents/Polyp Detection/Polyp-Gen:/seq12/images/153.jpg,PolypGen,pgen_seq12,train,1,0
/home/samsul/Documents/Polyp Detection/Polyp-Gen:/seq12/images/127.jpg,PolypGen,pgen_seq12,train,1,0
/home/samsul/Documents/Polyp Detection/Polyp-Gen:/seq12/images/142.jpg,PolypGen,pgen_seq12,train,1,0
/home/samsul/Documents/Polyp Detection/Polyp-Gen:/seq12/images/202.jpg,PolypGen,pgen_seq12,train,1,0
/home/samsul/Documents/Polyp Detection/Polyp-Gen:/seq12/images/74.jpg,PolypGen,pgen_seq12,train,1,0
/home/samsul/Documents/Polyp Detection/Polyp-Gen:/seq12/images/136.jpg,PolypGen,pgen_seq12,train,1,0
/home/samsul/Documents/Polyp Detection/Polyp-Gen:/seq12/images/92.jpg,PolypGen,pgen_seq12,train,1,0
/home/samsul/Documents/Polyp Detection/Polyp-Gen:/seq12/images/185.jpg,PolypGen,pgen_seq12,train,1,0
/home/samsul/Documents/Polyp Detection/Polyp-Gen:/seq12/images/155.jpg,PolypGen,pgen_seq12,train,1,0
/home/samsul/Documents/Polyp Detection/Polyp-Gen:/seq12/images/7.jpg,PolypGen,pgen_seq12,train,1,0
/home/samsul/Documents/Polyp Detection/Polyp-Gen:/seq12/images/45.jpg,PolypGen,pgen_seq12,train,1,0
/home/samsul/Documents/Polyp Detection/Polyp-Gen:/seq12/images/128.jpg,PolypGen,pgen_seq12,train,1,0
/home/samsul/Documents/Polyp Detection/Polyp-Gen:/seq12/images/180.jpg,PolypGen,pgen_seq12,train,1,0
/home/samsul/Documents/Polyp Detection/Polyp-Gen:/seq12/images/73.jpg,PolypGen,pgen_seq12,train,1,0
/home/samsul/Documents/Polyp Detection/Polyp-Gen:/seq12/images/94.jpg,PolypGen,pgen_seq12,train,1,0
/home/samsul/Documents/Polyp Detection/Polyp-Gen:/seq12/images/132.jpg,PolypGen,pgen_seq12,train,1,0
/home/samsul/Documents/Polyp Detection/Polyp-Gen:/seq12/images/207.jpg,PolypGen,pgen_seq12,train,1,0
/home/samsul/Documents/Polyp Detection/Polyp-Gen:/seq12/images/151.jpg,PolypGen,pgen_seq12,train,1,0
/home/samsul/Documents/Polyp Detection/Polyp-Gen:/seq12/images/88.jpg,PolypGen,pgen_seq12,train,1,0
/home/samsul/Documents/Polyp Detection/Polyp-Gen:/seq12/images/65.jpg,PolypGen,pgen_seq12,train,1,0
/home/samsul/Documents/Polyp Detection/Polyp-Gen:/seq12/images/176.jpg,PolypGen,pgen_seq12,train,1,0
/home/samsul/Documents/Polyp Detection/Polyp-Gen:/seq12/images/161.jpg,PolypGen,pgen_seq12,train,1,0
/home/samsul/Documents/Polyp Detection/Polyp-Gen:/seq12/images/139.jpg,PolypGen,pgen_seq12,train,1,0
/home/samsul/Documents/Polyp Detection/Polyp-Gen:/seq12/images/77.jpg,PolypGen,pgen_seq12,train,1,0
/home/samsul/Documents/Polyp Detection/Polyp-Gen:/seq12/images/61.jpg,PolypGen,pgen_seq12,train,1,0
/home/samsul/Documents/Polyp Detection/Polyp-Gen:/seq12/images/149.jpg,PolypGen,pgen_seq12,train,1,0
/home/samsul/Documents/Polyp Detection/Polyp-Gen:/seq12/images/240.jpg,PolypGen,pgen_seq12,train,1,0
/home/samsul/Documents/Polyp Detection/Polyp-Gen:/seq12/images/224.jpg,PolypGen,pgen_seq12,train,1,0
/home/samsul/Documents/Polyp Detection/Polyp-Gen:/seq12/images/239.jpg,PolypGen,pgen_seq12,train,1,0
/home/samsul/Documents/Polyp Detection/Polyp-Gen:/seq12/images/130.jpg,PolypGen,pgen_seq12,train,1,0
/home/samsul/Documents/Polyp Detection/Polyp-Gen:/seq12/images/24.jpg,PolypGen,pgen_seq12,train,1,0
/home/samsul/Documents/Polyp Detection/Polyp-Gen:/seq12/images/203.jpg,PolypGen,pgen_seq12,train,1,0
/home/samsul/Documents/Polyp Detection/Polyp-Gen:/seq12/images/160.jpg,PolypGen,pgen_seq12,train,1,0
/home/samsul/Documents/Polyp Detection/Polyp-Gen:/seq12/images/243.jpg,PolypGen,pgen_seq12,train,1,0
/home/samsul/Documents/Polyp Detection/Polyp-Gen:/seq12/images/30.jpg,PolypGen,pgen_seq12,train,1,0
/home/samsul/Documents/Polyp Detection/Polyp-Gen:/seq12/images/187.jpg,PolypGen,pgen_seq12,train,1,0
/home/samsul/Documents/Polyp Detection/Polyp-Gen:/seq12/images/231.jpg,PolypGen,pgen_seq12,train,1,0
/home/samsul/Documents/Polyp Detection/Polyp-Gen:/seq12/images/181.jpg,PolypGen,pgen_seq12,train,1,0
/home/samsul/Documents/Polyp Detection/Polyp-Gen:/seq12/images/138.jpg,PolypGen,pgen_seq12,train,1,0
/home/samsul/Documents/Polyp Detection/Polyp-Gen:/seq12/images/2.jpg,PolypGen,pgen_seq12,train,1,0
/home/samsul/Documents/Polyp Detection/Polyp-Gen:/seq12/images/59.jpg,PolypGen,pgen_seq12,train,1,0
/home/samsul/Documents/Polyp Detection/Polyp-Gen:/seq12/images/214.jpg,PolypGen,pgen_seq12,train,1,0
/home/samsul/Documents/Polyp Detection/Polyp-Gen:/seq12/images/230.jpg,PolypGen,pgen_seq12,train,1,0
/home/samsul/Documents/Polyp Detection/Polyp-Gen:/seq12/images/137.jpg,PolypGen,pgen_seq12,train,1,1
/home/samsul/Documents/Polyp Detection/Polyp-Gen:/seq13/images/75.jpg,PolypGen,pgen_seq13,val,1,1
/home/samsul/Documents/Polyp Detection/Polyp-Gen:/seq13/images/211.jpg,PolypGen,pgen_seq13,val,1,0
/home/samsul/Documents/Polyp Detection/Polyp-Gen:/seq13/images/174.jpg,PolypGen,pgen_seq13,val,0,0
/home/samsul/Documents/Polyp Detection/Polyp-Gen:/seq13/images/71.jpg,PolypGen,pgen_seq13,val,1,1
/home/samsul/Documents/Polyp Detection/Polyp-Gen:/seq13/images/198.jpg,PolypGen,pgen_seq13,val,1,0
/home/samsul/Documents/Polyp Detection/Polyp-Gen:/seq13/images/234.jpg,PolypGen,pgen_seq13,val,1,0
/home/samsul/Documents/Polyp Detection/Polyp-Gen:/seq13/images/241.jpg,PolypGen,pgen_seq13,val,1,0
/home/samsul/Documents/Polyp Detection/Polyp-Gen:/seq13/images/150.jpg,PolypGen,pgen_seq13,val,1,0
/home/samsul/Documents/Polyp Detection/Polyp-Gen:/seq13/images/204.jpg,PolypGen,pgen_seq13,val,1,0
/home/samsul/Documents/Polyp Detection/Polyp-Gen:/seq13/images/116.jpg,PolypGen,pgen_seq13,val,1,0
/home/samsul/Documents/Polyp Detection/Polyp-Gen:/seq13/images/166.jpg,PolypGen,pgen_seq13,val,1,0
/home/samsul/Documents/Polyp Detection/Polyp-Gen:/seq13/images/232.jpg,PolypGen,pgen_seq13,val,1,0
/home/samsul/Documents/Polyp Detection/Polyp-Gen:/seq13/images/93.jpg,PolypGen,pgen_seq13,val,1,0
/home/samsul/Documents/Polyp Detection/Polyp-Gen:/seq13/images/76.jpg,PolypGen,pgen_seq13,val,0,0
/home/samsul/Documents/Polyp Detection/Polyp-Gen:/seq13/images/200.jpg,PolypGen,pgen_seq13,val,1,0
/home/samsul/Documents/Polyp Detection/Polyp-Gen:/seq13/images/18.jpg,PolypGen,pgen_seq13,val,1,0
/home/samsul/Documents/Polyp Detection/Polyp-Gen:/seq13/images/192.jpg,PolypGen,pgen_seq13,val,1,0
/home/samsul/Documents/Polyp Detection/Polyp-Gen:/seq13/images/111.jpg,PolypGen,pgen_seq13,val,1,0
/home/samsul/Documents/Polyp Detection/Polyp-Gen:/seq13/images/3.jpg,PolypGen,pgen_seq13,val,1,2
/home/samsul/Documents/Polyp Detection/Polyp-Gen:/seq13/images/49.jpg,PolypGen,pgen_seq13,val,1,0
/home/samsul/Documents/Polyp Detection/Polyp-Gen:/seq13/images/40.jpg,PolypGen,pgen_seq13,val,0,0
/home/samsul/Documents/Polyp Detection/Polyp-Gen:/seq13/images/68.jpg,PolypGen,pgen_seq13,val,1,0
/home/samsul/Documents/Polyp Detection/Polyp-Gen:/seq13/images/197.jpg,PolypGen,pgen_seq13,val,1,0
/home/samsul/Documents/Polyp Detection/Polyp-Gen:/seq13/images/235.jpg,PolypGen,pgen_seq13,val,1,0
/home/samsul/Documents/Polyp Detection/Polyp-Gen:/seq13/images/57.jpg,PolypGen,pgen_seq13,val,1,0
/home/samsul/Documents/Polyp Detection/Polyp-Gen:/seq13/images/123.jpg,PolypGen,pgen_seq13,val,1,0
/home/samsul/Documents/Polyp Detection/Polyp-Gen:/seq13/images/220.jpg,PolypGen,pgen_seq13,val,1,0
/home/samsul/Documents/Polyp Detection/Polyp-Gen:/seq13/images/167.jpg,PolypGen,pgen_seq13,val,1,0
/home/samsul/Documents/Polyp Detection/Polyp-Gen:/seq13/images/81.jpg,PolypGen,pgen_seq13,val,0,0
/home/samsul/Documents/Polyp Detection/Polyp-Gen:/seq13/images/101.jpg,PolypGen,pgen_seq13,val,1,0
/home/samsul/Documents/Polyp Detection/Polyp-Gen:/seq13/images/159.jpg,PolypGen,pgen_seq13,val,1,0
/home/samsul/Documents/Polyp Detection/Polyp-Gen:/seq13/images/104.jpg,PolypGen,pgen_seq13,val,1,0
/home/samsul/Documents/Polyp Detection/Polyp-Gen:/seq13/images/247.jpg,PolypGen,pgen_seq13,val,1,0
/home/samsul/Documents/Polyp Detection/Polyp-Gen:/seq13/images/11.jpg,PolypGen,pgen_seq13,val,1,0
/home/samsul/Documents/Polyp Detection/Polyp-Gen:/seq13/images/29.jpg,PolypGen,pgen_seq13,val,0,0
/home/samsul/Documents/Polyp Detection/Polyp-Gen:/seq13/images/156.jpg,PolypGen,pgen_seq13,val,1,0
/home/samsul/Documents/Polyp Detection/Polyp-Gen:/seq13/images/85.jpg,PolypGen,pgen_seq13,val,0,0
/home/samsul/Documents/Polyp Detection/Polyp-Gen:/seq13/images/145.jpg,PolypGen,pgen_seq13,val,1,0
/home/samsul/Documents/Polyp Detection/Polyp-Gen:/seq13/images/54.jpg,PolypGen,pgen_seq13,val,1,0
/home/samsul/Documents/Polyp Detection/Polyp-Gen:/seq13/images/51.jpg,PolypGen,pgen_seq13,val,1,0
/home/samsul/Documents/Polyp Detection/Polyp-Gen:/seq13/images/209.jpg,PolypGen,pgen_seq13,val,1,0
/home/samsul/Documents/Polyp Detection/Polyp-Gen:/seq13/images/6.jpg,PolypGen,pgen_seq13,val,0,0
/home/samsul/Documents/Polyp Detection/Polyp-Gen:/seq13/images/58.jpg,PolypGen,pgen_seq13,val,1,1
/home/samsul/Documents/Polyp Detection/Polyp-Gen:/seq13/images/121.jpg,PolypGen,pgen_seq13,val,1,0
/home/samsul/Documents/Polyp Detection/Polyp-Gen:/seq13/images/238.jpg,PolypGen,pgen_seq13,val,1,0
/home/samsul/Documents/Polyp Detection/Polyp-Gen:/seq13/images/66.jpg,PolypGen,pgen_seq13,val,0,0
/home/samsul/Documents/Polyp Detection/Polyp-Gen:/seq13/images/10.jpg,PolypGen,pgen_seq13,val,1,2
/home/samsul/Documents/Polyp Detection/Polyp-Gen:/seq13/images/118.jpg,PolypGen,pgen_seq13,val,1,0
/home/samsul/Documents/Polyp Detection/Polyp-Gen:/seq13/images/34.jpg,PolypGen,pgen_seq13,val,0,0
/home/samsul/Documents/Polyp Detection/Polyp-Gen:/seq13/images/37.jpg,PolypGen,pgen_seq13,val,0,0
/home/samsul/Documents/Polyp Detection/Polyp-Gen:/seq13/images/110.jpg,PolypGen,pgen_seq13,val,1,0
/home/samsul/Documents/Polyp Detection/Polyp-Gen:/seq13/images/115.jpg,PolypGen,pgen_seq13,val,1,0
/home/samsul/Documents/Polyp Detection/Polyp-Gen:/seq13/images/67.jpg,PolypGen,pgen_seq13,val,1,0
/home/samsul/Documents/Polyp Detection/Polyp-Gen:/seq13/images/27.jpg,PolypGen,pgen_seq13,val,0,0
/home/samsul/Documents/Polyp Detection/Polyp-Gen:/seq13/images/182.jpg,PolypGen,pgen_seq13,val,1,0
/home/samsul/Documents/Polyp Detection/Polyp-Gen:/seq13/images/126.jpg,PolypGen,pgen_seq13,val,1,0
/home/samsul/Documents/Polyp Detection/Polyp-Gen:/seq13/images/82.jpg,PolypGen,pgen_seq13,val,0,0
/home/samsul/Documents/Polyp Detection/Polyp-Gen:/seq13/images/78.jpg,PolypGen,pgen_seq13,val,0,0
/home/samsul/Documents/Polyp Detection/Polyp-Gen:/seq13/images/162.jpg,PolypGen,pgen_seq13,val,1,0
/home/samsul/Documents/Polyp Detection/Polyp-Gen:/seq13/images/62.jpg,PolypGen,pgen_seq13,val,1,1
/home/samsul/Documents/Polyp Detection/Polyp-Gen:/seq13/images/39.jpg,PolypGen,pgen_seq13,val,0,0
/home/samsul/Documents/Polyp Detection/Polyp-Gen:/seq13/images/244.jpg,PolypGen,pgen_seq13,val,1,0
/home/samsul/Documents/Polyp Detection/Polyp-Gen:/seq13/images/120.jpg,PolypGen,pgen_seq13,val,1,0
/home/samsul/Documents/Polyp Detection/Polyp-Gen:/seq13/images/179.jpg,PolypGen,pgen_seq13,val,1,0
/home/samsul/Documents/Polyp Detection/Polyp-Gen:/seq13/images/154.jpg,PolypGen,pgen_seq13,val,1,0
/home/samsul/Documents/Polyp Detection/Polyp-Gen:/seq13/images/89.jpg,PolypGen,pgen_seq13,val,0,0
/home/samsul/Documents/Polyp Detection/Polyp-Gen:/seq13/images/99.jpg,PolypGen,pgen_seq13,val,1,0
/home/samsul/Documents/Polyp Detection/Polyp-Gen:/seq13/images/131.jpg,PolypGen,pgen_seq13,val,1,0
/home/samsul/Documents/Polyp Detection/Polyp-Gen:/seq13/images/190.jpg,PolypGen,pgen_seq13,val,1,0
/home/samsul/Documents/Polyp Detection/Polyp-Gen:/seq13/images/105.jpg,PolypGen,pgen_seq13,val,1,0
/home/samsul/Documents/Polyp Detection/Polyp-Gen:/seq13/images/191.jpg,PolypGen,pgen_seq13,val,1,0
/home/samsul/Documents/Polyp Detection/Polyp-Gen:/seq13/images/112.jpg,PolypGen,pgen_seq13,val,1,0
/home/samsul/Documents/Polyp Detection/Polyp-Gen:/seq13/images/236.jpg,PolypGen,pgen_seq13,val,1,0
/home/samsul/Documents/Polyp Detection/Polyp-Gen:/seq13/images/170.jpg,PolypGen,pgen_seq13,val,0,0
/home/samsul/Documents/Polyp Detection/Polyp-Gen:/seq13/images/169.jpg,PolypGen,pgen_seq13,val,1,0
/home/samsul/Documents/Polyp Detection/Polyp-Gen:/seq13/images/86.jpg,PolypGen,pgen_seq13,val,0,0
/home/samsul/Documents/Polyp Detection/Polyp-Gen:/seq13/images/177.jpg,PolypGen,pgen_seq13,val,1,0
/home/samsul/Documents/Polyp Detection/Polyp-Gen:/seq13/images/31.jpg,PolypGen,pgen_seq13,val,0,0
/home/samsul/Documents/Polyp Detection/Polyp-Gen:/seq13/images/8.jpg,PolypGen,pgen_seq13,val,0,0
/home/samsul/Documents/Polyp Detection/Polyp-Gen:/seq13/images/164.jpg,PolypGen,pgen_seq13,val,1,0
/home/samsul/Documents/Polyp Detection/Polyp-Gen:/seq13/images/98.jpg,PolypGen,pgen_seq13,val,0,0
/home/samsul/Documents/Polyp Detection/Polyp-Gen:/seq13/images/103.jpg,PolypGen,pgen_seq13,val,1,0
/home/samsul/Documents/Polyp Detection/Polyp-Gen:/seq13/images/41.jpg,PolypGen,pgen_seq13,val,0,0
/home/samsul/Documents/Polyp Detection/Polyp-Gen:/seq13/images/109.jpg,PolypGen,pgen_seq13,val,1,0
/home/samsul/Documents/Polyp Detection/Polyp-Gen:/seq13/images/83.jpg,PolypGen,pgen_seq13,val,0,0
/home/samsul/Documents/Polyp Detection/Polyp-Gen:/seq13/images/165.jpg,PolypGen,pgen_seq13,val,1,0
/home/samsul/Documents/Polyp Detection/Polyp-Gen:/seq13/images/173.jpg,PolypGen,pgen_seq13,val,0,0
/home/samsul/Documents/Polyp Detection/Polyp-Gen:/seq13/images/172.jpg,PolypGen,pgen_seq13,val,1,0
/home/samsul/Documents/Polyp Detection/Polyp-Gen:/seq13/images/79.jpg,PolypGen,pgen_seq13,val,0,0
/home/samsul/Documents/Polyp Detection/Polyp-Gen:/seq13/images/193.jpg,PolypGen,pgen_seq13,val,1,0
/home/samsul/Documents/Polyp Detection/Polyp-Gen:/seq13/images/188.jpg,PolypGen,pgen_seq13,val,1,0
/home/samsul/Documents/Polyp Detection/Polyp-Gen:/seq13/images/158.jpg,PolypGen,pgen_seq13,val,1,0
/home/samsul/Documents/Polyp Detection/Polyp-Gen:/seq13/images/50.jpg,PolypGen,pgen_seq13,val,1,0
/home/samsul/Documents/Polyp Detection/Polyp-Gen:/seq13/images/1.jpg,PolypGen,pgen_seq13,val,1,2
/home/samsul/Documents/Polyp Detection/Polyp-Gen:/seq13/images/186.jpg,PolypGen,pgen_seq13,val,1,0
/home/samsul/Documents/Polyp Detection/Polyp-Gen:/seq13/images/52.jpg,PolypGen,pgen_seq13,val,1,0
/home/samsul/Documents/Polyp Detection/Polyp-Gen:/seq13/images/95.jpg,PolypGen,pgen_seq13,val,1,0
/home/samsul/Documents/Polyp Detection/Polyp-Gen:/seq13/images/19.jpg,PolypGen,pgen_seq13,val,1,1
/home/samsul/Documents/Polyp Detection/Polyp-Gen:/seq13/images/171.jpg,PolypGen,pgen_seq13,val,0,0
/home/samsul/Documents/Polyp Detection/Polyp-Gen:/seq13/images/60.jpg,PolypGen,pgen_seq13,val,1,0
/home/samsul/Documents/Polyp Detection/Polyp-Gen:/seq13/images/124.jpg,PolypGen,pgen_seq13,val,1,0
/home/samsul/Documents/Polyp Detection/Polyp-Gen:/seq13/images/189.jpg,PolypGen,pgen_seq13,val,1,0
/home/samsul/Documents/Polyp Detection/Polyp-Gen:/seq13/images/69.jpg,PolypGen,pgen_seq13,val,1,1
/home/samsul/Documents/Polyp Detection/Polyp-Gen:/seq13/images/163.jpg,PolypGen,pgen_seq13,val,1,0
/home/samsul/Documents/Polyp Detection/Polyp-Gen:/seq13/images/225.jpg,PolypGen,pgen_seq13,val,1,0
/home/samsul/Documents/Polyp Detection/Polyp-Gen:/seq13/images/14.jpg,PolypGen,pgen_seq13,val,1,0
/home/samsul/Documents/Polyp Detection/Polyp-Gen:/seq13/images/91.jpg,PolypGen,pgen_seq13,val,1,0
/home/samsul/Documents/Polyp Detection/Polyp-Gen:/seq13/images/249.jpg,PolypGen,pgen_seq13,val,1,0
/home/samsul/Documents/Polyp Detection/Polyp-Gen:/seq13/images/70.jpg,PolypGen,pgen_seq13,val,1,1
/home/samsul/Documents/Polyp Detection/Polyp-Gen:/seq13/images/117.jpg,PolypGen,pgen_seq13,val,1,0
/home/samsul/Documents/Polyp Detection/Polyp-Gen:/seq13/images/23.jpg,PolypGen,pgen_seq13,val,1,0
/home/samsul/Documents/Polyp Detection/Polyp-Gen:/seq13/images/199.jpg,PolypGen,pgen_seq13,val,1,0
/home/samsul/Documents/Polyp Detection/Polyp-Gen:/seq13/images/205.jpg,PolypGen,pgen_seq13,val,1,0
/home/samsul/Documents/Polyp Detection/Polyp-Gen:/seq13/images/64.jpg,PolypGen,pgen_seq13,val,1,0
/home/samsul/Documents/Polyp Detection/Polyp-Gen:/seq13/images/28.jpg,PolypGen,pgen_seq13,val,0,0
/home/samsul/Documents/Polyp Detection/Polyp-Gen:/seq13/images/17.jpg,PolypGen,pgen_seq13,val,0,0
/home/samsul/Documents/Polyp Detection/Polyp-Gen:/seq13/images/36.jpg,PolypGen,pgen_seq13,val,0,0
/home/samsul/Documents/Polyp Detection/Polyp-Gen:/seq13/images/87.jpg,PolypGen,pgen_seq13,val,0,0
/home/samsul/Documents/Polyp Detection/Polyp-Gen:/seq13/images/4.jpg,PolypGen,pgen_seq13,val,0,0
/home/samsul/Documents/Polyp Detection/Polyp-Gen:/seq13/images/216.jpg,PolypGen,pgen_seq13,val,1,0
/home/samsul/Documents/Polyp Detection/Polyp-Gen:/seq13/images/5.jpg,PolypGen,pgen_seq13,val,0,0
/home/samsul/Documents/Polyp Detection/Polyp-Gen:/seq13/images/21.jpg,PolypGen,pgen_seq13,val,1,0
/home/samsul/Documents/Polyp Detection/Polyp-Gen:/seq13/images/208.jpg,PolypGen,pgen_seq13,val,1,0
/home/samsul/Documents/Polyp Detection/Polyp-Gen:/seq13/images/72.jpg,PolypGen,pgen_seq13,val,1,0
/home/samsul/Documents/Polyp Detection/Polyp-Gen:/seq13/images/0.jpg,PolypGen,pgen_seq13,val,0,0
/home/samsul/Documents/Polyp Detection/Polyp-Gen:/seq13/images/147.jpg,PolypGen,pgen_seq13,val,1,0
/home/samsul/Documents/Polyp Detection/Polyp-Gen:/seq13/images/194.jpg,PolypGen,pgen_seq13,val,0,0
/home/samsul/Documents/Polyp Detection/Polyp-Gen:/seq13/images/148.jpg,PolypGen,pgen_seq13,val,1,0
/home/samsul/Documents/Polyp Detection/Polyp-Gen:/seq13/images/113.jpg,PolypGen,pgen_seq13,val,1,0
/home/samsul/Documents/Polyp Detection/Polyp-Gen:/seq13/images/26.jpg,PolypGen,pgen_seq13,val,0,0
/home/samsul/Documents/Polyp Detection/Polyp-Gen:/seq13/images/12.jpg,PolypGen,pgen_seq13,val,1,0
/home/samsul/Documents/Polyp Detection/Polyp-Gen:/seq13/images/108.jpg,PolypGen,pgen_seq13,val,1,0
/home/samsul/Documents/Polyp Detection/Polyp-Gen:/seq13/images/221.jpg,PolypGen,pgen_seq13,val,1,0
/home/samsul/Documents/Polyp Detection/Polyp-Gen:/seq13/images/22.jpg,PolypGen,pgen_seq13,val,1,0
/home/samsul/Documents/Polyp Detection/Polyp-Gen:/seq13/images/129.jpg,PolypGen,pgen_seq13,val,1,0
/home/samsul/Documents/Polyp Detection/Polyp-Gen:/seq13/images/140.jpg,PolypGen,pgen_seq13,val,1,0
/home/samsul/Documents/Polyp Detection/Polyp-Gen:/seq13/images/100.jpg,PolypGen,pgen_seq13,val,1,0
/home/samsul/Documents/Polyp Detection/Polyp-Gen:/seq13/images/248.jpg,PolypGen,pgen_seq13,val,1,0
/home/samsul/Documents/Polyp Detection/Polyp-Gen:/seq13/images/32.jpg,PolypGen,pgen_seq13,val,0,0
/home/samsul/Documents/Polyp Detection/Polyp-Gen:/seq13/images/178.jpg,PolypGen,pgen_seq13,val,1,0
/home/samsul/Documents/Polyp Detection/Polyp-Gen:/seq13/images/9.jpg,PolypGen,pgen_seq13,val,1,0
/home/samsul/Documents/Polyp Detection/Polyp-Gen:/seq13/images/44.jpg,PolypGen,pgen_seq13,val,0,0
/home/samsul/Documents/Polyp Detection/Polyp-Gen:/seq13/images/106.jpg,PolypGen,pgen_seq13,val,1,0
/home/samsul/Documents/Polyp Detection/Polyp-Gen:/seq13/images/80.jpg,PolypGen,pgen_seq13,val,0,0
/home/samsul/Documents/Polyp Detection/Polyp-Gen:/seq13/images/35.jpg,PolypGen,pgen_seq13,val,0,0
/home/samsul/Documents/Polyp Detection/Polyp-Gen:/seq13/images/48.jpg,PolypGen,pgen_seq13,val,1,0
/home/samsul/Documents/Polyp Detection/Polyp-Gen:/seq13/images/229.jpg,PolypGen,pgen_seq13,val,1,0
/home/samsul/Documents/Polyp Detection/Polyp-Gen:/seq13/images/33.jpg,PolypGen,pgen_seq13,val,0,0
/home/samsul/Documents/Polyp Detection/Polyp-Gen:/seq13/images/141.jpg,PolypGen,pgen_seq13,val,1,0
/home/samsul/Documents/Polyp Detection/Polyp-Gen:/seq13/images/43.jpg,PolypGen,pgen_seq13,val,0,0
/home/samsul/Documents/Polyp Detection/Polyp-Gen:/seq13/images/90.jpg,PolypGen,pgen_seq13,val,1,0
/home/samsul/Documents/Polyp Detection/Polyp-Gen:/seq13/images/223.jpg,PolypGen,pgen_seq13,val,1,0
/home/samsul/Documents/Polyp Detection/Polyp-Gen:/seq13/images/55.jpg,PolypGen,pgen_seq13,val,1,0
/home/samsul/Documents/Polyp Detection/Polyp-Gen:/seq13/images/183.jpg,PolypGen,pgen_seq13,val,0,0
/home/samsul/Documents/Polyp Detection/Polyp-Gen:/seq13/images/245.jpg,PolypGen,pgen_seq13,val,1,0
/home/samsul/Documents/Polyp Detection/Polyp-Gen:/seq13/images/143.jpg,PolypGen,pgen_seq13,val,1,0
/home/samsul/Documents/Polyp Detection/Polyp-Gen:/seq13/images/226.jpg,PolypGen,pgen_seq13,val,1,0
/home/samsul/Documents/Polyp Detection/Polyp-Gen:/seq13/images/213.jpg,PolypGen,pgen_seq13,val,1,0
/home/samsul/Documents/Polyp Detection/Polyp-Gen:/seq13/images/175.jpg,PolypGen,pgen_seq13,val,0,0
/home/samsul/Documents/Polyp Detection/Polyp-Gen:/seq13/images/125.jpg,PolypGen,pgen_seq13,val,1,0
/home/samsul/Documents/Polyp Detection/Polyp-Gen:/seq13/images/227.jpg,PolypGen,pgen_seq13,val,1,0
/home/samsul/Documents/Polyp Detection/Polyp-Gen:/seq13/images/47.jpg,PolypGen,pgen_seq13,val,1,0
/home/samsul/Documents/Polyp Detection/Polyp-Gen:/seq13/images/206.jpg,PolypGen,pgen_seq13,val,1,0
/home/samsul/Documents/Polyp Detection/Polyp-Gen:/seq13/images/157.jpg,PolypGen,pgen_seq13,val,1,0
/home/samsul/Documents/Polyp Detection/Polyp-Gen:/seq13/images/133.jpg,PolypGen,pgen_seq13,val,1,0
/home/samsul/Documents/Polyp Detection/Polyp-Gen:/seq13/images/233.jpg,PolypGen,pgen_seq13,val,1,0
/home/samsul/Documents/Polyp Detection/Polyp-Gen:/seq13/images/184.jpg,PolypGen,pgen_seq13,val,1,0
/home/samsul/Documents/Polyp Detection/Polyp-Gen:/seq13/images/13.jpg,PolypGen,pgen_seq13,val,1,2
/home/samsul/Documents/Polyp Detection/Polyp-Gen:/seq13/images/144.jpg,PolypGen,pgen_seq13,val,1,0
/home/samsul/Documents/Polyp Detection/Polyp-Gen:/seq13/images/53.jpg,PolypGen,pgen_seq13,val,1,0
/home/samsul/Documents/Polyp Detection/Polyp-Gen:/seq13/images/196.jpg,PolypGen,pgen_seq13,val,1,0
/home/samsul/Documents/Polyp Detection/Polyp-Gen:/seq13/images/16.jpg,PolypGen,pgen_seq13,val,1,1
/home/samsul/Documents/Polyp Detection/Polyp-Gen:/seq13/images/195.jpg,PolypGen,pgen_seq13,val,1,3
/home/samsul/Documents/Polyp Detection/Polyp-Gen:/seq13/images/42.jpg,PolypGen,pgen_seq13,val,0,0
/home/samsul/Documents/Polyp Detection/Polyp-Gen:/seq13/images/218.jpg,PolypGen,pgen_seq13,val,1,0
/home/samsul/Documents/Polyp Detection/Polyp-Gen:/seq13/images/114.jpg,PolypGen,pgen_seq13,val,1,0
/home/samsul/Documents/Polyp Detection/Polyp-Gen:/seq13/images/222.jpg,PolypGen,pgen_seq13,val,1,0
/home/samsul/Documents/Polyp Detection/Polyp-Gen:/seq13/images/38.jpg,PolypGen,pgen_seq13,val,0,0
/home/samsul/Documents/Polyp Detection/Polyp-Gen:/seq13/images/237.jpg,PolypGen,pgen_seq13,val,1,0
/home/samsul/Documents/Polyp Detection/Polyp-Gen:/seq13/images/15.jpg,PolypGen,pgen_seq13,val,1,2
/home/samsul/Documents/Polyp Detection/Polyp-Gen:/seq13/images/25.jpg,PolypGen,pgen_seq13,val,1,0
/home/samsul/Documents/Polyp Detection/Polyp-Gen:/seq13/images/152.jpg,PolypGen,pgen_seq13,val,1,0
/home/samsul/Documents/Polyp Detection/Polyp-Gen:/seq13/images/146.jpg,PolypGen,pgen_seq13,val,1,0
/home/samsul/Documents/Polyp Detection/Polyp-Gen:/seq13/images/96.jpg,PolypGen,pgen_seq13,val,1,0
/home/samsul/Documents/Polyp Detection/Polyp-Gen:/seq13/images/84.jpg,PolypGen,pgen_seq13,val,1,0
/home/samsul/Documents/Polyp Detection/Polyp-Gen:/seq13/images/212.jpg,PolypGen,pgen_seq13,val,1,0
/home/samsul/Documents/Polyp Detection/Polyp-Gen:/seq13/images/107.jpg,PolypGen,pgen_seq13,val,1,0
/home/samsul/Documents/Polyp Detection/Polyp-Gen:/seq13/images/246.jpg,PolypGen,pgen_seq13,val,1,0
/home/samsul/Documents/Polyp Detection/Polyp-Gen:/seq13/images/217.jpg,PolypGen,pgen_seq13,val,1,0
/home/samsul/Documents/Polyp Detection/Polyp-Gen:/seq13/images/134.jpg,PolypGen,pgen_seq13,val,1,0
/home/samsul/Documents/Polyp Detection/Polyp-Gen:/seq13/images/215.jpg,PolypGen,pgen_seq13,val,1,0
/home/samsul/Documents/Polyp Detection/Polyp-Gen:/seq13/images/97.jpg,PolypGen,pgen_seq13,val,1,0
/home/samsul/Documents/Polyp Detection/Polyp-Gen:/seq13/images/135.jpg,PolypGen,pgen_seq13,val,1,0
/home/samsul/Documents/Polyp Detection/Polyp-Gen:/seq13/images/102.jpg,PolypGen,pgen_seq13,val,1,0
/home/samsul/Documents/Polyp Detection/Polyp-Gen:/seq13/images/219.jpg,PolypGen,pgen_seq13,val,1,0
/home/samsul/Documents/Polyp Detection/Polyp-Gen:/seq13/images/168.jpg,PolypGen,pgen_seq13,val,1,0
/home/samsul/Documents/Polyp Detection/Polyp-Gen:/seq13/images/63.jpg,PolypGen,pgen_seq13,val,1,0
/home/samsul/Documents/Polyp Detection/Polyp-Gen:/seq13/images/228.jpg,PolypGen,pgen_seq13,val,1,1
/home/samsul/Documents/Polyp Detection/Polyp-Gen:/seq13/images/242.jpg,PolypGen,pgen_seq13,val,1,0
/home/samsul/Documents/Polyp Detection/Polyp-Gen:/seq13/images/56.jpg,PolypGen,pgen_seq13,val,1,0
/home/samsul/Documents/Polyp Detection/Polyp-Gen:/seq13/images/119.jpg,PolypGen,pgen_seq13,val,1,0
/home/samsul/Documents/Polyp Detection/Polyp-Gen:/seq13/images/201.jpg,PolypGen,pgen_seq13,val,1,0
/home/samsul/Documents/Polyp Detection/Polyp-Gen:/seq13/images/20.jpg,PolypGen,pgen_seq13,val,1,0
/home/samsul/Documents/Polyp Detection/Polyp-Gen:/seq13/images/46.jpg,PolypGen,pgen_seq13,val,1,1
/home/samsul/Documents/Polyp Detection/Polyp-Gen:/seq13/images/210.jpg,PolypGen,pgen_seq13,val,1,0
/home/samsul/Documents/Polyp Detection/Polyp-Gen:/seq13/images/122.jpg,PolypGen,pgen_seq13,val,1,0
/home/samsul/Documents/Polyp Detection/Polyp-Gen:/seq13/images/153.jpg,PolypGen,pgen_seq13,val,1,0
/home/samsul/Documents/Polyp Detection/Polyp-Gen:/seq13/images/127.jpg,PolypGen,pgen_seq13,val,1,0
/home/samsul/Documents/Polyp Detection/Polyp-Gen:/seq13/images/142.jpg,PolypGen,pgen_seq13,val,1,0
/home/samsul/Documents/Polyp Detection/Polyp-Gen:/seq13/images/202.jpg,PolypGen,pgen_seq13,val,1,0
/home/samsul/Documents/Polyp Detection/Polyp-Gen:/seq13/images/74.jpg,PolypGen,pgen_seq13,val,1,1
/home/samsul/Documents/Polyp Detection/Polyp-Gen:/seq13/images/136.jpg,PolypGen,pgen_seq13,val,1,0
/home/samsul/Documents/Polyp Detection/Polyp-Gen:/seq13/images/92.jpg,PolypGen,pgen_seq13,val,1,0
/home/samsul/Documents/Polyp Detection/Polyp-Gen:/seq13/images/185.jpg,PolypGen,pgen_seq13,val,1,0
/home/samsul/Documents/Polyp Detection/Polyp-Gen:/seq13/images/155.jpg,PolypGen,pgen_seq13,val,1,0
/home/samsul/Documents/Polyp Detection/Polyp-Gen:/seq13/images/7.jpg,PolypGen,pgen_seq13,val,0,0
/home/samsul/Documents/Polyp Detection/Polyp-Gen:/seq13/images/45.jpg,PolypGen,pgen_seq13,val,0,0
/home/samsul/Documents/Polyp Detection/Polyp-Gen:/seq13/images/128.jpg,PolypGen,pgen_seq13,val,1,0
/home/samsul/Documents/Polyp Detection/Polyp-Gen:/seq13/images/180.jpg,PolypGen,pgen_seq13,val,0,0
/home/samsul/Documents/Polyp Detection/Polyp-Gen:/seq13/images/73.jpg,PolypGen,pgen_seq13,val,1,1
/home/samsul/Documents/Polyp Detection/Polyp-Gen:/seq13/images/94.jpg,PolypGen,pgen_seq13,val,1,0
/home/samsul/Documents/Polyp Detection/Polyp-Gen:/seq13/images/132.jpg,PolypGen,pgen_seq13,val,1,0
/home/samsul/Documents/Polyp Detection/Polyp-Gen:/seq13/images/207.jpg,PolypGen,pgen_seq13,val,1,0
/home/samsul/Documents/Polyp Detection/Polyp-Gen:/seq13/images/151.jpg,PolypGen,pgen_seq13,val,1,0
/home/samsul/Documents/Polyp Detection/Polyp-Gen:/seq13/images/88.jpg,PolypGen,pgen_seq13,val,0,0
/home/samsul/Documents/Polyp Detection/Polyp-Gen:/seq13/images/65.jpg,PolypGen,pgen_seq13,val,1,1
/home/samsul/Documents/Polyp Detection/Polyp-Gen:/seq13/images/176.jpg,PolypGen,pgen_seq13,val,0,0
/home/samsul/Documents/Polyp Detection/Polyp-Gen:/seq13/images/161.jpg,PolypGen,pgen_seq13,val,1,0
/home/samsul/Documents/Polyp Detection/Polyp-Gen:/seq13/images/139.jpg,PolypGen,pgen_seq13,val,1,0
/home/samsul/Documents/Polyp Detection/Polyp-Gen:/seq13/images/77.jpg,PolypGen,pgen_seq13,val,0,0
/home/samsul/Documents/Polyp Detection/Polyp-Gen:/seq13/images/61.jpg,PolypGen,pgen_seq13,val,1,0
/home/samsul/Documents/Polyp Detection/Polyp-Gen:/seq13/images/149.jpg,PolypGen,pgen_seq13,val,1,0
/home/samsul/Documents/Polyp Detection/Polyp-Gen:/seq13/images/240.jpg,PolypGen,pgen_seq13,val,1,0
/home/samsul/Documents/Polyp Detection/Polyp-Gen:/seq13/images/224.jpg,PolypGen,pgen_seq13,val,1,0
/home/samsul/Documents/Polyp Detection/Polyp-Gen:/seq13/images/239.jpg,PolypGen,pgen_seq13,val,1,0
/home/samsul/Documents/Polyp Detection/Polyp-Gen:/seq13/images/130.jpg,PolypGen,pgen_seq13,val,1,0
/home/samsul/Documents/Polyp Detection/Polyp-Gen:/seq13/images/24.jpg,PolypGen,pgen_seq13,val,1,0
/home/samsul/Documents/Polyp Detection/Polyp-Gen:/seq13/images/203.jpg,PolypGen,pgen_seq13,val,1,0
/home/samsul/Documents/Polyp Detection/Polyp-Gen:/seq13/images/160.jpg,PolypGen,pgen_seq13,val,1,0
/home/samsul/Documents/Polyp Detection/Polyp-Gen:/seq13/images/243.jpg,PolypGen,pgen_seq13,val,1,0
/home/samsul/Documents/Polyp Detection/Polyp-Gen:/seq13/images/30.jpg,PolypGen,pgen_seq13,val,0,0
/home/samsul/Documents/Polyp Detection/Polyp-Gen:/seq13/images/187.jpg,PolypGen,pgen_seq13,val,1,0
/home/samsul/Documents/Polyp Detection/Polyp-Gen:/seq13/images/231.jpg,PolypGen,pgen_seq13,val,1,0
/home/samsul/Documents/Polyp Detection/Polyp-Gen:/seq13/images/181.jpg,PolypGen,pgen_seq13,val,1,0
/home/samsul/Documents/Polyp Detection/Polyp-Gen:/seq13/images/138.jpg,PolypGen,pgen_seq13,val,1,0
/home/samsul/Documents/Polyp Detection/Polyp-Gen:/seq13/images/2.jpg,PolypGen,pgen_seq13,val,1,0
/home/samsul/Documents/Polyp Detection/Polyp-Gen:/seq13/images/59.jpg,PolypGen,pgen_seq13,val,1,1
/home/samsul/Documents/Polyp Detection/Polyp-Gen:/seq13/images/214.jpg,PolypGen,pgen_seq13,val,1,0
/home/samsul/Documents/Polyp Detection/Polyp-Gen:/seq13/images/230.jpg,PolypGen,pgen_seq13,val,1,0
/home/samsul/Documents/Polyp Detection/Polyp-Gen:/seq13/images/137.jpg,PolypGen,pgen_seq13,val,1,0
/home/samsul/Documents/Polyp Detection/Polyp-Gen:/seq14/images/75.jpg,PolypGen,pgen_seq14,train,1,0
/home/samsul/Documents/Polyp Detection/Polyp-Gen:/seq14/images/211.jpg,PolypGen,pgen_seq14,train,1,0
/home/samsul/Documents/Polyp Detection/Polyp-Gen:/seq14/images/174.jpg,PolypGen,pgen_seq14,train,1,0
/home/samsul/Documents/Polyp Detection/Polyp-Gen:/seq14/images/71.jpg,PolypGen,pgen_seq14,train,1,0
/home/samsul/Documents/Polyp Detection/Polyp-Gen:/seq14/images/198.jpg,PolypGen,pgen_seq14,train,1,1
/home/samsul/Documents/Polyp Detection/Polyp-Gen:/seq14/images/234.jpg,PolypGen,pgen_seq14,train,1,0
/home/samsul/Documents/Polyp Detection/Polyp-Gen:/seq14/images/241.jpg,PolypGen,pgen_seq14,train,1,0
/home/samsul/Documents/Polyp Detection/Polyp-Gen:/seq14/images/150.jpg,PolypGen,pgen_seq14,train,1,0
/home/samsul/Documents/Polyp Detection/Polyp-Gen:/seq14/images/204.jpg,PolypGen,pgen_seq14,train,1,2
/home/samsul/Documents/Polyp Detection/Polyp-Gen:/seq14/images/116.jpg,PolypGen,pgen_seq14,train,0,0
/home/samsul/Documents/Polyp Detection/Polyp-Gen:/seq14/images/166.jpg,PolypGen,pgen_seq14,train,0,0
/home/samsul/Documents/Polyp Detection/Polyp-Gen:/seq14/images/232.jpg,PolypGen,pgen_seq14,train,1,0
/home/samsul/Documents/Polyp Detection/Polyp-Gen:/seq14/images/93.jpg,PolypGen,pgen_seq14,train,0,0
/home/samsul/Documents/Polyp Detection/Polyp-Gen:/seq14/images/76.jpg,PolypGen,pgen_seq14,train,1,0
/home/samsul/Documents/Polyp Detection/Polyp-Gen:/seq14/images/200.jpg,PolypGen,pgen_seq14,train,1,0
/home/samsul/Documents/Polyp Detection/Polyp-Gen:/seq14/images/18.jpg,PolypGen,pgen_seq14,train,1,0
/home/samsul/Documents/Polyp Detection/Polyp-Gen:/seq14/images/192.jpg,PolypGen,pgen_seq14,train,1,0
/home/samsul/Documents/Polyp Detection/Polyp-Gen:/seq14/images/111.jpg,PolypGen,pgen_seq14,train,0,0
/home/samsul/Documents/Polyp Detection/Polyp-Gen:/seq14/images/3.jpg,PolypGen,pgen_seq14,train,0,0
/home/samsul/Documents/Polyp Detection/Polyp-Gen:/seq14/images/49.jpg,PolypGen,pgen_seq14,train,1,0
/home/samsul/Documents/Polyp Detection/Polyp-Gen:/seq14/images/40.jpg,PolypGen,pgen_seq14,train,1,0
/home/samsul/Documents/Polyp Detection/Polyp-Gen:/seq14/images/68.jpg,PolypGen,pgen_seq14,train,1,0
/home/samsul/Documents/Polyp Detection/Polyp-Gen:/seq14/images/197.jpg,PolypGen,pgen_seq14,train,1,0
/home/samsul/Documents/Polyp Detection/Polyp-Gen:/seq14/images/235.jpg,PolypGen,pgen_seq14,train,1,0
/home/samsul/Documents/Polyp Detection/Polyp-Gen:/seq14/images/57.jpg,PolypGen,pgen_seq14,train,1,0
/home/samsul/Documents/Polyp Detection/Polyp-Gen:/seq14/images/123.jpg,PolypGen,pgen_seq14,train,0,0
/home/samsul/Documents/Polyp Detection/Polyp-Gen:/seq14/images/220.jpg,PolypGen,pgen_seq14,train,1,0
/home/samsul/Documents/Polyp Detection/Polyp-Gen:/seq14/images/167.jpg,PolypGen,pgen_seq14,train,0,0
/home/samsul/Documents/Polyp Detection/Polyp-Gen:/seq14/images/81.jpg,PolypGen,pgen_seq14,train,1,0
/home/samsul/Documents/Polyp Detection/Polyp-Gen:/seq14/images/101.jpg,PolypGen,pgen_seq14,train,0,0
/home/samsul/Documents/Polyp Detection/Polyp-Gen:/seq14/images/159.jpg,PolypGen,pgen_seq14,train,1,0
/home/samsul/Documents/Polyp Detection/Polyp-Gen:/seq14/images/104.jpg,PolypGen,pgen_seq14,train,0,0
/home/samsul/Documents/Polyp Detection/Polyp-Gen:/seq14/images/247.jpg,PolypGen,pgen_seq14,train,1,0
/home/samsul/Documents/Polyp Detection/Polyp-Gen:/seq14/images/11.jpg,PolypGen,pgen_seq14,train,1,0
/home/samsul/Documents/Polyp Detection/Polyp-Gen:/seq14/images/29.jpg,PolypGen,pgen_seq14,train,1,1
/home/samsul/Documents/Polyp Detection/Polyp-Gen:/seq14/images/156.jpg,PolypGen,pgen_seq14,train,1,0
/home/samsul/Documents/Polyp Detection/Polyp-Gen:/seq14/images/85.jpg,PolypGen,pgen_seq14,train,1,0
/home/samsul/Documents/Polyp Detection/Polyp-Gen:/seq14/images/145.jpg,PolypGen,pgen_seq14,train,1,0
/home/samsul/Documents/Polyp Detection/Polyp-Gen:/seq14/images/54.jpg,PolypGen,pgen_seq14,train,1,0
/home/samsul/Documents/Polyp Detection/Polyp-Gen:/seq14/images/51.jpg,PolypGen,pgen_seq14,train,1,0
/home/samsul/Documents/Polyp Detection/Polyp-Gen:/seq14/images/209.jpg,PolypGen,pgen_seq14,train,1,0
/home/samsul/Documents/Polyp Detection/Polyp-Gen:/seq14/images/6.jpg,PolypGen,pgen_seq14,train,1,0
/home/samsul/Documents/Polyp Detection/Polyp-Gen:/seq14/images/58.jpg,PolypGen,pgen_seq14,train,1,0
/home/samsul/Documents/Polyp Detection/Polyp-Gen:/seq14/images/121.jpg,PolypGen,pgen_seq14,train,0,0
/home/samsul/Documents/Polyp Detection/Polyp-Gen:/seq14/images/238.jpg,PolypGen,pgen_seq14,train,0,0
/home/samsul/Documents/Polyp Detection/Polyp-Gen:/seq14/images/66.jpg,PolypGen,pgen_seq14,train,1,0
/home/samsul/Documents/Polyp Detection/Polyp-Gen:/seq14/images/10.jpg,PolypGen,pgen_seq14,train,1,0
/home/samsul/Documents/Polyp Detection/Polyp-Gen:/seq14/images/118.jpg,PolypGen,pgen_seq14,train,0,0
/home/samsul/Documents/Polyp Detection/Polyp-Gen:/seq14/images/34.jpg,PolypGen,pgen_seq14,train,1,2
/home/samsul/Documents/Polyp Detection/Polyp-Gen:/seq14/images/37.jpg,PolypGen,pgen_seq14,train,1,1
/home/samsul/Documents/Polyp Detection/Polyp-Gen:/seq14/images/110.jpg,PolypGen,pgen_seq14,train,0,0
/home/samsul/Documents/Polyp Detection/Polyp-Gen:/seq14/images/115.jpg,PolypGen,pgen_seq14,train,0,0
/home/samsul/Documents/Polyp Detection/Polyp-Gen:/seq14/images/67.jpg,PolypGen,pgen_seq14,train,1,0
/home/samsul/Documents/Polyp Detection/Polyp-Gen:/seq14/images/27.jpg,PolypGen,pgen_seq14,train,1,0
/home/samsul/Documents/Polyp Detection/Polyp-Gen:/seq14/images/182.jpg,PolypGen,pgen_seq14,train,1,0
/home/samsul/Documents/Polyp Detection/Polyp-Gen:/seq14/images/126.jpg,PolypGen,pgen_seq14,train,1,1
/home/samsul/Documents/Polyp Detection/Polyp-Gen:/seq14/images/82.jpg,PolypGen,pgen_seq14,train,1,0
/home/samsul/Documents/Polyp Detection/Polyp-Gen:/seq14/images/78.jpg,PolypGen,pgen_seq14,train,1,0
/home/samsul/Documents/Polyp Detection/Polyp-Gen:/seq14/images/162.jpg,PolypGen,pgen_seq14,train,1,0
/home/samsul/Documents/Polyp Detection/Polyp-Gen:/seq14/images/62.jpg,PolypGen,pgen_seq14,train,1,0
/home/samsul/Documents/Polyp Detection/Polyp-Gen:/seq14/images/39.jpg,PolypGen,pgen_seq14,train,1,0
/home/samsul/Documents/Polyp Detection/Polyp-Gen:/seq14/images/244.jpg,PolypGen,pgen_seq14,train,1,0
/home/samsul/Documents/Polyp Detection/Polyp-Gen:/seq14/images/120.jpg,PolypGen,pgen_seq14,train,0,0
/home/samsul/Documents/Polyp Detection/Polyp-Gen:/seq14/images/179.jpg,PolypGen,pgen_seq14,train,1,1
/home/samsul/Documents/Polyp Detection/Polyp-Gen:/seq14/images/154.jpg,PolypGen,pgen_seq14,train,1,0
/home/samsul/Documents/Polyp Detection/Polyp-Gen:/seq14/images/89.jpg,PolypGen,pgen_seq14,train,0,0
/home/samsul/Documents/Polyp Detection/Polyp-Gen:/seq14/images/99.jpg,PolypGen,pgen_seq14,train,1,1
/home/samsul/Documents/Polyp Detection/Polyp-Gen:/seq14/images/131.jpg,PolypGen,pgen_seq14,train,1,1
/home/samsul/Documents/Polyp Detection/Polyp-Gen:/seq14/images/190.jpg,PolypGen,pgen_seq14,train,1,0
/home/samsul/Documents/Polyp Detection/Polyp-Gen:/seq14/images/105.jpg,PolypGen,pgen_seq14,train,0,0
/home/samsul/Documents/Polyp Detection/Polyp-Gen:/seq14/images/191.jpg,PolypGen,pgen_seq14,train,1,0
/home/samsul/Documents/Polyp Detection/Polyp-Gen:/seq14/images/112.jpg,PolypGen,pgen_seq14,train,0,0
/home/samsul/Documents/Polyp Detection/Polyp-Gen:/seq14/images/236.jpg,PolypGen,pgen_seq14,train,1,0
/home/samsul/Documents/Polyp Detection/Polyp-Gen:/seq14/images/170.jpg,PolypGen,pgen_seq14,train,1,0
/home/samsul/Documents/Polyp Detection/Polyp-Gen:/seq14/images/169.jpg,PolypGen,pgen_seq14,train,0,0
/home/samsul/Documents/Polyp Detection/Polyp-Gen:/seq14/images/86.jpg,PolypGen,pgen_seq14,train,1,0
/home/samsul/Documents/Polyp Detection/Polyp-Gen:/seq14/images/177.jpg,PolypGen,pgen_seq14,train,1,0
/home/samsul/Documents/Polyp Detection/Polyp-Gen:/seq14/images/31.jpg,PolypGen,pgen_seq14,train,1,1
/home/samsul/Documents/Polyp Detection/Polyp-Gen:/seq14/images/8.jpg,PolypGen,pgen_seq14,train,1,0
/home/samsul/Documents/Polyp Detection/Polyp-Gen:/seq14/images/164.jpg,PolypGen,pgen_seq14,train,0,0
/home/samsul/Documents/Polyp Detection/Polyp-Gen:/seq14/images/98.jpg,PolypGen,pgen_seq14,train,0,0
/home/samsul/Documents/Polyp Detection/Polyp-Gen:/seq14/images/103.jpg,PolypGen,pgen_seq14,train,0,0
/home/samsul/Documents/Polyp Detection/Polyp-Gen:/seq14/images/41.jpg,PolypGen,pgen_seq14,train,1,1
/home/samsul/Documents/Polyp Detection/Polyp-Gen:/seq14/images/109.jpg,PolypGen,pgen_seq14,train,0,0
/home/samsul/Documents/Polyp Detection/Polyp-Gen:/seq14/images/83.jpg,PolypGen,pgen_seq14,train,1,0
/home/samsul/Documents/Polyp Detection/Polyp-Gen:/seq14/images/165.jpg,PolypGen,pgen_seq14,train,0,0
/home/samsul/Documents/Polyp Detection/Polyp-Gen:/seq14/images/173.jpg,PolypGen,pgen_seq14,train,1,0
/home/samsul/Documents/Polyp Detection/Polyp-Gen:/seq14/images/172.jpg,PolypGen,pgen_seq14,train,1,0
/home/samsul/Documents/Polyp Detection/Polyp-Gen:/seq14/images/79.jpg,PolypGen,pgen_seq14,train,1,0
/home/samsul/Documents/Polyp Detection/Polyp-Gen:/seq14/images/193.jpg,PolypGen,pgen_seq14,train,1,0
/home/samsul/Documents/Polyp Detection/Polyp-Gen:/seq14/images/188.jpg,PolypGen,pgen_seq14,train,1,0
/home/samsul/Documents/Polyp Detection/Polyp-Gen:/seq14/images/158.jpg,PolypGen,pgen_seq14,train,1,1
/home/samsul/Documents/Polyp Detection/Polyp-Gen:/seq14/images/50.jpg,PolypGen,pgen_seq14,train,1,0
/home/samsul/Documents/Polyp Detection/Polyp-Gen:/seq14/images/1.jpg,PolypGen,pgen_seq14,train,0,0
/home/samsul/Documents/Polyp Detection/Polyp-Gen:/seq14/images/186.jpg,PolypGen,pgen_seq14,train,1,0
/home/samsul/Documents/Polyp Detection/Polyp-Gen:/seq14/images/52.jpg,PolypGen,pgen_seq14,train,1,0
/home/samsul/Documents/Polyp Detection/Polyp-Gen:/seq14/images/95.jpg,PolypGen,pgen_seq14,train,1,0
/home/samsul/Documents/Polyp Detection/Polyp-Gen:/seq14/images/19.jpg,PolypGen,pgen_seq14,train,1,0
/home/samsul/Documents/Polyp Detection/Polyp-Gen:/seq14/images/171.jpg,PolypGen,pgen_seq14,train,1,0
/home/samsul/Documents/Polyp Detection/Polyp-Gen:/seq14/images/60.jpg,PolypGen,pgen_seq14,train,1,0
/home/samsul/Documents/Polyp Detection/Polyp-Gen:/seq14/images/124.jpg,PolypGen,pgen_seq14,train,1,0
/home/samsul/Documents/Polyp Detection/Polyp-Gen:/seq14/images/189.jpg,PolypGen,pgen_seq14,train,1,0
/home/samsul/Documents/Polyp Detection/Polyp-Gen:/seq14/images/69.jpg,PolypGen,pgen_seq14,train,1,0
/home/samsul/Documents/Polyp Detection/Polyp-Gen:/seq14/images/163.jpg,PolypGen,pgen_seq14,train,0,0
/home/samsul/Documents/Polyp Detection/Polyp-Gen:/seq14/images/225.jpg,PolypGen,pgen_seq14,train,0,0
/home/samsul/Documents/Polyp Detection/Polyp-Gen:/seq14/images/14.jpg,PolypGen,pgen_seq14,train,1,0
/home/samsul/Documents/Polyp Detection/Polyp-Gen:/seq14/images/91.jpg,PolypGen,pgen_seq14,train,0,0
/home/samsul/Documents/Polyp Detection/Polyp-Gen:/seq14/images/70.jpg,PolypGen,pgen_seq14,train,1,0
/home/samsul/Documents/Polyp Detection/Polyp-Gen:/seq14/images/117.jpg,PolypGen,pgen_seq14,train,1,0
/home/samsul/Documents/Polyp Detection/Polyp-Gen:/seq14/images/23.jpg,PolypGen,pgen_seq14,train,1,0
/home/samsul/Documents/Polyp Detection/Polyp-Gen:/seq14/images/199.jpg,PolypGen,pgen_seq14,train,1,0
/home/samsul/Documents/Polyp Detection/Polyp-Gen:/seq14/images/205.jpg,PolypGen,pgen_seq14,train,1,2
/home/samsul/Documents/Polyp Detection/Polyp-Gen:/seq14/images/64.jpg,PolypGen,pgen_seq14,train,1,0
/home/samsul/Documents/Polyp Detection/Polyp-Gen:/seq14/images/28.jpg,PolypGen,pgen_seq14,train,1,0
/home/samsul/Documents/Polyp Detection/Polyp-Gen:/seq14/images/17.jpg,PolypGen,pgen_seq14,train,1,0
/home/samsul/Documents/Polyp Detection/Polyp-Gen:/seq14/images/36.jpg,PolypGen,pgen_seq14,train,1,2
/home/samsul/Documents/Polyp Detection/Polyp-Gen:/seq14/images/87.jpg,PolypGen,pgen_seq14,train,1,0
/home/samsul/Documents/Polyp Detection/Polyp-Gen:/seq14/images/4.jpg,PolypGen,pgen_seq14,train,0,0
/home/samsul/Documents/Polyp Detection/Polyp-Gen:/seq14/images/216.jpg,PolypGen,pgen_seq14,train,1,0
/home/samsul/Documents/Polyp Detection/Polyp-Gen:/seq14/images/5.jpg,PolypGen,pgen_seq14,train,0,0
/home/samsul/Documents/Polyp Detection/Polyp-Gen:/seq14/images/21.jpg,PolypGen,pgen_seq14,train,1,0
/home/samsul/Documents/Polyp Detection/Polyp-Gen:/seq14/images/208.jpg,PolypGen,pgen_seq14,train,1,2
/home/samsul/Documents/Polyp Detection/Polyp-Gen:/seq14/images/72.jpg,PolypGen,pgen_seq14,train,1,0
/home/samsul/Documents/Polyp Detection/Polyp-Gen:/seq14/images/0.jpg,PolypGen,pgen_seq14,train,1,0
/home/samsul/Documents/Polyp Detection/Polyp-Gen:/seq14/images/147.jpg,PolypGen,pgen_seq14,train,1,1
/home/samsul/Documents/Polyp Detection/Polyp-Gen:/seq14/images/194.jpg,PolypGen,pgen_seq14,train,1,0
/home/samsul/Documents/Polyp Detection/Polyp-Gen:/seq14/images/148.jpg,PolypGen,pgen_seq14,train,1,1
/home/samsul/Documents/Polyp Detection/Polyp-Gen:/seq14/images/113.jpg,PolypGen,pgen_seq14,train,0,0
/home/samsul/Documents/Polyp Detection/Polyp-Gen:/seq14/images/26.jpg,PolypGen,pgen_seq14,train,1,1
/home/samsul/Documents/Polyp Detection/Polyp-Gen:/seq14/images/12.jpg,PolypGen,pgen_seq14,train,1,0
/home/samsul/Documents/Polyp Detection/Polyp-Gen:/seq14/images/108.jpg,PolypGen,pgen_seq14,train,0,0
/home/samsul/Documents/Polyp Detection/Polyp-Gen:/seq14/images/221.jpg,PolypGen,pgen_seq14,train,1,0
/home/samsul/Documents/Polyp Detection/Polyp-Gen:/seq14/images/22.jpg,PolypGen,pgen_seq14,train,1,0
/home/samsul/Documents/Polyp Detection/Polyp-Gen:/seq14/images/129.jpg,PolypGen,pgen_seq14,train,1,1
/home/samsul/Documents/Polyp Detection/Polyp-Gen:/seq14/images/140.jpg,PolypGen,pgen_seq14,train,1,0
/home/samsul/Documents/Polyp Detection/Polyp-Gen:/seq14/images/100.jpg,PolypGen,pgen_seq14,train,0,0
/home/samsul/Documents/Polyp Detection/Polyp-Gen:/seq14/images/248.jpg,PolypGen,pgen_seq14,train,1,0
/home/samsul/Documents/Polyp Detection/Polyp-Gen:/seq14/images/32.jpg,PolypGen,pgen_seq14,train,1,1
/home/samsul/Documents/Polyp Detection/Polyp-Gen:/seq14/images/178.jpg,PolypGen,pgen_seq14,train,1,0
/home/samsul/Documents/Polyp Detection/Polyp-Gen:/seq14/images/9.jpg,PolypGen,pgen_seq14,train,1,0
/home/samsul/Documents/Polyp Detection/Polyp-Gen:/seq14/images/44.jpg,PolypGen,pgen_seq14,train,1,0
/home/samsul/Documents/Polyp Detection/Polyp-Gen:/seq14/images/106.jpg,PolypGen,pgen_seq14,train,1,0
/home/samsul/Documents/Polyp Detection/Polyp-Gen:/seq14/images/80.jpg,PolypGen,pgen_seq14,train,1,0
/home/samsul/Documents/Polyp Detection/Polyp-Gen:/seq14/images/35.jpg,PolypGen,pgen_seq14,train,1,1
/home/samsul/Documents/Polyp Detection/Polyp-Gen:/seq14/images/48.jpg,PolypGen,pgen_seq14,train,1,0
/home/samsul/Documents/Polyp Detection/Polyp-Gen:/seq14/images/229.jpg,PolypGen,pgen_seq14,train,0,0
/home/samsul/Documents/Polyp Detection/Polyp-Gen:/seq14/images/33.jpg,PolypGen,pgen_seq14,train,1,0
/home/samsul/Documents/Polyp Detection/Polyp-Gen:/seq14/images/141.jpg,PolypGen,pgen_seq14,train,1,0
/home/samsul/Documents/Polyp Detection/Polyp-Gen:/seq14/images/43.jpg,PolypGen,pgen_seq14,train,1,0
/home/samsul/Documents/Polyp Detection/Polyp-Gen:/seq14/images/90.jpg,PolypGen,pgen_seq14,train,0,0
/home/samsul/Documents/Polyp Detection/Polyp-Gen:/seq14/images/223.jpg,PolypGen,pgen_seq14,train,1,0
/home/samsul/Documents/Polyp Detection/Polyp-Gen:/seq14/images/55.jpg,PolypGen,pgen_seq14,train,1,0
/home/samsul/Documents/Polyp Detection/Polyp-Gen:/seq14/images/183.jpg,PolypGen,pgen_seq14,train,1,0
/home/samsul/Documents/Polyp Detection/Polyp-Gen:/seq14/images/245.jpg,PolypGen,pgen_seq14,train,1,0
/home/samsul/Documents/Polyp Detection/Polyp-Gen:/seq14/images/143.jpg,PolypGen,pgen_seq14,train,1,0
/home/samsul/Documents/Polyp Detection/Polyp-Gen:/seq14/images/226.jpg,PolypGen,pgen_seq14,train,0,0
/home/samsul/Documents/Polyp Detection/Polyp-Gen:/seq14/images/213.jpg,PolypGen,pgen_seq14,train,1,1
/home/samsul/Documents/Polyp Detection/Polyp-Gen:/seq14/images/175.jpg,PolypGen,pgen_seq14,train,1,1
/home/samsul/Documents/Polyp Detection/Polyp-Gen:/seq14/images/125.jpg,PolypGen,pgen_seq14,train,1,0
/home/samsul/Documents/Polyp Detection/Polyp-Gen:/seq14/images/227.jpg,PolypGen,pgen_seq14,train,0,0
/home/samsul/Documents/Polyp Detection/Polyp-Gen:/seq14/images/47.jpg,PolypGen,pgen_seq14,train,1,0
/home/samsul/Documents/Polyp Detection/Polyp-Gen:/seq14/images/206.jpg,PolypGen,pgen_seq14,train,1,1
/home/samsul/Documents/Polyp Detection/Polyp-Gen:/seq14/images/157.jpg,PolypGen,pgen_seq14,train,1,0
/home/samsul/Documents/Polyp Detection/Polyp-Gen:/seq14/images/133.jpg,PolypGen,pgen_seq14,train,1,0
/home/samsul/Documents/Polyp Detection/Polyp-Gen:/seq14/images/233.jpg,PolypGen,pgen_seq14,train,1,0
/home/samsul/Documents/Polyp Detection/Polyp-Gen:/seq14/images/184.jpg,PolypGen,pgen_seq14,train,1,0
/home/samsul/Documents/Polyp Detection/Polyp-Gen:/seq14/images/13.jpg,PolypGen,pgen_seq14,train,1,0
/home/samsul/Documents/Polyp Detection/Polyp-Gen:/seq14/images/144.jpg,PolypGen,pgen_seq14,train,1,0
/home/samsul/Documents/Polyp Detection/Polyp-Gen:/seq14/images/53.jpg,PolypGen,pgen_seq14,train,1,0
/home/samsul/Documents/Polyp Detection/Polyp-Gen:/seq14/images/196.jpg,PolypGen,pgen_seq14,train,1,2
/home/samsul/Documents/Polyp Detection/Polyp-Gen:/seq14/images/16.jpg,PolypGen,pgen_seq14,train,1,0
/home/samsul/Documents/Polyp Detection/Polyp-Gen:/seq14/images/195.jpg,PolypGen,pgen_seq14,train,1,2
/home/samsul/Documents/Polyp Detection/Polyp-Gen:/seq14/images/42.jpg,PolypGen,pgen_seq14,train,1,2
/home/samsul/Documents/Polyp Detection/Polyp-Gen:/seq14/images/218.jpg,PolypGen,pgen_seq14,train,1,0
/home/samsul/Documents/Polyp Detection/Polyp-Gen:/seq14/images/114.jpg,PolypGen,pgen_seq14,train,0,0
/home/samsul/Documents/Polyp Detection/Polyp-Gen:/seq14/images/222.jpg,PolypGen,pgen_seq14,train,1,0
/home/samsul/Documents/Polyp Detection/Polyp-Gen:/seq14/images/38.jpg,PolypGen,pgen_seq14,train,1,0
/home/samsul/Documents/Polyp Detection/Polyp-Gen:/seq14/images/237.jpg,PolypGen,pgen_seq14,train,1,0
/home/samsul/Documents/Polyp Detection/Polyp-Gen:/seq14/images/15.jpg,PolypGen,pgen_seq14,train,1,0
/home/samsul/Documents/Polyp Detection/Polyp-Gen:/seq14/images/25.jpg,PolypGen,pgen_seq14,train,1,0
/home/samsul/Documents/Polyp Detection/Polyp-Gen:/seq14/images/152.jpg,PolypGen,pgen_seq14,train,1,1
/home/samsul/Documents/Polyp Detection/Polyp-Gen:/seq14/images/146.jpg,PolypGen,pgen_seq14,train,1,1
/home/samsul/Documents/Polyp Detection/Polyp-Gen:/seq14/images/96.jpg,PolypGen,pgen_seq14,train,0,0
/home/samsul/Documents/Polyp Detection/Polyp-Gen:/seq14/images/84.jpg,PolypGen,pgen_seq14,train,1,0
/home/samsul/Documents/Polyp Detection/Polyp-Gen:/seq14/images/212.jpg,PolypGen,pgen_seq14,train,1,0
/home/samsul/Documents/Polyp Detection/Polyp-Gen:/seq14/images/107.jpg,PolypGen,pgen_seq14,train,0,0
/home/samsul/Documents/Polyp Detection/Polyp-Gen:/seq14/images/246.jpg,PolypGen,pgen_seq14,train,1,0
/home/samsul/Documents/Polyp Detection/Polyp-Gen:/seq14/images/217.jpg,PolypGen,pgen_seq14,train,1,0
/home/samsul/Documents/Polyp Detection/Polyp-Gen:/seq14/images/134.jpg,PolypGen,pgen_seq14,train,1,0
/home/samsul/Documents/Polyp Detection/Polyp-Gen:/seq14/images/215.jpg,PolypGen,pgen_seq14,train,1,0
/home/samsul/Documents/Polyp Detection/Polyp-Gen:/seq14/images/97.jpg,PolypGen,pgen_seq14,train,0,0
/home/samsul/Documents/Polyp Detection/Polyp-Gen:/seq14/images/135.jpg,PolypGen,pgen_seq14,train,1,0
/home/samsul/Documents/Polyp Detection/Polyp-Gen:/seq14/images/102.jpg,PolypGen,pgen_seq14,train,0,0
/home/samsul/Documents/Polyp Detection/Polyp-Gen:/seq14/images/219.jpg,PolypGen,pgen_seq14,train,1,0
/home/samsul/Documents/Polyp Detection/Polyp-Gen:/seq14/images/168.jpg,PolypGen,pgen_seq14,train,0,0
/home/samsul/Documents/Polyp Detection/Polyp-Gen:/seq14/images/63.jpg,PolypGen,pgen_seq14,train,1,0
/home/samsul/Documents/Polyp Detection/Polyp-Gen:/seq14/images/228.jpg,PolypGen,pgen_seq14,train,1,3
/home/samsul/Documents/Polyp Detection/Polyp-Gen:/seq14/images/242.jpg,PolypGen,pgen_seq14,train,1,0
/home/samsul/Documents/Polyp Detection/Polyp-Gen:/seq14/images/56.jpg,PolypGen,pgen_seq14,train,1,0
/home/samsul/Documents/Polyp Detection/Polyp-Gen:/seq14/images/119.jpg,PolypGen,pgen_seq14,train,0,0
/home/samsul/Documents/Polyp Detection/Polyp-Gen:/seq14/images/201.jpg,PolypGen,pgen_seq14,train,1,1
/home/samsul/Documents/Polyp Detection/Polyp-Gen:/seq14/images/20.jpg,PolypGen,pgen_seq14,train,1,0
/home/samsul/Documents/Polyp Detection/Polyp-Gen:/seq14/images/46.jpg,PolypGen,pgen_seq14,train,1,0
/home/samsul/Documents/Polyp Detection/Polyp-Gen:/seq14/images/210.jpg,PolypGen,pgen_seq14,train,1,0
/home/samsul/Documents/Polyp Detection/Polyp-Gen:/seq14/images/122.jpg,PolypGen,pgen_seq14,train,0,0
/home/samsul/Documents/Polyp Detection/Polyp-Gen:/seq14/images/153.jpg,PolypGen,pgen_seq14,train,1,0
/home/samsul/Documents/Polyp Detection/Polyp-Gen:/seq14/images/127.jpg,PolypGen,pgen_seq14,train,1,1
/home/samsul/Documents/Polyp Detection/Polyp-Gen:/seq14/images/142.jpg,PolypGen,pgen_seq14,train,1,0
/home/samsul/Documents/Polyp Detection/Polyp-Gen:/seq14/images/202.jpg,PolypGen,pgen_seq14,train,1,0
/home/samsul/Documents/Polyp Detection/Polyp-Gen:/seq14/images/74.jpg,PolypGen,pgen_seq14,train,1,0
/home/samsul/Documents/Polyp Detection/Polyp-Gen:/seq14/images/136.jpg,PolypGen,pgen_seq14,train,1,0
/home/samsul/Documents/Polyp Detection/Polyp-Gen:/seq14/images/92.jpg,PolypGen,pgen_seq14,train,0,0
/home/samsul/Documents/Polyp Detection/Polyp-Gen:/seq14/images/185.jpg,PolypGen,pgen_seq14,train,1,0
/home/samsul/Documents/Polyp Detection/Polyp-Gen:/seq14/images/155.jpg,PolypGen,pgen_seq14,train,1,0
/home/samsul/Documents/Polyp Detection/Polyp-Gen:/seq14/images/7.jpg,PolypGen,pgen_seq14,train,0,0
/home/samsul/Documents/Polyp Detection/Polyp-Gen:/seq14/images/45.jpg,PolypGen,pgen_seq14,train,1,0
/home/samsul/Documents/Polyp Detection/Polyp-Gen:/seq14/images/128.jpg,PolypGen,pgen_seq14,train,1,0
/home/samsul/Documents/Polyp Detection/Polyp-Gen:/seq14/images/180.jpg,PolypGen,pgen_seq14,train,1,0
/home/samsul/Documents/Polyp Detection/Polyp-Gen:/seq14/images/73.jpg,PolypGen,pgen_seq14,train,1,0
/home/samsul/Documents/Polyp Detection/Polyp-Gen:/seq14/images/94.jpg,PolypGen,pgen_seq14,train,0,0
/home/samsul/Documents/Polyp Detection/Polyp-Gen:/seq14/images/132.jpg,PolypGen,pgen_seq14,train,1,0
/home/samsul/Documents/Polyp Detection/Polyp-Gen:/seq14/images/207.jpg,PolypGen,pgen_seq14,train,1,0
/home/samsul/Documents/Polyp Detection/Polyp-Gen:/seq14/images/151.jpg,PolypGen,pgen_seq14,train,1,3
/home/samsul/Documents/Polyp Detection/Polyp-Gen:/seq14/images/88.jpg,PolypGen,pgen_seq14,train,1,0
/home/samsul/Documents/Polyp Detection/Polyp-Gen:/seq14/images/65.jpg,PolypGen,pgen_seq14,train,1,0
/home/samsul/Documents/Polyp Detection/Polyp-Gen:/seq14/images/176.jpg,PolypGen,pgen_seq14,train,1,2
/home/samsul/Documents/Polyp Detection/Polyp-Gen:/seq14/images/161.jpg,PolypGen,pgen_seq14,train,1,0
/home/samsul/Documents/Polyp Detection/Polyp-Gen:/seq14/images/139.jpg,PolypGen,pgen_seq14,train,1,0
/home/samsul/Documents/Polyp Detection/Polyp-Gen:/seq14/images/77.jpg,PolypGen,pgen_seq14,train,1,0
/home/samsul/Documents/Polyp Detection/Polyp-Gen:/seq14/images/61.jpg,PolypGen,pgen_seq14,train,1,0
/home/samsul/Documents/Polyp Detection/Polyp-Gen:/seq14/images/149.jpg,PolypGen,pgen_seq14,train,1,0
/home/samsul/Documents/Polyp Detection/Polyp-Gen:/seq14/images/240.jpg,PolypGen,pgen_seq14,train,1,0
/home/samsul/Documents/Polyp Detection/Polyp-Gen:/seq14/images/224.jpg,PolypGen,pgen_seq14,train,1,0
/home/samsul/Documents/Polyp Detection/Polyp-Gen:/seq14/images/239.jpg,PolypGen,pgen_seq14,train,1,0
/home/samsul/Documents/Polyp Detection/Polyp-Gen:/seq14/images/130.jpg,PolypGen,pgen_seq14,train,1,0
/home/samsul/Documents/Polyp Detection/Polyp-Gen:/seq14/images/24.jpg,PolypGen,pgen_seq14,train,1,0
/home/samsul/Documents/Polyp Detection/Polyp-Gen:/seq14/images/203.jpg,PolypGen,pgen_seq14,train,1,0
/home/samsul/Documents/Polyp Detection/Polyp-Gen:/seq14/images/160.jpg,PolypGen,pgen_seq14,train,1,1
/home/samsul/Documents/Polyp Detection/Polyp-Gen:/seq14/images/243.jpg,PolypGen,pgen_seq14,train,1,0
/home/samsul/Documents/Polyp Detection/Polyp-Gen:/seq14/images/30.jpg,PolypGen,pgen_seq14,train,1,2
/home/samsul/Documents/Polyp Detection/Polyp-Gen:/seq14/images/187.jpg,PolypGen,pgen_seq14,train,1,2
/home/samsul/Documents/Polyp Detection/Polyp-Gen:/seq14/images/231.jpg,PolypGen,pgen_seq14,train,1,0
/home/samsul/Documents/Polyp Detection/Polyp-Gen:/seq14/images/181.jpg,PolypGen,pgen_seq14,train,1,0
/home/samsul/Documents/Polyp Detection/Polyp-Gen:/seq14/images/138.jpg,PolypGen,pgen_seq14,train,1,0
/home/samsul/Documents/Polyp Detection/Polyp-Gen:/seq14/images/2.jpg,PolypGen,pgen_seq14,train,0,0
/home/samsul/Documents/Polyp Detection/Polyp-Gen:/seq14/images/59.jpg,PolypGen,pgen_seq14,train,1,0
/home/samsul/Documents/Polyp Detection/Polyp-Gen:/seq14/images/214.jpg,PolypGen,pgen_seq14,train,1,0
/home/samsul/Documents/Polyp Detection/Polyp-Gen:/seq14/images/230.jpg,PolypGen,pgen_seq14,train,1,0
/home/samsul/Documents/Polyp Detection/Polyp-Gen:/seq14/images/137.jpg,PolypGen,pgen_seq14,train,1,0
/home/samsul/Documents/Polyp Detection/Polyp-Gen:/seq15/images/75.jpg,PolypGen,pgen_seq15,train,1,0
/home/samsul/Documents/Polyp Detection/Polyp-Gen:/seq15/images/71.jpg,PolypGen,pgen_seq15,train,1,0
/home/samsul/Documents/Polyp Detection/Polyp-Gen:/seq15/images/93.jpg,PolypGen,pgen_seq15,train,1,0
/home/samsul/Documents/Polyp Detection/Polyp-Gen:/seq15/images/76.jpg,PolypGen,pgen_seq15,train,1,0
/home/samsul/Documents/Polyp Detection/Polyp-Gen:/seq15/images/18.jpg,PolypGen,pgen_seq15,train,1,0
/home/samsul/Documents/Polyp Detection/Polyp-Gen:/seq15/images/111.jpg,PolypGen,pgen_seq15,train,1,0
/home/samsul/Documents/Polyp Detection/Polyp-Gen:/seq15/images/3.jpg,PolypGen,pgen_seq15,train,1,0
/home/samsul/Documents/Polyp Detection/Polyp-Gen:/seq15/images/49.jpg,PolypGen,pgen_seq15,train,1,1
/home/samsul/Documents/Polyp Detection/Polyp-Gen:/seq15/images/40.jpg,PolypGen,pgen_seq15,train,1,0
/home/samsul/Documents/Polyp Detection/Polyp-Gen:/seq15/images/68.jpg,PolypGen,pgen_seq15,train,1,0
/home/samsul/Documents/Polyp Detection/Polyp-Gen:/seq15/images/57.jpg,PolypGen,pgen_seq15,train,1,1
/home/samsul/Documents/Polyp Detection/Polyp-Gen:/seq15/images/81.jpg,PolypGen,pgen_seq15,train,1,0
/home/samsul/Documents/Polyp Detection/Polyp-Gen:/seq15/images/101.jpg,PolypGen,pgen_seq15,train,1,0
/home/samsul/Documents/Polyp Detection/Polyp-Gen:/seq15/images/104.jpg,PolypGen,pgen_seq15,train,1,0
/home/samsul/Documents/Polyp Detection/Polyp-Gen:/seq15/images/11.jpg,PolypGen,pgen_seq15,train,1,0
/home/samsul/Documents/Polyp Detection/Polyp-Gen:/seq15/images/29.jpg,PolypGen,pgen_seq15,train,1,1
/home/samsul/Documents/Polyp Detection/Polyp-Gen:/seq15/images/85.jpg,PolypGen,pgen_seq15,train,1,0
/home/samsul/Documents/Polyp Detection/Polyp-Gen:/seq15/images/54.jpg,PolypGen,pgen_seq15,train,1,1
/home/samsul/Documents/Polyp Detection/Polyp-Gen:/seq15/images/51.jpg,PolypGen,pgen_seq15,train,1,0
/home/samsul/Documents/Polyp Detection/Polyp-Gen:/seq15/images/6.jpg,PolypGen,pgen_seq15,train,1,0
/home/samsul/Documents/Polyp Detection/Polyp-Gen:/seq15/images/58.jpg,PolypGen,pgen_seq15,train,1,0
/home/samsul/Documents/Polyp Detection/Polyp-Gen:/seq15/images/66.jpg,PolypGen,pgen_seq15,train,1,0
/home/samsul/Documents/Polyp Detection/Polyp-Gen:/seq15/images/10.jpg,PolypGen,pgen_seq15,train,1,0
/home/samsul/Documents/Polyp Detection/Polyp-Gen:/seq15/images/34.jpg,PolypGen,pgen_seq15,train,1,1
/home/samsul/Documents/Polyp Detection/Polyp-Gen:/seq15/images/37.jpg,PolypGen,pgen_seq15,train,1,0
/home/samsul/Documents/Polyp Detection/Polyp-Gen:/seq15/images/110.jpg,PolypGen,pgen_seq15,train,1,0
/home/samsul/Documents/Polyp Detection/Polyp-Gen:/seq15/images/115.jpg,PolypGen,pgen_seq15,train,1,0
/home/samsul/Documents/Polyp Detection/Polyp-Gen:/seq15/images/67.jpg,PolypGen,pgen_seq15,train,1,0
/home/samsul/Documents/Polyp Detection/Polyp-Gen:/seq15/images/27.jpg,PolypGen,pgen_seq15,train,1,1
/home/samsul/Documents/Polyp Detection/Polyp-Gen:/seq15/images/82.jpg,PolypGen,pgen_seq15,train,1,0
/home/samsul/Documents/Polyp Detection/Polyp-Gen:/seq15/images/78.jpg,PolypGen,pgen_seq15,train,1,0
/home/samsul/Documents/Polyp Detection/Polyp-Gen:/seq15/images/62.jpg,PolypGen,pgen_seq15,train,1,0
/home/samsul/Documents/Polyp Detection/Polyp-Gen:/seq15/images/39.jpg,PolypGen,pgen_seq15,train,1,0
/home/samsul/Documents/Polyp Detection/Polyp-Gen:/seq15/images/89.jpg,PolypGen,pgen_seq15,train,1,0
/home/samsul/Documents/Polyp Detection/Polyp-Gen:/seq15/images/99.jpg,PolypGen,pgen_seq15,train,1,0
/home/samsul/Documents/Polyp Detection/Polyp-Gen:/seq15/images/105.jpg,PolypGen,pgen_seq15,train,1,0
/home/samsul/Documents/Polyp Detection/Polyp-Gen:/seq15/images/112.jpg,PolypGen,pgen_seq15,train,1,0
/home/samsul/Documents/Polyp Detection/Polyp-Gen:/seq15/images/86.jpg,PolypGen,pgen_seq15,train,1,0
/home/samsul/Documents/Polyp Detection/Polyp-Gen:/seq15/images/31.jpg,PolypGen,pgen_seq15,train,1,0
/home/samsul/Documents/Polyp Detection/Polyp-Gen:/seq15/images/8.jpg,PolypGen,pgen_seq15,train,1,0
/home/samsul/Documents/Polyp Detection/Polyp-Gen:/seq15/images/98.jpg,PolypGen,pgen_seq15,train,1,0
/home/samsul/Documents/Polyp Detection/Polyp-Gen:/seq15/images/103.jpg,PolypGen,pgen_seq15,train,1,0
/home/samsul/Documents/Polyp Detection/Polyp-Gen:/seq15/images/41.jpg,PolypGen,pgen_seq15,train,1,0
/home/samsul/Documents/Polyp Detection/Polyp-Gen:/seq15/images/109.jpg,PolypGen,pgen_seq15,train,1,0
/home/samsul/Documents/Polyp Detection/Polyp-Gen:/seq15/images/83.jpg,PolypGen,pgen_seq15,train,1,0
/home/samsul/Documents/Polyp Detection/Polyp-Gen:/seq15/images/79.jpg,PolypGen,pgen_seq15,train,1,0
/home/samsul/Documents/Polyp Detection/Polyp-Gen:/seq15/images/50.jpg,PolypGen,pgen_seq15,train,1,0
/home/samsul/Documents/Polyp Detection/Polyp-Gen:/seq15/images/1.jpg,PolypGen,pgen_seq15,train,1,0
/home/samsul/Documents/Polyp Detection/Polyp-Gen:/seq15/images/52.jpg,PolypGen,pgen_seq15,train,1,0
/home/samsul/Documents/Polyp Detection/Polyp-Gen:/seq15/images/95.jpg,PolypGen,pgen_seq15,train,1,0
/home/samsul/Documents/Polyp Detection/Polyp-Gen:/seq15/images/19.jpg,PolypGen,pgen_seq15,train,1,0
/home/samsul/Documents/Polyp Detection/Polyp-Gen:/seq15/images/60.jpg,PolypGen,pgen_seq15,train,1,0
/home/samsul/Documents/Polyp Detection/Polyp-Gen:/seq15/images/69.jpg,PolypGen,pgen_seq15,train,1,0
/home/samsul/Documents/Polyp Detection/Polyp-Gen:/seq15/images/14.jpg,PolypGen,pgen_seq15,train,1,0
/home/samsul/Documents/Polyp Detection/Polyp-Gen:/seq15/images/91.jpg,PolypGen,pgen_seq15,train,1,0
/home/samsul/Documents/Polyp Detection/Polyp-Gen:/seq15/images/70.jpg,PolypGen,pgen_seq15,train,1,0
/home/samsul/Documents/Polyp Detection/Polyp-Gen:/seq15/images/23.jpg,PolypGen,pgen_seq15,train,1,0
/home/samsul/Documents/Polyp Detection/Polyp-Gen:/seq15/images/64.jpg,PolypGen,pgen_seq15,train,1,0
/home/samsul/Documents/Polyp Detection/Polyp-Gen:/seq15/images/28.jpg,PolypGen,pgen_seq15,train,1,0
/home/samsul/Documents/Polyp Detection/Polyp-Gen:/seq15/images/17.jpg,PolypGen,pgen_seq15,train,1,0
/home/samsul/Documents/Polyp Detection/Polyp-Gen:/seq15/images/36.jpg,PolypGen,pgen_seq15,train,1,0
/home/samsul/Documents/Polyp Detection/Polyp-Gen:/seq15/images/87.jpg,PolypGen,pgen_seq15,train,1,0
/home/samsul/Documents/Polyp Detection/Polyp-Gen:/seq15/images/4.jpg,PolypGen,pgen_seq15,train,1,0
/home/samsul/Documents/Polyp Detection/Polyp-Gen:/seq15/images/5.jpg,PolypGen,pgen_seq15,train,1,0
/home/samsul/Documents/Polyp Detection/Polyp-Gen:/seq15/images/21.jpg,PolypGen,pgen_seq15,train,1,0
/home/samsul/Documents/Polyp Detection/Polyp-Gen:/seq15/images/72.jpg,PolypGen,pgen_seq15,train,1,0
/home/samsul/Documents/Polyp Detection/Polyp-Gen:/seq15/images/0.jpg,PolypGen,pgen_seq15,train,1,0
/home/samsul/Documents/Polyp Detection/Polyp-Gen:/seq15/images/113.jpg,PolypGen,pgen_seq15,train,1,0
/home/samsul/Documents/Polyp Detection/Polyp-Gen:/seq15/images/26.jpg,PolypGen,pgen_seq15,train,1,0
/home/samsul/Documents/Polyp Detection/Polyp-Gen:/seq15/images/12.jpg,PolypGen,pgen_seq15,train,1,0
/home/samsul/Documents/Polyp Detection/Polyp-Gen:/seq15/images/108.jpg,PolypGen,pgen_seq15,train,1,0
/home/samsul/Documents/Polyp Detection/Polyp-Gen:/seq15/images/22.jpg,PolypGen,pgen_seq15,train,1,0
/home/samsul/Documents/Polyp Detection/Polyp-Gen:/seq15/images/100.jpg,PolypGen,pgen_seq15,train,1,0
/home/samsul/Documents/Polyp Detection/Polyp-Gen:/seq15/images/32.jpg,PolypGen,pgen_seq15,train,1,0
/home/samsul/Documents/Polyp Detection/Polyp-Gen:/seq15/images/9.jpg,PolypGen,pgen_seq15,train,1,0
/home/samsul/Documents/Polyp Detection/Polyp-Gen:/seq15/images/44.jpg,PolypGen,pgen_seq15,train,1,0
/home/samsul/Documents/Polyp Detection/Polyp-Gen:/seq15/images/106.jpg,PolypGen,pgen_seq15,train,1,0
/home/samsul/Documents/Polyp Detection/Polyp-Gen:/seq15/images/80.jpg,PolypGen,pgen_seq15,train,1,0
/home/samsul/Documents/Polyp Detection/Polyp-Gen:/seq15/images/35.jpg,PolypGen,pgen_seq15,train,1,0
/home/samsul/Documents/Polyp Detection/Polyp-Gen:/seq15/images/48.jpg,PolypGen,pgen_seq15,train,1,1
/home/samsul/Documents/Polyp Detection/Polyp-Gen:/seq15/images/33.jpg,PolypGen,pgen_seq15,train,1,1
/home/samsul/Documents/Polyp Detection/Polyp-Gen:/seq15/images/43.jpg,PolypGen,pgen_seq15,train,1,0
/home/samsul/Documents/Polyp Detection/Polyp-Gen:/seq15/images/90.jpg,PolypGen,pgen_seq15,train,1,0
/home/samsul/Documents/Polyp Detection/Polyp-Gen:/seq15/images/55.jpg,PolypGen,pgen_seq15,train,1,0
/home/samsul/Documents/Polyp Detection/Polyp-Gen:/seq15/images/47.jpg,PolypGen,pgen_seq15,train,1,1
/home/samsul/Documents/Polyp Detection/Polyp-Gen:/seq15/images/13.jpg,PolypGen,pgen_seq15,train,1,0
/home/samsul/Documents/Polyp Detection/Polyp-Gen:/seq15/images/53.jpg,PolypGen,pgen_seq15,train,1,0
/home/samsul/Documents/Polyp Detection/Polyp-Gen:/seq15/images/16.jpg,PolypGen,pgen_seq15,train,1,0
/home/samsul/Documents/Polyp Detection/Polyp-Gen:/seq15/images/42.jpg,PolypGen,pgen_seq15,train,1,0
/home/samsul/Documents/Polyp Detection/Polyp-Gen:/seq15/images/114.jpg,PolypGen,pgen_seq15,train,1,0
/home/samsul/Documents/Polyp Detection/Polyp-Gen:/seq15/images/38.jpg,PolypGen,pgen_seq15,train,1,0
/home/samsul/Documents/Polyp Detection/Polyp-Gen:/seq15/images/15.jpg,PolypGen,pgen_seq15,train,1,0
/home/samsul/Documents/Polyp Detection/Polyp-Gen:/seq15/images/25.jpg,PolypGen,pgen_seq15,train,1,0
/home/samsul/Documents/Polyp Detection/Polyp-Gen:/seq15/images/96.jpg,PolypGen,pgen_seq15,train,1,0
/home/samsul/Documents/Polyp Detection/Polyp-Gen:/seq15/images/84.jpg,PolypGen,pgen_seq15,train,1,0
/home/samsul/Documents/Polyp Detection/Polyp-Gen:/seq15/images/107.jpg,PolypGen,pgen_seq15,train,1,0
/home/samsul/Documents/Polyp Detection/Polyp-Gen:/seq15/images/97.jpg,PolypGen,pgen_seq15,train,1,0
/home/samsul/Documents/Polyp Detection/Polyp-Gen:/seq15/images/102.jpg,PolypGen,pgen_seq15,train,1,0
/home/samsul/Documents/Polyp Detection/Polyp-Gen:/seq15/images/63.jpg,PolypGen,pgen_seq15,train,1,0
/home/samsul/Documents/Polyp Detection/Polyp-Gen:/seq15/images/56.jpg,PolypGen,pgen_seq15,train,1,0
/home/samsul/Documents/Polyp Detection/Polyp-Gen:/seq15/images/20.jpg,PolypGen,pgen_seq15,train,1,0
/home/samsul/Documents/Polyp Detection/Polyp-Gen:/seq15/images/46.jpg,PolypGen,pgen_seq15,train,1,0
/home/samsul/Documents/Polyp Detection/Polyp-Gen:/seq15/images/74.jpg,PolypGen,pgen_seq15,train,1,0
/home/samsul/Documents/Polyp Detection/Polyp-Gen:/seq15/images/92.jpg,PolypGen,pgen_seq15,train,1,0
/home/samsul/Documents/Polyp Detection/Polyp-Gen:/seq15/images/7.jpg,PolypGen,pgen_seq15,train,1,0
/home/samsul/Documents/Polyp Detection/Polyp-Gen:/seq15/images/45.jpg,PolypGen,pgen_seq15,train,1,0
/home/samsul/Documents/Polyp Detection/Polyp-Gen:/seq15/images/73.jpg,PolypGen,pgen_seq15,train,1,0
/home/samsul/Documents/Polyp Detection/Polyp-Gen:/seq15/images/94.jpg,PolypGen,pgen_seq15,train,1,0
/home/samsul/Documents/Polyp Detection/Polyp-Gen:/seq15/images/88.jpg,PolypGen,pgen_seq15,train,1,0
/home/samsul/Documents/Polyp Detection/Polyp-Gen:/seq15/images/65.jpg,PolypGen,pgen_seq15,train,1,0
/home/samsul/Documents/Polyp Detection/Polyp-Gen:/seq15/images/77.jpg,PolypGen,pgen_seq15,train,1,0
/home/samsul/Documents/Polyp Detection/Polyp-Gen:/seq15/images/61.jpg,PolypGen,pgen_seq15,train,1,0
/home/samsul/Documents/Polyp Detection/Polyp-Gen:/seq15/images/24.jpg,PolypGen,pgen_seq15,train,1,0
/home/samsul/Documents/Polyp Detection/Polyp-Gen:/seq15/images/30.jpg,PolypGen,pgen_seq15,train,1,1
/home/samsul/Documents/Polyp Detection/Polyp-Gen:/seq15/images/2.jpg,PolypGen,pgen_seq15,train,1,0
/home/samsul/Documents/Polyp Detection/Polyp-Gen:/seq15/images/59.jpg,PolypGen,pgen_seq15,train,1,0
/home/samsul/Documents/Polyp Detection/Polyp-Gen:/seq16/images/18.jpg,PolypGen,pgen_seq16,train,1,0
/home/samsul/Documents/Polyp Detection/Polyp-Gen:/seq16/images/3.jpg,PolypGen,pgen_seq16,train,1,0
/home/samsul/Documents/Polyp Detection/Polyp-Gen:/seq16/images/11.jpg,PolypGen,pgen_seq16,train,1,0
/home/samsul/Documents/Polyp Detection/Polyp-Gen:/seq16/images/29.jpg,PolypGen,pgen_seq16,train,1,0
/home/samsul/Documents/Polyp Detection/Polyp-Gen:/seq16/images/6.jpg,PolypGen,pgen_seq16,train,0,0
/home/samsul/Documents/Polyp Detection/Polyp-Gen:/seq16/images/10.jpg,PolypGen,pgen_seq16,train,1,0
/home/samsul/Documents/Polyp Detection/Polyp-Gen:/seq16/images/34.jpg,PolypGen,pgen_seq16,train,0,0
/home/samsul/Documents/Polyp Detection/Polyp-Gen:/seq16/images/37.jpg,PolypGen,pgen_seq16,train,1,0
/home/samsul/Documents/Polyp Detection/Polyp-Gen:/seq16/images/27.jpg,PolypGen,pgen_seq16,train,1,0
/home/samsul/Documents/Polyp Detection/Polyp-Gen:/seq16/images/39.jpg,PolypGen,pgen_seq16,train,1,0
/home/samsul/Documents/Polyp Detection/Polyp-Gen:/seq16/images/31.jpg,PolypGen,pgen_seq16,train,1,0
/home/samsul/Documents/Polyp Detection/Polyp-Gen:/seq16/images/8.jpg,PolypGen,pgen_seq16,train,1,0
/home/samsul/Documents/Polyp Detection/Polyp-Gen:/seq16/images/1.jpg,PolypGen,pgen_seq16,train,0,0
/home/samsul/Documents/Polyp Detection/Polyp-Gen:/seq16/images/19.jpg,PolypGen,pgen_seq16,train,1,0
/home/samsul/Documents/Polyp Detection/Polyp-Gen:/seq16/images/14.jpg,PolypGen,pgen_seq16,train,1,0
/home/samsul/Documents/Polyp Detection/Polyp-Gen:/seq16/images/23.jpg,PolypGen,pgen_seq16,train,0,0
/home/samsul/Documents/Polyp Detection/Polyp-Gen:/seq16/images/28.jpg,PolypGen,pgen_seq16,train,1,0
/home/samsul/Documents/Polyp Detection/Polyp-Gen:/seq16/images/17.jpg,PolypGen,pgen_seq16,train,1,0
/home/samsul/Documents/Polyp Detection/Polyp-Gen:/seq16/images/36.jpg,PolypGen,pgen_seq16,train,1,0
/home/samsul/Documents/Polyp Detection/Polyp-Gen:/seq16/images/4.jpg,PolypGen,pgen_seq16,train,1,0
/home/samsul/Documents/Polyp Detection/Polyp-Gen:/seq16/images/5.jpg,PolypGen,pgen_seq16,train,1,0
/home/samsul/Documents/Polyp Detection/Polyp-Gen:/seq16/images/21.jpg,PolypGen,pgen_seq16,train,1,0
/home/samsul/Documents/Polyp Detection/Polyp-Gen:/seq16/images/0.jpg,PolypGen,pgen_seq16,train,0,0
/home/samsul/Documents/Polyp Detection/Polyp-Gen:/seq16/images/26.jpg,PolypGen,pgen_seq16,train,1,0
/home/samsul/Documents/Polyp Detection/Polyp-Gen:/seq16/images/12.jpg,PolypGen,pgen_seq16,train,0,0
/home/samsul/Documents/Polyp Detection/Polyp-Gen:/seq16/images/22.jpg,PolypGen,pgen_seq16,train,1,0
/home/samsul/Documents/Polyp Detection/Polyp-Gen:/seq16/images/32.jpg,PolypGen,pgen_seq16,train,1,0
/home/samsul/Documents/Polyp Detection/Polyp-Gen:/seq16/images/9.jpg,PolypGen,pgen_seq16,train,1,0
/home/samsul/Documents/Polyp Detection/Polyp-Gen:/seq16/images/35.jpg,PolypGen,pgen_seq16,train,0,0
/home/samsul/Documents/Polyp Detection/Polyp-Gen:/seq16/images/33.jpg,PolypGen,pgen_seq16,train,1,0
/home/samsul/Documents/Polyp Detection/Polyp-Gen:/seq16/images/13.jpg,PolypGen,pgen_seq16,train,1,0
/home/samsul/Documents/Polyp Detection/Polyp-Gen:/seq16/images/16.jpg,PolypGen,pgen_seq16,train,1,0
/home/samsul/Documents/Polyp Detection/Polyp-Gen:/seq16/images/38.jpg,PolypGen,pgen_seq16,train,1,0
/home/samsul/Documents/Polyp Detection/Polyp-Gen:/seq16/images/15.jpg,PolypGen,pgen_seq16,train,1,0
/home/samsul/Documents/Polyp Detection/Polyp-Gen:/seq16/images/25.jpg,PolypGen,pgen_seq16,train,1,0
/home/samsul/Documents/Polyp Detection/Polyp-Gen:/seq16/images/20.jpg,PolypGen,pgen_seq16,train,1,0
/home/samsul/Documents/Polyp Detection/Polyp-Gen:/seq16/images/7.jpg,PolypGen,pgen_seq16,train,1,0
/home/samsul/Documents/Polyp Detection/Polyp-Gen:/seq16/images/24.jpg,PolypGen,pgen_seq16,train,1,0
/home/samsul/Documents/Polyp Detection/Polyp-Gen:/seq16/images/30.jpg,PolypGen,pgen_seq16,train,1,0
/home/samsul/Documents/Polyp Detection/Polyp-Gen:/seq16/images/2.jpg,PolypGen,pgen_seq16,train,1,0
/home/samsul/Documents/Polyp Detection/Polyp-Gen:/seq17/images/18.jpg,PolypGen,pgen_seq17,train,1,0
/home/samsul/Documents/Polyp Detection/Polyp-Gen:/seq17/images/3.jpg,PolypGen,pgen_seq17,train,0,0
/home/samsul/Documents/Polyp Detection/Polyp-Gen:/seq17/images/49.jpg,PolypGen,pgen_seq17,train,1,0
/home/samsul/Documents/Polyp Detection/Polyp-Gen:/seq17/images/40.jpg,PolypGen,pgen_seq17,train,1,0
/home/samsul/Documents/Polyp Detection/Polyp-Gen:/seq17/images/57.jpg,PolypGen,pgen_seq17,train,0,0
/home/samsul/Documents/Polyp Detection/Polyp-Gen:/seq17/images/11.jpg,PolypGen,pgen_seq17,train,1,0
/home/samsul/Documents/Polyp Detection/Polyp-Gen:/seq17/images/29.jpg,PolypGen,pgen_seq17,train,1,0
/home/samsul/Documents/Polyp Detection/Polyp-Gen:/seq17/images/54.jpg,PolypGen,pgen_seq17,train,1,0
/home/samsul/Documents/Polyp Detection/Polyp-Gen:/seq17/images/51.jpg,PolypGen,pgen_seq17,train,1,0
/home/samsul/Documents/Polyp Detection/Polyp-Gen:/seq17/images/6.jpg,PolypGen,pgen_seq17,train,0,0
/home/samsul/Documents/Polyp Detection/Polyp-Gen:/seq17/images/58.jpg,PolypGen,pgen_seq17,train,1,0
/home/samsul/Documents/Polyp Detection/Polyp-Gen:/seq17/images/10.jpg,PolypGen,pgen_seq17,train,1,0
/home/samsul/Documents/Polyp Detection/Polyp-Gen:/seq17/images/34.jpg,PolypGen,pgen_seq17,train,1,0
/home/samsul/Documents/Polyp Detection/Polyp-Gen:/seq17/images/37.jpg,PolypGen,pgen_seq17,train,1,0
/home/samsul/Documents/Polyp Detection/Polyp-Gen:/seq17/images/27.jpg,PolypGen,pgen_seq17,train,1,0
/home/samsul/Documents/Polyp Detection/Polyp-Gen:/seq17/images/62.jpg,PolypGen,pgen_seq17,train,0,0
/home/samsul/Documents/Polyp Detection/Polyp-Gen:/seq17/images/39.jpg,PolypGen,pgen_seq17,train,1,0
/home/samsul/Documents/Polyp Detection/Polyp-Gen:/seq17/images/31.jpg,PolypGen,pgen_seq17,train,1,0
/home/samsul/Documents/Polyp Detection/Polyp-Gen:/seq17/images/8.jpg,PolypGen,pgen_seq17,train,0,0
/home/samsul/Documents/Polyp Detection/Polyp-Gen:/seq17/images/41.jpg,PolypGen,pgen_seq17,train,0,0
/home/samsul/Documents/Polyp Detection/Polyp-Gen:/seq17/images/50.jpg,PolypGen,pgen_seq17,train,1,0
/home/samsul/Documents/Polyp Detection/Polyp-Gen:/seq17/images/1.jpg,PolypGen,pgen_seq17,train,0,0
/home/samsul/Documents/Polyp Detection/Polyp-Gen:/seq17/images/52.jpg,PolypGen,pgen_seq17,train,1,0
/home/samsul/Documents/Polyp Detection/Polyp-Gen:/seq17/images/19.jpg,PolypGen,pgen_seq17,train,1,0
/home/samsul/Documents/Polyp Detection/Polyp-Gen:/seq17/images/60.jpg,PolypGen,pgen_seq17,train,1,0
/home/samsul/Documents/Polyp Detection/Polyp-Gen:/seq17/images/14.jpg,PolypGen,pgen_seq17,train,1,0
/home/samsul/Documents/Polyp Detection/Polyp-Gen:/seq17/images/23.jpg,PolypGen,pgen_seq17,train,1,0
/home/samsul/Documents/Polyp Detection/Polyp-Gen:/seq17/images/28.jpg,PolypGen,pgen_seq17,train,1,0
/home/samsul/Documents/Polyp Detection/Polyp-Gen:/seq17/images/17.jpg,PolypGen,pgen_seq17,train,1,0
/home/samsul/Documents/Polyp Detection/Polyp-Gen:/seq17/images/36.jpg,PolypGen,pgen_seq17,train,1,0
/home/samsul/Documents/Polyp Detection/Polyp-Gen:/seq17/images/4.jpg,PolypGen,pgen_seq17,train,0,0
/home/samsul/Documents/Polyp Detection/Polyp-Gen:/seq17/images/5.jpg,PolypGen,pgen_seq17,train,0,0
/home/samsul/Documents/Polyp Detection/Polyp-Gen:/seq17/images/21.jpg,PolypGen,pgen_seq17,train,1,0
/home/samsul/Documents/Polyp Detection/Polyp-Gen:/seq17/images/0.jpg,PolypGen,pgen_seq17,train,0,0
/home/samsul/Documents/Polyp Detection/Polyp-Gen:/seq17/images/26.jpg,PolypGen,pgen_seq17,train,1,0
/home/samsul/Documents/Polyp Detection/Polyp-Gen:/seq17/images/12.jpg,PolypGen,pgen_seq17,train,1,0
/home/samsul/Documents/Polyp Detection/Polyp-Gen:/seq17/images/22.jpg,PolypGen,pgen_seq17,train,1,0
/home/samsul/Documents/Polyp Detection/Polyp-Gen:/seq17/images/32.jpg,PolypGen,pgen_seq17,train,1,0
/home/samsul/Documents/Polyp Detection/Polyp-Gen:/seq17/images/9.jpg,PolypGen,pgen_seq17,train,1,0
/home/samsul/Documents/Polyp Detection/Polyp-Gen:/seq17/images/44.jpg,PolypGen,pgen_seq17,train,1,0
/home/samsul/Documents/Polyp Detection/Polyp-Gen:/seq17/images/35.jpg,PolypGen,pgen_seq17,train,0,0
/home/samsul/Documents/Polyp Detection/Polyp-Gen:/seq17/images/48.jpg,PolypGen,pgen_seq17,train,1,0
/home/samsul/Documents/Polyp Detection/Polyp-Gen:/seq17/images/33.jpg,PolypGen,pgen_seq17,train,1,0
/home/samsul/Documents/Polyp Detection/Polyp-Gen:/seq17/images/43.jpg,PolypGen,pgen_seq17,train,0,0
/home/samsul/Documents/Polyp Detection/Polyp-Gen:/seq17/images/55.jpg,PolypGen,pgen_seq17,train,1,0
/home/samsul/Documents/Polyp Detection/Polyp-Gen:/seq17/images/47.jpg,PolypGen,pgen_seq17,train,1,0
/home/samsul/Documents/Polyp Detection/Polyp-Gen:/seq17/images/13.jpg,PolypGen,pgen_seq17,train,0,0
/home/samsul/Documents/Polyp Detection/Polyp-Gen:/seq17/images/53.jpg,PolypGen,pgen_seq17,train,1,0
/home/samsul/Documents/Polyp Detection/Polyp-Gen:/seq17/images/16.jpg,PolypGen,pgen_seq17,train,1,0
/home/samsul/Documents/Polyp Detection/Polyp-Gen:/seq17/images/42.jpg,PolypGen,pgen_seq17,train,1,0
/home/samsul/Documents/Polyp Detection/Polyp-Gen:/seq17/images/38.jpg,PolypGen,pgen_seq17,train,0,0
/home/samsul/Documents/Polyp Detection/Polyp-Gen:/seq17/images/15.jpg,PolypGen,pgen_seq17,train,1,0
/home/samsul/Documents/Polyp Detection/Polyp-Gen:/seq17/images/25.jpg,PolypGen,pgen_seq17,train,1,0
/home/samsul/Documents/Polyp Detection/Polyp-Gen:/seq17/images/56.jpg,PolypGen,pgen_seq17,train,1,0
/home/samsul/Documents/Polyp Detection/Polyp-Gen:/seq17/images/20.jpg,PolypGen,pgen_seq17,train,1,0
/home/samsul/Documents/Polyp Detection/Polyp-Gen:/seq17/images/46.jpg,PolypGen,pgen_seq17,train,0,0
/home/samsul/Documents/Polyp Detection/Polyp-Gen:/seq17/images/7.jpg,PolypGen,pgen_seq17,train,0,0
/home/samsul/Documents/Polyp Detection/Polyp-Gen:/seq17/images/45.jpg,PolypGen,pgen_seq17,train,1,0
/home/samsul/Documents/Polyp Detection/Polyp-Gen:/seq17/images/61.jpg,PolypGen,pgen_seq17,train,0,0
/home/samsul/Documents/Polyp Detection/Polyp-Gen:/seq17/images/24.jpg,PolypGen,pgen_seq17,train,0,0
/home/samsul/Documents/Polyp Detection/Polyp-Gen:/seq17/images/30.jpg,PolypGen,pgen_seq17,train,1,0
/home/samsul/Documents/Polyp Detection/Polyp-Gen:/seq17/images/2.jpg,PolypGen,pgen_seq17,train,0,0
/home/samsul/Documents/Polyp Detection/Polyp-Gen:/seq17/images/59.jpg,PolypGen,pgen_seq17,train,1,0
/home/samsul/Documents/Polyp Detection/Polyp-Gen:/seq18/images/18.jpg,PolypGen,pgen_seq18,train,1,0
/home/samsul/Documents/Polyp Detection/Polyp-Gen:/seq18/images/3.jpg,PolypGen,pgen_seq18,train,1,0
/home/samsul/Documents/Polyp Detection/Polyp-Gen:/seq18/images/49.jpg,PolypGen,pgen_seq18,train,1,0
/home/samsul/Documents/Polyp Detection/Polyp-Gen:/seq18/images/40.jpg,PolypGen,pgen_seq18,train,1,0
/home/samsul/Documents/Polyp Detection/Polyp-Gen:/seq18/images/57.jpg,PolypGen,pgen_seq18,train,1,0
/home/samsul/Documents/Polyp Detection/Polyp-Gen:/seq18/images/11.jpg,PolypGen,pgen_seq18,train,1,0
/home/samsul/Documents/Polyp Detection/Polyp-Gen:/seq18/images/29.jpg,PolypGen,pgen_seq18,train,1,0
/home/samsul/Documents/Polyp Detection/Polyp-Gen:/seq18/images/54.jpg,PolypGen,pgen_seq18,train,0,0
/home/samsul/Documents/Polyp Detection/Polyp-Gen:/seq18/images/51.jpg,PolypGen,pgen_seq18,train,0,0
/home/samsul/Documents/Polyp Detection/Polyp-Gen:/seq18/images/6.jpg,PolypGen,pgen_seq18,train,1,0
/home/samsul/Documents/Polyp Detection/Polyp-Gen:/seq18/images/58.jpg,PolypGen,pgen_seq18,train,0,0
/home/samsul/Documents/Polyp Detection/Polyp-Gen:/seq18/images/10.jpg,PolypGen,pgen_seq18,train,1,0
/home/samsul/Documents/Polyp Detection/Polyp-Gen:/seq18/images/34.jpg,PolypGen,pgen_seq18,train,1,0
/home/samsul/Documents/Polyp Detection/Polyp-Gen:/seq18/images/37.jpg,PolypGen,pgen_seq18,train,1,0
/home/samsul/Documents/Polyp Detection/Polyp-Gen:/seq18/images/27.jpg,PolypGen,pgen_seq18,train,1,0
/home/samsul/Documents/Polyp Detection/Polyp-Gen:/seq18/images/62.jpg,PolypGen,pgen_seq18,train,1,0
/home/samsul/Documents/Polyp Detection/Polyp-Gen:/seq18/images/39.jpg,PolypGen,pgen_seq18,train,1,0
/home/samsul/Documents/Polyp Detection/Polyp-Gen:/seq18/images/31.jpg,PolypGen,pgen_seq18,train,1,0
/home/samsul/Documents/Polyp Detection/Polyp-Gen:/seq18/images/8.jpg,PolypGen,pgen_seq18,train,1,0
/home/samsul/Documents/Polyp Detection/Polyp-Gen:/seq18/images/41.jpg,PolypGen,pgen_seq18,train,1,0
/home/samsul/Documents/Polyp Detection/Polyp-Gen:/seq18/images/50.jpg,PolypGen,pgen_seq18,train,1,0
/home/samsul/Documents/Polyp Detection/Polyp-Gen:/seq18/images/1.jpg,PolypGen,pgen_seq18,train,1,0
/home/samsul/Documents/Polyp Detection/Polyp-Gen:/seq18/images/52.jpg,PolypGen,pgen_seq18,train,1,0
/home/samsul/Documents/Polyp Detection/Polyp-Gen:/seq18/images/19.jpg,PolypGen,pgen_seq18,train,1,0
/home/samsul/Documents/Polyp Detection/Polyp-Gen:/seq18/images/60.jpg,PolypGen,pgen_seq18,train,0,0
/home/samsul/Documents/Polyp Detection/Polyp-Gen:/seq18/images/14.jpg,PolypGen,pgen_seq18,train,1,0
/home/samsul/Documents/Polyp Detection/Polyp-Gen:/seq18/images/23.jpg,PolypGen,pgen_seq18,train,1,0
/home/samsul/Documents/Polyp Detection/Polyp-Gen:/seq18/images/28.jpg,PolypGen,pgen_seq18,train,1,0
/home/samsul/Documents/Polyp Detection/Polyp-Gen:/seq18/images/17.jpg,PolypGen,pgen_seq18,train,1,0
/home/samsul/Documents/Polyp Detection/Polyp-Gen:/seq18/images/36.jpg,PolypGen,pgen_seq18,train,1,0
/home/samsul/Documents/Polyp Detection/Polyp-Gen:/seq18/images/4.jpg,PolypGen,pgen_seq18,train,1,0
/home/samsul/Documents/Polyp Detection/Polyp-Gen:/seq18/images/5.jpg,PolypGen,pgen_seq18,train,1,0
/home/samsul/Documents/Polyp Detection/Polyp-Gen:/seq18/images/21.jpg,PolypGen,pgen_seq18,train,1,0
/home/samsul/Documents/Polyp Detection/Polyp-Gen:/seq18/images/0.jpg,PolypGen,pgen_seq18,train,1,0
/home/samsul/Documents/Polyp Detection/Polyp-Gen:/seq18/images/26.jpg,PolypGen,pgen_seq18,train,1,0
/home/samsul/Documents/Polyp Detection/Polyp-Gen:/seq18/images/12.jpg,PolypGen,pgen_seq18,train,1,0
/home/samsul/Documents/Polyp Detection/Polyp-Gen:/seq18/images/22.jpg,PolypGen,pgen_seq18,train,1,0
/home/samsul/Documents/Polyp Detection/Polyp-Gen:/seq18/images/32.jpg,PolypGen,pgen_seq18,train,1,0
/home/samsul/Documents/Polyp Detection/Polyp-Gen:/seq18/images/9.jpg,PolypGen,pgen_seq18,train,1,0
/home/samsul/Documents/Polyp Detection/Polyp-Gen:/seq18/images/44.jpg,PolypGen,pgen_seq18,train,1,0
/home/samsul/Documents/Polyp Detection/Polyp-Gen:/seq18/images/35.jpg,PolypGen,pgen_seq18,train,1,0
/home/samsul/Documents/Polyp Detection/Polyp-Gen:/seq18/images/48.jpg,PolypGen,pgen_seq18,train,1,0
/home/samsul/Documents/Polyp Detection/Polyp-Gen:/seq18/images/33.jpg,PolypGen,pgen_seq18,train,1,0
/home/samsul/Documents/Polyp Detection/Polyp-Gen:/seq18/images/43.jpg,PolypGen,pgen_seq18,train,1,0
/home/samsul/Documents/Polyp Detection/Polyp-Gen:/seq18/images/55.jpg,PolypGen,pgen_seq18,train,0,0
/home/samsul/Documents/Polyp Detection/Polyp-Gen:/seq18/images/47.jpg,PolypGen,pgen_seq18,train,1,0
/home/samsul/Documents/Polyp Detection/Polyp-Gen:/seq18/images/13.jpg,PolypGen,pgen_seq18,train,1,0
/home/samsul/Documents/Polyp Detection/Polyp-Gen:/seq18/images/53.jpg,PolypGen,pgen_seq18,train,1,0
/home/samsul/Documents/Polyp Detection/Polyp-Gen:/seq18/images/16.jpg,PolypGen,pgen_seq18,train,1,0
/home/samsul/Documents/Polyp Detection/Polyp-Gen:/seq18/images/42.jpg,PolypGen,pgen_seq18,train,1,0
/home/samsul/Documents/Polyp Detection/Polyp-Gen:/seq18/images/38.jpg,PolypGen,pgen_seq18,train,1,0
/home/samsul/Documents/Polyp Detection/Polyp-Gen:/seq18/images/15.jpg,PolypGen,pgen_seq18,train,1,0
/home/samsul/Documents/Polyp Detection/Polyp-Gen:/seq18/images/25.jpg,PolypGen,pgen_seq18,train,1,0
/home/samsul/Documents/Polyp Detection/Polyp-Gen:/seq18/images/56.jpg,PolypGen,pgen_seq18,train,0,0
/home/samsul/Documents/Polyp Detection/Polyp-Gen:/seq18/images/20.jpg,PolypGen,pgen_seq18,train,1,0
/home/samsul/Documents/Polyp Detection/Polyp-Gen:/seq18/images/46.jpg,PolypGen,pgen_seq18,train,1,0
/home/samsul/Documents/Polyp Detection/Polyp-Gen:/seq18/images/7.jpg,PolypGen,pgen_seq18,train,1,0
/home/samsul/Documents/Polyp Detection/Polyp-Gen:/seq18/images/45.jpg,PolypGen,pgen_seq18,train,1,0
/home/samsul/Documents/Polyp Detection/Polyp-Gen:/seq18/images/61.jpg,PolypGen,pgen_seq18,train,1,0
/home/samsul/Documents/Polyp Detection/Polyp-Gen:/seq18/images/24.jpg,PolypGen,pgen_seq18,train,1,0
/home/samsul/Documents/Polyp Detection/Polyp-Gen:/seq18/images/30.jpg,PolypGen,pgen_seq18,train,1,0
/home/samsul/Documents/Polyp Detection/Polyp-Gen:/seq18/images/2.jpg,PolypGen,pgen_seq18,train,1,0
/home/samsul/Documents/Polyp Detection/Polyp-Gen:/seq18/images/59.jpg,PolypGen,pgen_seq18,train,0,0
/home/samsul/Documents/Polyp Detection/Polyp-Gen:/seq19/images/18.jpg,PolypGen,pgen_seq19,train,1,0
/home/samsul/Documents/Polyp Detection/Polyp-Gen:/seq19/images/3.jpg,PolypGen,pgen_seq19,train,1,0
/home/samsul/Documents/Polyp Detection/Polyp-Gen:/seq19/images/49.jpg,PolypGen,pgen_seq19,train,0,0
/home/samsul/Documents/Polyp Detection/Polyp-Gen:/seq19/images/40.jpg,PolypGen,pgen_seq19,train,1,0
/home/samsul/Documents/Polyp Detection/Polyp-Gen:/seq19/images/11.jpg,PolypGen,pgen_seq19,train,1,0
/home/samsul/Documents/Polyp Detection/Polyp-Gen:/seq19/images/29.jpg,PolypGen,pgen_seq19,train,1,0
/home/samsul/Documents/Polyp Detection/Polyp-Gen:/seq19/images/54.jpg,PolypGen,pgen_seq19,train,1,0
/home/samsul/Documents/Polyp Detection/Polyp-Gen:/seq19/images/51.jpg,PolypGen,pgen_seq19,train,1,0
/home/samsul/Documents/Polyp Detection/Polyp-Gen:/seq19/images/6.jpg,PolypGen,pgen_seq19,train,1,0
/home/samsul/Documents/Polyp Detection/Polyp-Gen:/seq19/images/10.jpg,PolypGen,pgen_seq19,train,1,0
/home/samsul/Documents/Polyp Detection/Polyp-Gen:/seq19/images/34.jpg,PolypGen,pgen_seq19,train,1,0
/home/samsul/Documents/Polyp Detection/Polyp-Gen:/seq19/images/37.jpg,PolypGen,pgen_seq19,train,1,0
/home/samsul/Documents/Polyp Detection/Polyp-Gen:/seq19/images/27.jpg,PolypGen,pgen_seq19,train,1,0
/home/samsul/Documents/Polyp Detection/Polyp-Gen:/seq19/images/39.jpg,PolypGen,pgen_seq19,train,1,0
/home/samsul/Documents/Polyp Detection/Polyp-Gen:/seq19/images/31.jpg,PolypGen,pgen_seq19,train,1,0
/home/samsul/Documents/Polyp Detection/Polyp-Gen:/seq19/images/8.jpg,PolypGen,pgen_seq19,train,1,0
/home/samsul/Documents/Polyp Detection/Polyp-Gen:/seq19/images/41.jpg,PolypGen,pgen_seq19,train,1,0
/home/samsul/Documents/Polyp Detection/Polyp-Gen:/seq19/images/50.jpg,PolypGen,pgen_seq19,train,1,0
/home/samsul/Documents/Polyp Detection/Polyp-Gen:/seq19/images/1.jpg,PolypGen,pgen_seq19,train,1,0
/home/samsul/Documents/Polyp Detection/Polyp-Gen:/seq19/images/52.jpg,PolypGen,pgen_seq19,train,1,0
/home/samsul/Documents/Polyp Detection/Polyp-Gen:/seq19/images/19.jpg,PolypGen,pgen_seq19,train,1,0
/home/samsul/Documents/Polyp Detection/Polyp-Gen:/seq19/images/14.jpg,PolypGen,pgen_seq19,train,1,0
/home/samsul/Documents/Polyp Detection/Polyp-Gen:/seq19/images/23.jpg,PolypGen,pgen_seq19,train,1,0
/home/samsul/Documents/Polyp Detection/Polyp-Gen:/seq19/images/28.jpg,PolypGen,pgen_seq19,train,1,0
/home/samsul/Documents/Polyp Detection/Polyp-Gen:/seq19/images/17.jpg,PolypGen,pgen_seq19,train,1,0
/home/samsul/Documents/Polyp Detection/Polyp-Gen:/seq19/images/36.jpg,PolypGen,pgen_seq19,train,1,0
/home/samsul/Documents/Polyp Detection/Polyp-Gen:/seq19/images/4.jpg,PolypGen,pgen_seq19,train,1,0
/home/samsul/Documents/Polyp Detection/Polyp-Gen:/seq19/images/5.jpg,PolypGen,pgen_seq19,train,1,0
/home/samsul/Documents/Polyp Detection/Polyp-Gen:/seq19/images/21.jpg,PolypGen,pgen_seq19,train,1,0
/home/samsul/Documents/Polyp Detection/Polyp-Gen:/seq19/images/0.jpg,PolypGen,pgen_seq19,train,1,0
/home/samsul/Documents/Polyp Detection/Polyp-Gen:/seq19/images/26.jpg,PolypGen,pgen_seq19,train,1,0
/home/samsul/Documents/Polyp Detection/Polyp-Gen:/seq19/images/12.jpg,PolypGen,pgen_seq19,train,1,0
/home/samsul/Documents/Polyp Detection/Polyp-Gen:/seq19/images/22.jpg,PolypGen,pgen_seq19,train,1,0
/home/samsul/Documents/Polyp Detection/Polyp-Gen:/seq19/images/32.jpg,PolypGen,pgen_seq19,train,1,0
/home/samsul/Documents/Polyp Detection/Polyp-Gen:/seq19/images/9.jpg,PolypGen,pgen_seq19,train,1,0
/home/samsul/Documents/Polyp Detection/Polyp-Gen:/seq19/images/44.jpg,PolypGen,pgen_seq19,train,1,0
/home/samsul/Documents/Polyp Detection/Polyp-Gen:/seq19/images/35.jpg,PolypGen,pgen_seq19,train,1,0
/home/samsul/Documents/Polyp Detection/Polyp-Gen:/seq19/images/48.jpg,PolypGen,pgen_seq19,train,1,0
/home/samsul/Documents/Polyp Detection/Polyp-Gen:/seq19/images/33.jpg,PolypGen,pgen_seq19,train,1,0
/home/samsul/Documents/Polyp Detection/Polyp-Gen:/seq19/images/43.jpg,PolypGen,pgen_seq19,train,1,0
/home/samsul/Documents/Polyp Detection/Polyp-Gen:/seq19/images/55.jpg,PolypGen,pgen_seq19,train,1,0
/home/samsul/Documents/Polyp Detection/Polyp-Gen:/seq19/images/47.jpg,PolypGen,pgen_seq19,train,1,0
/home/samsul/Documents/Polyp Detection/Polyp-Gen:/seq19/images/13.jpg,PolypGen,pgen_seq19,train,1,0
/home/samsul/Documents/Polyp Detection/Polyp-Gen:/seq19/images/53.jpg,PolypGen,pgen_seq19,train,1,0
/home/samsul/Documents/Polyp Detection/Polyp-Gen:/seq19/images/16.jpg,PolypGen,pgen_seq19,train,1,0
/home/samsul/Documents/Polyp Detection/Polyp-Gen:/seq19/images/42.jpg,PolypGen,pgen_seq19,train,1,0
/home/samsul/Documents/Polyp Detection/Polyp-Gen:/seq19/images/38.jpg,PolypGen,pgen_seq19,train,1,0
/home/samsul/Documents/Polyp Detection/Polyp-Gen:/seq19/images/15.jpg,PolypGen,pgen_seq19,train,1,0
/home/samsul/Documents/Polyp Detection/Polyp-Gen:/seq19/images/25.jpg,PolypGen,pgen_seq19,train,1,0
/home/samsul/Documents/Polyp Detection/Polyp-Gen:/seq19/images/20.jpg,PolypGen,pgen_seq19,train,1,0
/home/samsul/Documents/Polyp Detection/Polyp-Gen:/seq19/images/46.jpg,PolypGen,pgen_seq19,train,1,0
/home/samsul/Documents/Polyp Detection/Polyp-Gen:/seq19/images/7.jpg,PolypGen,pgen_seq19,train,1,0
/home/samsul/Documents/Polyp Detection/Polyp-Gen:/seq19/images/45.jpg,PolypGen,pgen_seq19,train,1,0
/home/samsul/Documents/Polyp Detection/Polyp-Gen:/seq19/images/24.jpg,PolypGen,pgen_seq19,train,1,0
/home/samsul/Documents/Polyp Detection/Polyp-Gen:/seq19/images/30.jpg,PolypGen,pgen_seq19,train,1,0
/home/samsul/Documents/Polyp Detection/Polyp-Gen:/seq19/images/2.jpg,PolypGen,pgen_seq19,train,1,0
/home/samsul/Documents/Polyp Detection/Polyp-Gen:/seq2/images/18.jpg,PolypGen,pgen_seq2,train,1,0
/home/samsul/Documents/Polyp Detection/Polyp-Gen:/seq2/images/3.jpg,PolypGen,pgen_seq2,train,1,0
/home/samsul/Documents/Polyp Detection/Polyp-Gen:/seq2/images/49.jpg,PolypGen,pgen_seq2,train,1,0
/home/samsul/Documents/Polyp Detection/Polyp-Gen:/seq2/images/40.jpg,PolypGen,pgen_seq2,train,1,0
/home/samsul/Documents/Polyp Detection/Polyp-Gen:/seq2/images/57.jpg,PolypGen,pgen_seq2,train,1,0
/home/samsul/Documents/Polyp Detection/Polyp-Gen:/seq2/images/11.jpg,PolypGen,pgen_seq2,train,1,0
/home/samsul/Documents/Polyp Detection/Polyp-Gen:/seq2/images/29.jpg,PolypGen,pgen_seq2,train,1,0
/home/samsul/Documents/Polyp Detection/Polyp-Gen:/seq2/images/54.jpg,PolypGen,pgen_seq2,train,1,0
/home/samsul/Documents/Polyp Detection/Polyp-Gen:/seq2/images/51.jpg,PolypGen,pgen_seq2,train,1,0
/home/samsul/Documents/Polyp Detection/Polyp-Gen:/seq2/images/6.jpg,PolypGen,pgen_seq2,train,1,0
/home/samsul/Documents/Polyp Detection/Polyp-Gen:/seq2/images/58.jpg,PolypGen,pgen_seq2,train,1,0
/home/samsul/Documents/Polyp Detection/Polyp-Gen:/seq2/images/10.jpg,PolypGen,pgen_seq2,train,1,0
/home/samsul/Documents/Polyp Detection/Polyp-Gen:/seq2/images/34.jpg,PolypGen,pgen_seq2,train,1,0
/home/samsul/Documents/Polyp Detection/Polyp-Gen:/seq2/images/37.jpg,PolypGen,pgen_seq2,train,1,0
/home/samsul/Documents/Polyp Detection/Polyp-Gen:/seq2/images/27.jpg,PolypGen,pgen_seq2,train,1,0
/home/samsul/Documents/Polyp Detection/Polyp-Gen:/seq2/images/62.jpg,PolypGen,pgen_seq2,train,1,0
/home/samsul/Documents/Polyp Detection/Polyp-Gen:/seq2/images/39.jpg,PolypGen,pgen_seq2,train,1,0
/home/samsul/Documents/Polyp Detection/Polyp-Gen:/seq2/images/31.jpg,PolypGen,pgen_seq2,train,1,0
/home/samsul/Documents/Polyp Detection/Polyp-Gen:/seq2/images/8.jpg,PolypGen,pgen_seq2,train,1,0
/home/samsul/Documents/Polyp Detection/Polyp-Gen:/seq2/images/41.jpg,PolypGen,pgen_seq2,train,1,0
/home/samsul/Documents/Polyp Detection/Polyp-Gen:/seq2/images/50.jpg,PolypGen,pgen_seq2,train,1,0
/home/samsul/Documents/Polyp Detection/Polyp-Gen:/seq2/images/1.jpg,PolypGen,pgen_seq2,train,1,0
/home/samsul/Documents/Polyp Detection/Polyp-Gen:/seq2/images/52.jpg,PolypGen,pgen_seq2,train,1,0
/home/samsul/Documents/Polyp Detection/Polyp-Gen:/seq2/images/19.jpg,PolypGen,pgen_seq2,train,1,0
/home/samsul/Documents/Polyp Detection/Polyp-Gen:/seq2/images/60.jpg,PolypGen,pgen_seq2,train,1,0
/home/samsul/Documents/Polyp Detection/Polyp-Gen:/seq2/images/14.jpg,PolypGen,pgen_seq2,train,1,0
/home/samsul/Documents/Polyp Detection/Polyp-Gen:/seq2/images/23.jpg,PolypGen,pgen_seq2,train,1,0
/home/samsul/Documents/Polyp Detection/Polyp-Gen:/seq2/images/28.jpg,PolypGen,pgen_seq2,train,1,0
/home/samsul/Documents/Polyp Detection/Polyp-Gen:/seq2/images/17.jpg,PolypGen,pgen_seq2,train,1,0
/home/samsul/Documents/Polyp Detection/Polyp-Gen:/seq2/images/36.jpg,PolypGen,pgen_seq2,train,1,0
/home/samsul/Documents/Polyp Detection/Polyp-Gen:/seq2/images/4.jpg,PolypGen,pgen_seq2,train,1,0
/home/samsul/Documents/Polyp Detection/Polyp-Gen:/seq2/images/5.jpg,PolypGen,pgen_seq2,train,1,0
/home/samsul/Documents/Polyp Detection/Polyp-Gen:/seq2/images/21.jpg,PolypGen,pgen_seq2,train,1,0
/home/samsul/Documents/Polyp Detection/Polyp-Gen:/seq2/images/0.jpg,PolypGen,pgen_seq2,train,1,0
/home/samsul/Documents/Polyp Detection/Polyp-Gen:/seq2/images/26.jpg,PolypGen,pgen_seq2,train,1,0
/home/samsul/Documents/Polyp Detection/Polyp-Gen:/seq2/images/12.jpg,PolypGen,pgen_seq2,train,1,0
/home/samsul/Documents/Polyp Detection/Polyp-Gen:/seq2/images/22.jpg,PolypGen,pgen_seq2,train,1,0
/home/samsul/Documents/Polyp Detection/Polyp-Gen:/seq2/images/32.jpg,PolypGen,pgen_seq2,train,1,0
/home/samsul/Documents/Polyp Detection/Polyp-Gen:/seq2/images/9.jpg,PolypGen,pgen_seq2,train,1,0
/home/samsul/Documents/Polyp Detection/Polyp-Gen:/seq2/images/44.jpg,PolypGen,pgen_seq2,train,1,0
/home/samsul/Documents/Polyp Detection/Polyp-Gen:/seq2/images/35.jpg,PolypGen,pgen_seq2,train,1,0
/home/samsul/Documents/Polyp Detection/Polyp-Gen:/seq2/images/48.jpg,PolypGen,pgen_seq2,train,1,0
/home/samsul/Documents/Polyp Detection/Polyp-Gen:/seq2/images/33.jpg,PolypGen,pgen_seq2,train,1,0
/home/samsul/Documents/Polyp Detection/Polyp-Gen:/seq2/images/43.jpg,PolypGen,pgen_seq2,train,1,0
/home/samsul/Documents/Polyp Detection/Polyp-Gen:/seq2/images/55.jpg,PolypGen,pgen_seq2,train,1,0
/home/samsul/Documents/Polyp Detection/Polyp-Gen:/seq2/images/47.jpg,PolypGen,pgen_seq2,train,0,0
/home/samsul/Documents/Polyp Detection/Polyp-Gen:/seq2/images/13.jpg,PolypGen,pgen_seq2,train,1,0
/home/samsul/Documents/Polyp Detection/Polyp-Gen:/seq2/images/53.jpg,PolypGen,pgen_seq2,train,1,0
/home/samsul/Documents/Polyp Detection/Polyp-Gen:/seq2/images/16.jpg,PolypGen,pgen_seq2,train,1,0
/home/samsul/Documents/Polyp Detection/Polyp-Gen:/seq2/images/42.jpg,PolypGen,pgen_seq2,train,1,0
/home/samsul/Documents/Polyp Detection/Polyp-Gen:/seq2/images/38.jpg,PolypGen,pgen_seq2,train,1,0
/home/samsul/Documents/Polyp Detection/Polyp-Gen:/seq2/images/15.jpg,PolypGen,pgen_seq2,train,1,0
/home/samsul/Documents/Polyp Detection/Polyp-Gen:/seq2/images/25.jpg,PolypGen,pgen_seq2,train,1,0
/home/samsul/Documents/Polyp Detection/Polyp-Gen:/seq2/images/56.jpg,PolypGen,pgen_seq2,train,1,0
/home/samsul/Documents/Polyp Detection/Polyp-Gen:/seq2/images/20.jpg,PolypGen,pgen_seq2,train,1,0
/home/samsul/Documents/Polyp Detection/Polyp-Gen:/seq2/images/46.jpg,PolypGen,pgen_seq2,train,0,0
/home/samsul/Documents/Polyp Detection/Polyp-Gen:/seq2/images/7.jpg,PolypGen,pgen_seq2,train,1,0
/home/samsul/Documents/Polyp Detection/Polyp-Gen:/seq2/images/45.jpg,PolypGen,pgen_seq2,train,0,0
/home/samsul/Documents/Polyp Detection/Polyp-Gen:/seq2/images/61.jpg,PolypGen,pgen_seq2,train,1,0
/home/samsul/Documents/Polyp Detection/Polyp-Gen:/seq2/images/24.jpg,PolypGen,pgen_seq2,train,1,0
/home/samsul/Documents/Polyp Detection/Polyp-Gen:/seq2/images/30.jpg,PolypGen,pgen_seq2,train,1,0
/home/samsul/Documents/Polyp Detection/Polyp-Gen:/seq2/images/2.jpg,PolypGen,pgen_seq2,train,1,0
/home/samsul/Documents/Polyp Detection/Polyp-Gen:/seq2/images/59.jpg,PolypGen,pgen_seq2,train,1,0
/home/samsul/Documents/Polyp Detection/Polyp-Gen:/seq20/images/18.jpg,PolypGen,pgen_seq20,train,0,0
/home/samsul/Documents/Polyp Detection/Polyp-Gen:/seq20/images/3.jpg,PolypGen,pgen_seq20,train,1,0
/home/samsul/Documents/Polyp Detection/Polyp-Gen:/seq20/images/49.jpg,PolypGen,pgen_seq20,train,1,0
/home/samsul/Documents/Polyp Detection/Polyp-Gen:/seq20/images/40.jpg,PolypGen,pgen_seq20,train,1,0
/home/samsul/Documents/Polyp Detection/Polyp-Gen:/seq20/images/11.jpg,PolypGen,pgen_seq20,train,0,0
/home/samsul/Documents/Polyp Detection/Polyp-Gen:/seq20/images/29.jpg,PolypGen,pgen_seq20,train,1,0
/home/samsul/Documents/Polyp Detection/Polyp-Gen:/seq20/images/51.jpg,PolypGen,pgen_seq20,train,0,0
/home/samsul/Documents/Polyp Detection/Polyp-Gen:/seq20/images/6.jpg,PolypGen,pgen_seq20,train,0,0
/home/samsul/Documents/Polyp Detection/Polyp-Gen:/seq20/images/10.jpg,PolypGen,pgen_seq20,train,0,0
/home/samsul/Documents/Polyp Detection/Polyp-Gen:/seq20/images/34.jpg,PolypGen,pgen_seq20,train,1,0
/home/samsul/Documents/Polyp Detection/Polyp-Gen:/seq20/images/37.jpg,PolypGen,pgen_seq20,train,1,0
/home/samsul/Documents/Polyp Detection/Polyp-Gen:/seq20/images/27.jpg,PolypGen,pgen_seq20,train,1,0
/home/samsul/Documents/Polyp Detection/Polyp-Gen:/seq20/images/39.jpg,PolypGen,pgen_seq20,train,1,0
/home/samsul/Documents/Polyp Detection/Polyp-Gen:/seq20/images/31.jpg,PolypGen,pgen_seq20,train,1,0
/home/samsul/Documents/Polyp Detection/Polyp-Gen:/seq20/images/8.jpg,PolypGen,pgen_seq20,train,0,0
/home/samsul/Documents/Polyp Detection/Polyp-Gen:/seq20/images/41.jpg,PolypGen,pgen_seq20,train,0,0
/home/samsul/Documents/Polyp Detection/Polyp-Gen:/seq20/images/50.jpg,PolypGen,pgen_seq20,train,0,0
/home/samsul/Documents/Polyp Detection/Polyp-Gen:/seq20/images/1.jpg,PolypGen,pgen_seq20,train,0,0
/home/samsul/Documents/Polyp Detection/Polyp-Gen:/seq20/images/19.jpg,PolypGen,pgen_seq20,train,0,0
/home/samsul/Documents/Polyp Detection/Polyp-Gen:/seq20/images/14.jpg,PolypGen,pgen_seq20,train,0,0
/home/samsul/Documents/Polyp Detection/Polyp-Gen:/seq20/images/23.jpg,PolypGen,pgen_seq20,train,1,0
/home/samsul/Documents/Polyp Detection/Polyp-Gen:/seq20/images/28.jpg,PolypGen,pgen_seq20,train,1,0
/home/samsul/Documents/Polyp Detection/Polyp-Gen:/seq20/images/17.jpg,PolypGen,pgen_seq20,train,1,0
/home/samsul/Documents/Polyp Detection/Polyp-Gen:/seq20/images/36.jpg,PolypGen,pgen_seq20,train,1,0
/home/samsul/Documents/Polyp Detection/Polyp-Gen:/seq20/images/4.jpg,PolypGen,pgen_seq20,train,0,0
/home/samsul/Documents/Polyp Detection/Polyp-Gen:/seq20/images/5.jpg,PolypGen,pgen_seq20,train,0,0
/home/samsul/Documents/Polyp Detection/Polyp-Gen:/seq20/images/21.jpg,PolypGen,pgen_seq20,train,1,0
/home/samsul/Documents/Polyp Detection/Polyp-Gen:/seq20/images/0.jpg,PolypGen,pgen_seq20,train,0,0
/home/samsul/Documents/Polyp Detection/Polyp-Gen:/seq20/images/26.jpg,PolypGen,pgen_seq20,train,1,0
/home/samsul/Documents/Polyp Detection/Polyp-Gen:/seq20/images/12.jpg,PolypGen,pgen_seq20,train,0,0
/home/samsul/Documents/Polyp Detection/Polyp-Gen:/seq20/images/22.jpg,PolypGen,pgen_seq20,train,1,0
/home/samsul/Documents/Polyp Detection/Polyp-Gen:/seq20/images/32.jpg,PolypGen,pgen_seq20,train,1,0
/home/samsul/Documents/Polyp Detection/Polyp-Gen:/seq20/images/9.jpg,PolypGen,pgen_seq20,train,0,0
/home/samsul/Documents/Polyp Detection/Polyp-Gen:/seq20/images/44.jpg,PolypGen,pgen_seq20,train,1,0
/home/samsul/Documents/Polyp Detection/Polyp-Gen:/seq20/images/35.jpg,PolypGen,pgen_seq20,train,1,0
/home/samsul/Documents/Polyp Detection/Polyp-Gen:/seq20/images/48.jpg,PolypGen,pgen_seq20,train,1,0
/home/samsul/Documents/Polyp Detection/Polyp-Gen:/seq20/images/33.jpg,PolypGen,pgen_seq20,train,1,0
/home/samsul/Documents/Polyp Detection/Polyp-Gen:/seq20/images/43.jpg,PolypGen,pgen_seq20,train,1,0
/home/samsul/Documents/Polyp Detection/Polyp-Gen:/seq20/images/47.jpg,PolypGen,pgen_seq20,train,1,0
/home/samsul/Documents/Polyp Detection/Polyp-Gen:/seq20/images/13.jpg,PolypGen,pgen_seq20,train,0,0
/home/samsul/Documents/Polyp Detection/Polyp-Gen:/seq20/images/16.jpg,PolypGen,pgen_seq20,train,0,0
/home/samsul/Documents/Polyp Detection/Polyp-Gen:/seq20/images/42.jpg,PolypGen,pgen_seq20,train,1,0
/home/samsul/Documents/Polyp Detection/Polyp-Gen:/seq20/images/38.jpg,PolypGen,pgen_seq20,train,1,0
/home/samsul/Documents/Polyp Detection/Polyp-Gen:/seq20/images/15.jpg,PolypGen,pgen_seq20,train,1,0
/home/samsul/Documents/Polyp Detection/Polyp-Gen:/seq20/images/25.jpg,PolypGen,pgen_seq20,train,1,0
/home/samsul/Documents/Polyp Detection/Polyp-Gen:/seq20/images/20.jpg,PolypGen,pgen_seq20,train,1,0
/home/samsul/Documents/Polyp Detection/Polyp-Gen:/seq20/images/46.jpg,PolypGen,pgen_seq20,train,1,0
/home/samsul/Documents/Polyp Detection/Polyp-Gen:/seq20/images/7.jpg,PolypGen,pgen_seq20,train,0,0
/home/samsul/Documents/Polyp Detection/Polyp-Gen:/seq20/images/45.jpg,PolypGen,pgen_seq20,train,1,0
/home/samsul/Documents/Polyp Detection/Polyp-Gen:/seq20/images/24.jpg,PolypGen,pgen_seq20,train,1,0
/home/samsul/Documents/Polyp Detection/Polyp-Gen:/seq20/images/30.jpg,PolypGen,pgen_seq20,train,0,0
/home/samsul/Documents/Polyp Detection/Polyp-Gen:/seq20/images/2.jpg,PolypGen,pgen_seq20,train,0,0
/home/samsul/Documents/Polyp Detection/Polyp-Gen:/seq21/images/18.jpg,PolypGen,pgen_seq21,train,1,0
/home/samsul/Documents/Polyp Detection/Polyp-Gen:/seq21/images/3.jpg,PolypGen,pgen_seq21,train,1,0
/home/samsul/Documents/Polyp Detection/Polyp-Gen:/seq21/images/49.jpg,PolypGen,pgen_seq21,train,0,0
/home/samsul/Documents/Polyp Detection/Polyp-Gen:/seq21/images/40.jpg,PolypGen,pgen_seq21,train,0,0
/home/samsul/Documents/Polyp Detection/Polyp-Gen:/seq21/images/11.jpg,PolypGen,pgen_seq21,train,1,0
/home/samsul/Documents/Polyp Detection/Polyp-Gen:/seq21/images/29.jpg,PolypGen,pgen_seq21,train,1,0
/home/samsul/Documents/Polyp Detection/Polyp-Gen:/seq21/images/54.jpg,PolypGen,pgen_seq21,train,0,0
/home/samsul/Documents/Polyp Detection/Polyp-Gen:/seq21/images/51.jpg,PolypGen,pgen_seq21,train,0,0
/home/samsul/Documents/Polyp Detection/Polyp-Gen:/seq21/images/6.jpg,PolypGen,pgen_seq21,train,1,0
/home/samsul/Documents/Polyp Detection/Polyp-Gen:/seq21/images/10.jpg,PolypGen,pgen_seq21,train,1,0
/home/samsul/Documents/Polyp Detection/Polyp-Gen:/seq21/images/34.jpg,PolypGen,pgen_seq21,train,0,0
/home/samsul/Documents/Polyp Detection/Polyp-Gen:/seq21/images/37.jpg,PolypGen,pgen_seq21,train,0,0
/home/samsul/Documents/Polyp Detection/Polyp-Gen:/seq21/images/27.jpg,PolypGen,pgen_seq21,train,1,0
/home/samsul/Documents/Polyp Detection/Polyp-Gen:/seq21/images/39.jpg,PolypGen,pgen_seq21,train,0,0
/home/samsul/Documents/Polyp Detection/Polyp-Gen:/seq21/images/31.jpg,PolypGen,pgen_seq21,train,0,0
/home/samsul/Documents/Polyp Detection/Polyp-Gen:/seq21/images/8.jpg,PolypGen,pgen_seq21,train,1,0
/home/samsul/Documents/Polyp Detection/Polyp-Gen:/seq21/images/41.jpg,PolypGen,pgen_seq21,train,0,0
/home/samsul/Documents/Polyp Detection/Polyp-Gen:/seq21/images/50.jpg,PolypGen,pgen_seq21,train,0,0
/home/samsul/Documents/Polyp Detection/Polyp-Gen:/seq21/images/1.jpg,PolypGen,pgen_seq21,train,0,0
/home/samsul/Documents/Polyp Detection/Polyp-Gen:/seq21/images/52.jpg,PolypGen,pgen_seq21,train,0,0
/home/samsul/Documents/Polyp Detection/Polyp-Gen:/seq21/images/19.jpg,PolypGen,pgen_seq21,train,1,0
/home/samsul/Documents/Polyp Detection/Polyp-Gen:/seq21/images/14.jpg,PolypGen,pgen_seq21,train,1,0
/home/samsul/Documents/Polyp Detection/Polyp-Gen:/seq21/images/23.jpg,PolypGen,pgen_seq21,train,1,0
/home/samsul/Documents/Polyp Detection/Polyp-Gen:/seq21/images/28.jpg,PolypGen,pgen_seq21,train,1,0
/home/samsul/Documents/Polyp Detection/Polyp-Gen:/seq21/images/17.jpg,PolypGen,pgen_seq21,train,1,0
/home/samsul/Documents/Polyp Detection/Polyp-Gen:/seq21/images/36.jpg,PolypGen,pgen_seq21,train,0,0
/home/samsul/Documents/Polyp Detection/Polyp-Gen:/seq21/images/4.jpg,PolypGen,pgen_seq21,train,0,0
/home/samsul/Documents/Polyp Detection/Polyp-Gen:/seq21/images/5.jpg,PolypGen,pgen_seq21,train,1,0
/home/samsul/Documents/Polyp Detection/Polyp-Gen:/seq21/images/21.jpg,PolypGen,pgen_seq21,train,1,0
/home/samsul/Documents/Polyp Detection/Polyp-Gen:/seq21/images/0.jpg,PolypGen,pgen_seq21,train,0,0
/home/samsul/Documents/Polyp Detection/Polyp-Gen:/seq21/images/26.jpg,PolypGen,pgen_seq21,train,1,0
/home/samsul/Documents/Polyp Detection/Polyp-Gen:/seq21/images/12.jpg,PolypGen,pgen_seq21,train,1,0
/home/samsul/Documents/Polyp Detection/Polyp-Gen:/seq21/images/22.jpg,PolypGen,pgen_seq21,train,1,0
/home/samsul/Documents/Polyp Detection/Polyp-Gen:/seq21/images/32.jpg,PolypGen,pgen_seq21,train,0,0
/home/samsul/Documents/Polyp Detection/Polyp-Gen:/seq21/images/9.jpg,PolypGen,pgen_seq21,train,1,0
/home/samsul/Documents/Polyp Detection/Polyp-Gen:/seq21/images/44.jpg,PolypGen,pgen_seq21,train,0,0
/home/samsul/Documents/Polyp Detection/Polyp-Gen:/seq21/images/35.jpg,PolypGen,pgen_seq21,train,0,0
/home/samsul/Documents/Polyp Detection/Polyp-Gen:/seq21/images/48.jpg,PolypGen,pgen_seq21,train,0,0
/home/samsul/Documents/Polyp Detection/Polyp-Gen:/seq21/images/33.jpg,PolypGen,pgen_seq21,train,0,0
/home/samsul/Documents/Polyp Detection/Polyp-Gen:/seq21/images/43.jpg,PolypGen,pgen_seq21,train,0,0
/home/samsul/Documents/Polyp Detection/Polyp-Gen:/seq21/images/55.jpg,PolypGen,pgen_seq21,train,1,0
/home/samsul/Documents/Polyp Detection/Polyp-Gen:/seq21/images/47.jpg,PolypGen,pgen_seq21,train,0,0
/home/samsul/Documents/Polyp Detection/Polyp-Gen:/seq21/images/13.jpg,PolypGen,pgen_seq21,train,0,0
/home/samsul/Documents/Polyp Detection/Polyp-Gen:/seq21/images/53.jpg,PolypGen,pgen_seq21,train,0,0
/home/samsul/Documents/Polyp Detection/Polyp-Gen:/seq21/images/16.jpg,PolypGen,pgen_seq21,train,1,0
/home/samsul/Documents/Polyp Detection/Polyp-Gen:/seq21/images/42.jpg,PolypGen,pgen_seq21,train,0,0
/home/samsul/Documents/Polyp Detection/Polyp-Gen:/seq21/images/38.jpg,PolypGen,pgen_seq21,train,0,0
/home/samsul/Documents/Polyp Detection/Polyp-Gen:/seq21/images/15.jpg,PolypGen,pgen_seq21,train,1,0
/home/samsul/Documents/Polyp Detection/Polyp-Gen:/seq21/images/25.jpg,PolypGen,pgen_seq21,train,1,0
/home/samsul/Documents/Polyp Detection/Polyp-Gen:/seq21/images/20.jpg,PolypGen,pgen_seq21,train,1,0
/home/samsul/Documents/Polyp Detection/Polyp-Gen:/seq21/images/46.jpg,PolypGen,pgen_seq21,train,0,0
/home/samsul/Documents/Polyp Detection/Polyp-Gen:/seq21/images/7.jpg,PolypGen,pgen_seq21,train,1,0
/home/samsul/Documents/Polyp Detection/Polyp-Gen:/seq21/images/45.jpg,PolypGen,pgen_seq21,train,0,0
/home/samsul/Documents/Polyp Detection/Polyp-Gen:/seq21/images/24.jpg,PolypGen,pgen_seq21,train,0,0
/home/samsul/Documents/Polyp Detection/Polyp-Gen:/seq21/images/30.jpg,PolypGen,pgen_seq21,train,0,0
/home/samsul/Documents/Polyp Detection/Polyp-Gen:/seq21/images/2.jpg,PolypGen,pgen_seq21,train,0,0
/home/samsul/Documents/Polyp Detection/Polyp-Gen:/seq22/images/18.jpg,PolypGen,pgen_seq22,train,1,0
/home/samsul/Documents/Polyp Detection/Polyp-Gen:/seq22/images/3.jpg,PolypGen,pgen_seq22,train,0,0
/home/samsul/Documents/Polyp Detection/Polyp-Gen:/seq22/images/40.jpg,PolypGen,pgen_seq22,train,1,0
/home/samsul/Documents/Polyp Detection/Polyp-Gen:/seq22/images/11.jpg,PolypGen,pgen_seq22,train,1,0
/home/samsul/Documents/Polyp Detection/Polyp-Gen:/seq22/images/29.jpg,PolypGen,pgen_seq22,train,1,0
/home/samsul/Documents/Polyp Detection/Polyp-Gen:/seq22/images/6.jpg,PolypGen,pgen_seq22,train,1,0
/home/samsul/Documents/Polyp Detection/Polyp-Gen:/seq22/images/10.jpg,PolypGen,pgen_seq22,train,1,0
/home/samsul/Documents/Polyp Detection/Polyp-Gen:/seq22/images/34.jpg,PolypGen,pgen_seq22,train,1,0
/home/samsul/Documents/Polyp Detection/Polyp-Gen:/seq22/images/37.jpg,PolypGen,pgen_seq22,train,1,0
/home/samsul/Documents/Polyp Detection/Polyp-Gen:/seq22/images/27.jpg,PolypGen,pgen_seq22,train,1,0
/home/samsul/Documents/Polyp Detection/Polyp-Gen:/seq22/images/39.jpg,PolypGen,pgen_seq22,train,1,0
/home/samsul/Documents/Polyp Detection/Polyp-Gen:/seq22/images/31.jpg,PolypGen,pgen_seq22,train,1,0
/home/samsul/Documents/Polyp Detection/Polyp-Gen:/seq22/images/8.jpg,PolypGen,pgen_seq22,train,1,0
/home/samsul/Documents/Polyp Detection/Polyp-Gen:/seq22/images/41.jpg,PolypGen,pgen_seq22,train,1,0
/home/samsul/Documents/Polyp Detection/Polyp-Gen:/seq22/images/1.jpg,PolypGen,pgen_seq22,train,1,0
/home/samsul/Documents/Polyp Detection/Polyp-Gen:/seq22/images/19.jpg,PolypGen,pgen_seq22,train,0,0
/home/samsul/Documents/Polyp Detection/Polyp-Gen:/seq22/images/14.jpg,PolypGen,pgen_seq22,train,1,0
/home/samsul/Documents/Polyp Detection/Polyp-Gen:/seq22/images/23.jpg,PolypGen,pgen_seq22,train,1,0
/home/samsul/Documents/Polyp Detection/Polyp-Gen:/seq22/images/28.jpg,PolypGen,pgen_seq22,train,1,0
/home/samsul/Documents/Polyp Detection/Polyp-Gen:/seq22/images/17.jpg,PolypGen,pgen_seq22,train,1,0
/home/samsul/Documents/Polyp Detection/Polyp-Gen:/seq22/images/36.jpg,PolypGen,pgen_seq22,train,1,0
/home/samsul/Documents/Polyp Detection/Polyp-Gen:/seq22/images/4.jpg,PolypGen,pgen_seq22,train,1,0
/home/samsul/Documents/Polyp Detection/Polyp-Gen:/seq22/images/5.jpg,PolypGen,pgen_seq22,train,1,0
/home/samsul/Documents/Polyp Detection/Polyp-Gen:/seq22/images/21.jpg,PolypGen,pgen_seq22,train,1,0
/home/samsul/Documents/Polyp Detection/Polyp-Gen:/seq22/images/0.jpg,PolypGen,pgen_seq22,train,1,0
/home/samsul/Documents/Polyp Detection/Polyp-Gen:/seq22/images/26.jpg,PolypGen,pgen_seq22,train,1,0
/home/samsul/Documents/Polyp Detection/Polyp-Gen:/seq22/images/12.jpg,PolypGen,pgen_seq22,train,1,0
/home/samsul/Documents/Polyp Detection/Polyp-Gen:/seq22/images/22.jpg,PolypGen,pgen_seq22,train,1,0
/home/samsul/Documents/Polyp Detection/Polyp-Gen:/seq22/images/32.jpg,PolypGen,pgen_seq22,train,1,0
/home/samsul/Documents/Polyp Detection/Polyp-Gen:/seq22/images/9.jpg,PolypGen,pgen_seq22,train,1,0
/home/samsul/Documents/Polyp Detection/Polyp-Gen:/seq22/images/44.jpg,PolypGen,pgen_seq22,train,1,0
/home/samsul/Documents/Polyp Detection/Polyp-Gen:/seq22/images/35.jpg,PolypGen,pgen_seq22,train,1,0
/home/samsul/Documents/Polyp Detection/Polyp-Gen:/seq22/images/33.jpg,PolypGen,pgen_seq22,train,1,0
/home/samsul/Documents/Polyp Detection/Polyp-Gen:/seq22/images/43.jpg,PolypGen,pgen_seq22,train,1,0
/home/samsul/Documents/Polyp Detection/Polyp-Gen:/seq22/images/13.jpg,PolypGen,pgen_seq22,train,1,0
/home/samsul/Documents/Polyp Detection/Polyp-Gen:/seq22/images/16.jpg,PolypGen,pgen_seq22,train,1,0
/home/samsul/Documents/Polyp Detection/Polyp-Gen:/seq22/images/42.jpg,PolypGen,pgen_seq22,train,1,0
/home/samsul/Documents/Polyp Detection/Polyp-Gen:/seq22/images/38.jpg,PolypGen,pgen_seq22,train,1,0
/home/samsul/Documents/Polyp Detection/Polyp-Gen:/seq22/images/15.jpg,PolypGen,pgen_seq22,train,1,0
/home/samsul/Documents/Polyp Detection/Polyp-Gen:/seq22/images/25.jpg,PolypGen,pgen_seq22,train,1,0
/home/samsul/Documents/Polyp Detection/Polyp-Gen:/seq22/images/20.jpg,PolypGen,pgen_seq22,train,1,0
/home/samsul/Documents/Polyp Detection/Polyp-Gen:/seq22/images/7.jpg,PolypGen,pgen_seq22,train,1,0
/home/samsul/Documents/Polyp Detection/Polyp-Gen:/seq22/images/45.jpg,PolypGen,pgen_seq22,train,1,0
/home/samsul/Documents/Polyp Detection/Polyp-Gen:/seq22/images/24.jpg,PolypGen,pgen_seq22,train,1,0
/home/samsul/Documents/Polyp Detection/Polyp-Gen:/seq22/images/30.jpg,PolypGen,pgen_seq22,train,1,0
/home/samsul/Documents/Polyp Detection/Polyp-Gen:/seq22/images/2.jpg,PolypGen,pgen_seq22,train,1,0
/home/samsul/Documents/Polyp Detection/Polyp-Gen:/seq23/images/18.jpg,PolypGen,pgen_seq23,train,1,0
/home/samsul/Documents/Polyp Detection/Polyp-Gen:/seq23/images/3.jpg,PolypGen,pgen_seq23,train,1,0
/home/samsul/Documents/Polyp Detection/Polyp-Gen:/seq23/images/49.jpg,PolypGen,pgen_seq23,train,0,0
/home/samsul/Documents/Polyp Detection/Polyp-Gen:/seq23/images/40.jpg,PolypGen,pgen_seq23,train,1,0
/home/samsul/Documents/Polyp Detection/Polyp-Gen:/seq23/images/11.jpg,PolypGen,pgen_seq23,train,0,0
/home/samsul/Documents/Polyp Detection/Polyp-Gen:/seq23/images/29.jpg,PolypGen,pgen_seq23,train,1,0
/home/samsul/Documents/Polyp Detection/Polyp-Gen:/seq23/images/54.jpg,PolypGen,pgen_seq23,train,0,0
/home/samsul/Documents/Polyp Detection/Polyp-Gen:/seq23/images/51.jpg,PolypGen,pgen_seq23,train,1,0
/home/samsul/Documents/Polyp Detection/Polyp-Gen:/seq23/images/6.jpg,PolypGen,pgen_seq23,train,0,0
/home/samsul/Documents/Polyp Detection/Polyp-Gen:/seq23/images/10.jpg,PolypGen,pgen_seq23,train,0,0
/home/samsul/Documents/Polyp Detection/Polyp-Gen:/seq23/images/34.jpg,PolypGen,pgen_seq23,train,0,0
/home/samsul/Documents/Polyp Detection/Polyp-Gen:/seq23/images/37.jpg,PolypGen,pgen_seq23,train,1,0
/home/samsul/Documents/Polyp Detection/Polyp-Gen:/seq23/images/27.jpg,PolypGen,pgen_seq23,train,1,0
/home/samsul/Documents/Polyp Detection/Polyp-Gen:/seq23/images/39.jpg,PolypGen,pgen_seq23,train,1,0
/home/samsul/Documents/Polyp Detection/Polyp-Gen:/seq23/images/31.jpg,PolypGen,pgen_seq23,train,1,0
/home/samsul/Documents/Polyp Detection/Polyp-Gen:/seq23/images/8.jpg,PolypGen,pgen_seq23,train,0,0
/home/samsul/Documents/Polyp Detection/Polyp-Gen:/seq23/images/41.jpg,PolypGen,pgen_seq23,train,0,0
/home/samsul/Documents/Polyp Detection/Polyp-Gen:/seq23/images/50.jpg,PolypGen,pgen_seq23,train,1,0
/home/samsul/Documents/Polyp Detection/Polyp-Gen:/seq23/images/1.jpg,PolypGen,pgen_seq23,train,1,0
/home/samsul/Documents/Polyp Detection/Polyp-Gen:/seq23/images/52.jpg,PolypGen,pgen_seq23,train,0,0
/home/samsul/Documents/Polyp Detection/Polyp-Gen:/seq23/images/19.jpg,PolypGen,pgen_seq23,train,0,0
/home/samsul/Documents/Polyp Detection/Polyp-Gen:/seq23/images/14.jpg,PolypGen,pgen_seq23,train,1,0
/home/samsul/Documents/Polyp Detection/Polyp-Gen:/seq23/images/23.jpg,PolypGen,pgen_seq23,train,1,0
/home/samsul/Documents/Polyp Detection/Polyp-Gen:/seq23/images/28.jpg,PolypGen,pgen_seq23,train,0,0
/home/samsul/Documents/Polyp Detection/Polyp-Gen:/seq23/images/17.jpg,PolypGen,pgen_seq23,train,1,0
/home/samsul/Documents/Polyp Detection/Polyp-Gen:/seq23/images/36.jpg,PolypGen,pgen_seq23,train,1,0
/home/samsul/Documents/Polyp Detection/Polyp-Gen:/seq23/images/4.jpg,PolypGen,pgen_seq23,train,1,0
/home/samsul/Documents/Polyp Detection/Polyp-Gen:/seq23/images/5.jpg,PolypGen,pgen_seq23,train,1,0
/home/samsul/Documents/Polyp Detection/Polyp-Gen:/seq23/images/21.jpg,PolypGen,pgen_seq23,train,1,0
/home/samsul/Documents/Polyp Detection/Polyp-Gen:/seq23/images/0.jpg,PolypGen,pgen_seq23,train,0,0
/home/samsul/Documents/Polyp Detection/Polyp-Gen:/seq23/images/26.jpg,PolypGen,pgen_seq23,train,1,0
/home/samsul/Documents/Polyp Detection/Polyp-Gen:/seq23/images/12.jpg,PolypGen,pgen_seq23,train,0,0
/home/samsul/Documents/Polyp Detection/Polyp-Gen:/seq23/images/22.jpg,PolypGen,pgen_seq23,train,1,0
/home/samsul/Documents/Polyp Detection/Polyp-Gen:/seq23/images/32.jpg,PolypGen,pgen_seq23,train,1,0
/home/samsul/Documents/Polyp Detection/Polyp-Gen:/seq23/images/9.jpg,PolypGen,pgen_seq23,train,0,0
/home/samsul/Documents/Polyp Detection/Polyp-Gen:/seq23/images/44.jpg,PolypGen,pgen_seq23,train,1,0
/home/samsul/Documents/Polyp Detection/Polyp-Gen:/seq23/images/35.jpg,PolypGen,pgen_seq23,train,1,0
/home/samsul/Documents/Polyp Detection/Polyp-Gen:/seq23/images/48.jpg,PolypGen,pgen_seq23,train,1,1
/home/samsul/Documents/Polyp Detection/Polyp-Gen:/seq23/images/33.jpg,PolypGen,pgen_seq23,train,0,0
/home/samsul/Documents/Polyp Detection/Polyp-Gen:/seq23/images/43.jpg,PolypGen,pgen_seq23,train,1,0
/home/samsul/Documents/Polyp Detection/Polyp-Gen:/seq23/images/55.jpg,PolypGen,pgen_seq23,train,1,0
/home/samsul/Documents/Polyp Detection/Polyp-Gen:/seq23/images/47.jpg,PolypGen,pgen_seq23,train,1,0
/home/samsul/Documents/Polyp Detection/Polyp-Gen:/seq23/images/13.jpg,PolypGen,pgen_seq23,train,0,0
/home/samsul/Documents/Polyp Detection/Polyp-Gen:/seq23/images/53.jpg,PolypGen,pgen_seq23,train,0,0
/home/samsul/Documents/Polyp Detection/Polyp-Gen:/seq23/images/16.jpg,PolypGen,pgen_seq23,train,1,0
/home/samsul/Documents/Polyp Detection/Polyp-Gen:/seq23/images/42.jpg,PolypGen,pgen_seq23,train,1,0
/home/samsul/Documents/Polyp Detection/Polyp-Gen:/seq23/images/38.jpg,PolypGen,pgen_seq23,train,1,0
/home/samsul/Documents/Polyp Detection/Polyp-Gen:/seq23/images/15.jpg,PolypGen,pgen_seq23,train,1,0
/home/samsul/Documents/Polyp Detection/Polyp-Gen:/seq23/images/25.jpg,PolypGen,pgen_seq23,train,1,0
/home/samsul/Documents/Polyp Detection/Polyp-Gen:/seq23/images/20.jpg,PolypGen,pgen_seq23,train,1,0
/home/samsul/Documents/Polyp Detection/Polyp-Gen:/seq23/images/46.jpg,PolypGen,pgen_seq23,train,1,0
/home/samsul/Documents/Polyp Detection/Polyp-Gen:/seq23/images/7.jpg,PolypGen,pgen_seq23,train,0,0
/home/samsul/Documents/Polyp Detection/Polyp-Gen:/seq23/images/45.jpg,PolypGen,pgen_seq23,train,1,0
/home/samsul/Documents/Polyp Detection/Polyp-Gen:/seq23/images/24.jpg,PolypGen,pgen_seq23,train,0,0
/home/samsul/Documents/Polyp Detection/Polyp-Gen:/seq23/images/30.jpg,PolypGen,pgen_seq23,train,0,0
/home/samsul/Documents/Polyp Detection/Polyp-Gen:/seq23/images/2.jpg,PolypGen,pgen_seq23,train,1,0
/home/samsul/Documents/Polyp Detection/Polyp-Gen:/seq3/images/3.jpg,PolypGen,pgen_seq3,train,1,0
/home/samsul/Documents/Polyp Detection/Polyp-Gen:/seq3/images/11.jpg,PolypGen,pgen_seq3,train,1,0
/home/samsul/Documents/Polyp Detection/Polyp-Gen:/seq3/images/6.jpg,PolypGen,pgen_seq3,train,1,0
/home/samsul/Documents/Polyp Detection/Polyp-Gen:/seq3/images/10.jpg,PolypGen,pgen_seq3,train,1,0
/home/samsul/Documents/Polyp Detection/Polyp-Gen:/seq3/images/8.jpg,PolypGen,pgen_seq3,train,1,0
/home/samsul/Documents/Polyp Detection/Polyp-Gen:/seq3/images/1.jpg,PolypGen,pgen_seq3,train,1,0
/home/samsul/Documents/Polyp Detection/Polyp-Gen:/seq3/images/14.jpg,PolypGen,pgen_seq3,train,1,0
/home/samsul/Documents/Polyp Detection/Polyp-Gen:/seq3/images/4.jpg,PolypGen,pgen_seq3,train,1,0
/home/samsul/Documents/Polyp Detection/Polyp-Gen:/seq3/images/5.jpg,PolypGen,pgen_seq3,train,1,0
/home/samsul/Documents/Polyp Detection/Polyp-Gen:/seq3/images/0.jpg,PolypGen,pgen_seq3,train,1,0
/home/samsul/Documents/Polyp Detection/Polyp-Gen:/seq3/images/12.jpg,PolypGen,pgen_seq3,train,1,0
/home/samsul/Documents/Polyp Detection/Polyp-Gen:/seq3/images/9.jpg,PolypGen,pgen_seq3,train,1,0
/home/samsul/Documents/Polyp Detection/Polyp-Gen:/seq3/images/13.jpg,PolypGen,pgen_seq3,train,1,0
/home/samsul/Documents/Polyp Detection/Polyp-Gen:/seq3/images/7.jpg,PolypGen,pgen_seq3,train,1,0
/home/samsul/Documents/Polyp Detection/Polyp-Gen:/seq3/images/2.jpg,PolypGen,pgen_seq3,train,1,0
/home/samsul/Documents/Polyp Detection/Polyp-Gen:/seq4/images/18.jpg,PolypGen,pgen_seq4,train,0,0
/home/samsul/Documents/Polyp Detection/Polyp-Gen:/seq4/images/3.jpg,PolypGen,pgen_seq4,train,1,0
/home/samsul/Documents/Polyp Detection/Polyp-Gen:/seq4/images/40.jpg,PolypGen,pgen_seq4,train,1,0
/home/samsul/Documents/Polyp Detection/Polyp-Gen:/seq4/images/11.jpg,PolypGen,pgen_seq4,train,1,0
/home/samsul/Documents/Polyp Detection/Polyp-Gen:/seq4/images/29.jpg,PolypGen,pgen_seq4,train,1,0
/home/samsul/Documents/Polyp Detection/Polyp-Gen:/seq4/images/6.jpg,PolypGen,pgen_seq4,train,1,0
/home/samsul/Documents/Polyp Detection/Polyp-Gen:/seq4/images/10.jpg,PolypGen,pgen_seq4,train,1,0
/home/samsul/Documents/Polyp Detection/Polyp-Gen:/seq4/images/34.jpg,PolypGen,pgen_seq4,train,1,0
/home/samsul/Documents/Polyp Detection/Polyp-Gen:/seq4/images/37.jpg,PolypGen,pgen_seq4,train,1,0
/home/samsul/Documents/Polyp Detection/Polyp-Gen:/seq4/images/27.jpg,PolypGen,pgen_seq4,train,1,0
/home/samsul/Documents/Polyp Detection/Polyp-Gen:/seq4/images/39.jpg,PolypGen,pgen_seq4,train,1,0
/home/samsul/Documents/Polyp Detection/Polyp-Gen:/seq4/images/31.jpg,PolypGen,pgen_seq4,train,1,0
/home/samsul/Documents/Polyp Detection/Polyp-Gen:/seq4/images/8.jpg,PolypGen,pgen_seq4,train,1,0
/home/samsul/Documents/Polyp Detection/Polyp-Gen:/seq4/images/41.jpg,PolypGen,pgen_seq4,train,1,0
/home/samsul/Documents/Polyp Detection/Polyp-Gen:/seq4/images/1.jpg,PolypGen,pgen_seq4,train,1,0
/home/samsul/Documents/Polyp Detection/Polyp-Gen:/seq4/images/19.jpg,PolypGen,pgen_seq4,train,1,0
/home/samsul/Documents/Polyp Detection/Polyp-Gen:/seq4/images/14.jpg,PolypGen,pgen_seq4,train,1,0
/home/samsul/Documents/Polyp Detection/Polyp-Gen:/seq4/images/23.jpg,PolypGen,pgen_seq4,train,1,0
/home/samsul/Documents/Polyp Detection/Polyp-Gen:/seq4/images/28.jpg,PolypGen,pgen_seq4,train,1,0
/home/samsul/Documents/Polyp Detection/Polyp-Gen:/seq4/images/17.jpg,PolypGen,pgen_seq4,train,0,0
/home/samsul/Documents/Polyp Detection/Polyp-Gen:/seq4/images/36.jpg,PolypGen,pgen_seq4,train,1,0
/home/samsul/Documents/Polyp Detection/Polyp-Gen:/seq4/images/4.jpg,PolypGen,pgen_seq4,train,1,0
/home/samsul/Documents/Polyp Detection/Polyp-Gen:/seq4/images/5.jpg,PolypGen,pgen_seq4,train,1,0
/home/samsul/Documents/Polyp Detection/Polyp-Gen:/seq4/images/21.jpg,PolypGen,pgen_seq4,train,1,0
/home/samsul/Documents/Polyp Detection/Polyp-Gen:/seq4/images/0.jpg,PolypGen,pgen_seq4,train,1,0
/home/samsul/Documents/Polyp Detection/Polyp-Gen:/seq4/images/26.jpg,PolypGen,pgen_seq4,train,1,0
/home/samsul/Documents/Polyp Detection/Polyp-Gen:/seq4/images/12.jpg,PolypGen,pgen_seq4,train,1,0
/home/samsul/Documents/Polyp Detection/Polyp-Gen:/seq4/images/22.jpg,PolypGen,pgen_seq4,train,1,0
/home/samsul/Documents/Polyp Detection/Polyp-Gen:/seq4/images/32.jpg,PolypGen,pgen_seq4,train,1,0
/home/samsul/Documents/Polyp Detection/Polyp-Gen:/seq4/images/9.jpg,PolypGen,pgen_seq4,train,1,0
/home/samsul/Documents/Polyp Detection/Polyp-Gen:/seq4/images/44.jpg,PolypGen,pgen_seq4,train,1,0
/home/samsul/Documents/Polyp Detection/Polyp-Gen:/seq4/images/35.jpg,PolypGen,pgen_seq4,train,1,0
/home/samsul/Documents/Polyp Detection/Polyp-Gen:/seq4/images/33.jpg,PolypGen,pgen_seq4,train,1,0
/home/samsul/Documents/Polyp Detection/Polyp-Gen:/seq4/images/43.jpg,PolypGen,pgen_seq4,train,1,0
/home/samsul/Documents/Polyp Detection/Polyp-Gen:/seq4/images/47.jpg,PolypGen,pgen_seq4,train,1,0
/home/samsul/Documents/Polyp Detection/Polyp-Gen:/seq4/images/13.jpg,PolypGen,pgen_seq4,train,1,0
/home/samsul/Documents/Polyp Detection/Polyp-Gen:/seq4/images/16.jpg,PolypGen,pgen_seq4,train,1,0
/home/samsul/Documents/Polyp Detection/Polyp-Gen:/seq4/images/42.jpg,PolypGen,pgen_seq4,train,1,0
/home/samsul/Documents/Polyp Detection/Polyp-Gen:/seq4/images/38.jpg,PolypGen,pgen_seq4,train,1,0
/home/samsul/Documents/Polyp Detection/Polyp-Gen:/seq4/images/15.jpg,PolypGen,pgen_seq4,train,1,0
/home/samsul/Documents/Polyp Detection/Polyp-Gen:/seq4/images/25.jpg,PolypGen,pgen_seq4,train,1,0
/home/samsul/Documents/Polyp Detection/Polyp-Gen:/seq4/images/20.jpg,PolypGen,pgen_seq4,train,1,0
/home/samsul/Documents/Polyp Detection/Polyp-Gen:/seq4/images/46.jpg,PolypGen,pgen_seq4,train,1,0
/home/samsul/Documents/Polyp Detection/Polyp-Gen:/seq4/images/7.jpg,PolypGen,pgen_seq4,train,1,0
/home/samsul/Documents/Polyp Detection/Polyp-Gen:/seq4/images/45.jpg,PolypGen,pgen_seq4,train,1,0
/home/samsul/Documents/Polyp Detection/Polyp-Gen:/seq4/images/24.jpg,PolypGen,pgen_seq4,train,1,0
/home/samsul/Documents/Polyp Detection/Polyp-Gen:/seq4/images/30.jpg,PolypGen,pgen_seq4,train,1,0
/home/samsul/Documents/Polyp Detection/Polyp-Gen:/seq4/images/2.jpg,PolypGen,pgen_seq4,train,1,0
/home/samsul/Documents/Polyp Detection/Polyp-Gen:/seq5/images/75.jpg,PolypGen,pgen_seq5,train,1,0
/home/samsul/Documents/Polyp Detection/Polyp-Gen:/seq5/images/211.jpg,PolypGen,pgen_seq5,train,1,0
/home/samsul/Documents/Polyp Detection/Polyp-Gen:/seq5/images/174.jpg,PolypGen,pgen_seq5,train,1,0
/home/samsul/Documents/Polyp Detection/Polyp-Gen:/seq5/images/71.jpg,PolypGen,pgen_seq5,train,0,0
/home/samsul/Documents/Polyp Detection/Polyp-Gen:/seq5/images/198.jpg,PolypGen,pgen_seq5,train,1,0
/home/samsul/Documents/Polyp Detection/Polyp-Gen:/seq5/images/234.jpg,PolypGen,pgen_seq5,train,1,0
/home/samsul/Documents/Polyp Detection/Polyp-Gen:/seq5/images/241.jpg,PolypGen,pgen_seq5,train,1,0
/home/samsul/Documents/Polyp Detection/Polyp-Gen:/seq5/images/150.jpg,PolypGen,pgen_seq5,train,1,0
/home/samsul/Documents/Polyp Detection/Polyp-Gen:/seq5/images/204.jpg,PolypGen,pgen_seq5,train,1,0
/home/samsul/Documents/Polyp Detection/Polyp-Gen:/seq5/images/116.jpg,PolypGen,pgen_seq5,train,0,0
/home/samsul/Documents/Polyp Detection/Polyp-Gen:/seq5/images/166.jpg,PolypGen,pgen_seq5,train,1,0
/home/samsul/Documents/Polyp Detection/Polyp-Gen:/seq5/images/232.jpg,PolypGen,pgen_seq5,train,1,0
/home/samsul/Documents/Polyp Detection/Polyp-Gen:/seq5/images/93.jpg,PolypGen,pgen_seq5,train,1,0
/home/samsul/Documents/Polyp Detection/Polyp-Gen:/seq5/images/76.jpg,PolypGen,pgen_seq5,train,1,0
/home/samsul/Documents/Polyp Detection/Polyp-Gen:/seq5/images/200.jpg,PolypGen,pgen_seq5,train,1,0
/home/samsul/Documents/Polyp Detection/Polyp-Gen:/seq5/images/18.jpg,PolypGen,pgen_seq5,train,1,0
/home/samsul/Documents/Polyp Detection/Polyp-Gen:/seq5/images/192.jpg,PolypGen,pgen_seq5,train,1,0
/home/samsul/Documents/Polyp Detection/Polyp-Gen:/seq5/images/111.jpg,PolypGen,pgen_seq5,train,0,0
/home/samsul/Documents/Polyp Detection/Polyp-Gen:/seq5/images/3.jpg,PolypGen,pgen_seq5,train,1,0
/home/samsul/Documents/Polyp Detection/Polyp-Gen:/seq5/images/49.jpg,PolypGen,pgen_seq5,train,1,0
/home/samsul/Documents/Polyp Detection/Polyp-Gen:/seq5/images/40.jpg,PolypGen,pgen_seq5,train,1,0
/home/samsul/Documents/Polyp Detection/Polyp-Gen:/seq5/images/68.jpg,PolypGen,pgen_seq5,train,0,0
/home/samsul/Documents/Polyp Detection/Polyp-Gen:/seq5/images/197.jpg,PolypGen,pgen_seq5,train,1,0
/home/samsul/Documents/Polyp Detection/Polyp-Gen:/seq5/images/235.jpg,PolypGen,pgen_seq5,train,1,0
/home/samsul/Documents/Polyp Detection/Polyp-Gen:/seq5/images/57.jpg,PolypGen,pgen_seq5,train,1,0
/home/samsul/Documents/Polyp Detection/Polyp-Gen:/seq5/images/123.jpg,PolypGen,pgen_seq5,train,0,0
/home/samsul/Documents/Polyp Detection/Polyp-Gen:/seq5/images/220.jpg,PolypGen,pgen_seq5,train,1,0
/home/samsul/Documents/Polyp Detection/Polyp-Gen:/seq5/images/167.jpg,PolypGen,pgen_seq5,train,1,1
/home/samsul/Documents/Polyp Detection/Polyp-Gen:/seq5/images/81.jpg,PolypGen,pgen_seq5,train,1,0
/home/samsul/Documents/Polyp Detection/Polyp-Gen:/seq5/images/101.jpg,PolypGen,pgen_seq5,train,1,0
/home/samsul/Documents/Polyp Detection/Polyp-Gen:/seq5/images/159.jpg,PolypGen,pgen_seq5,train,1,0
/home/samsul/Documents/Polyp Detection/Polyp-Gen:/seq5/images/104.jpg,PolypGen,pgen_seq5,train,1,0
/home/samsul/Documents/Polyp Detection/Polyp-Gen:/seq5/images/247.jpg,PolypGen,pgen_seq5,train,1,0
/home/samsul/Documents/Polyp Detection/Polyp-Gen:/seq5/images/11.jpg,PolypGen,pgen_seq5,train,1,0
/home/samsul/Documents/Polyp Detection/Polyp-Gen:/seq5/images/29.jpg,PolypGen,pgen_seq5,train,1,0
/home/samsul/Documents/Polyp Detection/Polyp-Gen:/seq5/images/156.jpg,PolypGen,pgen_seq5,train,1,0
/home/samsul/Documents/Polyp Detection/Polyp-Gen:/seq5/images/85.jpg,PolypGen,pgen_seq5,train,1,0
/home/samsul/Documents/Polyp Detection/Polyp-Gen:/seq5/images/145.jpg,PolypGen,pgen_seq5,train,0,0
/home/samsul/Documents/Polyp Detection/Polyp-Gen:/seq5/images/54.jpg,PolypGen,pgen_seq5,train,1,0
/home/samsul/Documents/Polyp Detection/Polyp-Gen:/seq5/images/51.jpg,PolypGen,pgen_seq5,train,1,0
/home/samsul/Documents/Polyp Detection/Polyp-Gen:/seq5/images/209.jpg,PolypGen,pgen_seq5,train,1,0
/home/samsul/Documents/Polyp Detection/Polyp-Gen:/seq5/images/6.jpg,PolypGen,pgen_seq5,train,1,0
/home/samsul/Documents/Polyp Detection/Polyp-Gen:/seq5/images/58.jpg,PolypGen,pgen_seq5,train,1,0
/home/samsul/Documents/Polyp Detection/Polyp-Gen:/seq5/images/121.jpg,PolypGen,pgen_seq5,train,0,0
/home/samsul/Documents/Polyp Detection/Polyp-Gen:/seq5/images/238.jpg,PolypGen,pgen_seq5,train,1,0
/home/samsul/Documents/Polyp Detection/Polyp-Gen:/seq5/images/66.jpg,PolypGen,pgen_seq5,train,0,0
/home/samsul/Documents/Polyp Detection/Polyp-Gen:/seq5/images/10.jpg,PolypGen,pgen_seq5,train,1,0
/home/samsul/Documents/Polyp Detection/Polyp-Gen:/seq5/images/118.jpg,PolypGen,pgen_seq5,train,0,0
/home/samsul/Documents/Polyp Detection/Polyp-Gen:/seq5/images/34.jpg,PolypGen,pgen_seq5,train,1,0
/home/samsul/Documents/Polyp Detection/Polyp-Gen:/seq5/images/37.jpg,PolypGen,pgen_seq5,train,1,0
/home/samsul/Documents/Polyp Detection/Polyp-Gen:/seq5/images/110.jpg,PolypGen,pgen_seq5,train,0,0
/home/samsul/Documents/Polyp Detection/Polyp-Gen:/seq5/images/115.jpg,PolypGen,pgen_seq5,train,0,0
/home/samsul/Documents/Polyp Detection/Polyp-Gen:/seq5/images/67.jpg,PolypGen,pgen_seq5,train,0,0
/home/samsul/Documents/Polyp Detection/Polyp-Gen:/seq5/images/27.jpg,PolypGen,pgen_seq5,train,1,0
/home/samsul/Documents/Polyp Detection/Polyp-Gen:/seq5/images/182.jpg,PolypGen,pgen_seq5,train,1,0
/home/samsul/Documents/Polyp Detection/Polyp-Gen:/seq5/images/126.jpg,PolypGen,pgen_seq5,train,0,0
/home/samsul/Documents/Polyp Detection/Polyp-Gen:/seq5/images/82.jpg,PolypGen,pgen_seq5,train,1,0
/home/samsul/Documents/Polyp Detection/Polyp-Gen:/seq5/images/78.jpg,PolypGen,pgen_seq5,train,1,0
/home/samsul/Documents/Polyp Detection/Polyp-Gen:/seq5/images/162.jpg,PolypGen,pgen_seq5,train,1,0
/home/samsul/Documents/Polyp Detection/Polyp-Gen:/seq5/images/62.jpg,PolypGen,pgen_seq5,train,1,0
/home/samsul/Documents/Polyp Detection/Polyp-Gen:/seq5/images/39.jpg,PolypGen,pgen_seq5,train,1,0
/home/samsul/Documents/Polyp Detection/Polyp-Gen:/seq5/images/244.jpg,PolypGen,pgen_seq5,train,1,0
/home/samsul/Documents/Polyp Detection/Polyp-Gen:/seq5/images/120.jpg,PolypGen,pgen_seq5,train,0,0
/home/samsul/Documents/Polyp Detection/Polyp-Gen:/seq5/images/179.jpg,PolypGen,pgen_seq5,train,1,1
/home/samsul/Documents/Polyp Detection/Polyp-Gen:/seq5/images/154.jpg,PolypGen,pgen_seq5,train,1,0
/home/samsul/Documents/Polyp Detection/Polyp-Gen:/seq5/images/89.jpg,PolypGen,pgen_seq5,train,1,0
/home/samsul/Documents/Polyp Detection/Polyp-Gen:/seq5/images/99.jpg,PolypGen,pgen_seq5,train,1,0
/home/samsul/Documents/Polyp Detection/Polyp-Gen:/seq5/images/131.jpg,PolypGen,pgen_seq5,train,0,0
/home/samsul/Documents/Polyp Detection/Polyp-Gen:/seq5/images/190.jpg,PolypGen,pgen_seq5,train,1,0
/home/samsul/Documents/Polyp Detection/Polyp-Gen:/seq5/images/105.jpg,PolypGen,pgen_seq5,train,0,0
/home/samsul/Documents/Polyp Detection/Polyp-Gen:/seq5/images/191.jpg,PolypGen,pgen_seq5,train,1,0
/home/samsul/Documents/Polyp Detection/Polyp-Gen:/seq5/images/112.jpg,PolypGen,pgen_seq5,train,0,0
/home/samsul/Documents/Polyp Detection/Polyp-Gen:/seq5/images/236.jpg,PolypGen,pgen_seq5,train,1,0
/home/samsul/Documents/Polyp Detection/Polyp-Gen:/seq5/images/170.jpg,PolypGen,pgen_seq5,train,1,1
/home/samsul/Documents/Polyp Detection/Polyp-Gen:/seq5/images/169.jpg,PolypGen,pgen_seq5,train,1,0
/home/samsul/Documents/Polyp Detection/Polyp-Gen:/seq5/images/86.jpg,PolypGen,pgen_seq5,train,1,0
/home/samsul/Documents/Polyp Detection/Polyp-Gen:/seq5/images/177.jpg,PolypGen,pgen_seq5,train,1,0
/home/samsul/Documents/Polyp Detection/Polyp-Gen:/seq5/images/31.jpg,PolypGen,pgen_seq5,train,1,0
/home/samsul/Documents/Polyp Detection/Polyp-Gen:/seq5/images/8.jpg,PolypGen,pgen_seq5,train,1,0
/home/samsul/Documents/Polyp Detection/Polyp-Gen:/seq5/images/164.jpg,PolypGen,pgen_seq5,train,1,0
/home/samsul/Documents/Polyp Detection/Polyp-Gen:/seq5/images/98.jpg,PolypGen,pgen_seq5,train,1,0
/home/samsul/Documents/Polyp Detection/Polyp-Gen:/seq5/images/103.jpg,PolypGen,pgen_seq5,train,0,0
/home/samsul/Documents/Polyp Detection/Polyp-Gen:/seq5/images/41.jpg,PolypGen,pgen_seq5,train,1,0
/home/samsul/Documents/Polyp Detection/Polyp-Gen:/seq5/images/109.jpg,PolypGen,pgen_seq5,train,0,0
/home/samsul/Documents/Polyp Detection/Polyp-Gen:/seq5/images/83.jpg,PolypGen,pgen_seq5,train,1,0
/home/samsul/Documents/Polyp Detection/Polyp-Gen:/seq5/images/165.jpg,PolypGen,pgen_seq5,train,1,0
/home/samsul/Documents/Polyp Detection/Polyp-Gen:/seq5/images/173.jpg,PolypGen,pgen_seq5,train,1,0
/home/samsul/Documents/Polyp Detection/Polyp-Gen:/seq5/images/172.jpg,PolypGen,pgen_seq5,train,1,0
/home/samsul/Documents/Polyp Detection/Polyp-Gen:/seq5/images/79.jpg,PolypGen,pgen_seq5,train,1,0
/home/samsul/Documents/Polyp Detection/Polyp-Gen:/seq5/images/193.jpg,PolypGen,pgen_seq5,train,1,0
/home/samsul/Documents/Polyp Detection/Polyp-Gen:/seq5/images/188.jpg,PolypGen,pgen_seq5,train,1,0
/home/samsul/Documents/Polyp Detection/Polyp-Gen:/seq5/images/158.jpg,PolypGen,pgen_seq5,train,1,0
/home/samsul/Documents/Polyp Detection/Polyp-Gen:/seq5/images/50.jpg,PolypGen,pgen_seq5,train,1,0
/home/samsul/Documents/Polyp Detection/Polyp-Gen:/seq5/images/1.jpg,PolypGen,pgen_seq5,train,1,0
/home/samsul/Documents/Polyp Detection/Polyp-Gen:/seq5/images/186.jpg,PolypGen,pgen_seq5,train,1,0
/home/samsul/Documents/Polyp Detection/Polyp-Gen:/seq5/images/52.jpg,PolypGen,pgen_seq5,train,1,0
/home/samsul/Documents/Polyp Detection/Polyp-Gen:/seq5/images/95.jpg,PolypGen,pgen_seq5,train,1,0
/home/samsul/Documents/Polyp Detection/Polyp-Gen:/seq5/images/19.jpg,PolypGen,pgen_seq5,train,1,0
/home/samsul/Documents/Polyp Detection/Polyp-Gen:/seq5/images/171.jpg,PolypGen,pgen_seq5,train,1,0
/home/samsul/Documents/Polyp Detection/Polyp-Gen:/seq5/images/60.jpg,PolypGen,pgen_seq5,train,1,0
/home/samsul/Documents/Polyp Detection/Polyp-Gen:/seq5/images/124.jpg,PolypGen,pgen_seq5,train,0,0
/home/samsul/Documents/Polyp Detection/Polyp-Gen:/seq5/images/189.jpg,PolypGen,pgen_seq5,train,1,0
/home/samsul/Documents/Polyp Detection/Polyp-Gen:/seq5/images/69.jpg,PolypGen,pgen_seq5,train,0,0
/home/samsul/Documents/Polyp Detection/Polyp-Gen:/seq5/images/163.jpg,PolypGen,pgen_seq5,train,1,0
/home/samsul/Documents/Polyp Detection/Polyp-Gen:/seq5/images/225.jpg,PolypGen,pgen_seq5,train,1,0
/home/samsul/Documents/Polyp Detection/Polyp-Gen:/seq5/images/14.jpg,PolypGen,pgen_seq5,train,1,0
/home/samsul/Documents/Polyp Detection/Polyp-Gen:/seq5/images/91.jpg,PolypGen,pgen_seq5,train,1,0
/home/samsul/Documents/Polyp Detection/Polyp-Gen:/seq5/images/249.jpg,PolypGen,pgen_seq5,train,1,0
/home/samsul/Documents/Polyp Detection/Polyp-Gen:/seq5/images/70.jpg,PolypGen,pgen_seq5,train,0,0
/home/samsul/Documents/Polyp Detection/Polyp-Gen:/seq5/images/117.jpg,PolypGen,pgen_seq5,train,1,0
/home/samsul/Documents/Polyp Detection/Polyp-Gen:/seq5/images/23.jpg,PolypGen,pgen_seq5,train,1,0
/home/samsul/Documents/Polyp Detection/Polyp-Gen:/seq5/images/199.jpg,PolypGen,pgen_seq5,train,1,0
/home/samsul/Documents/Polyp Detection/Polyp-Gen:/seq5/images/205.jpg,PolypGen,pgen_seq5,train,1,0
/home/samsul/Documents/Polyp Detection/Polyp-Gen:/seq5/images/64.jpg,PolypGen,pgen_seq5,train,0,0
/home/samsul/Documents/Polyp Detection/Polyp-Gen:/seq5/images/28.jpg,PolypGen,pgen_seq5,train,1,0
/home/samsul/Documents/Polyp Detection/Polyp-Gen:/seq5/images/17.jpg,PolypGen,pgen_seq5,train,1,0
/home/samsul/Documents/Polyp Detection/Polyp-Gen:/seq5/images/36.jpg,PolypGen,pgen_seq5,train,1,0
/home/samsul/Documents/Polyp Detection/Polyp-Gen:/seq5/images/87.jpg,PolypGen,pgen_seq5,train,1,0
/home/samsul/Documents/Polyp Detection/Polyp-Gen:/seq5/images/4.jpg,PolypGen,pgen_seq5,train,1,0
/home/samsul/Documents/Polyp Detection/Polyp-Gen:/seq5/images/216.jpg,PolypGen,pgen_seq5,train,1,0
/home/samsul/Documents/Polyp Detection/Polyp-Gen:/seq5/images/5.jpg,PolypGen,pgen_seq5,train,1,0
/home/samsul/Documents/Polyp Detection/Polyp-Gen:/seq5/images/21.jpg,PolypGen,pgen_seq5,train,1,0
/home/samsul/Documents/Polyp Detection/Polyp-Gen:/seq5/images/208.jpg,PolypGen,pgen_seq5,train,1,0
/home/samsul/Documents/Polyp Detection/Polyp-Gen:/seq5/images/72.jpg,PolypGen,pgen_seq5,train,1,0
/home/samsul/Documents/Polyp Detection/Polyp-Gen:/seq5/images/0.jpg,PolypGen,pgen_seq5,train,1,0
/home/samsul/Documents/Polyp Detection/Polyp-Gen:/seq5/images/147.jpg,PolypGen,pgen_seq5,train,1,0
/home/samsul/Documents/Polyp Detection/Polyp-Gen:/seq5/images/194.jpg,PolypGen,pgen_seq5,train,1,0
/home/samsul/Documents/Polyp Detection/Polyp-Gen:/seq5/images/148.jpg,PolypGen,pgen_seq5,train,1,0
/home/samsul/Documents/Polyp Detection/Polyp-Gen:/seq5/images/113.jpg,PolypGen,pgen_seq5,train,0,0
/home/samsul/Documents/Polyp Detection/Polyp-Gen:/seq5/images/26.jpg,PolypGen,pgen_seq5,train,1,0
/home/samsul/Documents/Polyp Detection/Polyp-Gen:/seq5/images/12.jpg,PolypGen,pgen_seq5,train,1,0
/home/samsul/Documents/Polyp Detection/Polyp-Gen:/seq5/images/108.jpg,PolypGen,pgen_seq5,train,0,0
/home/samsul/Documents/Polyp Detection/Polyp-Gen:/seq5/images/221.jpg,PolypGen,pgen_seq5,train,1,0
/home/samsul/Documents/Polyp Detection/Polyp-Gen:/seq5/images/22.jpg,PolypGen,pgen_seq5,train,1,0
/home/samsul/Documents/Polyp Detection/Polyp-Gen:/seq5/images/129.jpg,PolypGen,pgen_seq5,train,0,0
/home/samsul/Documents/Polyp Detection/Polyp-Gen:/seq5/images/140.jpg,PolypGen,pgen_seq5,train,0,0
/home/samsul/Documents/Polyp Detection/Polyp-Gen:/seq5/images/100.jpg,PolypGen,pgen_seq5,train,1,0
/home/samsul/Documents/Polyp Detection/Polyp-Gen:/seq5/images/248.jpg,PolypGen,pgen_seq5,train,1,0
/home/samsul/Documents/Polyp Detection/Polyp-Gen:/seq5/images/32.jpg,PolypGen,pgen_seq5,train,1,0
/home/samsul/Documents/Polyp Detection/Polyp-Gen:/seq5/images/178.jpg,PolypGen,pgen_seq5,train,1,0
/home/samsul/Documents/Polyp Detection/Polyp-Gen:/seq5/images/9.jpg,PolypGen,pgen_seq5,train,1,0
/home/samsul/Documents/Polyp Detection/Polyp-Gen:/seq5/images/44.jpg,PolypGen,pgen_seq5,train,1,0
/home/samsul/Documents/Polyp Detection/Polyp-Gen:/seq5/images/106.jpg,PolypGen,pgen_seq5,train,1,0
/home/samsul/Documents/Polyp Detection/Polyp-Gen:/seq5/images/80.jpg,PolypGen,pgen_seq5,train,1,0
/home/samsul/Documents/Polyp Detection/Polyp-Gen:/seq5/images/35.jpg,PolypGen,pgen_seq5,train,1,0
/home/samsul/Documents/Polyp Detection/Polyp-Gen:/seq5/images/48.jpg,PolypGen,pgen_seq5,train,1,0
/home/samsul/Documents/Polyp Detection/Polyp-Gen:/seq5/images/229.jpg,PolypGen,pgen_seq5,train,1,0
/home/samsul/Documents/Polyp Detection/Polyp-Gen:/seq5/images/33.jpg,PolypGen,pgen_seq5,train,1,0
/home/samsul/Documents/Polyp Detection/Polyp-Gen:/seq5/images/141.jpg,PolypGen,pgen_seq5,train,0,0
/home/samsul/Documents/Polyp Detection/Polyp-Gen:/seq5/images/43.jpg,PolypGen,pgen_seq5,train,1,0
/home/samsul/Documents/Polyp Detection/Polyp-Gen:/seq5/images/90.jpg,PolypGen,pgen_seq5,train,1,0
/home/samsul/Documents/Polyp Detection/Polyp-Gen:/seq5/images/223.jpg,PolypGen,pgen_seq5,train,1,0
/home/samsul/Documents/Polyp Detection/Polyp-Gen:/seq5/images/55.jpg,PolypGen,pgen_seq5,train,1,0
/home/samsul/Documents/Polyp Detection/Polyp-Gen:/seq5/images/183.jpg,PolypGen,pgen_seq5,train,1,0
/home/samsul/Documents/Polyp Detection/Polyp-Gen:/seq5/images/245.jpg,PolypGen,pgen_seq5,train,1,0
/home/samsul/Documents/Polyp Detection/Polyp-Gen:/seq5/images/143.jpg,PolypGen,pgen_seq5,train,0,0
/home/samsul/Documents/Polyp Detection/Polyp-Gen:/seq5/images/226.jpg,PolypGen,pgen_seq5,train,1,0
/home/samsul/Documents/Polyp Detection/Polyp-Gen:/seq5/images/213.jpg,PolypGen,pgen_seq5,train,1,0
/home/samsul/Documents/Polyp Detection/Polyp-Gen:/seq5/images/175.jpg,PolypGen,pgen_seq5,train,1,0
/home/samsul/Documents/Polyp Detection/Polyp-Gen:/seq5/images/125.jpg,PolypGen,pgen_seq5,train,0,0
/home/samsul/Documents/Polyp Detection/Polyp-Gen:/seq5/images/227.jpg,PolypGen,pgen_seq5,train,1,0
/home/samsul/Documents/Polyp Detection/Polyp-Gen:/seq5/images/47.jpg,PolypGen,pgen_seq5,train,1,0
/home/samsul/Documents/Polyp Detection/Polyp-Gen:/seq5/images/206.jpg,PolypGen,pgen_seq5,train,1,0
/home/samsul/Documents/Polyp Detection/Polyp-Gen:/seq5/images/157.jpg,PolypGen,pgen_seq5,train,1,0
/home/samsul/Documents/Polyp Detection/Polyp-Gen:/seq5/images/133.jpg,PolypGen,pgen_seq5,train,0,0
/home/samsul/Documents/Polyp Detection/Polyp-Gen:/seq5/images/233.jpg,PolypGen,pgen_seq5,train,1,0
/home/samsul/Documents/Polyp Detection/Polyp-Gen:/seq5/images/184.jpg,PolypGen,pgen_seq5,train,1,1
/home/samsul/Documents/Polyp Detection/Polyp-Gen:/seq5/images/13.jpg,PolypGen,pgen_seq5,train,1,0
/home/samsul/Documents/Polyp Detection/Polyp-Gen:/seq5/images/144.jpg,PolypGen,pgen_seq5,train,0,0
/home/samsul/Documents/Polyp Detection/Polyp-Gen:/seq5/images/53.jpg,PolypGen,pgen_seq5,train,1,0
/home/samsul/Documents/Polyp Detection/Polyp-Gen:/seq5/images/196.jpg,PolypGen,pgen_seq5,train,1,0
/home/samsul/Documents/Polyp Detection/Polyp-Gen:/seq5/images/16.jpg,PolypGen,pgen_seq5,train,1,0
/home/samsul/Documents/Polyp Detection/Polyp-Gen:/seq5/images/195.jpg,PolypGen,pgen_seq5,train,1,0
/home/samsul/Documents/Polyp Detection/Polyp-Gen:/seq5/images/42.jpg,PolypGen,pgen_seq5,train,1,0
/home/samsul/Documents/Polyp Detection/Polyp-Gen:/seq5/images/218.jpg,PolypGen,pgen_seq5,train,1,0
/home/samsul/Documents/Polyp Detection/Polyp-Gen:/seq5/images/114.jpg,PolypGen,pgen_seq5,train,0,0
/home/samsul/Documents/Polyp Detection/Polyp-Gen:/seq5/images/222.jpg,PolypGen,pgen_seq5,train,1,0
/home/samsul/Documents/Polyp Detection/Polyp-Gen:/seq5/images/38.jpg,PolypGen,pgen_seq5,train,1,0
/home/samsul/Documents/Polyp Detection/Polyp-Gen:/seq5/images/237.jpg,PolypGen,pgen_seq5,train,1,0
/home/samsul/Documents/Polyp Detection/Polyp-Gen:/seq5/images/15.jpg,PolypGen,pgen_seq5,train,1,0
/home/samsul/Documents/Polyp Detection/Polyp-Gen:/seq5/images/25.jpg,PolypGen,pgen_seq5,train,1,0
/home/samsul/Documents/Polyp Detection/Polyp-Gen:/seq5/images/152.jpg,PolypGen,pgen_seq5,train,1,0
/home/samsul/Documents/Polyp Detection/Polyp-Gen:/seq5/images/146.jpg,PolypGen,pgen_seq5,train,0,0
/home/samsul/Documents/Polyp Detection/Polyp-Gen:/seq5/images/96.jpg,PolypGen,pgen_seq5,train,1,0
/home/samsul/Documents/Polyp Detection/Polyp-Gen:/seq5/images/84.jpg,PolypGen,pgen_seq5,train,1,0
/home/samsul/Documents/Polyp Detection/Polyp-Gen:/seq5/images/212.jpg,PolypGen,pgen_seq5,train,1,0
/home/samsul/Documents/Polyp Detection/Polyp-Gen:/seq5/images/107.jpg,PolypGen,pgen_seq5,train,0,0
/home/samsul/Documents/Polyp Detection/Polyp-Gen:/seq5/images/246.jpg,PolypGen,pgen_seq5,train,1,0
/home/samsul/Documents/Polyp Detection/Polyp-Gen:/seq5/images/217.jpg,PolypGen,pgen_seq5,train,1,0
/home/samsul/Documents/Polyp Detection/Polyp-Gen:/seq5/images/134.jpg,PolypGen,pgen_seq5,train,0,0
/home/samsul/Documents/Polyp Detection/Polyp-Gen:/seq5/images/215.jpg,PolypGen,pgen_seq5,train,1,0
/home/samsul/Documents/Polyp Detection/Polyp-Gen:/seq5/images/97.jpg,PolypGen,pgen_seq5,train,1,0
/home/samsul/Documents/Polyp Detection/Polyp-Gen:/seq5/images/135.jpg,PolypGen,pgen_seq5,train,0,0
/home/samsul/Documents/Polyp Detection/Polyp-Gen:/seq5/images/102.jpg,PolypGen,pgen_seq5,train,1,0
/home/samsul/Documents/Polyp Detection/Polyp-Gen:/seq5/images/219.jpg,PolypGen,pgen_seq5,train,1,0
/home/samsul/Documents/Polyp Detection/Polyp-Gen:/seq5/images/168.jpg,PolypGen,pgen_seq5,train,1,0
/home/samsul/Documents/Polyp Detection/Polyp-Gen:/seq5/images/63.jpg,PolypGen,pgen_seq5,train,0,0
/home/samsul/Documents/Polyp Detection/Polyp-Gen:/seq5/images/228.jpg,PolypGen,pgen_seq5,train,1,0
/home/samsul/Documents/Polyp Detection/Polyp-Gen:/seq5/images/242.jpg,PolypGen,pgen_seq5,train,1,0
/home/samsul/Documents/Polyp Detection/Polyp-Gen:/seq5/images/56.jpg,PolypGen,pgen_seq5,train,1,0
/home/samsul/Documents/Polyp Detection/Polyp-Gen:/seq5/images/119.jpg,PolypGen,pgen_seq5,train,0,0
/home/samsul/Documents/Polyp Detection/Polyp-Gen:/seq5/images/201.jpg,PolypGen,pgen_seq5,train,1,0
/home/samsul/Documents/Polyp Detection/Polyp-Gen:/seq5/images/20.jpg,PolypGen,pgen_seq5,train,1,0
/home/samsul/Documents/Polyp Detection/Polyp-Gen:/seq5/images/46.jpg,PolypGen,pgen_seq5,train,1,0
/home/samsul/Documents/Polyp Detection/Polyp-Gen:/seq5/images/210.jpg,PolypGen,pgen_seq5,train,1,0
/home/samsul/Documents/Polyp Detection/Polyp-Gen:/seq5/images/122.jpg,PolypGen,pgen_seq5,train,0,0
/home/samsul/Documents/Polyp Detection/Polyp-Gen:/seq5/images/153.jpg,PolypGen,pgen_seq5,train,1,0
/home/samsul/Documents/Polyp Detection/Polyp-Gen:/seq5/images/127.jpg,PolypGen,pgen_seq5,train,0,0
/home/samsul/Documents/Polyp Detection/Polyp-Gen:/seq5/images/142.jpg,PolypGen,pgen_seq5,train,0,0
/home/samsul/Documents/Polyp Detection/Polyp-Gen:/seq5/images/202.jpg,PolypGen,pgen_seq5,train,1,0
/home/samsul/Documents/Polyp Detection/Polyp-Gen:/seq5/images/74.jpg,PolypGen,pgen_seq5,train,0,0
/home/samsul/Documents/Polyp Detection/Polyp-Gen:/seq5/images/136.jpg,PolypGen,pgen_seq5,train,0,0
/home/samsul/Documents/Polyp Detection/Polyp-Gen:/seq5/images/92.jpg,PolypGen,pgen_seq5,train,1,0
/home/samsul/Documents/Polyp Detection/Polyp-Gen:/seq5/images/185.jpg,PolypGen,pgen_seq5,train,1,0
/home/samsul/Documents/Polyp Detection/Polyp-Gen:/seq5/images/155.jpg,PolypGen,pgen_seq5,train,1,0
/home/samsul/Documents/Polyp Detection/Polyp-Gen:/seq5/images/7.jpg,PolypGen,pgen_seq5,train,1,0
/home/samsul/Documents/Polyp Detection/Polyp-Gen:/seq5/images/45.jpg,PolypGen,pgen_seq5,train,1,0
/home/samsul/Documents/Polyp Detection/Polyp-Gen:/seq5/images/128.jpg,PolypGen,pgen_seq5,train,1,0
/home/samsul/Documents/Polyp Detection/Polyp-Gen:/seq5/images/180.jpg,PolypGen,pgen_seq5,train,1,2
/home/samsul/Documents/Polyp Detection/Polyp-Gen:/seq5/images/73.jpg,PolypGen,pgen_seq5,train,0,0
/home/samsul/Documents/Polyp Detection/Polyp-Gen:/seq5/images/94.jpg,PolypGen,pgen_seq5,train,1,0
/home/samsul/Documents/Polyp Detection/Polyp-Gen:/seq5/images/132.jpg,PolypGen,pgen_seq5,train,0,0
/home/samsul/Documents/Polyp Detection/Polyp-Gen:/seq5/images/207.jpg,PolypGen,pgen_seq5,train,1,0
/home/samsul/Documents/Polyp Detection/Polyp-Gen:/seq5/images/151.jpg,PolypGen,pgen_seq5,train,1,1
/home/samsul/Documents/Polyp Detection/Polyp-Gen:/seq5/images/88.jpg,PolypGen,pgen_seq5,train,1,0
/home/samsul/Documents/Polyp Detection/Polyp-Gen:/seq5/images/65.jpg,PolypGen,pgen_seq5,train,0,0
/home/samsul/Documents/Polyp Detection/Polyp-Gen:/seq5/images/176.jpg,PolypGen,pgen_seq5,train,0,0
/home/samsul/Documents/Polyp Detection/Polyp-Gen:/seq5/images/161.jpg,PolypGen,pgen_seq5,train,1,0
/home/samsul/Documents/Polyp Detection/Polyp-Gen:/seq5/images/139.jpg,PolypGen,pgen_seq5,train,1,0
/home/samsul/Documents/Polyp Detection/Polyp-Gen:/seq5/images/77.jpg,PolypGen,pgen_seq5,train,1,0
/home/samsul/Documents/Polyp Detection/Polyp-Gen:/seq5/images/61.jpg,PolypGen,pgen_seq5,train,1,0
/home/samsul/Documents/Polyp Detection/Polyp-Gen:/seq5/images/149.jpg,PolypGen,pgen_seq5,train,1,0
/home/samsul/Documents/Polyp Detection/Polyp-Gen:/seq5/images/240.jpg,PolypGen,pgen_seq5,train,1,0
/home/samsul/Documents/Polyp Detection/Polyp-Gen:/seq5/images/224.jpg,PolypGen,pgen_seq5,train,1,0
/home/samsul/Documents/Polyp Detection/Polyp-Gen:/seq5/images/239.jpg,PolypGen,pgen_seq5,train,1,0
/home/samsul/Documents/Polyp Detection/Polyp-Gen:/seq5/images/130.jpg,PolypGen,pgen_seq5,train,0,0
/home/samsul/Documents/Polyp Detection/Polyp-Gen:/seq5/images/24.jpg,PolypGen,pgen_seq5,train,1,0
/home/samsul/Documents/Polyp Detection/Polyp-Gen:/seq5/images/203.jpg,PolypGen,pgen_seq5,train,1,0
/home/samsul/Documents/Polyp Detection/Polyp-Gen:/seq5/images/160.jpg,PolypGen,pgen_seq5,train,1,0
/home/samsul/Documents/Polyp Detection/Polyp-Gen:/seq5/images/243.jpg,PolypGen,pgen_seq5,train,1,0
/home/samsul/Documents/Polyp Detection/Polyp-Gen:/seq5/images/30.jpg,PolypGen,pgen_seq5,train,1,0
/home/samsul/Documents/Polyp Detection/Polyp-Gen:/seq5/images/187.jpg,PolypGen,pgen_seq5,train,1,0
/home/samsul/Documents/Polyp Detection/Polyp-Gen:/seq5/images/231.jpg,PolypGen,pgen_seq5,train,1,0
/home/samsul/Documents/Polyp Detection/Polyp-Gen:/seq5/images/181.jpg,PolypGen,pgen_seq5,train,1,0
/home/samsul/Documents/Polyp Detection/Polyp-Gen:/seq5/images/138.jpg,PolypGen,pgen_seq5,train,0,0
/home/samsul/Documents/Polyp Detection/Polyp-Gen:/seq5/images/2.jpg,PolypGen,pgen_seq5,train,1,0
/home/samsul/Documents/Polyp Detection/Polyp-Gen:/seq5/images/59.jpg,PolypGen,pgen_seq5,train,1,0
/home/samsul/Documents/Polyp Detection/Polyp-Gen:/seq5/images/214.jpg,PolypGen,pgen_seq5,train,1,0
/home/samsul/Documents/Polyp Detection/Polyp-Gen:/seq5/images/230.jpg,PolypGen,pgen_seq5,train,1,0
/home/samsul/Documents/Polyp Detection/Polyp-Gen:/seq5/images/137.jpg,PolypGen,pgen_seq5,train,0,0
/home/samsul/Documents/Polyp Detection/Polyp-Gen:/seq6/images/75.jpg,PolypGen,pgen_seq6,train,1,0
/home/samsul/Documents/Polyp Detection/Polyp-Gen:/seq6/images/71.jpg,PolypGen,pgen_seq6,train,1,0
/home/samsul/Documents/Polyp Detection/Polyp-Gen:/seq6/images/76.jpg,PolypGen,pgen_seq6,train,1,0
/home/samsul/Documents/Polyp Detection/Polyp-Gen:/seq6/images/18.jpg,PolypGen,pgen_seq6,train,0,0
/home/samsul/Documents/Polyp Detection/Polyp-Gen:/seq6/images/3.jpg,PolypGen,pgen_seq6,train,0,0
/home/samsul/Documents/Polyp Detection/Polyp-Gen:/seq6/images/49.jpg,PolypGen,pgen_seq6,train,1,0
/home/samsul/Documents/Polyp Detection/Polyp-Gen:/seq6/images/40.jpg,PolypGen,pgen_seq6,train,1,0
/home/samsul/Documents/Polyp Detection/Polyp-Gen:/seq6/images/68.jpg,PolypGen,pgen_seq6,train,1,0
/home/samsul/Documents/Polyp Detection/Polyp-Gen:/seq6/images/57.jpg,PolypGen,pgen_seq6,train,1,0
/home/samsul/Documents/Polyp Detection/Polyp-Gen:/seq6/images/81.jpg,PolypGen,pgen_seq6,train,1,0
/home/samsul/Documents/Polyp Detection/Polyp-Gen:/seq6/images/11.jpg,PolypGen,pgen_seq6,train,0,0
/home/samsul/Documents/Polyp Detection/Polyp-Gen:/seq6/images/29.jpg,PolypGen,pgen_seq6,train,1,0
/home/samsul/Documents/Polyp Detection/Polyp-Gen:/seq6/images/85.jpg,PolypGen,pgen_seq6,train,1,0
/home/samsul/Documents/Polyp Detection/Polyp-Gen:/seq6/images/54.jpg,PolypGen,pgen_seq6,train,1,0
/home/samsul/Documents/Polyp Detection/Polyp-Gen:/seq6/images/51.jpg,PolypGen,pgen_seq6,train,1,0
/home/samsul/Documents/Polyp Detection/Polyp-Gen:/seq6/images/6.jpg,PolypGen,pgen_seq6,train,0,0
/home/samsul/Documents/Polyp Detection/Polyp-Gen:/seq6/images/58.jpg,PolypGen,pgen_seq6,train,1,0
/home/samsul/Documents/Polyp Detection/Polyp-Gen:/seq6/images/66.jpg,PolypGen,pgen_seq6,train,1,0
/home/samsul/Documents/Polyp Detection/Polyp-Gen:/seq6/images/10.jpg,PolypGen,pgen_seq6,train,0,0
/home/samsul/Documents/Polyp Detection/Polyp-Gen:/seq6/images/34.jpg,PolypGen,pgen_seq6,train,1,0
/home/samsul/Documents/Polyp Detection/Polyp-Gen:/seq6/images/37.jpg,PolypGen,pgen_seq6,train,1,0
/home/samsul/Documents/Polyp Detection/Polyp-Gen:/seq6/images/67.jpg,PolypGen,pgen_seq6,train,1,0
/home/samsul/Documents/Polyp Detection/Polyp-Gen:/seq6/images/27.jpg,PolypGen,pgen_seq6,train,1,0
/home/samsul/Documents/Polyp Detection/Polyp-Gen:/seq6/images/82.jpg,PolypGen,pgen_seq6,train,1,0
/home/samsul/Documents/Polyp Detection/Polyp-Gen:/seq6/images/78.jpg,PolypGen,pgen_seq6,train,1,0
/home/samsul/Documents/Polyp Detection/Polyp-Gen:/seq6/images/62.jpg,PolypGen,pgen_seq6,train,1,0
/home/samsul/Documents/Polyp Detection/Polyp-Gen:/seq6/images/39.jpg,PolypGen,pgen_seq6,train,1,0
/home/samsul/Documents/Polyp Detection/Polyp-Gen:/seq6/images/89.jpg,PolypGen,pgen_seq6,train,0,0
/home/samsul/Documents/Polyp Detection/Polyp-Gen:/seq6/images/86.jpg,PolypGen,pgen_seq6,train,0,0
/home/samsul/Documents/Polyp Detection/Polyp-Gen:/seq6/images/31.jpg,PolypGen,pgen_seq6,train,1,0
/home/samsul/Documents/Polyp Detection/Polyp-Gen:/seq6/images/8.jpg,PolypGen,pgen_seq6,train,0,0
/home/samsul/Documents/Polyp Detection/Polyp-Gen:/seq6/images/41.jpg,PolypGen,pgen_seq6,train,1,0
/home/samsul/Documents/Polyp Detection/Polyp-Gen:/seq6/images/83.jpg,PolypGen,pgen_seq6,train,1,0
/home/samsul/Documents/Polyp Detection/Polyp-Gen:/seq6/images/79.jpg,PolypGen,pgen_seq6,train,1,0
/home/samsul/Documents/Polyp Detection/Polyp-Gen:/seq6/images/50.jpg,PolypGen,pgen_seq6,train,1,0
/home/samsul/Documents/Polyp Detection/Polyp-Gen:/seq6/images/1.jpg,PolypGen,pgen_seq6,train,0,0
/home/samsul/Documents/Polyp Detection/Polyp-Gen:/seq6/images/52.jpg,PolypGen,pgen_seq6,train,1,0
/home/samsul/Documents/Polyp Detection/Polyp-Gen:/seq6/images/19.jpg,PolypGen,pgen_seq6,train,0,0
/home/samsul/Documents/Polyp Detection/Polyp-Gen:/seq6/images/60.jpg,PolypGen,pgen_seq6,train,1,0
/home/samsul/Documents/Polyp Detection/Polyp-Gen:/seq6/images/69.jpg,PolypGen,pgen_seq6,train,1,0
/home/samsul/Documents/Polyp Detection/Polyp-Gen:/seq6/images/14.jpg,PolypGen,pgen_seq6,train,0,0
/home/samsul/Documents/Polyp Detection/Polyp-Gen:/seq6/images/70.jpg,PolypGen,pgen_seq6,train,1,0
/home/samsul/Documents/Polyp Detection/Polyp-Gen:/seq6/images/23.jpg,PolypGen,pgen_seq6,train,0,0
/home/samsul/Documents/Polyp Detection/Polyp-Gen:/seq6/images/64.jpg,PolypGen,pgen_seq6,train,1,0
/home/samsul/Documents/Polyp Detection/Polyp-Gen:/seq6/images/28.jpg,PolypGen,pgen_seq6,train,1,0
/home/samsul/Documents/Polyp Detection/Polyp-Gen:/seq6/images/17.jpg,PolypGen,pgen_seq6,train,0,0
/home/samsul/Documents/Polyp Detection/Polyp-Gen:/seq6/images/36.jpg,PolypGen,pgen_seq6,train,1,0
/home/samsul/Documents/Polyp Detection/Polyp-Gen:/seq6/images/87.jpg,PolypGen,pgen_seq6,train,0,0
/home/samsul/Documents/Polyp Detection/Polyp-Gen:/seq6/images/4.jpg,PolypGen,pgen_seq6,train,0,0
/home/samsul/Documents/Polyp Detection/Polyp-Gen:/seq6/images/5.jpg,PolypGen,pgen_seq6,train,0,0
/home/samsul/Documents/Polyp Detection/Polyp-Gen:/seq6/images/21.jpg,PolypGen,pgen_seq6,train,0,0
/home/samsul/Documents/Polyp Detection/Polyp-Gen:/seq6/images/72.jpg,PolypGen,pgen_seq6,train,1,0
/home/samsul/Documents/Polyp Detection/Polyp-Gen:/seq6/images/0.jpg,PolypGen,pgen_seq6,train,0,0
/home/samsul/Documents/Polyp Detection/Polyp-Gen:/seq6/images/26.jpg,PolypGen,pgen_seq6,train,1,0
/home/samsul/Documents/Polyp Detection/Polyp-Gen:/seq6/images/12.jpg,PolypGen,pgen_seq6,train,0,0
/home/samsul/Documents/Polyp Detection/Polyp-Gen:/seq6/images/22.jpg,PolypGen,pgen_seq6,train,0,0
/home/samsul/Documents/Polyp Detection/Polyp-Gen:/seq6/images/32.jpg,PolypGen,pgen_seq6,train,1,0
/home/samsul/Documents/Polyp Detection/Polyp-Gen:/seq6/images/9.jpg,PolypGen,pgen_seq6,train,0,0
/home/samsul/Documents/Polyp Detection/Polyp-Gen:/seq6/images/44.jpg,PolypGen,pgen_seq6,train,1,0
/home/samsul/Documents/Polyp Detection/Polyp-Gen:/seq6/images/80.jpg,PolypGen,pgen_seq6,train,1,0
/home/samsul/Documents/Polyp Detection/Polyp-Gen:/seq6/images/35.jpg,PolypGen,pgen_seq6,train,1,0
/home/samsul/Documents/Polyp Detection/Polyp-Gen:/seq6/images/48.jpg,PolypGen,pgen_seq6,train,1,0
/home/samsul/Documents/Polyp Detection/Polyp-Gen:/seq6/images/33.jpg,PolypGen,pgen_seq6,train,1,0
/home/samsul/Documents/Polyp Detection/Polyp-Gen:/seq6/images/43.jpg,PolypGen,pgen_seq6,train,1,0
/home/samsul/Documents/Polyp Detection/Polyp-Gen:/seq6/images/90.jpg,PolypGen,pgen_seq6,train,0,0
/home/samsul/Documents/Polyp Detection/Polyp-Gen:/seq6/images/55.jpg,PolypGen,pgen_seq6,train,1,0
/home/samsul/Documents/Polyp Detection/Polyp-Gen:/seq6/images/47.jpg,PolypGen,pgen_seq6,train,1,0
/home/samsul/Documents/Polyp Detection/Polyp-Gen:/seq6/images/13.jpg,PolypGen,pgen_seq6,train,0,0
/home/samsul/Documents/Polyp Detection/Polyp-Gen:/seq6/images/53.jpg,PolypGen,pgen_seq6,train,1,0
/home/samsul/Documents/Polyp Detection/Polyp-Gen:/seq6/images/16.jpg,PolypGen,pgen_seq6,train,0,0
/home/samsul/Documents/Polyp Detection/Polyp-Gen:/seq6/images/42.jpg,PolypGen,pgen_seq6,train,1,0
/home/samsul/Documents/Polyp Detection/Polyp-Gen:/seq6/images/38.jpg,PolypGen,pgen_seq6,train,1,0
/home/samsul/Documents/Polyp Detection/Polyp-Gen:/seq6/images/15.jpg,PolypGen,pgen_seq6,train,0,0
/home/samsul/Documents/Polyp Detection/Polyp-Gen:/seq6/images/25.jpg,PolypGen,pgen_seq6,train,1,0
/home/samsul/Documents/Polyp Detection/Polyp-Gen:/seq6/images/84.jpg,PolypGen,pgen_seq6,train,1,0
/home/samsul/Documents/Polyp Detection/Polyp-Gen:/seq6/images/63.jpg,PolypGen,pgen_seq6,train,1,0
/home/samsul/Documents/Polyp Detection/Polyp-Gen:/seq6/images/56.jpg,PolypGen,pgen_seq6,train,1,0
/home/samsul/Documents/Polyp Detection/Polyp-Gen:/seq6/images/20.jpg,PolypGen,pgen_seq6,train,0,0
/home/samsul/Documents/Polyp Detection/Polyp-Gen:/seq6/images/46.jpg,PolypGen,pgen_seq6,train,1,0
/home/samsul/Documents/Polyp Detection/Polyp-Gen:/seq6/images/74.jpg,PolypGen,pgen_seq6,train,1,0
/home/samsul/Documents/Polyp Detection/Polyp-Gen:/seq6/images/7.jpg,PolypGen,pgen_seq6,train,0,0
/home/samsul/Documents/Polyp Detection/Polyp-Gen:/seq6/images/45.jpg,PolypGen,pgen_seq6,train,1,0
/home/samsul/Documents/Polyp Detection/Polyp-Gen:/seq6/images/73.jpg,PolypGen,pgen_seq6,train,1,0
/home/samsul/Documents/Polyp Detection/Polyp-Gen:/seq6/images/88.jpg,PolypGen,pgen_seq6,train,0,0
/home/samsul/Documents/Polyp Detection/Polyp-Gen:/seq6/images/65.jpg,PolypGen,pgen_seq6,train,1,0
/home/samsul/Documents/Polyp Detection/Polyp-Gen:/seq6/images/77.jpg,PolypGen,pgen_seq6,train,1,0
/home/samsul/Documents/Polyp Detection/Polyp-Gen:/seq6/images/61.jpg,PolypGen,pgen_seq6,train,1,0
/home/samsul/Documents/Polyp Detection/Polyp-Gen:/seq6/images/24.jpg,PolypGen,pgen_seq6,train,1,0
/home/samsul/Documents/Polyp Detection/Polyp-Gen:/seq6/images/30.jpg,PolypGen,pgen_seq6,train,1,0
/home/samsul/Documents/Polyp Detection/Polyp-Gen:/seq6/images/2.jpg,PolypGen,pgen_seq6,train,0,0
/home/samsul/Documents/Polyp Detection/Polyp-Gen:/seq6/images/59.jpg,PolypGen,pgen_seq6,train,1,0
/home/samsul/Documents/Polyp Detection/Polyp-Gen:/seq7/images/18.jpg,PolypGen,pgen_seq7,train,0,0
/home/samsul/Documents/Polyp Detection/Polyp-Gen:/seq7/images/3.jpg,PolypGen,pgen_seq7,train,0,0
/home/samsul/Documents/Polyp Detection/Polyp-Gen:/seq7/images/40.jpg,PolypGen,pgen_seq7,train,0,0
/home/samsul/Documents/Polyp Detection/Polyp-Gen:/seq7/images/11.jpg,PolypGen,pgen_seq7,train,0,0
/home/samsul/Documents/Polyp Detection/Polyp-Gen:/seq7/images/29.jpg,PolypGen,pgen_seq7,train,0,0
/home/samsul/Documents/Polyp Detection/Polyp-Gen:/seq7/images/6.jpg,PolypGen,pgen_seq7,train,0,0
/home/samsul/Documents/Polyp Detection/Polyp-Gen:/seq7/images/10.jpg,PolypGen,pgen_seq7,train,0,0
/home/samsul/Documents/Polyp Detection/Polyp-Gen:/seq7/images/34.jpg,PolypGen,pgen_seq7,train,0,0
/home/samsul/Documents/Polyp Detection/Polyp-Gen:/seq7/images/37.jpg,PolypGen,pgen_seq7,train,0,0
/home/samsul/Documents/Polyp Detection/Polyp-Gen:/seq7/images/27.jpg,PolypGen,pgen_seq7,train,0,0
/home/samsul/Documents/Polyp Detection/Polyp-Gen:/seq7/images/39.jpg,PolypGen,pgen_seq7,train,0,0
/home/samsul/Documents/Polyp Detection/Polyp-Gen:/seq7/images/31.jpg,PolypGen,pgen_seq7,train,0,0
/home/samsul/Documents/Polyp Detection/Polyp-Gen:/seq7/images/8.jpg,PolypGen,pgen_seq7,train,0,0
/home/samsul/Documents/Polyp Detection/Polyp-Gen:/seq7/images/41.jpg,PolypGen,pgen_seq7,train,0,0
/home/samsul/Documents/Polyp Detection/Polyp-Gen:/seq7/images/1.jpg,PolypGen,pgen_seq7,train,0,0
/home/samsul/Documents/Polyp Detection/Polyp-Gen:/seq7/images/19.jpg,PolypGen,pgen_seq7,train,0,0
/home/samsul/Documents/Polyp Detection/Polyp-Gen:/seq7/images/14.jpg,PolypGen,pgen_seq7,train,0,0
/home/samsul/Documents/Polyp Detection/Polyp-Gen:/seq7/images/23.jpg,PolypGen,pgen_seq7,train,0,0
/home/samsul/Documents/Polyp Detection/Polyp-Gen:/seq7/images/28.jpg,PolypGen,pgen_seq7,train,0,0
/home/samsul/Documents/Polyp Detection/Polyp-Gen:/seq7/images/17.jpg,PolypGen,pgen_seq7,train,0,0
/home/samsul/Documents/Polyp Detection/Polyp-Gen:/seq7/images/36.jpg,PolypGen,pgen_seq7,train,0,0
/home/samsul/Documents/Polyp Detection/Polyp-Gen:/seq7/images/4.jpg,PolypGen,pgen_seq7,train,0,0
/home/samsul/Documents/Polyp Detection/Polyp-Gen:/seq7/images/5.jpg,PolypGen,pgen_seq7,train,0,0
/home/samsul/Documents/Polyp Detection/Polyp-Gen:/seq7/images/21.jpg,PolypGen,pgen_seq7,train,0,0
/home/samsul/Documents/Polyp Detection/Polyp-Gen:/seq7/images/0.jpg,PolypGen,pgen_seq7,train,0,0
/home/samsul/Documents/Polyp Detection/Polyp-Gen:/seq7/images/26.jpg,PolypGen,pgen_seq7,train,0,0
/home/samsul/Documents/Polyp Detection/Polyp-Gen:/seq7/images/12.jpg,PolypGen,pgen_seq7,train,0,0
/home/samsul/Documents/Polyp Detection/Polyp-Gen:/seq7/images/22.jpg,PolypGen,pgen_seq7,train,0,0
/home/samsul/Documents/Polyp Detection/Polyp-Gen:/seq7/images/32.jpg,PolypGen,pgen_seq7,train,0,0
/home/samsul/Documents/Polyp Detection/Polyp-Gen:/seq7/images/9.jpg,PolypGen,pgen_seq7,train,0,0
/home/samsul/Documents/Polyp Detection/Polyp-Gen:/seq7/images/44.jpg,PolypGen,pgen_seq7,train,0,0
/home/samsul/Documents/Polyp Detection/Polyp-Gen:/seq7/images/35.jpg,PolypGen,pgen_seq7,train,0,0
/home/samsul/Documents/Polyp Detection/Polyp-Gen:/seq7/images/33.jpg,PolypGen,pgen_seq7,train,0,0
/home/samsul/Documents/Polyp Detection/Polyp-Gen:/seq7/images/43.jpg,PolypGen,pgen_seq7,train,0,0
/home/samsul/Documents/Polyp Detection/Polyp-Gen:/seq7/images/47.jpg,PolypGen,pgen_seq7,train,0,0
/home/samsul/Documents/Polyp Detection/Polyp-Gen:/seq7/images/13.jpg,PolypGen,pgen_seq7,train,0,0
/home/samsul/Documents/Polyp Detection/Polyp-Gen:/seq7/images/16.jpg,PolypGen,pgen_seq7,train,0,0
/home/samsul/Documents/Polyp Detection/Polyp-Gen:/seq7/images/42.jpg,PolypGen,pgen_seq7,train,0,0
/home/samsul/Documents/Polyp Detection/Polyp-Gen:/seq7/images/38.jpg,PolypGen,pgen_seq7,train,0,0
/home/samsul/Documents/Polyp Detection/Polyp-Gen:/seq7/images/15.jpg,PolypGen,pgen_seq7,train,0,0
/home/samsul/Documents/Polyp Detection/Polyp-Gen:/seq7/images/25.jpg,PolypGen,pgen_seq7,train,0,0
/home/samsul/Documents/Polyp Detection/Polyp-Gen:/seq7/images/20.jpg,PolypGen,pgen_seq7,train,0,0
/home/samsul/Documents/Polyp Detection/Polyp-Gen:/seq7/images/46.jpg,PolypGen,pgen_seq7,train,0,0
/home/samsul/Documents/Polyp Detection/Polyp-Gen:/seq7/images/7.jpg,PolypGen,pgen_seq7,train,0,0
/home/samsul/Documents/Polyp Detection/Polyp-Gen:/seq7/images/45.jpg,PolypGen,pgen_seq7,train,0,0
/home/samsul/Documents/Polyp Detection/Polyp-Gen:/seq7/images/24.jpg,PolypGen,pgen_seq7,train,0,0
/home/samsul/Documents/Polyp Detection/Polyp-Gen:/seq7/images/30.jpg,PolypGen,pgen_seq7,train,0,0
/home/samsul/Documents/Polyp Detection/Polyp-Gen:/seq7/images/2.jpg,PolypGen,pgen_seq7,train,0,0
/home/samsul/Documents/Polyp Detection/Polyp-Gen:/seq8/images/71.jpg,PolypGen,pgen_seq8,train,1,0
/home/samsul/Documents/Polyp Detection/Polyp-Gen:/seq8/images/18.jpg,PolypGen,pgen_seq8,train,1,0
/home/samsul/Documents/Polyp Detection/Polyp-Gen:/seq8/images/3.jpg,PolypGen,pgen_seq8,train,1,0
/home/samsul/Documents/Polyp Detection/Polyp-Gen:/seq8/images/49.jpg,PolypGen,pgen_seq8,train,1,0
/home/samsul/Documents/Polyp Detection/Polyp-Gen:/seq8/images/40.jpg,PolypGen,pgen_seq8,train,1,0
/home/samsul/Documents/Polyp Detection/Polyp-Gen:/seq8/images/68.jpg,PolypGen,pgen_seq8,train,0,0
/home/samsul/Documents/Polyp Detection/Polyp-Gen:/seq8/images/57.jpg,PolypGen,pgen_seq8,train,1,0
/home/samsul/Documents/Polyp Detection/Polyp-Gen:/seq8/images/11.jpg,PolypGen,pgen_seq8,train,1,0
/home/samsul/Documents/Polyp Detection/Polyp-Gen:/seq8/images/29.jpg,PolypGen,pgen_seq8,train,0,0
/home/samsul/Documents/Polyp Detection/Polyp-Gen:/seq8/images/54.jpg,PolypGen,pgen_seq8,train,1,0
/home/samsul/Documents/Polyp Detection/Polyp-Gen:/seq8/images/51.jpg,PolypGen,pgen_seq8,train,1,0
/home/samsul/Documents/Polyp Detection/Polyp-Gen:/seq8/images/6.jpg,PolypGen,pgen_seq8,train,1,0
/home/samsul/Documents/Polyp Detection/Polyp-Gen:/seq8/images/58.jpg,PolypGen,pgen_seq8,train,1,0
/home/samsul/Documents/Polyp Detection/Polyp-Gen:/seq8/images/66.jpg,PolypGen,pgen_seq8,train,0,0
/home/samsul/Documents/Polyp Detection/Polyp-Gen:/seq8/images/10.jpg,PolypGen,pgen_seq8,train,0,0
/home/samsul/Documents/Polyp Detection/Polyp-Gen:/seq8/images/34.jpg,PolypGen,pgen_seq8,train,0,0
/home/samsul/Documents/Polyp Detection/Polyp-Gen:/seq8/images/37.jpg,PolypGen,pgen_seq8,train,0,0
/home/samsul/Documents/Polyp Detection/Polyp-Gen:/seq8/images/67.jpg,PolypGen,pgen_seq8,train,0,0
/home/samsul/Documents/Polyp Detection/Polyp-Gen:/seq8/images/27.jpg,PolypGen,pgen_seq8,train,1,0
/home/samsul/Documents/Polyp Detection/Polyp-Gen:/seq8/images/62.jpg,PolypGen,pgen_seq8,train,1,0
/home/samsul/Documents/Polyp Detection/Polyp-Gen:/seq8/images/39.jpg,PolypGen,pgen_seq8,train,1,0
/home/samsul/Documents/Polyp Detection/Polyp-Gen:/seq8/images/31.jpg,PolypGen,pgen_seq8,train,0,0
/home/samsul/Documents/Polyp Detection/Polyp-Gen:/seq8/images/8.jpg,PolypGen,pgen_seq8,train,1,0
/home/samsul/Documents/Polyp Detection/Polyp-Gen:/seq8/images/41.jpg,PolypGen,pgen_seq8,train,1,0
/home/samsul/Documents/Polyp Detection/Polyp-Gen:/seq8/images/50.jpg,PolypGen,pgen_seq8,train,1,0
/home/samsul/Documents/Polyp Detection/Polyp-Gen:/seq8/images/1.jpg,PolypGen,pgen_seq8,train,1,0
/home/samsul/Documents/Polyp Detection/Polyp-Gen:/seq8/images/52.jpg,PolypGen,pgen_seq8,train,1,0
/home/samsul/Documents/Polyp Detection/Polyp-Gen:/seq8/images/19.jpg,PolypGen,pgen_seq8,train,1,0
/home/samsul/Documents/Polyp Detection/Polyp-Gen:/seq8/images/60.jpg,PolypGen,pgen_seq8,train,1,0
/home/samsul/Documents/Polyp Detection/Polyp-Gen:/seq8/images/69.jpg,PolypGen,pgen_seq8,train,1,0
/home/samsul/Documents/Polyp Detection/Polyp-Gen:/seq8/images/14.jpg,PolypGen,pgen_seq8,train,1,0
/home/samsul/Documents/Polyp Detection/Polyp-Gen:/seq8/images/70.jpg,PolypGen,pgen_seq8,train,1,0
/home/samsul/Documents/Polyp Detection/Polyp-Gen:/seq8/images/23.jpg,PolypGen,pgen_seq8,train,1,0
/home/samsul/Documents/Polyp Detection/Polyp-Gen:/seq8/images/64.jpg,PolypGen,pgen_seq8,train,0,0
/home/samsul/Documents/Polyp Detection/Polyp-Gen:/seq8/images/28.jpg,PolypGen,pgen_seq8,train,1,0
/home/samsul/Documents/Polyp Detection/Polyp-Gen:/seq8/images/17.jpg,PolypGen,pgen_seq8,train,0,0
/home/samsul/Documents/Polyp Detection/Polyp-Gen:/seq8/images/36.jpg,PolypGen,pgen_seq8,train,0,0
/home/samsul/Documents/Polyp Detection/Polyp-Gen:/seq8/images/4.jpg,PolypGen,pgen_seq8,train,1,0
/home/samsul/Documents/Polyp Detection/Polyp-Gen:/seq8/images/5.jpg,PolypGen,pgen_seq8,train,1,0
/home/samsul/Documents/Polyp Detection/Polyp-Gen:/seq8/images/21.jpg,PolypGen,pgen_seq8,train,1,0
/home/samsul/Documents/Polyp Detection/Polyp-Gen:/seq8/images/72.jpg,PolypGen,pgen_seq8,train,1,0
/home/samsul/Documents/Polyp Detection/Polyp-Gen:/seq8/images/0.jpg,PolypGen,pgen_seq8,train,1,0
/home/samsul/Documents/Polyp Detection/Polyp-Gen:/seq8/images/26.jpg,PolypGen,pgen_seq8,train,1,0
/home/samsul/Documents/Polyp Detection/Polyp-Gen:/seq8/images/12.jpg,PolypGen,pgen_seq8,train,1,0
/home/samsul/Documents/Polyp Detection/Polyp-Gen:/seq8/images/22.jpg,PolypGen,pgen_seq8,train,1,0
/home/samsul/Documents/Polyp Detection/Polyp-Gen:/seq8/images/32.jpg,PolypGen,pgen_seq8,train,0,0
/home/samsul/Documents/Polyp Detection/Polyp-Gen:/seq8/images/9.jpg,PolypGen,pgen_seq8,train,0,0
/home/samsul/Documents/Polyp Detection/Polyp-Gen:/seq8/images/44.jpg,PolypGen,pgen_seq8,train,1,0
/home/samsul/Documents/Polyp Detection/Polyp-Gen:/seq8/images/35.jpg,PolypGen,pgen_seq8,train,0,0
/home/samsul/Documents/Polyp Detection/Polyp-Gen:/seq8/images/48.jpg,PolypGen,pgen_seq8,train,1,0
/home/samsul/Documents/Polyp Detection/Polyp-Gen:/seq8/images/33.jpg,PolypGen,pgen_seq8,train,0,0
/home/samsul/Documents/Polyp Detection/Polyp-Gen:/seq8/images/43.jpg,PolypGen,pgen_seq8,train,1,0
/home/samsul/Documents/Polyp Detection/Polyp-Gen:/seq8/images/55.jpg,PolypGen,pgen_seq8,train,1,0
/home/samsul/Documents/Polyp Detection/Polyp-Gen:/seq8/images/47.jpg,PolypGen,pgen_seq8,train,1,0
/home/samsul/Documents/Polyp Detection/Polyp-Gen:/seq8/images/13.jpg,PolypGen,pgen_seq8,train,1,0
/home/samsul/Documents/Polyp Detection/Polyp-Gen:/seq8/images/53.jpg,PolypGen,pgen_seq8,train,1,0
/home/samsul/Documents/Polyp Detection/Polyp-Gen:/seq8/images/16.jpg,PolypGen,pgen_seq8,train,0,0
/home/samsul/Documents/Polyp Detection/Polyp-Gen:/seq8/images/42.jpg,PolypGen,pgen_seq8,train,1,0
/home/samsul/Documents/Polyp Detection/Polyp-Gen:/seq8/images/38.jpg,PolypGen,pgen_seq8,train,1,0
/home/samsul/Documents/Polyp Detection/Polyp-Gen:/seq8/images/15.jpg,PolypGen,pgen_seq8,train,0,0
/home/samsul/Documents/Polyp Detection/Polyp-Gen:/seq8/images/25.jpg,PolypGen,pgen_seq8,train,1,0
/home/samsul/Documents/Polyp Detection/Polyp-Gen:/seq8/images/63.jpg,PolypGen,pgen_seq8,train,0,0
/home/samsul/Documents/Polyp Detection/Polyp-Gen:/seq8/images/56.jpg,PolypGen,pgen_seq8,train,1,0
/home/samsul/Documents/Polyp Detection/Polyp-Gen:/seq8/images/20.jpg,PolypGen,pgen_seq8,train,1,0
/home/samsul/Documents/Polyp Detection/Polyp-Gen:/seq8/images/46.jpg,PolypGen,pgen_seq8,train,1,0
/home/samsul/Documents/Polyp Detection/Polyp-Gen:/seq8/images/7.jpg,PolypGen,pgen_seq8,train,1,0
/home/samsul/Documents/Polyp Detection/Polyp-Gen:/seq8/images/45.jpg,PolypGen,pgen_seq8,train,1,0
/home/samsul/Documents/Polyp Detection/Polyp-Gen:/seq8/images/65.jpg,PolypGen,pgen_seq8,train,1,0
/home/samsul/Documents/Polyp Detection/Polyp-Gen:/seq8/images/61.jpg,PolypGen,pgen_seq8,train,1,0
/home/samsul/Documents/Polyp Detection/Polyp-Gen:/seq8/images/24.jpg,PolypGen,pgen_seq8,train,1,1
/home/samsul/Documents/Polyp Detection/Polyp-Gen:/seq8/images/30.jpg,PolypGen,pgen_seq8,train,0,0
/home/samsul/Documents/Polyp Detection/Polyp-Gen:/seq8/images/2.jpg,PolypGen,pgen_seq8,train,1,0
/home/samsul/Documents/Polyp Detection/Polyp-Gen:/seq8/images/59.jpg,PolypGen,pgen_seq8,train,1,0
/home/samsul/Documents/Polyp Detection/Polyp-Gen:/seq9/images/18.jpg,PolypGen,pgen_seq9,train,1,0
/home/samsul/Documents/Polyp Detection/Polyp-Gen:/seq9/images/3.jpg,PolypGen,pgen_seq9,train,1,0
/home/samsul/Documents/Polyp Detection/Polyp-Gen:/seq9/images/49.jpg,PolypGen,pgen_seq9,train,1,0
/home/samsul/Documents/Polyp Detection/Polyp-Gen:/seq9/images/40.jpg,PolypGen,pgen_seq9,train,1,0
/home/samsul/Documents/Polyp Detection/Polyp-Gen:/seq9/images/11.jpg,PolypGen,pgen_seq9,train,1,0
/home/samsul/Documents/Polyp Detection/Polyp-Gen:/seq9/images/29.jpg,PolypGen,pgen_seq9,train,1,0
/home/samsul/Documents/Polyp Detection/Polyp-Gen:/seq9/images/6.jpg,PolypGen,pgen_seq9,train,1,0
/home/samsul/Documents/Polyp Detection/Polyp-Gen:/seq9/images/10.jpg,PolypGen,pgen_seq9,train,1,0
/home/samsul/Documents/Polyp Detection/Polyp-Gen:/seq9/images/34.jpg,PolypGen,pgen_seq9,train,1,0
/home/samsul/Documents/Polyp Detection/Polyp-Gen:/seq9/images/37.jpg,PolypGen,pgen_seq9,train,1,0
/home/samsul/Documents/Polyp Detection/Polyp-Gen:/seq9/images/27.jpg,PolypGen,pgen_seq9,train,1,0
/home/samsul/Documents/Polyp Detection/Polyp-Gen:/seq9/images/39.jpg,PolypGen,pgen_seq9,train,1,0
/home/samsul/Documents/Polyp Detection/Polyp-Gen:/seq9/images/31.jpg,PolypGen,pgen_seq9,train,1,0
/home/samsul/Documents/Polyp Detection/Polyp-Gen:/seq9/images/8.jpg,PolypGen,pgen_seq9,train,1,0
/home/samsul/Documents/Polyp Detection/Polyp-Gen:/seq9/images/41.jpg,PolypGen,pgen_seq9,train,1,0
/home/samsul/Documents/Polyp Detection/Polyp-Gen:/seq9/images/50.jpg,PolypGen,pgen_seq9,train,1,0
/home/samsul/Documents/Polyp Detection/Polyp-Gen:/seq9/images/1.jpg,PolypGen,pgen_seq9,train,0,0
/home/samsul/Documents/Polyp Detection/Polyp-Gen:/seq9/images/19.jpg,PolypGen,pgen_seq9,train,1,0
/home/samsul/Documents/Polyp Detection/Polyp-Gen:/seq9/images/14.jpg,PolypGen,pgen_seq9,train,1,0
/home/samsul/Documents/Polyp Detection/Polyp-Gen:/seq9/images/23.jpg,PolypGen,pgen_seq9,train,0,0
/home/samsul/Documents/Polyp Detection/Polyp-Gen:/seq9/images/28.jpg,PolypGen,pgen_seq9,train,1,0
/home/samsul/Documents/Polyp Detection/Polyp-Gen:/seq9/images/17.jpg,PolypGen,pgen_seq9,train,1,0
/home/samsul/Documents/Polyp Detection/Polyp-Gen:/seq9/images/36.jpg,PolypGen,pgen_seq9,train,1,0
/home/samsul/Documents/Polyp Detection/Polyp-Gen:/seq9/images/4.jpg,PolypGen,pgen_seq9,train,1,0
/home/samsul/Documents/Polyp Detection/Polyp-Gen:/seq9/images/5.jpg,PolypGen,pgen_seq9,train,1,0
/home/samsul/Documents/Polyp Detection/Polyp-Gen:/seq9/images/21.jpg,PolypGen,pgen_seq9,train,0,0
/home/samsul/Documents/Polyp Detection/Polyp-Gen:/seq9/images/0.jpg,PolypGen,pgen_seq9,train,0,0
/home/samsul/Documents/Polyp Detection/Polyp-Gen:/seq9/images/26.jpg,PolypGen,pgen_seq9,train,1,0
/home/samsul/Documents/Polyp Detection/Polyp-Gen:/seq9/images/12.jpg,PolypGen,pgen_seq9,train,1,0
/home/samsul/Documents/Polyp Detection/Polyp-Gen:/seq9/images/22.jpg,PolypGen,pgen_seq9,train,0,0
/home/samsul/Documents/Polyp Detection/Polyp-Gen:/seq9/images/32.jpg,PolypGen,pgen_seq9,train,1,0
/home/samsul/Documents/Polyp Detection/Polyp-Gen:/seq9/images/9.jpg,PolypGen,pgen_seq9,train,1,0
/home/samsul/Documents/Polyp Detection/Polyp-Gen:/seq9/images/44.jpg,PolypGen,pgen_seq9,train,1,0
/home/samsul/Documents/Polyp Detection/Polyp-Gen:/seq9/images/35.jpg,PolypGen,pgen_seq9,train,1,0
/home/samsul/Documents/Polyp Detection/Polyp-Gen:/seq9/images/48.jpg,PolypGen,pgen_seq9,train,1,0
/home/samsul/Documents/Polyp Detection/Polyp-Gen:/seq9/images/33.jpg,PolypGen,pgen_seq9,train,1,0
/home/samsul/Documents/Polyp Detection/Polyp-Gen:/seq9/images/43.jpg,PolypGen,pgen_seq9,train,1,0
/home/samsul/Documents/Polyp Detection/Polyp-Gen:/seq9/images/47.jpg,PolypGen,pgen_seq9,train,1,0
/home/samsul/Documents/Polyp Detection/Polyp-Gen:/seq9/images/13.jpg,PolypGen,pgen_seq9,train,1,0
/home/samsul/Documents/Polyp Detection/Polyp-Gen:/seq9/images/16.jpg,PolypGen,pgen_seq9,train,1,0
/home/samsul/Documents/Polyp Detection/Polyp-Gen:/seq9/images/42.jpg,PolypGen,pgen_seq9,train,1,0
/home/samsul/Documents/Polyp Detection/Polyp-Gen:/seq9/images/38.jpg,PolypGen,pgen_seq9,train,1,0
/home/samsul/Documents/Polyp Detection/Polyp-Gen:/seq9/images/15.jpg,PolypGen,pgen_seq9,train,1,0
/home/samsul/Documents/Polyp Detection/Polyp-Gen:/seq9/images/25.jpg,PolypGen,pgen_seq9,train,0,0
/home/samsul/Documents/Polyp Detection/Polyp-Gen:/seq9/images/20.jpg,PolypGen,pgen_seq9,train,0,0
/home/samsul/Documents/Polyp Detection/Polyp-Gen:/seq9/images/46.jpg,PolypGen,pgen_seq9,train,1,0
/home/samsul/Documents/Polyp Detection/Polyp-Gen:/seq9/images/7.jpg,PolypGen,pgen_seq9,train,1,0
/home/samsul/Documents/Polyp Detection/Polyp-Gen:/seq9/images/45.jpg,PolypGen,pgen_seq9,train,1,0
/home/samsul/Documents/Polyp Detection/Polyp-Gen:/seq9/images/24.jpg,PolypGen,pgen_seq9,train,0,0
/home/samsul/Documents/Polyp Detection/Polyp-Gen:/seq9/images/30.jpg,PolypGen,pgen_seq9,train,1,0
/home/samsul/Documents/Polyp Detection/Polyp-Gen:/seq9/images/2.jpg,PolypGen,pgen_seq9,train,0,0
